tree
version=v4
num_class=1
num_tree_per_iteration=1
label_index=0
max_feature_idx=51
objective=regression
feature_names=O3_lag_1 O3_lag_2 O3_lag_3 O3_lag_6 O3_lag_12 O3_lag_24 O3_lag_48 NOX_lag_1 SR_lag_1 TOUT_lag_1 PM10_lag_1 PM2.5_lag_1 U_Wind_lag_1 V_Wind_lag_1 NOX_lag_2 SR_lag_2 TOUT_lag_2 PM10_lag_2 PM2.5_lag_2 U_Wind_lag_2 V_Wind_lag_2 NOX_lag_4 SR_lag_4 TOUT_lag_4 PM10_lag_4 PM2.5_lag_4 U_Wind_lag_4 V_Wind_lag_4 NOX_lag_12 SR_lag_12 TOUT_lag_12 PM10_lag_12 PM2.5_lag_12 U_Wind_lag_12 V_Wind_lag_12 NOX_lag_24 SR_lag_24 TOUT_lag_24 PM10_lag_24 PM2.5_lag_24 U_Wind_lag_24 V_Wind_lag_24 NOX_lag_48 SR_lag_48 TOUT_lag_48 PM10_lag_48 PM2.5_lag_48 U_Wind_lag_48 V_Wind_lag_48 hour month dayofweek
feature_infos=[1:173] [1:168] [1:173] [1:171] [1:171] [1:168] [1:173] [0.5:500] [0:1.2359999418258667] [-5.7800002098083496:43.840000152587891] [2:963] [0:687] [-39.115589141845703:44.657745361328125] [-48.032341003417969:39.503334045410156] [0.5:500] [0:1.2309999465942383] [-6.3000001907348633:43.419998168945312] [2:963] [0:539] [-57.522819519042969:39.692180633544922] [-48.979412078857422:39.503334045410156] [0.5:500] [0:1.2309999465942383] [-6.3000001907348633:43.840000152587891] [2:795] [1:442] [-57.522819519042969:39.028091430664062] [-53.750419616699219:39.503334045410156] [0.5:500] [0:1.2400000095367432] [-6.130000114440918:43.840000152587891] [2:802] [1:442] [-39.482521057128906:39.745452880859375] [-53.750419616699219:38.576484680175781] [0.5:500] [0:1.2359999418258667] [-5.8600001335144043:43.840000152587891] [2:963] [0:406.51998901367188] [-39.482521057128906:44.657745361328125] [-53.750419616699219:39.503334045410156] [0.5:500] [0:1.2400000095367432] [-6.3000001907348633:43.840000152587891] [2:802] [0:442] [-39.115589141845703:39.004753112792969] [-53.750419616699219:38.907810211181641] [0:23] [1:12] [0:6]
tree_sizes=5661 5826 5814 5819 5858 5837 5875 5803 5832 5778 5831 5811 5782 5815 5836 5805 5802 5758 5773 5757 5806 5837 5796 5763 5801 5806 5831 5863 5781 5834 5767 5785 5832 5772 5796 5811 5855 5784 5731 5788 5819 5736 5797 5781 5812 5746 5795 5761 5727 5763 5736 5801 5797 5856 5791 5827 5776 5776 5731 5807 5809 5754 5746 5850 5833 5832 5882 5825 5881 5737 5824 5783 5857 5761 5802 5698 5759 5783 5808 5825 5820 5815 5832 5752 5809 5811 5784 5835 5797 5808 5775 5798 5775 5757 5819 5772 5799 5817 5735 5849 5855 5764 5797 5772 5767 5773 5722 5779 5867 5770 5770 5726 5792 5765 5783 5790 5825 5746 5789 5802 5810 5789 5695 5803 5725 5722 5785 5874 5791 5881 5793 5720 5834 5804 5724 5813 5689 5816 5768 5874 5746 5768 5748 5714 5748 5778 5728 5735 5874 5731 5695 5689 5729 5784 5736 5763 5702 5724 5862

Tree=0
num_leaves=63
num_cat=0
split_feature=5 0 15 15 6 0 8 6 6 0 6 0 0 6 6 15 29 43 0 29 0 5 0 43 0 6 3 0 0 5 43 0 37 43 22 29 37 16 6 6 3 8 6 29 22 0 16 43 22 5 3 5 3 30 29 6 6 22 5 31 0 43
split_gain=3.65851e+07 6.44613e+06 6.05019e+06 1.98763e+06 1.78331e+06 1.52506e+06 1.18304e+06 491309 488250 466271 388672 381171 378752 366850 335463 292696 272534 172908 162213 158750 152903 148551 136975 135438 128042 127300 118191 113892 108758 100182 98663.7 95705.6 92939.5 85344.1 84455.9 84257.1 79714 70509.3 68784.3 67033.9 66583.4 64817.4 60707.3 59156.1 63287.2 58382.6 58350.7 57963.5 57922.2 55275.7 54125 53967.7 51950.9 48755.8 48547.8 54712 48411.3 47121.3 46900 46363.2 46277.2 45890.6
threshold=30.050000190734867 43.250000000000007 0.060499999672174461 0.070500001311302199 16.10000038146973 22.050000190734867 0.44449999928474432 34.049999237060554 39.100000381469734 21.19999980926514 30.050000190734867 12.050000190734865 56.399999618530281 20.050000190734867 41.049999237060554 0.31749999523162847 0.0084999999962747114 0.6264999806880952 31.050000190734867 0.004500000039115549 30.050000190734867 15.050000190734865 43.250000000000007 0.043500000610947616 36.049999237060554 7.0999999046325692 28.050000190734867 30.050000190734867 40.049999237060554 12.09999990463257 0.16749999672174457 57.500000000000007 24.48499965667725 0.067500002682209029 0.20250000059604648 0.047499999403953559 14.934999942779543 24.845000267028812 38.20000076293946 20.050000190734867 40.20000076293946 0.33550000190734869 51.100000381469734 0.0084999999962747114 0.0084999999962747114 8.0500001907348651 13.484999656677248 0.68649998307228099 0.0084999999962747114 69.500000000000014 36.100000381469734 9.0999999046325701 27.10000038146973 27.515000343322757 0.0015000000712461772 30.050000190734867 27.10000038146973 0.016500000841915611 14.050000190734865 52.995000839233406 24.050000190734867 0.018499999307096008
decision_type=10 10 10 8 10 10 8 8 10 10 10 10 10 10 10 10 10 8 8 8 8 8 10 8 10 8 8 8 10 10 8 10 8 10 10 10 8 8 10 10 10 10 8 8 10 8 8 8 8 10 10 8 8 10 10 10 10 10 8 10 10 8
left_child=2 3 4 10 11 13 14 15 20 21 32 25 42 19 23 39 27 53 -10 45 43 -6 33 52 37 -1 -22 -12 -17 -13 -20 40 -2 -9 -33 48 -23 54 -26 -7 -16 -24 -8 44 -5 -4 -31 -32 -15 -19 -29 -27 -3 -14 55 -11 -38 -18 -21 -35 -48 -42
right_child=1 6 5 8 9 7 12 22 18 24 16 29 17 35 31 28 57 49 30 58 26 36 41 -25 38 51 -28 50 -30 46 47 34 -34 59 -36 -37 56 -39 -40 -41 61 -43 -44 -45 -46 -47 60 -49 -50 -51 -52 -53 -54 -55 -56 -57 -58 -59 -60 -61 -62 -63
leaf_value=25.44527227337278 26.000714575413387 27.161957366254352 25.765831363196842 26.38765348262757 25.728618648753752 26.173705484402003 27.35290715501781 26.490143980469806 26.83372974017956 25.998597620918847 26.53531756234737 25.64546613384929 27.667374477596002 26.184459646467374 27.330114400593725 26.587578342388323 26.107195193444291 27.942776016546983 26.834819681057088 25.635494627511768 26.935204196111915 25.72238272796864 26.971332101283188 27.126929117750521 26.253026175635043 25.519107345029155 26.647916569613447 27.113288293633858 27.014704970472629 25.587717763537199 27.121727162962049 27.75322106191464 26.280663377485222 27.00072101025059 27.340332024397636 26.011095784943073 25.902527990896186 26.122320092621692 26.798252648416749 26.399574957376572 26.755687605322681 27.501435896666553 27.582251371359636 26.351284250872087 26.706645773233429 26.144228722939349 25.772979886931783 27.393542277684876 26.439183933266232 28.296518345216164 26.573689915369709 25.644231143709398 26.70157793341561 28.117616119643625 25.896016858381291 26.513406233103964 26.061099239828177 26.399398034657516 25.876805251202637 26.662380321044058 25.930548440388275 27.164906591789329
leaf_weight=23762 8320 708 1248 2126 18881 5196 6830 1857 7714 1816 2873 22424 7331 3685 4458 5676 2706 2639 2522 4343 7696 4850 1206 4997 3874 14319 6694 2038 2021 3170 9210 1877 4606 3133 3641 2484 18443 13607 680 8931 1031 1105 4996 2737 5788 5564 16940 2492 5659 1899 602 21644 4556 655 8605 721 6513 2815 3754 1496 6428 2042
leaf_count=23762 8320 708 1248 2126 18881 5196 6830 1857 7714 1816 2873 22424 7331 3685 4458 5676 2706 2639 2522 4343 7696 4850 1206 4997 3874 14319 6694 2038 2021 3170 9210 1877 4606 3133 3641 2484 18443 13607 680 8931 1031 1105 4996 2737 5788 5564 16940 2492 5659 1899 602 21644 4556 655 8605 721 6513 2815 3754 1496 6428 2042
internal_value=26.2389 26.9593 25.8888 26.6571 25.7508 26.3379 27.409 26.5788 26.8461 25.9332 26.2865 25.6199 27.6527 26.062 27.1544 26.4517 26.5045 27.8443 27.0184 25.897 26.6953 25.8384 26.8943 26.9405 26.0908 25.5351 26.8016 26.7532 26.6997 25.7233 27.1185 27.3226 26.1005 26.7765 27.4808 26.2699 25.9079 26.046 26.3344 26.3165 27.2067 27.2248 27.4498 26.5517 26.621 26.0749 25.789 27.1796 26.3387 28.0908 26.9902 25.5944 26.7635 27.7043 25.9527 26.1449 25.9439 26.2562 25.7474 26.8914 25.8163 27.0276
internal_weight=362634 118599 244035 70939 186677 57358 47660 30621 46979 77990 23960 108687 24350 26737 23310 21824 11034 12524 21938 14909 25041 48687 8797 10261 29303 59725 14390 5513 7697 48962 14224 13049 12926 6486 5518 11828 29806 24749 4554 14127 7531 2311 11826 10651 7914 6812 26538 11702 9344 4538 2640 35963 5264 7986 11142 2537 24956 5521 8097 4629 23368 3073
internal_count=362634 118599 244035 70939 186677 57358 47660 30621 46979 77990 23960 108687 24350 26737 23310 21824 11034 12524 21938 14909 25041 48687 8797 10261 29303 59725 14390 5513 7697 48962 14224 13049 12926 6486 5518 11828 29806 24749 4554 14127 7531 2311 11826 10651 7914 6812 26538 11702 9344 4538 2640 35963 5264 7986 11142 2537 24956 5521 8097 4629 23368 3073
is_linear=0
shrinkage=1


Tree=1
num_leaves=63
num_cat=0
split_feature=5 15 0 49 6 0 49 49 49 49 49 0 0 0 49 49 49 36 0 9 6 0 50 43 50 6 0 49 1 50 3 49 0 5 9 6 6 50 50 50 44 9 6 5 50 43 22 15 50 50 0 0 49 5 0 6 5 49 0 3 6 39
split_gain=3.30407e+07 5.99769e+06 5.30025e+06 1.81593e+06 1.66903e+06 1.52174e+06 1.19758e+06 1.14099e+06 603476 518193 508302 491621 336603 315799 296547 291464 289868 254929 219496 206105 182445 180763 147309 144998 141203 129206 110510 106613 101316 99535.4 99132.5 97859.6 97235.7 94859.5 86103.5 85384.7 83295.6 81377.5 71918.3 86819.4 91685 76683.2 70740.8 69569.2 67488.2 61534.1 59875 57490.4 57463.2 54430.5 53330.3 51727.4 51266.5 48945.6 48678.6 45820.3 45212.8 45039.5 44849.8 43570.4 42346.8 40831.7
threshold=31.050000190734867 0.056500000879168517 43.250000000000007 10.500000000000002 15.050000190734865 20.050000190734867 17.500000000000004 18.500000000000004 18.500000000000004 11.500000000000002 10.500000000000002 56.399999618530281 31.050000190734867 11.050000190734865 9.5000000000000018 10.500000000000002 18.500000000000004 0.63449999690055858 35.100000381469734 17.644999504089359 15.050000190734865 25.050000190734867 10.500000000000002 0.049499999731779105 10.500000000000002 47.299999237060554 18.10000038146973 17.500000000000004 27.050000190734867 10.500000000000002 37.049999237060554 9.5000000000000018 30.050000190734867 7.0499999523162851 15.875000000000002 30.050000190734867 25.050000190734867 10.500000000000002 2.5000000000000004 10.500000000000002 26.035000801086429 23.035000801086429 35.100000381469734 12.09999990463257 1.5000000000000002 0.73350000381469738 0.016500000841915611 0.070500001311302199 11.500000000000002 5.5000000000000009 75.500000000000014 42.049999237060554 16.500000000000004 67.500000000000014 7.0499999523162851 33.100000381469734 15.050000190734865 18.500000000000004 37.049999237060554 39.049999237060554 62.500000000000007 32.385000228881843
decision_type=10 10 10 2 10 10 2 2 2 2 2 10 8 10 2 2 2 8 10 8 8 8 2 8 2 8 10 2 8 2 10 2 8 8 8 10 8 2 2 2 8 8 10 8 2 8 8 10 2 2 10 10 2 10 10 10 10 2 10 10 10 8
left_child=1 4 3 34 13 14 11 12 9 31 19 15 37 33 -3 -4 21 38 42 -6 54 -12 28 -8 25 52 56 44 -18 45 43 -7 -9 49 -2 57 -10 46 41 53 -41 -13 -11 -15 -20 60 -5 -36 -42 -1 -19 -46 -14 -40 -16 -23 -21 -22 -38 -28 -17 -52
right_child=2 5 6 7 10 8 23 32 36 18 16 17 24 30 20 29 22 50 27 26 35 55 -24 -25 -26 -27 59 -29 -30 -31 -32 -33 -34 -35 47 -37 58 -39 39 40 48 -43 -44 -45 51 -47 -48 -49 -50 -51 61 -53 -54 -55 -56 -57 -58 -59 -60 -61 -62 -63
leaf_value=-0.64967126900912497 -0.40135134892186913 -0.53411579207246573 0.13247787024193036 0.37509130875354002 -0.55190079937771841 -0.25901326585543061 0.49403183272580259 -0.059095567906410879 -0.091243352070694186 0.36120688745689905 -0.03286879762951414 1.6235999311843228 0.79862250253499267 -0.61506522715447343 -0.59281771766223879 1.0759150168793288 -0.26126249324185935 1.6413057248498271 0.32957506645309242 -0.47849123003470995 -0.038264415669123204 0.33921877943040318 -0.50407688957204833 0.85896171273690092 0.46312667279583686 0.98735894641334976 -0.28222591112467577 0.48767762690218341 -0.04112310750590039 0.77295511251360427 -0.36357798645902034 0.18429447228204904 0.23075752387111806 -0.62739748971884768 -0.14106088707817072 0.19250057475724089 0.067745986554085452 0.27562122215294743 1.344493320761516 1.3221920430858403 -0.020721067956816604 0.70287800849410909 0.63750356569014288 -0.48098308248261712 0.77634945094834373 1.403298481974504 0.61193399842174767 0.16285698230769485 1.0621958610015336 -0.82077967156731191 1.8088006898073108 1.1021795135081216 0.58311768799004227 1.5826926896590277 -0.26010194057256519 0.80227409925956428 -0.33896029599082689 -0.31164215553629526 0.34932745733904547 -0.1004943854340989 1.29979218485395 2.3433057004531874
leaf_weight=6954 2577 5131 783 3585 14158 1910 5973 4798 6562 7905 3387 310 9346 17514 1512 10916 10875 3208 461 10835 8659 1155 3543 5001 2960 8212 14321 2085 10063 1865 9856 3575 7289 32226 7010 3738 4173 3306 7351 752 283 836 3277 21612 2138 2219 10438 2000 216 14014 1013 2831 3916 3052 4028 994 12508 1824 2139 4285 2619 552
leaf_count=6954 2577 5131 783 3585 14158 1910 5973 4798 6562 7905 3387 310 9346 17514 1512 10916 10875 3208 461 10835 8659 1155 3543 5001 2960 8212 14321 2085 10063 1865 9856 3575 7289 32226 7010 3738 4173 3306 7351 752 283 836 3277 21612 2138 2219 10438 2000 216 14014 1013 2831 3916 3052 4028 994 12508 1824 2139 4285 2619 552
internal_value=-6.93273e-11 -0.319839 0.71218 0.421333 -0.460238 0.106926 1.11756 0.543513 0.310033 0.457258 -0.298098 1.25703 0.667331 -0.596905 -0.195435 1.07641 -0.132027 1.44618 0.582622 -0.386946 -0.107496 0.194713 -0.205915 0.660335 0.786873 0.831499 -0.331272 0.791596 -0.155461 1.11836 -0.505302 0.0299248 0.115699 -0.681256 -0.146492 -0.0126714 0.033492 0.498775 1.32989 1.36705 0.973508 0.951939 0.442178 -0.541002 0.908295 1.15925 0.551385 -0.0735985 0.448037 -0.764032 1.75804 0.961985 0.734988 1.41438 -0.350908 0.553401 -0.403726 -0.085831 0.163168 -0.240373 1.11923 1.99733
internal_weight=362634 250248 112386 65437 188300 61948 46949 53850 37056 24182 86124 35975 41763 102176 24892 18402 30017 17573 18697 56107 19761 5536 24481 10974 24434 21474 41949 7515 20938 17619 48982 5485 12087 53194 11587 14221 12874 17329 12800 11654 1251 1146 11182 39126 5430 15754 14023 9010 499 20968 4773 4969 13262 10403 5540 2149 23343 10483 6312 18606 13535 1565
internal_count=362634 250248 112386 65437 188300 61948 46949 53850 37056 24182 86124 35975 41763 102176 24892 18402 30017 17573 18697 56107 19761 5536 24481 10974 24434 21474 41949 7515 20938 17619 48982 5485 12087 53194 11587 14221 12874 17329 12800 11654 1251 1146 11182 39126 5430 15754 14023 9010 499 20968 4773 4969 13262 10403 5540 2149 23343 10483 6312 18606 13535 1565
is_linear=0
shrinkage=0.05


Tree=2
num_leaves=63
num_cat=0
split_feature=5 49 5 49 6 49 8 6 49 8 1 1 1 1 49 49 5 3 49 1 35 49 49 1 1 49 43 1 23 6 1 5 16 3 43 1 49 1 1 37 6 5 49 36 8 28 1 1 45 5 42 6 8 49 3 6 1 5 16 6 1 6
split_gain=2.98198e+07 4.71469e+06 4.12599e+06 2.06398e+06 1.97004e+06 1.18462e+06 876162 704115 676260 530795 470540 417399 304388 285948 275136 309313 250639 203224 202664 186570 177480 171910 157992 146818 109173 108814 108347 101284 95006.6 92748.7 91583.2 87743.1 85567.3 84763.5 83214.8 79901.2 81332.7 78325.6 72425.9 68014.8 65614.8 57642.1 55771.7 53588.4 52600.7 52419.8 50319.3 49888 47855 47606.3 47233.7 45730.3 45511.5 44214.5 44195.7 43598.8 40368.9 39850.1 38962.7 38552.2 38515.2 37853
threshold=30.050000190734867 9.5000000000000018 46.149999618530281 10.500000000000002 24.050000190734867 18.500000000000004 0.50750002264976513 13.050000190734865 19.500000000000004 0.14549999684095385 30.050000190734867 17.050000190734867 49.149999618530281 20.050000190734867 18.500000000000004 10.500000000000002 13.050000190734865 25.050000190734867 17.500000000000004 38.049999237060554 14.340000152587892 5.5000000000000009 16.500000000000004 34.049999237060554 43.250000000000007 18.500000000000004 0.63150000572204601 30.050000190734867 23.134999275207523 15.050000190734865 16.10000038146973 15.050000190734865 15.585000038146974 26.050000190734867 0.73350000381469738 26.050000190734867 16.500000000000004 50.049999237060554 19.10000038146973 13.50500011444092 36.049999237060554 7.0499999523162851 11.500000000000002 0.0075000002980232247 0.080499999225139632 9.9499998092651385 40.149999618530281 24.050000190734867 52.995000839233406 15.050000190734865 42.549999237060554 59.500000000000007 0.1094999983906746 16.500000000000004 36.100000381469734 96.500000000000014 54.399999618530281 68.500000000000014 19.615000724792484 48.20000076293946 39.100000381469734 80.500000000000014
decision_type=10 2 10 2 10 2 8 10 2 10 8 10 10 10 2 2 8 10 2 8 8 2 2 10 10 2 8 10 8 8 10 8 8 10 8 8 2 10 10 8 10 10 2 8 10 10 8 8 10 10 10 10 10 2 10 10 10 10 8 8 10 10
left_child=1 7 3 32 9 10 14 21 11 16 30 42 34 31 15 -4 38 39 23 50 35 33 24 40 51 48 61 -10 -19 -18 -5 -11 -2 -1 60 -17 -37 -24 -3 -9 -13 -23 58 -16 -21 -32 59 -31 -15 -41 -7 -12 -34 -48 -30 -25 -38 -28 -6 -22 -8 -14
right_child=2 4 6 5 8 19 12 17 27 13 22 18 26 25 43 20 29 28 -20 44 46 41 37 55 -26 -27 57 -29 54 47 45 -33 52 -35 -36 36 56 -39 -40 49 -42 -43 -44 -45 -46 -47 53 -49 -50 -51 -52 -53 -54 -55 -56 -57 -58 -59 -60 -61 -62 -63
leaf_value=-0.58831782491830376 -0.40043776017115534 -0.54341868443074415 0.072773580104245311 0.29734505550958751 -0.20847689444149081 0.033381560753957477 0.90070879395882653 -0.60752467321961057 -0.21000594205835355 -0.32732875567532593 0.76894827116537146 0.38564214243518014 1.3082124731489724 0.55839861644677236 0.2186172088883975 0.71693564120220077 -0.34800399493955769 -0.42173766361232812 0.26667677555798341 0.2446732794376156 0.57611578976698308 -0.75889969518327227 0.55654223799509672 0.87256890545213206 1.0809516742184819 -0.088414124000047944 1.5488242946813504 0.061668359823241772 -0.28652287958777795 -0.25051522741211318 0.67379010846493914 -0.039489056231244435 -0.14595998160301468 -0.41791334255686635 1.313465406929673 1.2682188017939113 0.75656372317617215 0.83723790902389905 -0.33731278935980569 -0.49712783502603708 0.68036180335940788 -0.63370899563359728 0.21664520596393202 0.6206192780523927 0.50095338858626426 0.46446025028934107 1.0518490916102541 -0.088880997728015443 0.22547399502345403 -0.37112078945482974 -0.3945121463612557 1.1186639286400812 0.09661876826437242 0.78022356222482725 -0.12934553969695881 2.3180605702805073 1.1047114574049999 1.8892638933811541 0.074152790331764709 0.82952252325083675 1.1313241929815969 1.7296347083361359
leaf_weight=25282 2732 11616 1088 5046 1858 6668 4156 6977 7334 4170 8327 4818 5029 2430 1749 1239 11186 8893 6411 5891 2957 17531 6515 3313 6026 1457 1830 6446 11066 9211 5061 7252 7817 10259 3003 5314 1461 4018 6733 15009 3106 19336 4408 1576 3033 7311 2857 9910 1942 14974 714 1053 2569 3150 7506 53 1936 1621 3548 3048 3208 596
leaf_count=25282 2732 11616 1088 5046 1858 6668 4156 6977 7334 4170 8327 4818 5029 2430 1749 1239 11186 8893 6411 5891 2957 17531 6515 3313 6026 1457 1830 6446 11066 9211 5061 7252 7817 10259 3003 5314 1461 4018 6733 15009 3106 19336 4408 1576 3033 7311 2857 9910 1942 14974 714 1053 2569 3150 7506 53 1936 1621 3548 3048 3208 596
internal_value=-2.38657e-09 -0.316084 0.650389 0.416396 -0.0677909 0.541248 1.02208 -0.510609 0.202994 -0.237455 0.677879 0.346185 1.27674 0.000847731 0.834354 0.895689 -0.321945 -0.390365 0.491191 0.177951 0.936456 -0.617596 0.812857 0.618681 0.91489 0.285805 1.48818 -0.0829223 -0.287349 -0.233645 0.47687 -0.144575 -0.151452 -0.53913 1.09163 1.09263 1.14607 0.663619 -0.46779 -0.466917 0.501165 -0.69324 0.084646 0.40916 0.331775 0.550091 0.807093 -0.166744 0.410517 -0.434198 -0.00800507 0.808207 -0.0859576 0.909412 -0.222999 0.895329 0.954978 1.70874 -0.0229848 0.704739 1.00117 1.35286
internal_weight=362634 244035 118599 72781 107202 59663 45818 136833 41295 65907 43357 27515 19443 17251 26375 23050 48656 64425 17701 16306 21962 72408 25939 11290 15406 5829 9076 13780 27465 30307 17418 11422 13118 35541 10367 9950 8711 10533 18349 36960 7924 36867 9814 3325 8924 12372 12012 19121 4372 29983 7382 9380 10386 6007 18572 3366 3397 3451 5406 6005 7364 5625
internal_count=362634 244035 118599 72781 107202 59663 45818 136833 41295 65907 43357 27515 19443 17251 26375 23050 48656 64425 17701 16306 21962 72408 25939 11290 15406 5829 9076 13780 27465 30307 17418 11422 13118 35541 10367 9950 8711 10533 18349 36960 7924 36867 9814 3325 8924 12372 12012 19121 4372 29983 7382 9380 10386 6007 18572 3366 3397 3451 5406 6005 7364 5625
is_linear=0
shrinkage=0.05


Tree=3
num_leaves=63
num_cat=0
split_feature=5 15 0 49 6 0 49 49 49 0 0 6 49 0 0 8 49 0 49 49 6 29 49 6 43 9 23 49 5 0 50 6 50 50 49 6 29 50 5 50 50 0 0 49 37 29 6 23 49 50 50 23 5 42 50 9 49 4 5 49 29 0
split_gain=2.69282e+07 4.93597e+06 4.39823e+06 1.46773e+06 1.37279e+06 1.26768e+06 986135 926659 481158 415827 391021 347844 302373 300532 282947 234449 206473 164592 156207 160691 146823 136272 133582 122414 119452 99503.6 84455.7 82626.2 81538.7 81391.2 78283.9 78185 75137 73949.3 73506.3 69186.3 64959.5 64209.6 57398.7 57346.7 56544.1 55916.8 54650 54112.5 53128 52620.4 51442 49762.7 49353.4 47619.4 47531.6 47330.9 45947.5 45600.1 45119.9 44432.9 44079.6 44069.1 43791.6 43542.2 49145.7 42058.6
threshold=31.050000190734867 0.056500000879168517 43.250000000000007 10.500000000000002 16.10000038146973 24.050000190734867 17.500000000000004 18.500000000000004 18.500000000000004 53.049999237060554 22.050000190734867 20.050000190734867 10.500000000000002 14.050000190734865 28.10000038146973 0.63449999690055858 9.5000000000000018 41.049999237060554 9.5000000000000018 18.500000000000004 50.049999237060554 0.004500000039115549 9.5000000000000018 8.0500001907348651 0.049499999731779105 19.714999198913578 26.314999580383304 16.500000000000004 66.500000000000014 30.050000190734867 10.500000000000002 36.049999237060554 10.500000000000002 1.5000000000000002 9.5000000000000018 35.100000381469734 0.36849999427795416 10.500000000000002 17.050000190734867 1.5000000000000002 10.500000000000002 42.049999237060554 11.050000190734865 17.500000000000004 27.525000572204593 0.04150000028312207 25.050000190734867 16.685000419616703 9.5000000000000018 10.500000000000002 5.5000000000000009 27.425000190734867 11.050000190734865 49.95000076293946 10.500000000000002 30.355000495910648 15.500000000000002 42.049999237060554 13.050000190734865 10.500000000000002 0.01350000035017729 37.049999237060554
decision_type=10 10 10 2 10 10 2 2 2 10 10 10 2 10 8 8 2 8 2 2 10 8 2 8 8 8 8 2 10 8 2 10 2 2 2 8 10 2 8 2 2 10 8 2 8 8 8 8 2 2 2 10 10 10 2 10 2 10 8 2 8 8
left_child=1 4 3 34 13 11 9 14 12 16 22 21 -7 23 40 33 -4 35 36 41 32 42 25 50 -8 -6 48 39 -17 -9 56 45 43 -11 47 -14 -12 59 -24 -19 53 -20 -3 61 -39 -13 -10 -2 57 51 -1 -22 -25 -5 -21 -51 -18 -15 -23 -35 -61 -16
right_child=2 5 6 7 10 8 24 29 46 15 18 31 17 26 20 28 30 27 19 54 49 58 38 52 -26 -27 -28 -29 -30 -31 -32 -33 -34 37 -36 -37 -38 44 -40 -41 -42 -43 -44 -45 -46 -47 -48 -49 -50 55 -52 -53 -54 -55 -56 -57 -58 -59 -60 60 -62 -63
leaf_value=-0.58383515682508402 -0.41604052111873591 -0.31854238860260903 0.083914839930319451 0.48285839640694789 -0.51753741562871736 -0.094614919230667394 0.44636934000066947 -0.057627488087555849 -0.047905118151990674 0.58495899988356037 -0.35756835570123535 0.054264379877347738 0.37053906042731677 -0.56225378580969165 0.61591725132301534 1.3660408908685771 1.0843737892245231 0.12071463911418755 0.26599006336644004 -0.038914960804882118 0.97702380220773954 -0.5275584583037326 -0.33685008266931504 -0.58255160827392871 0.77759599612399688 -0.33613475919813407 -0.3280916846972195 0.58477563276615319 1.6984893523443141 0.20756061265292611 0.64137547235680181 0.27752576336183943 0.3737409122368931 0.29007766220358111 0.11038760389047704 0.61966150849217949 -0.13427580694714483 1.0694387934581642 -0.15515892294975683 1.070396148319875 0.19491936811985153 0.90191383662830737 -0.033675711273168006 0.43793595482016168 0.42963984528025673 -0.19012574259954429 0.16929422025325597 -0.13537420064421787 -0.35275871565510775 0.3656712007408669 -0.71488156400057457 0.68851433060797829 -0.46966215080342089 0.034260533397143113 -0.39348538139385009 1.4753899293906481 0.88710392277266925 -0.4025610199867411 -0.30668195573992985 1.1906609646749697 1.495932532328109 0.7823124729878983
leaf_weight=10529 2031 2478 677 9356 11399 2043 5973 4798 5236 543 5596 9031 8331 14498 8933 4442 8466 171 2175 10507 5542 4260 7307 21341 5001 22443 14552 2287 3154 7289 1544 3071 2810 124 2455 4188 7793 1090 10730 2258 2627 411 5252 2545 462 2913 5687 7101 6096 726 20184 1912 15604 603 981 103 4255 6154 4742 9692 1526 6606
leaf_count=10529 2031 2478 677 9356 11399 2043 5973 4798 5236 543 5596 9031 8331 14498 8933 4442 8466 171 2175 10507 5542 4260 7307 21341 5001 22443 14552 2287 3154 7289 1544 3071 2810 124 2455 4188 7793 1090 10730 2258 2627 411 5252 2545 462 2913 5687 7101 6096 726 20184 1912 15604 603 981 103 4255 6154 4742 9692 1526 6606
internal_value=-1.0104e-09 -0.288742 0.642937 0.377993 -0.41611 0.0984106 1.01221 0.487837 0.330311 1.13878 -0.257903 -0.122197 0.480537 -0.531314 0.59942 1.28205 0.937092 0.548714 -0.105343 0.0109653 0.684897 -0.27898 -0.338663 -0.596193 0.597314 -0.397237 -0.42503 0.800462 1.50408 0.102293 0.977583 0.0525146 0.614277 1.15654 -0.132499 0.453878 -0.227602 1.18061 -0.228764 1.00354 0.401266 0.367059 -0.124995 0.651653 0.878983 -0.00533947 0.0651785 -0.197796 -0.477768 0.863038 -0.669956 0.903019 -0.534872 0.455697 -0.069193 0.503549 1.01839 -0.514668 -0.411207 1.22189 1.23219 0.686656
internal_weight=362634 250248 112386 65437 188300 61948 46949 53850 30201 35975 79342 31747 19278 108958 41763 21033 14942 17235 27463 14074 29177 16732 51879 67658 10974 33842 41300 4716 7596 12087 14265 15015 20894 13437 11587 12519 13389 12894 18037 2429 12586 2586 7730 18084 1552 11944 10923 9132 26748 8283 30713 7454 36945 9959 11488 829 12721 20652 9002 11342 11218 15539
internal_count=362634 250248 112386 65437 188300 61948 46949 53850 30201 35975 79342 31747 19278 108958 41763 21033 14942 17235 27463 14074 29177 16732 51879 67658 10974 33842 41300 4716 7596 12087 14265 15015 20894 13437 11587 12519 13389 12894 18037 2429 12586 2586 7730 18084 1552 11944 10923 9132 26748 8283 30713 7454 36945 9959 11488 829 12721 20652 9002 11342 11218 15539
is_linear=0
shrinkage=0.05


Tree=4
num_leaves=63
num_cat=0
split_feature=5 0 15 36 6 0 8 0 6 0 5 0 6 37 29 6 15 22 0 0 44 0 43 0 0 43 29 0 50 6 0 8 44 5 5 22 8 0 43 29 6 36 29 22 8 6 29 6 43 16 6 50 22 38 30 6 6 29 0 29 6 30
split_gain=2.43056e+07 4.35172e+06 4.06133e+06 1.34488e+06 1.17451e+06 1.06756e+06 801277 444522 395428 327936 267639 267360 247588 242976 218914 188127 177146 143300 142589 113516 104569 103069 97982.9 97713.6 88404.5 88115.9 86591.7 83613.7 80956 80734.3 77231.1 74906 73396.7 73187.2 66461.2 64769.9 61508.7 60210.4 59122.5 58551.2 55085 52858.1 59258.1 48143.2 44770.4 44643.5 44577.9 43923.7 43460.6 42980.1 42474 41765.6 41669.2 41250.7 41200.2 40376.8 40225.8 38891.8 38355.9 38278.9 37423.4 38145.1
threshold=30.050000190734867 43.250000000000007 0.056500000879168517 0.04150000028312207 16.10000038146973 20.050000190734867 0.44449999928474432 28.10000038146973 30.050000190734867 19.10000038146973 10.050000190734865 63.500000000000007 37.049999237060554 26.494999885559086 0.004500000039115549 41.049999237060554 0.30650000274181372 0.0084999999962747114 43.250000000000007 35.100000381469734 14.744999885559084 17.35000038146973 0.6264999806880952 28.10000038146973 57.500000000000007 0.043500000610947616 0.0025000000605359678 34.100000381469734 5.5000000000000009 15.050000190734865 14.050000190734865 0.16649999469518664 24.454999923706058 52.500000000000007 17.050000190734867 0.20250000059604648 0.17150000482797625 8.0500001907348651 0.68649998307228099 0.011500000022351744 38.20000076293946 0.16649999469518664 0.057499999180436141 0.012500000186264517 0.63449999690055858 71.500000000000014 0.0084999999962747114 38.20000076293946 0.043500000610947616 15.105000019073488 28.050000190734867 2.5000000000000004 0.17650000005960467 52.995000839233406 26.064999580383304 27.10000038146973 9.1500000953674334 0.024500000290572647 5.0999999046325692 0.011500000022351744 34.049999237060554 1.0000000180025095e-35
decision_type=10 10 10 8 10 10 8 8 8 10 10 10 8 8 8 10 10 10 10 10 8 10 8 8 10 8 10 10 2 8 8 10 8 10 8 10 10 8 8 10 10 8 10 10 8 10 8 10 8 8 8 2 10 10 10 10 8 8 10 10 10 10
left_child=2 3 4 13 10 14 12 17 16 20 28 33 31 23 30 43 53 -5 25 32 -6 56 54 -2 41 -10 47 -18 51 -16 58 -3 -11 -8 -22 -26 -20 -30 -17 -19 -21 42 52 -9 -35 -27 -45 -15 -37 -23 -32 -1 -14 57 -13 -25 -12 -7 -4 -57 -36 -62
right_child=1 6 5 7 9 8 11 15 18 19 21 22 24 26 29 38 27 39 36 40 34 49 -24 55 35 45 -28 -29 37 -31 50 -33 -34 44 60 48 -38 -39 -40 -41 -42 -43 -44 46 -46 -47 -48 -49 -50 -51 -52 -53 -54 -55 -56 59 -58 -59 -60 -61 61 -63
leaf_value=-0.5643286739878749 -0.21046988045159798 0.35643397812180944 -0.52181393955312894 0.057138068104631234 -0.51074359290900861 0.24198924602111116 0.93594308910856749 0.26228848841652147 0.12297338438677297 -0.25765637125643759 -0.55379770744103662 1.187471417732566 0.94249595505909523 0.25978676605629042 -0.49307286214265567 0.69026936873585321 0.17941919898331571 0.43845737384574807 0.43047751738236939 0.012372984555785511 -0.37691025880032897 -0.50319075897109877 1.6103857099642387 -0.083333093309461134 1.2280569396925347 0.44301676228602926 0.12161272048751025 0.53044223476137009 -0.69986323900295311 -0.21976586634124665 -0.020967079998059801 0.6733008675285993 -0.10041085165843924 1.030659554360011 -0.26480017885943219 0.55620044733939078 0.93198798039132957 -0.56917601146184482 0.94696715652676799 0.14907382855935342 0.47845295952889422 0.89387656626069623 0.31713141907555609 0.57109788492711144 1.2724761379403422 1.1030420662265905 0.35833815917866785 0.6169640590385439 0.96590015153685327 -0.30087976516416243 0.23666899160167887 -0.4195153344795583 0.61682366227342911 -0.063857308902874971 1.5466562583754824 0.37974786597887783 -0.43795749073077223 -0.00056160770395660741 -0.12059009293883415 0.046347840560683362 0.52522104845212947 -0.12000246139868431
leaf_weight=11690 7726 3853 661 4887 7736 3002 8382 2005 2466 14114 11586 4232 1573 1728 4868 11528 4009 8953 876 4388 17255 3130 3094 3353 2121 7714 5845 2941 15942 6073 4091 3615 15649 3886 15371 793 2024 19710 2785 2172 741 4179 1038 11108 3772 265 3163 1715 3523 16279 2627 8673 2615 7236 984 1262 21220 3677 6026 2709 264 1731
leaf_count=11690 7726 3853 661 4887 7736 3002 8382 2005 2466 14114 11586 4232 1573 1728 4868 11528 4009 8953 876 4388 17255 3130 3094 3353 2121 7714 5845 2941 15942 6073 4091 3615 15649 3886 15371 793 2024 19710 2785 2172 741 4179 1038 11108 3772 265 3163 1715 3523 16279 2627 8673 2615 7236 984 1262 21220 3677 6026 2709 264 1731
internal_value=5.77488e-10 0.587184 -0.285367 0.338931 -0.399975 0.0776609 0.956694 0.496262 0.257763 -0.251046 -0.506273 1.15728 0.747156 0.0376828 -0.175411 0.60799 0.121813 0.282821 0.470321 -0.137541 -0.344548 -0.424835 1.38746 -0.0864258 0.859038 0.384202 0.238785 0.32796 -0.582186 -0.341369 -0.0399584 0.509818 -0.174979 1.03803 -0.307412 1.00181 0.780497 -0.627614 0.740217 0.381959 0.0797088 0.761322 0.655324 0.49171 1.14977 0.464938 0.523942 0.437701 0.890624 -0.333506 0.0797787 -0.50265 0.739145 0.0188513 1.25523 0.0444268 -0.478868 0.108457 -0.16025 0.152304 -0.238357 -0.0346195
internal_weight=362634 118599 244035 70939 185479 58556 47660 46601 34210 77249 108230 24350 23310 24338 24346 30589 20865 16012 13345 34892 42357 52215 8310 15050 15842 10445 9288 6950 56015 10941 13405 7468 29763 16040 34621 6437 2900 35652 14313 11125 5129 9405 5226 16276 7658 7979 14271 3443 4316 19409 6718 20363 4188 13915 5216 7324 32806 6679 6687 3971 17366 1995
internal_count=362634 118599 244035 70939 185479 58556 47660 46601 34210 77249 108230 24350 23310 24338 24346 30589 20865 16012 13345 34892 42357 52215 8310 15050 15842 10445 9288 6950 56015 10941 13405 7468 29763 16040 34621 6437 2900 35652 14313 11125 5129 9405 5226 16276 7658 7979 14271 3443 4316 19409 6718 20363 4188 13915 5216 7324 32806 6679 6687 3971 17366 1995
is_linear=0
shrinkage=0.05


Tree=5
num_leaves=63
num_cat=0
split_feature=6 15 15 6 49 6 49 49 49 2 15 8 2 49 2 29 6 8 45 6 2 49 2 50 6 50 2 6 50 6 50 50 22 9 49 49 49 49 49 6 51 9 49 2 35 9 6 6 2 22 35 9 50 4 49 49 22 49 2 49 49 44
split_gain=2.16704e+07 3.80296e+06 3.1403e+06 982274 967427 924906 688817 680337 482382 464774 361235 337527 321372 303177 229089 163931 145941 113136 112266 107226 104697 98358.1 94009.5 91944 91904.8 91102.1 88736.6 86581.3 81510.9 75112.4 75108.3 83479 74052.1 72505 70652.9 68136 76985.4 64182.9 65287.1 62684.8 58760.2 58645.3 58479.9 60778.6 57480.7 55574.6 54290.5 53854.9 51014.3 49375.2 47936.4 46311 43118.6 42912.7 42800 58593 42386.6 41938.3 49802.1 41861.9 53659.8 41253.5
threshold=30.050000190734867 0.066500000655651106 0.16749999672174457 50.049999237060554 10.500000000000002 14.050000190734865 18.500000000000004 10.500000000000002 18.500000000000004 12.050000190734865 0.41550000011920935 0.63449999690055858 19.10000038146973 9.5000000000000018 28.050000190734867 0.42450000345706945 7.0999999046325692 0.74549999833107006 44.995000839233406 16.10000038146973 24.050000190734867 10.500000000000002 45.049999237060554 9.5000000000000018 88.500000000000014 10.500000000000002 41.100000381469734 39.100000381469734 10.500000000000002 77.500000000000014 2.5000000000000004 10.500000000000002 0.55450001358985912 17.515000343322757 17.500000000000004 18.500000000000004 11.500000000000002 9.5000000000000018 4.5000000000000009 21.10000038146973 3.5000000000000004 24.744999885559086 17.500000000000004 27.10000038146973 23.750000000000004 31.654999732971195 52.20000076293946 9.1500000953674334 23.050000190734867 0.0075000002980232247 15.750000000000002 24.144999504089359 5.5000000000000009 24.050000190734867 19.500000000000004 11.500000000000002 0.1094999983906746 17.500000000000004 19.10000038146973 19.500000000000004 11.500000000000002 24.884999275207523
decision_type=10 10 8 10 2 10 2 2 2 10 10 8 8 2 10 10 8 10 10 10 10 2 10 2 10 2 8 10 2 10 2 2 8 8 2 2 2 2 2 10 2 8 2 10 10 10 10 8 10 8 8 10 2 10 2 2 8 2 10 2 2 8
left_child=1 5 4 10 51 14 12 19 9 47 21 24 28 15 16 33 52 22 42 -3 -10 -4 32 46 30 39 -8 57 -6 -13 40 34 -12 -7 56 36 -27 38 -18 -15 -5 -16 43 -11 -22 61 -14 -9 -17 -49 -29 -2 -1 -24 55 -41 -32 58 -23 60 -39 -33
right_child=2 7 3 11 6 13 26 8 20 18 17 29 23 25 41 48 37 -19 -20 -21 44 27 53 -25 -26 35 -28 50 -30 -31 31 45 -34 -35 -36 -37 -38 59 -40 54 -42 -43 -44 -45 -46 -47 -48 49 -50 -51 -52 -53 -54 -55 -56 -57 -58 -59 -60 -61 -62 -63
leaf_value=-0.52009776550464182 -0.21934321724807365 -0.42063357515046029 0.046154436091542461 0.33016117729300853 0.3950466906062744 -0.51207363688663043 -0.039632462617375935 -0.26977380972503456 -0.36998819257827892 0.49137147244411861 0.70136784488420834 1.1489697833070562 0.74615435240056982 -0.18587503808246875 -0.36154823711438833 -0.28974731242770874 -0.41462583690152588 1.0693506400047361 0.33166664456726908 -0.10916602930200055 0.074278332537348418 0.36479088068766274 0.79676519161058823 0.50809038004927831 1.261202396509987 -0.35220067066533323 0.22569505617473462 0.71056102688782985 -0.04475049488317457 1.4897681303015098 0.75575211653368768 0.85226791181695638 0.44368606289265433 -0.35154050953563609 0.65933286940783675 -0.45644763798469851 0.17421234824383128 -0.34788426069577683 -0.5414769447580231 -0.07032815444456901 0.86701596689562666 -0.14138072207292032 0.32112331650267634 0.79477589074636112 -0.15314303078297339 1.6764316227700975 1.0293456034333179 -0.10418819127928164 -0.1283175347750421 0.14432725116686293 0.49947980841146872 -0.010604711987301925 -0.63767661231207162 1.1204712870751381 -0.090111076858937392 0.28412570521463609 1.0028163522315026 0.28923296381416436 0.62607240866943448 -0.43554363482043712 0.025006408067987675 0.35900785684027053
leaf_weight=12484 9042 5380 1294 1245 4485 10176 6456 1348 2267 3331 10088 6822 4578 12355 10595 11227 17459 2399 11351 5681 8415 4206 6422 2678 1330 1634 6156 5012 1377 2119 2107 614 3853 22777 2348 3575 1208 3308 24207 2560 863 4233 1813 3272 4148 108 2685 2882 8676 6521 5805 3763 20770 1218 10618 2141 9859 4866 3220 6473 1362 1369
leaf_count=12484 9042 5380 1294 1245 4485 10176 6456 1348 2267 3331 10088 6822 4578 12355 10595 11227 17459 2399 11351 5681 8415 4206 6422 2678 1330 1634 6156 5012 1377 2119 2107 614 3853 22777 2348 3575 1208 3308 24207 2560 863 4233 1813 3272 4148 108 2685 2882 8676 6521 5805 3763 20770 1218 10618 2141 9859 4866 3220 6473 1362 1369
internal_value=-9.22664e-11 -0.269095 0.555177 0.743387 0.202834 -0.377214 0.365442 0.0909308 0.176689 0.290368 0.605793 0.974668 0.585365 -0.257698 -0.480211 -0.332681 -0.511485 0.743614 0.43427 -0.260662 -0.0572453 0.47036 0.707404 0.758511 0.859737 -0.141441 0.0898756 0.494114 0.291737 1.22974 0.830895 0.866997 0.63015 -0.401114 0.910105 -0.311181 -0.128447 -0.459817 -0.488323 -0.102082 0.549946 -0.298696 0.572655 0.641718 -0.000810724 0.571893 0.850845 0.0257867 -0.219378 0.0681578 0.597283 -0.158001 -0.593536 0.848372 -0.0345014 0.0911025 0.959313 0.403325 0.478086 -0.353228 -0.239131 0.511737
internal_weight=362634 244247 118387 77167 41220 187838 28415 56409 45348 30518 48383 28784 15803 86947 100891 52856 86063 23980 19767 11061 14830 24403 21581 9941 19843 34091 12612 23109 5862 8941 18513 16405 13941 32953 14314 6417 2842 52809 41666 27674 2108 14828 8416 6603 12563 2091 7263 10751 19903 9403 10817 12805 33254 7640 15319 4701 11966 12292 7426 11143 4670 1983
internal_count=362634 244247 118387 77167 41220 187838 28415 56409 45348 30518 48383 28784 15803 86947 100891 52856 86063 23980 19767 11061 14830 24403 21581 9941 19843 34091 12612 23109 5862 8941 18513 16405 13941 32953 14314 6417 2842 52809 41666 27674 2108 14828 8416 6603 12563 2091 7263 10751 19903 9403 10817 12805 33254 7640 15319 4701 11966 12292 7426 11143 4670 1983
is_linear=0
shrinkage=0.05


Tree=6
num_leaves=63
num_cat=0
split_feature=0 6 43 15 0 0 6 15 6 6 29 43 6 44 15 15 6 0 29 3 0 15 9 43 50 0 6 6 36 50 23 29 50 23 0 9 6 50 6 22 29 0 38 0 15 3 28 29 22 3 0 6 22 43 4 9 50 6 50 3 0 15
split_gain=1.99751e+07 4.2208e+06 2.76128e+06 1.19621e+06 1.10412e+06 813378 548423 480984 292549 279805 276754 275426 257270 192503 185872 143964 126525 125800 106106 98868.9 93365.2 92319.6 90305.5 86049.6 82438.8 80156.4 74964 73291.9 72389.9 70183.1 71910.7 70048.7 68941 67359.8 65731.8 65133.8 63416.8 56777 56600.2 50431.6 48420.6 46269.3 44589 44436.7 43034.7 42380.3 42064 41586.4 63790.4 41025.1 40219.5 39101.5 38206.3 36760.6 35818.4 36415.2 36145.9 34976.7 33772.3 33403.6 33129.9 32654.9
threshold=33.049999237060554 24.050000190734867 0.065499998629093184 0.044500000774860389 49.149999618530281 15.050000190734865 33.100000381469734 0.050499999895691879 36.049999237060554 9.1500000953674334 1.0000000180025095e-35 0.48849999904632574 37.049999237060554 24.525000572204593 0.21149999648332599 0.0075000002980232247 11.050000190734865 69.500000000000014 0.037499999627470977 27.10000038146973 16.10000038146973 0.020499999634921554 26.755000114440922 0.039499999955296523 9.5000000000000018 17.35000038146973 21.10000038146973 51.100000381469734 0.004500000039115549 10.500000000000002 28.054999351501468 0.018499999307096008 1.5000000000000002 25.685000419616703 24.050000190734867 17.515000343322757 59.500000000000007 5.5000000000000009 47.299999237060554 0.0075000002980232247 0.004500000039115549 59.149999618530281 79.005001068115249 7.0499999523162851 0.066500000655651106 36.100000381469734 21.550000190734867 0.01350000035017729 0.012500000186264517 29.050000190734867 9.0999999046325701 81.500000000000014 0.28550000488758093 0.73849999904632579 21.050000190734867 27.884999275207523 2.5000000000000004 20.050000190734867 5.5000000000000009 37.049999237060554 46.149999618530281 0.42350000143051153
decision_type=10 10 8 8 10 10 8 10 10 8 10 8 10 8 10 8 8 10 8 10 8 8 10 10 2 8 8 10 8 2 10 10 2 8 8 8 10 2 10 10 8 10 10 8 10 8 10 10 10 10 10 10 10 10 10 8 2 10 2 10 10 10
left_child=1 5 6 13 12 9 14 16 20 37 24 32 19 33 22 43 59 53 28 42 -5 -12 57 -22 38 -10 -21 46 -9 30 36 34 -6 50 -15 -18 -14 -1 -8 -30 44 -34 -4 -11 -17 -37 -27 48 -25 -36 -3 -29 -41 -13 55 -43 -57 -2 -35 -7 -23 -16
right_child=2 3 4 8 11 7 10 18 25 15 21 17 29 31 61 40 35 -19 -20 26 23 60 -24 47 -26 27 -28 51 39 -31 -32 -33 41 58 49 45 -38 -39 -40 52 -42 54 -44 -45 -46 -47 -48 -49 -50 -51 -52 -53 -54 -55 -56 56 -58 -59 -60 -61 -62 -63
leaf_value=-0.47494387587306747 -0.17375826901204472 -0.40179104926897696 0.6181051097971203 -0.060823806405955097 0.41714241694375548 -0.45155200571078941 0.65766451322044728 -0.23320911554493798 0.15352407373832008 -0.51703501982765276 0.063500428966703257 1.0398962307808861 0.74863992701121218 -0.014560262849752313 0.27816281894892642 -0.29115833906342109 -0.38748367372070502 1.4434067961383212 -0.17268200753473617 -0.092191464679123064 -0.0080885435506817677 0.29762198736986017 0.16123799700098199 0.11282391410797805 0.40449806080668227 0.435374157331893 0.37301562547375389 0.55969653264440178 -0.045630178053381022 0.43799571208668536 0.61268966396779423 -0.088096528146177092 0.81825723364554348 0.025758244727630566 0.47851596436718707 -0.26834324366675827 0.99549325564142999 -0.59916681715715325 0.98757673829175907 0.29576896679402592 -0.3629008125611688 1.1631860254449016 0.34534614309437994 -0.40699878738435774 -0.093221790731570719 -0.15009333780566395 0.22320453692516959 0.094854062339507383 0.36943465245289392 0.071694759076052592 -0.23087186480701705 1.0347098816070257 0.051207311837569783 1.2783359300254571 1.1686145160314256 0.26991050716574572 0.8983748138922435 0.010950897399391438 -0.24617974119213817 -0.28865326393174284 0.53726246051899063 0.57867662098679584
leaf_weight=14119 5546 4908 6593 4756 736 14414 2855 1563 2805 13236 3014 6579 9349 3212 3712 6860 7972 3793 6388 1054 4392 3242 5585 3499 1670 8099 4854 4282 2794 1994 6420 8461 7014 3184 1619 22595 3605 26393 2387 4363 9913 1322 1939 29905 4579 11400 3283 3572 7867 1004 11522 482 2519 2143 2147 241 4516 4765 1780 4026 2598 1195
leaf_count=14119 5546 4908 6593 4756 736 14414 2855 1563 2805 13236 3014 6579 9349 3212 3712 6860 7972 3793 6388 1054 4392 3242 5585 3499 1670 8099 4854 4282 2794 1994 6420 8461 7014 3184 1619 22595 3605 26393 2387 4363 9913 1322 1939 29905 4579 11400 3283 3572 7867 1004 11522 482 2519 2143 2147 241 4516 4765 1780 4026 2598 1195
internal_value=-7.13e-11 -0.230356 0.597806 0.0757841 0.795095 -0.362031 0.250914 -0.239764 0.25327 -0.452892 0.473334 1.02737 0.610279 -0.138239 0.0823483 -0.388204 -0.30682 1.20302 -0.00996528 0.447247 0.137637 0.288241 -0.000689992 0.186467 0.71043 0.400235 0.290022 0.443096 0.0825193 0.720452 0.749523 0.00381551 0.88978 -0.233163 0.137092 -0.258853 0.817337 -0.555873 0.807894 0.13352 -0.282018 0.912606 0.556117 -0.440759 -0.211925 -0.228689 0.374176 0.243669 0.290438 0.322798 -0.281929 0.607756 0.206253 1.09848 0.993053 0.931048 0.866535 -0.088399 -0.0717538 -0.415986 0.404229 0.351347
internal_weight=362634 261766 100868 78727 64299 183039 36569 78034 43037 105005 15766 28491 35808 35690 20803 64493 60407 12515 17627 14440 24086 8854 15896 19330 6912 18951 5908 16146 11239 21368 19374 14296 15976 21394 5835 41967 12954 40512 5242 9676 21352 15240 8532 43141 11439 33995 11382 14938 11366 2623 16430 4764 6882 8722 8226 6079 4757 10311 4964 18440 5840 4907
internal_count=362634 261766 100868 78727 64299 183039 36569 78034 43037 105005 15766 28491 35808 35690 20803 64493 60407 12515 17627 14440 24086 8854 15896 19330 6912 18951 5908 16146 11239 21368 19374 14296 15976 21394 5835 41967 12954 40512 5242 9676 21352 15240 8532 43141 11439 33995 11382 14938 11366 2623 16430 4764 6882 8722 8226 6079 4757 10311 4964 18440 5840 4907
is_linear=0
shrinkage=0.05


Tree=7
num_leaves=63
num_cat=0
split_feature=5 15 5 49 6 6 49 15 49 49 1 5 49 49 6 43 29 1 5 6 1 1 49 50 15 16 15 1 49 50 50 50 1 49 1 5 37 5 29 6 30 9 50 1 6 1 43 49 1 1 6 5 1 44 50 51 50 1 2 1 5 6
split_gain=1.82386e+07 3.24512e+06 2.34426e+06 1.09084e+06 952587 733894 624752 493866 301096 289161 261242 229478 211465 211121 164961 145323 137218 132721 130987 127723 117144 108074 106497 106418 100736 81227.2 76613.5 76357.1 73412.4 68717 66347.8 65414.7 65091.6 65993.6 61910.7 60750.3 58644.3 58145.3 57500.2 56930 56140.7 55401.9 53480.5 52857.3 49875 48353.8 47829.7 44451.2 43891.9 43679.3 43388.6 43359.5 41042 37959 37728.7 35146 35045.9 34737.3 34518.8 33228.7 32935.9 32328
threshold=31.050000190734867 0.066500000655651106 46.149999618530281 10.500000000000002 16.10000038146973 25.050000190734867 18.500000000000004 0.49150000512599951 9.5000000000000018 9.5000000000000018 33.100000381469734 10.050000190734865 17.500000000000004 10.500000000000002 39.100000381469734 0.69650000333786022 0.42849999666213995 32.049999237060554 17.050000190734867 31.050000190734867 49.149999618530281 36.100000381469734 16.500000000000004 10.500000000000002 0.331499993801117 13.484999656677248 0.34749999642372137 54.399999618530281 19.500000000000004 10.500000000000002 5.5000000000000009 1.5000000000000002 9.0999999046325701 18.500000000000004 19.10000038146973 16.10000038146973 13.50500011444092 17.050000190734867 0.0084999999962747114 98.500000000000014 9.3249998092651385 15.875000000000002 2.5000000000000004 38.049999237060554 43.299999237060554 15.150000095367433 0.071499999612569823 18.500000000000004 50.049999237060554 43.250000000000007 85.500000000000014 6.0499999523162851 34.049999237060554 28.445000648498539 10.500000000000002 2.5000000000000004 2.5000000000000004 20.050000190734867 23.050000190734867 27.050000190734867 17.050000190734867 30.050000190734867
decision_type=10 10 10 2 10 10 2 8 2 2 8 10 2 2 10 8 10 8 8 10 10 8 2 2 10 8 10 10 2 2 2 2 10 2 8 8 8 8 8 10 8 8 2 8 10 10 8 2 8 10 10 8 10 10 2 2 2 10 10 8 10 10
left_child=1 4 3 41 11 9 10 12 16 -3 29 30 13 -4 24 20 36 42 32 35 -9 -8 49 31 -7 -13 -20 -17 34 40 56 -19 -11 57 -21 -10 -6 -27 -33 45 -5 -2 55 -28 -42 -16 -14 -47 -24 -12 -22 -32 -26 -25 -44 -15 -1 -34 -18 -37 -38 -23
right_child=2 5 7 6 8 14 21 15 19 18 22 25 46 17 39 27 58 23 26 28 50 61 48 53 52 37 43 -29 -30 -31 51 38 33 -35 -36 59 60 -39 -40 -41 44 -43 54 -45 -46 47 -48 -49 -50 -51 -52 -53 -54 -55 -56 -57 -58 -59 -60 -61 -62 -63
leaf_value=-0.48847523322799868 -0.31306429172466665 -0.41123780538104127 0.060534879452391714 0.99450542573427458 -0.49702035830868385 0.12577720983048804 -0.026918869914017287 0.7283092903651468 -0.25960754037463823 -0.33945714930232596 0.65781839166502265 -0.50588538073095635 0.28543763577649278 0.00017385784725564113 0.16798823417132158 1.0639434368650464 -0.243732778076966 0.45140301630424418 0.015281083218630113 0.015690406617491087 0.98454236667439443 0.13384040691143104 0.42661286916109886 0.61615753399898443 0.26046046974540354 -0.3801993397525143 0.14729706686950414 1.441923495617184 -0.050740612641342386 0.19898563747001827 -0.60592734003136695 0.92089908939834175 -0.046459279890816149 -0.22782214437664094 0.45134420554441923 -0.15085988529274028 -0.37827223908262292 -0.26509764261164964 1.2387933612465027 1.6816859809415683 0.36483371608126736 -0.047809821067876956 0.71103212579362374 0.53418999001334566 0.56290985886921729 0.58599507760147629 0.58317457069830791 0.217326477762912 0.64638273352667797 0.84543193136610884 1.4026579109518811 -0.49543729361243261 0.51646314622062606 -0.061795649535304781 0.36826669992859307 0.65492580875845785 -0.35634898456468767 0.26817209651171131 -0.10562695908163505 -0.012944396695914165 -0.25917260464904468 0.3274510217649253
leaf_weight=11784 2536 5325 1093 447 5910 13249 5394 5867 8113 3140 6600 8045 3752 552 1127 3837 10067 612 12531 1435 8240 3447 5233 1441 3771 27067 3011 2050 4230 3575 16075 6928 2152 3270 1889 10780 11993 18452 1790 98 10321 8797 5368 1249 4592 4960 2106 979 4015 5854 671 19836 2677 241 944 326 8742 1481 8218 7342 11250 5757
leaf_count=11784 2536 5325 1093 447 5910 13249 5394 5867 8113 3140 6600 8045 3752 552 1127 3837 10067 612 12531 1435 8240 3447 5233 1441 3771 27067 3011 2050 4230 3575 16075 6928 2152 3270 1889 10780 11993 18452 1790 98 10321 8797 5368 1249 4592 4960 2106 979 4015 5854 671 19836 2677 241 944 326 8742 1481 8218 7342 11250 5757
internal_value=-2.17587e-11 -0.237631 0.529128 0.339675 -0.337659 0.0864671 0.431357 0.804381 -0.207793 -0.0746706 0.532143 -0.433555 0.655589 0.735471 0.279387 0.985487 -0.289038 0.776 -0.00788139 -0.0937297 0.9018 0.150793 0.65056 0.885096 0.20466 -0.359426 0.0775536 1.19557 0.0874334 0.396422 -0.50391 0.951092 -0.150721 -0.0648698 0.263269 -0.145893 -0.356385 -0.333541 0.98617 0.484845 0.442375 -0.107166 0.60891 0.260731 0.425825 0.468245 0.392477 0.525223 0.522025 0.746006 1.01603 -0.544896 0.366744 0.519019 0.659769 0.243282 -0.432203 0.0818009 -0.181663 -0.0949844 -0.320626 0.254942
internal_weight=362634 250248 112386 66568 191228 59020 55235 45818 81227 32159 40637 110001 25153 19295 26861 20665 47438 18202 26834 33789 14778 14598 21702 11012 19697 53564 16791 5887 7554 18935 56437 9330 10043 6903 3324 26235 29153 45519 8718 7164 15360 11333 7190 4260 14913 7066 5858 5939 9248 12454 8911 35911 6448 1682 6312 878 20526 3633 18285 18122 23243 9204
internal_count=362634 250248 112386 66568 191228 59020 55235 45818 81227 32159 40637 110001 25153 19295 26861 20665 47438 18202 26834 33789 14778 14598 21702 11012 19697 53564 16791 5887 7554 18935 56437 9330 10043 6903 3324 26235 29153 45519 8718 7164 15360 11333 7190 4260 14913 7066 5858 5939 9248 12454 8911 35911 6448 1682 6312 878 20526 3633 18285 18122 23243 9204
is_linear=0
shrinkage=0.05


Tree=8
num_leaves=63
num_cat=0
split_feature=5 0 15 36 0 5 36 0 22 0 15 5 0 3 36 0 9 0 5 3 3 29 15 9 5 3 50 29 29 22 36 4 43 9 35 4 9 31 50 50 30 0 5 5 0 0 23 51 38 5 9 4 1 45 50 30 5 5 0 29 9 50
split_gain=1.64636e+07 3.03929e+06 2.67162e+06 763893 759475 732372 627982 343495 236179 225664 221468 202221 187875 156283 136317 120321 107455 107451 107010 102755 95897.4 85862.9 84392 77148.1 73321.2 70797.8 63149.4 61468.1 58957.1 56051.1 55267.9 51285.6 50740.3 50529 49810.7 48127.3 46956.8 46673.5 41756.8 44385.3 42661.6 40017.7 39969.6 39166.7 38929 38448.4 38412.7 37726.3 37621.9 36855.8 36119.3 36025.6 35324.1 34586.4 34090.8 33288.3 33017.2 32507.6 31824.2 31795.3 31016 30189.1
threshold=30.050000190734867 40.049999237060554 0.056500000879168517 0.04150000028312207 24.050000190734867 14.050000190734865 0.16950000077486041 56.399999618530281 0.016500000841915611 23.050000190734867 0.33550000190734869 16.10000038146973 10.050000190734865 28.050000190734867 0.63449999690055858 41.049999237060554 16.185000419616703 27.050000190734867 40.149999618530281 25.050000190734867 36.100000381469734 0.037499999627470977 0.33550000190734869 23.875000000000004 43.350000381469734 15.050000190734865 5.5000000000000009 0.0094999996945261973 0.004500000039115549 0.0075000002980232247 0.7305000126361848 21.050000190734867 0.58650001883506786 23.73499965667725 15.750000000000002 14.050000190734865 27.964999198913578 48.995000839233406 10.500000000000002 1.5000000000000002 11.454999923706056 35.100000381469734 51.100000381469734 22.149999618530277 48.20000076293946 50.049999237060554 27.974999427795414 2.5000000000000004 45.995000839233406 6.0499999523162851 15.585000038146974 17.149999618530277 6.0499999523162851 73.014999389648452 9.5000000000000018 9.3249998092651385 75.500000000000014 6.0499999523162851 39.049999237060554 0.045500000938773162 12.09500026702881 2.5000000000000004
decision_type=10 10 10 8 10 10 8 10 8 10 10 8 8 10 8 10 8 8 10 8 8 8 10 8 10 8 2 8 8 10 10 10 8 8 8 10 8 10 2 2 8 10 10 10 10 10 10 2 10 8 8 10 10 8 2 8 10 10 10 10 10 2
left_child=2 3 5 17 11 12 13 24 36 16 19 28 26 34 31 46 -7 50 27 37 45 29 44 60 -8 -19 -1 55 52 -13 38 61 -26 -22 -3 -31 -5 -6 39 47 -41 -25 -16 -18 -15 49 59 53 58 -14 -2 -17 -4 -20 -46 -10 -42 -28 -21 -12 -11 -9
right_child=1 6 4 8 10 9 7 14 18 23 15 21 20 22 42 51 43 25 30 48 33 -23 -24 41 32 -27 57 -29 -30 35 -32 -33 -34 -35 -36 -37 -38 -39 -40 40 56 -43 -44 -45 54 -47 -48 -49 -50 -51 -52 -53 -54 -55 -56 -57 -58 -59 -60 -61 -62 -63
leaf_value=-0.41564746966989524 -0.29320811137576536 0.88459612865097714 -0.35303118349757723 0.061492590879256952 0.47293530767099495 -0.40161884306458956 0.60622741673393021 0.58362329732789231 0.80298589700343703 -0.3918560501718697 0.44114441224721745 -0.067287610329463537 -0.48492120443252551 0.23974357460168313 0.98892790120832874 0.58067701110685177 -0.26819425350219922 0.48213725490941101 0.39407854739742487 0.090163477690060653 -0.34087287857469101 -0.17844850226304901 0.61618105006957036 -0.058690982977572748 0.73457470288093152 0.067731782055662756 -0.5983629731896245 0.18714763750660976 -0.37051971817702239 0.03593977705432902 0.80180866687581109 1.1031420868637769 0.93139533924498863 -0.16016277253356226 0.56265120268948032 0.28130360302318969 0.35791540799101501 0.16430525169618843 0.28559648865901688 1.1886970780334856 0.52154621622022324 0.15473646368317034 1.3387827019425071 -0.16821638734576624 0.51189567203940889 0.6274131978114883 0.16858397754957766 0.5206572390719757 -0.0089055277167691804 -0.37446041944385072 -0.063800114590559162 0.95286649919441546 -0.068933838593969149 -0.38827866752660189 0.18376513127578673 0.38520884564655455 0.89106237243083408 -0.49114583390132155 0.37390045290160456 -0.1299807791450712 -0.1581367823418654 0.90818123362706682
leaf_weight=15416 2229 2931 1519 6109 2689 12835 7009 803 497 1655 4123 5339 9997 4655 1035 2435 32737 1134 247 3520 7967 5323 4022 11320 9362 11308 13295 4563 6639 4664 1613 3595 5036 7519 2036 3497 1710 2250 2074 262 10356 2725 3865 13979 3769 91 2735 568 7391 30869 7452 887 3912 330 1002 11735 642 15098 1374 259 9976 6650
leaf_count=15416 2229 2931 1519 6109 2689 12835 7009 803 497 1655 4123 5339 9997 4655 1035 2435 32737 1134 247 3520 7967 5323 4022 11320 9362 11308 13295 4563 6639 4664 1613 3595 5036 7519 2036 3497 1710 2250 2074 262 10356 2725 3865 13979 3769 91 2735 568 7391 30869 7452 887 3912 330 1002 11735 642 15098 1374 259 9976 6650
internal_value=-3.49408e-10 0.483263 -0.234862 0.244792 0.0595755 -0.327816 0.751918 0.869721 0.37332 -0.220059 0.249868 -0.110821 -0.419424 0.512955 1.04538 0.431592 -0.273482 0.00830156 0.432046 0.13973 -0.359121 -0.00838273 0.424431 -0.0961528 0.738854 0.105502 -0.497117 0.343761 -0.270572 0.0586736 0.524187 0.948031 0.803417 -0.253132 0.752629 0.141079 0.12632 0.332336 0.493259 0.527978 0.558138 -0.017282 1.26488 -0.238278 0.342613 -0.399196 0.315618 0.231388 0.062295 -0.401482 -0.11662 0.680055 -0.148393 -0.0533701 0.442982 0.402184 0.543116 -0.54135 0.169823 0.407388 -0.191393 0.873213
internal_weight=362634 118599 244035 62829 58556 185479 55770 37355 40706 85227 27663 30893 100252 18415 15948 10439 59551 22123 32887 17224 56443 18823 13448 25676 21407 12442 43809 16795 12070 13500 16092 11048 14398 15486 4967 8161 7819 4939 14479 12405 11260 14045 4900 46716 9426 40957 7117 1145 12285 40866 9681 3322 5431 577 4771 12232 10998 28393 4894 4382 11631 7453
internal_count=362634 118599 244035 62829 58556 185479 55770 37355 40706 85227 27663 30893 100252 18415 15948 10439 59551 22123 32887 17224 56443 18823 13448 25676 21407 12442 43809 16795 12070 13500 16092 11048 14398 15486 4967 8161 7819 4939 14479 12405 11260 14045 4900 46716 9426 40957 7117 1145 12285 40866 9681 3322 5431 577 4771 12232 10998 28393 4894 4382 11631 7453
is_linear=0
shrinkage=0.05


Tree=9
num_leaves=63
num_cat=0
split_feature=0 49 6 6 15 0 5 5 49 49 49 49 49 49 0 49 23 49 5 0 50 49 0 50 0 6 49 49 49 49 50 50 50 37 30 39 3 3 49 4 5 15 6 16 6 31 49 50 9 37 0 5 4 23 30 49 4 31 50 36 44 51
split_gain=1.4918e+07 3.19818e+06 2.00944e+06 1.52239e+06 722176 681926 404461 393912 383833 287964 235607 227336 219711 203236 173997 147138 144130 121185 117237 116007 100323 99062.3 98683.6 89000.1 87356.5 78445.5 78296.7 64943.4 86077.7 56996.4 55696.2 79300.8 55159.4 88338.6 55790.1 59205.1 54482.3 53679.2 51078.3 50835.2 50775.4 50025 47020.5 46040 45293.4 45279.4 44756.5 43692.1 42629.4 40744.5 40326.2 36695.9 36359 45827.4 36168.2 35637.8 35861.8 34732.1 34444.3 33240.7 33207.2 33098.1
threshold=33.049999237060554 9.5000000000000018 36.049999237060554 28.050000190734867 0.16849999874830249 50.049999237060554 13.050000190734865 17.050000190734867 18.500000000000004 16.500000000000004 18.500000000000004 17.500000000000004 17.500000000000004 10.500000000000002 19.10000038146973 11.500000000000002 16.685000419616703 5.5000000000000009 21.050000190734867 51.100000381469734 10.500000000000002 3.5000000000000004 11.050000190734865 10.500000000000002 65.500000000000014 51.100000381469734 18.500000000000004 9.5000000000000018 18.500000000000004 12.500000000000002 4.5000000000000009 6.5000000000000009 5.5000000000000009 36.204999923706062 21.345000267028812 33.995000839233406 19.10000038146973 36.100000381469734 9.5000000000000018 31.050000190734867 82.500000000000014 0.44949999451637274 61.500000000000007 15.734999656677248 6.0499999523162851 40.989999771118171 11.500000000000002 1.5000000000000002 21.945000648498539 16.435000419616703 20.050000190734867 22.149999618530277 13.050000190734865 15.204999923706056 25.375000000000004 8.5000000000000018 44.100000381469734 50.995000839233406 2.5000000000000004 0.6954999864101411 35.944999694824226 4.5000000000000009
decision_type=10 2 10 10 8 10 10 8 2 2 2 2 2 2 8 2 8 2 10 10 2 2 10 2 10 10 2 2 2 2 2 2 2 8 8 8 10 10 2 10 10 8 10 8 10 10 2 2 10 8 8 8 8 8 10 2 10 10 2 8 8 2
left_child=1 6 4 7 18 11 17 22 14 24 15 13 19 -4 29 43 -8 36 -2 38 42 37 -3 50 59 45 46 58 -29 -5 -26 32 33 40 -34 -36 -1 -18 -6 -33 -32 -11 49 -9 -19 -16 -24 -21 -44 -15 -12 -10 -17 -54 -35 56 -23 -40 -20 -7 -50 -37
right_child=2 3 5 8 12 9 16 10 51 41 23 -13 -14 20 25 52 21 44 27 47 -22 55 26 -25 30 -27 -28 28 -30 -31 31 39 34 54 35 61 -38 -39 57 -41 -42 -43 48 -45 -46 -47 -48 -49 60 -51 -52 -53 53 -55 -56 -57 -58 -59 -60 -61 -62 -63
leaf_value=-0.43621977559549735 -0.14224325441309707 -0.3757429018942115 0.014092298098713658 0.0076048836343090929 -0.093946148206508803 0.86872303003964024 -0.42282314846339841 -0.23966971152561231 -0.16130483916299687 0.55781921471915041 -0.22088570048349557 0.31343020946245437 0.24761328460732235 1.1192610273017416 0.41609551194091127 0.096698508759021265 -0.21384689944799218 -0.57650040655512635 -0.56620422902426892 0.19703921234210167 0.36045562702707795 -0.38943578087046182 -0.19054399142690109 -0.40116422956879527 0.85936120286551676 0.55745516875092049 -0.2690950058460454 0.4564190405637365 0.098832816772088258 0.27868683888518991 1.1845699995117376 0.99186758558554033 3.0670150472157038 1.086970227750448 1.3175659107698601 1.8218686401385193 -0.31311875638277953 -0.057368121599117472 0.56581411614580535 1.55875335080471 2.1290608568064995 0.79962143029014465 1.2056603895823053 -0.0039150515038528259 -0.4630897112368566 0.26258204052658535 0.087188735675598414 0.82508231866034554 0.831312487481773 0.6435147091431207 -0.069668156837205272 0.033650165493545464 0.085771066236284901 0.37558994412093272 -0.39818514665370591 -0.20221405300321871 -0.24663778518282575 0.37727409000150197 -0.014364561058176406 1.0760260215150736 0.38319083226215878 2.8860058159116777
leaf_weight=19130 6643 14123 1278 5021 386 7982 12965 2744 3478 5031 6664 7621 9192 464 8943 5153 20393 14386 310 298 2451 12904 2830 3307 1387 4910 12974 2268 6524 3159 694 3114 67 65 758 341 16954 7495 6235 453 179 3721 681 8442 22688 10377 2976 3916 3381 14966 13028 7888 2065 4018 111 6082 6669 4016 3219 2552 471 93
leaf_count=19130 6643 14123 1278 5021 386 7982 12965 2744 3478 5031 6664 7621 9192 464 8943 5153 20393 14386 310 298 2451 12904 2830 3307 1387 4910 12974 2268 6524 3159 694 3114 67 65 758 341 16954 7495 6235 453 179 3721 681 8442 22688 10377 2976 3916 3381 14966 13028 7888 2065 4018 111 6082 6669 4016 3219 2552 471 93
internal_value=-2.69794e-11 -0.199073 0.516621 -0.0121543 0.257767 0.709022 -0.362482 -0.144146 0.224005 0.895441 -0.0487098 0.55097 0.439734 0.627379 0.311682 0.066623 -0.273243 -0.44361 0.0270649 0.558647 0.662348 -0.237023 -0.27589 -0.161149 1.01092 0.378995 -0.200799 0.118349 0.191076 0.112293 1.14435 1.21163 1.44 1.17221 1.66311 1.5842 -0.378381 -0.171793 0.470689 1.06386 1.37823 0.660624 0.699413 -0.0617472 -0.507097 0.333642 -0.0481856 0.780669 0.840989 0.657821 -0.120842 -0.0260061 0.194422 0.277205 0.15031 -0.307931 -0.340781 0.49195 -0.0628401 0.918945 0.776519 2.0499
internal_weight=362634 261766 100868 122100 43007 57861 139666 78324 43776 26548 45421 31313 24043 23692 32410 22422 66508 73158 18964 14851 22414 53543 32903 22999 17796 24230 18780 12321 8792 8180 7262 5875 2308 1049 1259 1192 36084 27888 10637 3567 873 8752 19963 11186 37074 19320 5806 4214 4533 15430 19692 11366 11236 6083 176 25655 19573 10251 3529 10534 3852 434
internal_count=362634 261766 100868 122100 43007 57861 139666 78324 43776 26548 45421 31313 24043 23692 32410 22422 66508 73158 18964 14851 22414 53543 32903 22999 17796 24230 18780 12321 8792 8180 7262 5875 2308 1049 1259 1192 36084 27888 10637 3567 873 8752 19963 11186 37074 19320 5806 4214 4533 15430 19692 11366 11236 6083 176 25655 19573 10251 3529 10534 3852 434
is_linear=0
shrinkage=0.05


Tree=10
num_leaves=63
num_cat=0
split_feature=15 49 1 49 49 49 49 49 1 49 1 1 1 3 49 49 35 49 8 16 1 1 43 43 1 4 1 49 1 4 16 1 1 23 29 15 1 30 1 35 23 22 1 42 2 4 40 35 42 49 1 35 3 49 9 43 7 9 25 30 29 3
split_gain=1.17749e+07 2.76765e+06 1.59807e+06 1.14611e+06 1.38448e+06 937824 517688 448921 428121 384892 383250 322418 226695 206190 130703 127023 119102 115240 114335 106982 100429 97610.2 84440.6 78514.5 77604.2 71552.5 64223.7 63909.3 62282.7 57546 53116.8 48690.3 48246.3 47975.2 47452.8 46144.9 45895.6 44827.8 38716 37487.3 37258.5 35872.5 35519.8 33475.3 33398.4 30836.6 30757.5 29671.2 28675.1 28348.9 28205 28001.8 26916.8 26543.8 25607.8 25580.5 24851 24710.1 24554.6 23989.5 23541.1 23500.3
threshold=0.17050000280141833 9.5000000000000018 33.100000381469734 18.500000000000004 11.500000000000002 17.500000000000004 9.5000000000000018 4.5000000000000009 22.149999618530277 17.500000000000004 24.050000190734867 16.10000038146973 53.049999237060554 27.10000038146973 17.500000000000004 15.500000000000002 30.349999427795414 15.500000000000002 0.047499999403953559 19.615000724792484 48.20000076293946 34.049999237060554 0.73350000381469738 0.74349999427795421 38.049999237060554 39.100000381469734 10.050000190734865 10.500000000000002 13.050000190734865 12.050000190734865 16.724999427795414 10.050000190734865 23.050000190734867 17.744999885559086 0.028500000014901165 0.37150000035762792 12.050000190734865 25.505000114440922 14.050000190734865 35.549999237060554 33.07500076293946 0.016500000841915611 20.050000190734867 10.949999809265138 114.50000000000001 12.050000190734865 -5.6108505725860587 17.349999427795414 27.550000190734867 14.500000000000002 40.149999618530281 21.349999427795414 26.050000190734867 16.500000000000004 28.785000801086429 0.19849999994039538 32.850000381469734 28.375000000000004 20.005000114440922 22.435000419616703 0.024500000290572647 15.050000190734865
decision_type=10 2 10 2 2 2 2 2 8 2 10 10 10 10 2 2 10 2 10 8 10 10 8 8 10 10 8 2 8 10 8 10 10 8 8 10 10 10 10 10 10 8 8 8 10 10 10 10 10 2 10 10 8 2 10 8 10 10 8 10 10 10
left_child=1 7 6 4 19 12 55 13 38 11 28 26 15 31 21 23 24 40 25 -3 47 43 29 27 -12 -9 45 -4 -5 -13 -15 -1 -32 -17 -23 51 -21 -36 -6 50 49 -31 -11 -10 52 59 -43 -7 -30 -14 -29 -22 -19 -54 -38 -2 57 -35 -39 -8 -48 -51
right_child=2 3 5 10 8 20 9 18 14 42 16 22 17 30 -16 33 -18 44 -20 36 35 34 -24 -25 -26 -27 -28 39 48 41 32 -33 -34 56 37 -37 54 58 -40 -41 -42 46 -44 -45 -46 -47 60 -49 -50 61 -52 -53 53 -55 -56 -57 -58 -59 -60 -61 -62 -63
leaf_value=-0.38824203688939868 -0.14492287288500569 -0.21232597955811669 -0.066202793895854803 -0.38014276086173993 0.086119762053222054 0.25516040331013096 -0.079346598622873743 -0.47761488108010774 0.73519942720926601 -0.3339119072587452 -0.045422203986846696 0.28635229918239058 1.1138355515430496 -0.32438713283484089 0.31906996406303084 0.84221705263791646 -0.19814886984612057 0.63114764287750713 -0.25852369294054289 -0.078727936359780828 0.406978573097455 0.74829334777806322 0.69029066781781534 0.97728290147458441 0.12894648492147162 -0.35775609538136405 0.18499047566163154 0.63814014335739444 -0.17797700282485884 0.22814901059494572 -0.19214730724179147 -0.27517906515332674 -0.059656363741094204 0.61002454921016436 0.92671902874919554 0.55808348483310788 0.074644283128295019 0.96435034673798981 0.28919105184602006 0.43310907236567353 1.5623130939662839 0.53648958998144325 -0.035502160558945992 0.47759922061693239 1.4275077703153041 0.09433299270456319 0.44187061232363245 0.070494400779685537 -0.31422674753829744 0.75418087889406105 0.78627222935977914 0.16854516015369014 0.95152333394775956 0.72288806422053498 0.39116768610891922 -0.40948948542020025 0.22244389487873062 0.4348667838077715 1.8802212985798652 -0.43691700721274168 0.19352315600085343 1.0156678893146938
leaf_weight=15254 1366 10646 282 9739 5006 6152 1426 45255 1734 1235 16632 8360 3127 3711 3085 958 8004 3311 9509 6573 3861 4367 2631 2605 10353 17178 6978 5873 11822 1626 13143 25342 14399 3122 1135 3692 4159 108 4419 1256 313 8279 5179 4625 182 1587 3884 3365 5735 1468 7096 1808 2091 3231 755 2759 909 5671 227 699 1265 2072
leaf_count=15254 1366 10646 282 9739 5006 6152 1426 45255 1734 1235 16632 8360 3127 3711 3085 958 8004 3311 9509 6573 3861 4367 2631 2605 10353 17178 6978 5873 11822 1626 13143 25342 14399 3122 1135 3692 4159 108 4419 1256 313 8279 5179 4625 182 1587 3884 3365 5735 1468 7096 1808 2091 3231 755 2759 909 5671 227 699 1265 2072
internal_value=-2.4668e-10 -0.187658 0.432574 0.00220635 0.189064 0.598605 0.213261 -0.331748 0.446357 0.264419 -0.138313 0.326818 0.726155 -0.243344 0.609819 0.640141 -0.0287651 0.877391 -0.420037 -0.0981396 0.304242 0.683365 0.421719 0.72454 0.0214757 -0.444637 0.0956049 0.679155 -0.278735 0.391539 -0.146808 -0.317663 -0.122881 0.50466 0.831006 0.420523 0.00768682 1.07673 0.181332 0.693931 1.02916 0.449953 -0.0929602 0.547843 0.757212 -0.0724264 0.476812 0.189867 -0.222483 1.00413 0.719191 0.330936 0.743081 0.812718 0.123276 -0.321878 0.471328 0.497057 1.58496 -0.196966 0.380857 0.907232
internal_weight=362634 252915 109719 109124 46839 62445 47274 143791 24706 43149 62285 36735 43567 71849 15281 27772 34989 15795 71942 22133 18878 12196 26045 17112 26985 62433 10690 14507 27296 23414 31253 40596 27542 10660 5837 9361 11487 1470 9425 14225 6980 15054 6414 6359 8815 3712 13428 9517 17557 6667 12969 5669 8633 5322 4914 4125 9702 8793 335 2125 5149 3540
internal_count=362634 252915 109719 109124 46839 62445 47274 143791 24706 43149 62285 36735 43567 71849 15281 27772 34989 15795 71942 22133 18878 12196 26045 17112 26985 62433 10690 14507 27296 23414 31253 40596 27542 10660 5837 9361 11487 1470 9425 14225 6980 15054 6414 6359 8815 3712 13428 9517 17557 6667 12969 5669 8633 5322 4914 4125 9702 8793 335 2125 5149 3540
is_linear=0
shrinkage=0.05


Tree=11
num_leaves=63
num_cat=0
split_feature=0 6 43 49 0 49 49 6 0 49 0 49 43 49 29 49 49 6 6 0 49 49 49 50 50 50 23 49 6 50 49 49 3 50 49 35 6 38 0 44 0 49 39 30 38 31 50 49 50 50 9 6 50 22 50 9 50 44 50 44 50 49
split_gain=1.2249e+07 2.66759e+06 1.67681e+06 813997 704616 541676 441727 350194 225805 220151 217585 204791 194530 194349 177693 159894 128477 100532 88302.9 87999.5 83214.2 82598.1 88112.5 81989.7 78696.6 65522.8 65283.4 63231.9 61701.2 61597.8 60590.9 59157.2 58639.5 51034.5 46255.1 45301.4 44360.5 38267.1 37560.3 37483.9 35655.1 34817.4 34607.9 39736.4 34190.9 33651.2 33314.2 40870.3 32311.5 32248.7 32117.1 31756.6 31744.7 29731.4 28854.9 40196.2 64832.2 52194.7 28642.6 42706.2 35328.4 30004.7
threshold=33.049999237060554 23.050000190734867 0.053500000387430198 9.5000000000000018 49.149999618530281 9.5000000000000018 18.500000000000004 33.100000381469734 14.050000190734865 4.5000000000000009 19.10000038146973 18.500000000000004 0.48849999904632574 10.500000000000002 1.0000000180025095e-35 16.500000000000004 17.500000000000004 41.049999237060554 9.1500000953674334 69.500000000000014 11.500000000000002 10.500000000000002 17.500000000000004 10.500000000000002 10.500000000000002 10.500000000000002 24.035000801086429 12.500000000000002 52.20000076293946 1.5000000000000002 18.500000000000004 9.5000000000000018 24.050000190734867 10.500000000000002 16.500000000000004 37.750000000000007 79.500000000000014 49.004999160766609 50.049999237060554 21.404999732971195 6.0499999523162851 8.5000000000000018 32.385000228881843 24.295000076293949 68.005001068115249 48.995000839233406 6.5000000000000009 12.500000000000002 2.5000000000000004 1.5000000000000002 23.384999275207523 27.10000038146973 6.5000000000000009 0.52549999952316295 10.500000000000002 20.025000572204593 5.5000000000000009 19.615000724792484 10.500000000000002 26.525000572204593 11.500000000000002 10.500000000000002
decision_type=10 10 8 2 10 2 2 8 8 2 8 2 8 2 10 2 2 10 10 10 2 2 2 2 2 2 10 2 8 2 2 2 10 2 2 10 10 10 10 10 10 2 10 8 10 10 2 2 2 2 10 8 2 10 2 8 2 10 2 10 2 2
left_child=1 5 7 26 13 9 10 21 30 23 27 20 29 -4 16 24 38 37 -11 -14 -10 39 -23 32 28 -13 -3 -5 44 -6 40 -16 -1 48 58 53 45 46 -9 -2 -7 -20 -21 -44 -15 -19 47 -12 -8 -46 -49 -17 -28 -24 55 56 -29 -58 61 -60 -61 -31
right_child=2 3 4 6 12 8 33 14 11 18 17 25 19 15 31 51 -18 36 41 42 -22 22 35 -25 -26 -27 52 54 -30 34 -32 -33 -34 -35 -36 -37 -38 -39 -40 -41 -42 -43 43 -45 49 -47 -48 50 -50 -51 -52 -53 -54 -55 -56 -57 57 -59 59 60 -62 -63
leaf_value=-0.30490722878194665 -0.24248390400662281 -0.26421336481452279 -0.055460320228865018 -0.019981248658284861 0.25442264726989522 -0.36182092546570077 -0.19408208616182659 0.58520858605540382 -0.082678018649974122 -0.47582156889006422 0.2549318101444486 -0.14652635205050393 0.86220650768393448 0.59828518324815982 -0.063721739931309709 0.13232024240626575 0.26649030174442484 0.48583587702074865 -0.38888546919828521 1.0678048760403029 0.16132300343063541 0.45235857274296082 0.069135289254060428 -0.40905750617500419 0.33627170952873359 -0.36587584923808514 -0.013719544362753969 0.35394829534168698 0.72967085242281682 0.13899919356366522 -0.36763709716090698 0.2812861127296814 -0.18681091501698033 -0.28759705843148686 0.62246470304643353 -0.14678985389980284 0.85319076662611537 0.18500829259032803 0.88127640634224935 0.015215767127138614 -0.15765497911174353 -0.2687492074664633 0.90157198247616188 1.6416822830340871 0.080106098042075385 0.29838888515374995 0.23836118635093451 0.80317433410556982 0.004672477501227572 0.48262233672208538 0.37978785954821492 0.37244944273613723 -0.1931457606794923 0.27531917741506751 0.040029365532227412 0.067076982383476674 2.6388821893268162 0.82921798453960371 0.7646072201576114 -0.33816772937413536 0.64221151850127078 0.84944056332763018
leaf_weight=21914 2736 14299 1671 8106 779 2842 2367 2226 6182 32023 1476 18891 8722 9773 1517 1620 2330 5958 23434 2915 8037 1715 8503 9766 3188 4153 5297 1409 6588 152 12390 6866 20201 2025 7727 2017 600 11348 2065 2914 8638 8121 256 622 566 4003 4284 980 15025 4118 825 9173 4611 2201 1391 964 54 152 859 196 173 6680
leaf_count=21914 2736 14299 1671 8106 779 2842 2367 2226 6182 32023 1476 18891 8722 9773 1517 1620 2330 5958 23434 2915 8037 1715 8503 9766 3188 4153 5297 1409 6588 152 12390 6866 20201 2025 7727 2017 600 11348 2065 2914 8638 8121 256 622 566 4003 4284 980 15025 4118 825 9173 4611 2201 1391 964 54 152 859 196 173 6680
internal_value=-8.09364e-11 -0.180388 0.46813 0.0494412 0.617027 -0.291239 0.146839 0.189015 -0.170893 -0.354959 0.238843 -0.0939826 0.800857 0.471349 0.371773 0.496482 0.565388 0.312082 -0.417328 0.94964 0.0552386 0.0524971 0.115929 -0.278529 0.567776 -0.186058 -0.195863 0.0600885 0.602846 0.688458 -0.290957 0.218853 -0.248261 -0.0500372 0.709875 0.070573 0.435657 0.243078 0.727688 -0.109575 -0.208198 -0.357967 1.15069 1.42589 0.545052 0.410507 0.330186 0.450081 -0.0223774 0.433984 0.60966 0.336407 -0.0972212 0.111532 0.223576 0.322573 0.47508 1.3036 0.793674 0.571351 0.121468 0.833634
internal_weight=362634 261766 100868 85174 65778 176592 60967 35090 61133 115459 41550 37263 29081 36697 15004 35026 6621 29474 63578 12515 14219 20086 14436 51881 24233 23044 24207 12076 21045 16566 23870 8383 42115 19417 15787 12721 10561 18913 4291 5650 11480 31555 3793 878 14457 9961 7565 3281 17392 4684 1805 10793 9908 10704 3970 2579 1615 206 8060 1228 369 6832
internal_count=362634 261766 100868 85174 65778 176592 60967 35090 61133 115459 41550 37263 29081 36697 15004 35026 6621 29474 63578 12515 14219 20086 14436 51881 24233 23044 24207 12076 21045 16566 23870 8383 42115 19417 15787 12721 10561 18913 4291 5650 11480 31555 3793 878 14457 9961 7565 3281 17392 4684 1805 10793 9908 10704 3970 2579 1615 206 8060 1228 369 6832
is_linear=0
shrinkage=0.05


Tree=12
num_leaves=63
num_cat=0
split_feature=5 49 0 49 0 49 6 49 49 0 0 9 0 50 0 4 50 0 5 50 49 49 28 50 28 5 0 6 43 50 43 6 6 28 16 9 49 49 9 49 6 50 37 4 42 5 50 44 0 36 50 50 44 44 4 9 0 37 50 9 39 50
split_gain=1.11924e+07 2.32374e+06 1.55559e+06 1.27455e+06 496607 491378 413646 367370 344270 320079 135918 134665 133145 130251 102294 100570 95829 90013.4 89192 85603.1 75633.5 73326.7 72154.8 71399.8 65650.7 63671.1 63517.7 52347.9 51731 51503.4 50459.6 46349.4 40871.2 39238.1 52555.5 37875.9 36760.6 35730.4 35127.7 32520.9 32519.4 32076.8 37540 31747.9 31604.4 30881.6 32582.7 34659.3 30438.9 30414.2 30210.2 29807.4 38955.6 36175.4 29801.1 29546.5 29267.1 29123.3 42050.5 38292 28839.2 28834.4
threshold=33.049999237060554 10.500000000000002 45.049999237060554 18.500000000000004 27.050000190734867 10.500000000000002 13.050000190734865 16.500000000000004 17.500000000000004 22.050000190734867 65.500000000000014 18.945000648498539 16.10000038146973 10.500000000000002 33.049999237060554 41.100000381469734 10.500000000000002 41.049999237060554 18.10000038146973 10.500000000000002 18.500000000000004 10.500000000000002 22.94999980926514 2.5000000000000004 32.649999618530281 8.0500001907348651 37.049999237060554 30.050000190734867 0.68149998784065258 9.5000000000000018 0.76649999618530285 12.050000190734865 54.45000076293946 23.349999427795414 28.025000572204593 32.264999389648445 12.500000000000002 12.500000000000002 22.025000572204593 12.500000000000002 96.500000000000014 10.500000000000002 28.085000038146976 16.10000038146973 53.649999618530281 56.399999618530281 3.5000000000000004 21.765000343322757 7.0499999523162851 0.29449999332427984 1.5000000000000002 10.500000000000002 25.625000000000004 19.925000190734867 37.049999237060554 15.875000000000002 20.050000190734867 16.015000343322757 2.5000000000000004 22.345000267028812 37.004999160766609 5.5000000000000009
decision_type=10 2 10 2 10 2 10 2 2 10 10 8 8 2 8 10 2 10 10 2 2 2 10 2 10 10 10 8 8 2 8 10 10 10 10 10 2 2 10 2 10 2 8 8 10 10 2 8 10 10 2 2 8 8 10 8 10 8 2 8 10 2
left_child=1 6 5 4 12 55 15 10 13 19 21 48 49 14 45 25 23 33 61 31 -9 -4 27 -11 40 -1 -25 -14 51 44 41 -5 -16 34 36 39 -6 -29 -34 -15 -19 57 -43 -39 -10 -7 -47 -48 -8 -3 -26 53 -53 -12 -55 -2 -17 -23 59 -59 -30 -13
right_child=2 3 7 9 17 8 11 20 29 16 28 18 22 35 32 56 -18 24 -20 -21 -22 30 -24 26 50 -27 -28 37 60 -31 -32 -33 38 -35 -36 -37 -38 43 -40 -41 -42 42 -44 -45 -46 46 47 -49 -50 -51 -52 52 -54 54 -56 -57 -58 58 -60 -61 -62 -63
leaf_value=-0.46736496684631174 -0.22981881361970027 -0.0063980873772915879 0.14473335005227422 -0.3099511949341951 0.27237153913592921 0.33258688501206629 -0.40878498872714053 0.56339591800429967 0.19342800983496689 -0.1897326654496404 0.4591368655363719 -0.1627081295097392 0.1242023551421553 -0.088032334057261269 0.49847273047905444 -0.3211607020006072 -0.27602853112938369 0.62086858155798363 -0.1050294724962908 -0.39157674737996562 0.31959211414544114 1.3205656240300205 -0.0015083996099215175 -0.0094043019111245477 -0.27460597548879978 -0.36106770169140945 0.18689331374342183 0.17905682528413935 1.1003863369524223 -0.079243123912004193 0.97380706724170529 -0.15529482766701894 0.96662075408458614 0.18968089893758489 0.23354969931634961 1.2238411800747508 0.56004462855242509 0.24065627622727967 0.60775966841429618 0.23947080798660411 1.8899478783794479 0.61653363081697288 -0.0039279036692593224 0.57209400794181275 -0.25769966646579484 0.24564690138867573 1.6595722414726435 0.6211189144942072 -0.2805035362149188 -0.17853802649291414 0.3514141398716315 1.0210612903038661 0.029230724051965147 0.92251435697213058 1.3664643890739789 -0.0085911051324657969 -0.18856195724763444 0.87795674575394722 0.75188390893138024 0.2650986681253697 1.6058081315134665 -0.26850104706286404
leaf_weight=27661 1923 6875 532 7181 1564 11806 6605 10165 11334 4134 390 9702 5604 913 12908 15251 3502 4935 25821 8600 4630 208 4936 17906 227 28709 5353 1970 1883 2333 2048 14889 824 4056 3783 89 3830 1138 3955 4465 51 1199 306 1979 402 605 86 1223 15420 4094 1276 180 220 4582 412 7015 5723 361 12502 867 332 19161
leaf_count=27661 1923 6875 532 7181 1564 11806 6605 10165 11334 4134 390 9702 5604 913 12908 15251 3502 4935 25821 8600 4630 208 4936 17906 227 28709 5353 1970 1883 2333 2048 14889 824 4056 3783 89 3830 1138 3955 4465 51 1199 306 1979 402 605 86 1223 15420 4094 1276 180 220 4582 412 7015 5723 361 12502 867 332 19161
internal_value=-2.06052e-10 -0.17223 0.448006 0.00573073 0.203867 0.285756 -0.296856 0.686035 0.345751 -0.143336 0.799142 -0.214586 0.0628834 0.426039 0.465245 -0.37845 -0.0297446 0.39399 -0.172542 -0.25776 0.487099 0.723014 0.156611 0.00174102 0.546531 -0.413228 0.0357731 0.229615 0.970669 0.135322 0.740603 -0.205616 0.54472 0.319189 0.376428 0.200802 0.476633 0.345741 0.669635 0.183872 0.63385 0.709677 0.49038 0.451088 0.177975 0.362791 0.549095 0.689344 -0.318973 -0.0706465 0.256866 0.891983 0.475554 0.922921 0.95914 -0.056188 -0.28498 0.733356 0.72446 0.445263 1.17614 -0.23294
internal_weight=362634 261936 100698 107883 46318 59881 154053 40817 50943 61565 26022 76709 26596 36874 31407 77344 30895 19722 54684 30670 14795 18023 15627 27393 6489 56370 23259 10691 7999 14069 17491 22070 17687 13233 9177 5467 5394 5087 4779 5378 4986 15443 1505 3117 11736 13720 1914 1309 22025 10969 1503 5784 400 5384 4994 8938 20974 13938 13730 1228 2215 28863
internal_count=362634 261936 100698 107883 46318 59881 154053 40817 50943 61565 26022 76709 26596 36874 31407 77344 30895 19722 54684 30670 14795 18023 15627 27393 6489 56370 23259 10691 7999 14069 17491 22070 17687 13233 9177 5467 5394 5087 4779 5378 4986 15443 1505 3117 11736 13720 1914 1309 22025 10969 1503 5784 400 5384 4994 8938 20974 13938 13730 1228 2215 28863
is_linear=0
shrinkage=0.05


Tree=13
num_leaves=63
num_cat=0
split_feature=5 15 0 6 0 49 49 49 49 49 0 49 5 6 49 50 43 23 49 0 0 38 0 50 5 9 50 31 6 6 29 0 3 50 50 37 50 37 50 23 50 1 5 43 6 16 23 0 9 49 50 50 49 16 0 28 50 50 49 16 25 16
split_gain=1.01011e+07 2.10567e+06 1.40521e+06 634589 556405 399394 347157 289464 216135 182305 164014 161825 161130 157964 142121 105634 103552 88512.1 88453.1 76044.3 71500.1 66472.4 66269.5 62178 61371.2 55324 54357.6 49860.6 49304.2 49193.2 44181.4 44097.2 43011.8 41919 41609.9 95202.1 46418 47762.6 41063.4 40923.9 40230.3 38726 38163.3 38000.4 36314.5 34515.3 33311.4 33304.4 32498.3 31531 31449.2 31371.2 30288.2 33594.1 30093.3 29599.1 29092.4 28508.7 28182.3 27928.1 29207.4 27699.3
threshold=33.049999237060554 0.066500000655651106 44.149999618530281 17.149999618530277 24.050000190734867 10.500000000000002 17.500000000000004 17.500000000000004 17.500000000000004 10.500000000000002 54.500000000000007 12.500000000000002 9.0999999046325701 21.10000038146973 19.500000000000004 10.500000000000002 0.70149999856948864 17.48499965667725 11.500000000000002 31.050000190734867 26.050000190734867 55.010000228881843 18.10000038146973 9.5000000000000018 10.050000190734865 22.425000190734867 6.5000000000000009 31.005000114440922 89.500000000000014 29.10000038146973 0.037499999627470977 43.250000000000007 36.100000381469734 2.5000000000000004 2.5000000000000004 19.714999198913578 10.500000000000002 27.525000572204593 9.5000000000000018 28.054999351501468 10.500000000000002 36.100000381469734 68.500000000000014 0.049499999731779105 59.500000000000007 27.945000648498539 13.454999923706056 7.0499999523162851 32.264999389648445 15.500000000000002 1.5000000000000002 1.5000000000000002 11.500000000000002 28.185000419616703 39.049999237060554 17.94999980926514 1.5000000000000002 9.5000000000000018 12.500000000000002 34.854999542236335 24.884999275207523 17.765000343322757
decision_type=10 10 8 10 10 2 2 2 2 2 10 2 10 10 2 2 8 8 2 10 8 10 10 2 8 8 2 10 10 8 8 10 10 2 2 8 2 8 2 8 2 10 10 8 8 10 8 10 10 2 2 2 2 8 10 10 2 2 2 10 10 8
left_child=1 3 5 12 13 57 10 15 11 17 18 25 26 24 20 19 34 -5 -4 -7 -11 28 46 33 -3 -6 -1 52 31 -10 -26 45 -19 -16 35 -12 42 -38 56 44 49 -35 -36 -8 -21 55 -14 -28 58 50 -20 -23 -15 -54 -31 -13 -9 -2 -17 -18 -61 -24
right_child=2 4 6 9 8 7 43 38 29 14 16 21 22 27 23 48 59 32 40 39 -22 51 61 -25 30 -27 47 -29 -30 54 -32 -33 -34 41 36 -37 37 -39 -40 -41 -42 -43 -44 -45 -46 -47 -48 -49 -50 -51 -52 -53 53 -55 -56 -57 -58 -59 -60 60 -62 -63
leaf_value=-0.32445448529330922 -0.016021640168391242 -0.33493456087558204 0.15358859142896691 -0.32305605022212835 -0.062170398411354945 0.32724259761933272 0.28450759822867011 -0.15460006786747926 0.0098399468410624025 0.018223118377194283 1.1734466840974864 0.65412214460142071 -0.41001419294549318 -0.0042464204417540213 -0.24093304364821738 -0.083861117406916458 0.99449417789470729 -0.18699981372270758 0.20959326381874244 0.49787630067395172 0.32403884509037478 -0.013038637127385427 -0.29373135031682135 -0.25992619550971668 -0.041908614965512507 0.24784034169139499 -0.48011420093467283 -0.01083509861659473 1.7227808433303307 0.10347927044432675 -0.23562968615006433 0.71236153726268903 -0.055405676002471642 -0.067036078379045766 0.74994804704914408 0.22462037846748506 0.69534645085936531 0.067462896762646468 -0.079692775322299791 0.3737919115178116 0.36930072462729002 0.13402724339509545 0.94048256274420838 0.47972008568642083 0.7060835590654635 0.27572353154556012 -0.28463231860745286 -0.37530992039778649 1.1489681189403285 0.53937169954499431 0.7262610748767836 0.34774057342029663 0.35833626943856278 -0.11048122169386963 0.31967194604221733 0.33765121212708588 0.17755259649381669 -0.27209527149371698 0.22311576041901096 0.94574792015281595 1.8301441326668098 -0.16388606545656748
leaf_weight=22015 7334 4481 1095 10609 2465 11279 5305 705 9295 4671 363 2073 6170 1317 2669 908 3450 29727 306 10205 3235 692 5458 4940 7416 3458 15150 9904 86 4174 4880 2092 7849 11569 9257 973 992 436 2227 5152 1431 3020 3670 4703 2635 1972 37457 15171 86 4283 7856 4661 2442 453 2620 1148 10157 1276 4234 165 215 16597
leaf_count=22015 7334 4481 1095 10609 2465 11279 5305 705 9295 4671 363 2073 6170 1317 2669 908 3450 29727 306 10205 3235 692 5458 4940 7416 3458 15150 9904 86 4174 4880 2092 7849 11569 9257 973 992 436 2227 5152 1431 3020 3670 4703 2635 1972 37457 15171 86 4283 7856 4661 2442 453 2620 1148 10157 1276 4234 165 215 16597
internal_value=-5.98779e-12 -0.163619 0.425605 -0.245587 0.0815625 0.259399 0.635504 0.316096 0.218858 -0.135212 0.71073 0.33471 -0.318806 -0.0728127 -0.0386818 0.392053 0.806213 -0.19552 0.586228 0.429029 0.143358 0.435206 -0.266655 -0.103517 -0.176522 0.118822 -0.384256 0.0504467 0.532596 0.0845873 -0.118792 0.518546 -0.159512 -0.0587454 0.749318 0.482423 0.774158 0.50364 0.115894 0.492838 0.620369 -0.0254149 0.804041 0.376243 0.540604 0.440467 -0.302365 -0.427676 0.18503 0.649238 0.706891 0.301101 0.194543 0.284977 0.186851 0.541328 0.155994 -0.0539717 0.168908 1.0393 1.44613 -0.196019
internal_weight=362634 261936 100698 196307 65629 56198 44500 47588 34736 78289 34492 18647 118018 30893 30104 34499 19521 48185 14971 29271 7906 12724 65682 22198 16777 5923 52336 14116 7371 16089 12296 7285 37576 17258 15691 1336 14355 1428 13089 17992 13876 14589 12927 10008 12840 5193 43627 30321 5228 12445 8162 5353 4212 2895 6794 3221 10862 8610 5142 3830 380 22055
internal_count=362634 261936 100698 196307 65629 56198 44500 47588 34736 78289 34492 18647 118018 30893 30104 34499 19521 48185 14971 29271 7906 12724 65682 22198 16777 5923 52336 14116 7371 16089 12296 7285 37576 17258 15691 1336 14355 1428 13089 17992 13876 14589 12927 10008 12840 5193 43627 30321 5228 12445 8162 5353 4212 2895 6794 3221 10862 8610 5142 3830 380 22055
is_linear=0
shrinkage=0.05


Tree=14
num_leaves=63
num_cat=0
split_feature=6 0 0 8 43 6 8 15 0 0 0 16 0 0 29 44 8 29 28 23 22 50 0 50 6 29 44 9 43 39 50 50 0 22 23 0 50 32 0 31 0 43 4 9 6 44 15 42 44 45 47 44 6 3 23 3 50 43 15 23 1 50
split_gain=9.12378e+06 1.70231e+06 1.66501e+06 722904 433519 407478 284438 217166 155937 152583 130439 121697 85314 81691.4 78302.7 70323.8 58662 57914.6 57261.5 54901.7 52227.5 51730.7 51155.5 47513 47249.2 45616.9 44603.1 44145.1 41663.9 41035.7 41015.2 39889.4 38738.2 37249.9 47631.3 36337.7 35401.5 38561.2 33513.9 32430.2 32416.7 31616.2 30614.5 27766.2 27670.1 26998.5 26689.3 26375.5 26326.9 26075.6 25889.9 25878.3 24479.7 24378.9 23800.3 23715.5 23428.9 23339 22819.5 29324.6 21984.3 21927
threshold=31.050000190734867 40.049999237060554 23.050000190734867 0.063500002026557936 0.039499999955296523 10.050000190734865 0.47450000047683721 0.037499999627470977 27.050000190734867 41.049999237060554 63.500000000000007 25.035000801086429 9.0999999046325701 52.500000000000007 0.039499999955296523 24.454999923706058 0.44050000607967382 0.034500000998377807 16.145000457763675 28.054999351501468 0.20250000059604648 4.5000000000000009 13.09999990463257 5.5000000000000009 72.500000000000014 1.0000000180025095e-35 25.695000648498539 13.50500011444092 0.1225000023841858 33.004999160766609 6.5000000000000009 6.5000000000000009 12.050000190734865 0.012500000186264517 27.814999580383304 30.050000190734867 5.5000000000000009 29.884999275207523 7.0499999523162851 26.994999885559086 50.049999237060554 0.045500000938773162 39.100000381469734 31.414999961853031 48.20000076293946 39.18499946594239 0.03849999979138375 21.250000000000004 27.48499965667725 46.995000839233406 -10.198264598846434 25.214999198913578 22.050000190734867 36.100000381469734 25.625000000000004 43.100000381469734 5.5000000000000009 0.58650001883506786 0.0084999999962747114 15.684999942779543 117.50000000000001 9.5000000000000018
decision_type=10 10 10 10 8 8 8 10 8 10 10 8 8 10 8 8 10 10 10 10 10 2 10 2 10 10 8 8 8 8 2 2 8 8 10 10 2 8 10 8 10 8 10 8 10 10 10 10 8 10 8 10 10 8 10 8 2 10 10 8 10 2
left_child=2 4 5 11 15 23 13 12 22 17 40 27 56 28 32 55 49 33 19 24 44 -12 -6 58 50 53 31 46 48 42 36 54 -9 -5 47 -13 37 -31 -25 -24 -8 -22 43 -23 -15 57 -4 -35 -3 -11 61 -29 -28 -17 -14 -2 -7 -38 59 -1 -45 -10
right_child=1 6 3 9 8 7 10 14 18 16 21 35 26 20 -16 25 -18 -19 -20 -21 41 29 39 38 -26 -27 52 51 -30 30 -32 -33 -34 34 -36 -37 45 -39 -40 -41 -42 -43 -44 60 -46 -47 -48 -49 -50 -51 -52 -53 -54 -55 -56 -57 -58 -59 -60 -61 -62 -63
leaf_value=-0.42950614092452738 -0.12720518132729633 0.20950043108513361 -0.33924828592306572 0.03799821547694214 -0.020358569216702121 -0.25947337361027495 0.56862509425934393 -0.13135041061049674 0.64617147740735248 0.40311439709410479 0.61136742131141109 -0.071633522708565794 -0.22241347659053359 0.5626778291842125 -0.20237930219486594 0.33916701116469761 0.55441959407331243 0.015683249170219817 0.27004598133427365 0.27422349209547919 0.32463002662693546 1.0148705625223595 0.39003159831037026 -0.45021852099928428 0.84828766782857046 0.031204793678896482 -0.18035494810777575 -0.16044313858432985 0.48204309166522097 1.5148889039903479 0.89210754212750298 -0.28479746966935487 0.027292826851189431 0.40074419572202341 0.0946684247958859 0.054215160993404045 2.2819191899273421 0.47780694559141135 -0.3537451458338165 0.17678405928513419 0.70879314690794004 0.55553920095242915 1.3699654312862348 0.71377528082875985 0.8407152780120406 1.0361973366141319 0.19207357469499112 0.21537773701160559 0.39994276553478381 0.18311604022582784 0.41028035780475047 0.0056020640729445622 -0.058001898537985964 0.033840849578913965 -0.10562681219752455 0.037454534256767556 -0.35943594518382188 1.5074745737002833 -0.20138488950477074 -0.28475127945174444 1.4354726156185975 0.25174999222006694
leaf_weight=5100 7469 3347 4330 2812 2898 9994 8587 5432 2367 2651 1375 11825 15136 1500 8463 2433 3492 5987 9061 4263 1907 1442 2137 16639 827 6804 16514 17792 7228 186 740 21990 13196 4021 3736 11139 182 173 19614 10759 7938 6658 289 2592 2218 130 250 3671 3964 2738 7974 2703 5433 894 6129 3092 14176 209 4361 11143 110 414
leaf_count=5100 7469 3347 4330 2812 2898 9994 8587 5432 2367 2651 1375 11825 15136 1500 8463 2433 3492 5987 9061 4263 1907 1442 2137 16639 827 6804 16514 17792 7228 186 740 21990 13196 4021 3736 11139 182 173 19614 10759 7938 6658 289 2592 2218 130 250 3671 3964 2738 7974 2703 5433 894 6129 3092 14176 209 4361 11143 110 414
internal_value=-1.05658e-10 0.374771 -0.167834 0.0253928 0.197627 -0.253842 0.588955 -0.200275 0.292365 0.222019 0.714184 -0.0937478 -0.237866 0.477121 -0.0762643 0.0112835 0.394782 0.146165 0.370301 0.427632 0.572057 0.888216 0.169464 -0.363566 0.484098 0.105396 -0.208123 -0.169906 0.396917 0.951105 1.16646 -0.23758 -0.0189682 0.201024 0.241138 -0.0105889 1.39717 1.01513 -0.398023 0.212121 0.635957 0.504127 0.872405 0.837705 0.728543 1.66042 -0.310246 0.312278 0.312758 0.291339 0.456094 -0.138544 -0.150066 0.257123 -0.188753 -0.0789969 -0.318103 1.86796 -0.302937 -0.330202 0.743156 0.587455
internal_weight=362634 112167 250467 77147 61392 173320 50775 116463 40700 29108 23953 48039 89372 26822 27091 20692 8881 20227 24906 15845 12283 7428 15794 56857 11582 10131 65202 25075 14539 6053 1620 43255 18628 14240 11428 22964 880 359 36253 12896 16525 8565 4433 4144 3718 521 4580 7692 7311 5389 10755 20495 21947 3327 21265 10561 24170 391 20604 16243 2702 2781
internal_count=362634 112167 250467 77147 61392 173320 50775 116463 40700 29108 23953 48039 89372 26822 27091 20692 8881 20227 24906 15845 12283 7428 15794 56857 11582 10131 65202 25075 14539 6053 1620 43255 18628 14240 11428 22964 880 359 36253 12896 16525 8565 4433 4144 3718 521 4580 7692 7311 5389 10755 20495 21947 3327 21265 10561 24170 391 20604 16243 2702 2781
is_linear=0
shrinkage=0.05


Tree=15
num_leaves=63
num_cat=0
split_feature=5 0 49 49 0 49 49 49 49 0 49 0 49 3 8 0 6 6 6 38 6 36 42 49 36 44 8 49 23 37 5 6 4 6 49 23 6 31 0 29 44 0 6 4 38 28 13 49 44 38 30 37 30 42 30 0 31 23 1 49 44 30
split_gain=8.33508e+06 1.79373e+06 1.12916e+06 530095 494206 407745 331512 319493 242743 227030 209948 149875 120058 96811.7 92364.3 87205.8 79528.7 74637.7 62232.6 59970.9 51486.7 49188.1 48658.9 47502 44913.2 43416 43332.6 43275 48661.5 46189.8 42296.5 40542.6 38988.8 38381.4 37759 36364.8 33724.5 33145.3 33017.2 32788.9 31739.7 31119.5 30560.4 26801.4 26535.3 25834.1 25761 25640.3 25354.4 24531.2 23877.9 44029.1 30761.4 29931.1 23853.4 23350.6 27749.6 23110.7 22748.8 21971.3 28972.8 21855.7
threshold=28.050000190734867 40.049999237060554 9.5000000000000018 10.500000000000002 27.050000190734867 17.500000000000004 17.500000000000004 17.500000000000004 4.5000000000000009 53.049999237060554 18.500000000000004 14.050000190734865 9.5000000000000018 24.050000190734867 0.63449999690055858 28.10000038146973 7.0999999046325692 13.050000190734865 30.050000190734867 55.010000228881843 22.050000190734867 0.0224999999627471 43.545000076293952 12.500000000000002 0.74050000309944164 25.214999198913578 0.047499999403953559 13.500000000000002 21.644999504089359 15.414999961853029 69.500000000000014 39.100000381469734 16.10000038146973 93.500000000000014 19.500000000000004 23.134999275207523 53.500000000000007 65.009998321533217 6.0499999523162851 0.01350000035017729 15.394999980926515 43.250000000000007 9.1500000953674334 43.250000000000007 35.004999160766609 8.9299998283386248 -5.7995903491973868 15.500000000000002 30.054999351501468 85.014999389648452 14.954999923706056 22.714999198913578 17.474999427795414 21.44999980926514 8.6050000190734881 40.049999237060554 40.989999771118171 15.684999942779543 10.050000190734865 12.500000000000002 27.644999504089359 25.855000495910648
decision_type=10 10 2 2 10 2 2 2 2 10 2 8 2 10 8 8 10 10 8 10 8 8 10 2 8 10 10 2 8 8 10 8 8 10 2 8 8 10 10 8 8 10 10 10 10 8 10 2 8 10 8 8 8 10 8 10 10 8 8 2 8 10
left_child=2 3 8 25 10 9 15 19 13 12 11 38 -3 42 37 27 -10 58 -13 33 -9 -7 34 -20 36 57 43 28 -5 -29 -16 49 -25 41 -8 -15 44 39 -4 -11 -19 -6 -1 -18 -17 -32 -38 -33 50 -14 53 52 -52 -31 -46 -22 -57 -2 -12 -40 -61 -34
right_child=1 5 4 6 7 21 22 20 16 14 17 18 31 35 30 24 26 40 23 -21 55 -23 -24 32 -26 -27 -28 29 -30 48 45 47 61 -35 -36 -37 46 -39 59 -41 -42 -43 -44 -45 54 -47 -48 -49 -50 -51 51 -53 -54 -55 -56 56 -58 -59 -60 60 -62 -63
leaf_value=-0.32809883669143003 -0.25479696623328313 0.02608339322358938 -0.28634927606860555 0.059897972293591367 0.38993388604560847 0.19186087247715891 0.1689250534502319 -0.091087731790241225 -0.41307959127166022 0.64885897325230957 -0.39127917354752129 0.0013190544569660926 0.45621226824733452 -0.22931988012388682 0.77157850923550397 0.46963684584223792 -0.34649997533528165 -0.31117380846085618 0.047203283800891692 0.22601200120540343 0.033098297869802902 0.37763592093512344 -0.2112700436409834 0.13483911089361544 0.59968142973265315 0.034336966109044811 -0.19935938159314248 0.97189742936702306 0.27905968209583482 0.48154767345851185 0.7297343940150739 0.61278745282614366 0.45310915122110923 1.8231482084629673 0.021491225062473699 -0.10672341825982917 0.63374928750512582 0.50613679749368234 -0.14552684114492664 0.89800491197240884 -0.12592801291224964 0.66264779449073652 -0.22818236752955567 -0.24125582992535152 0.71282347089026354 1.0999616433063466 0.38690705723590701 0.46844225447713228 0.12423702543044664 0.18429361591004834 0.63291030094339584 0.38403854903640222 1.6518325340772464 -0.083532961518467064 0.28194127391398865 0.42992653836802142 0.09672940389928969 -0.09868705336369378 -0.25259173258004658 0.12671725238856149 -0.24117350956721975 1.4087398612931852
leaf_weight=11963 3236 1312 3351 5459 3539 6250 7441 7658 24430 8791 4140 12122 5168 8354 4960 2483 29140 2611 2772 4012 7666 8288 1526 1419 2023 5031 8495 277 4725 435 607 9566 1710 53 10430 21920 1603 3390 8804 1554 20213 1485 21241 7634 329 2106 3103 4535 1332 988 191 1776 121 508 13545 901 2039 8867 10346 1844 754 62
leaf_count=11963 3236 1312 3351 5459 3539 6250 7441 7658 24430 8791 4140 12122 5168 8354 4960 2483 29140 2611 2772 4012 7666 8288 1526 1419 2023 5031 8495 277 4725 435 607 9566 1710 53 10430 21920 1603 3390 8804 1554 20213 1485 21241 7634 329 2106 3103 4535 1332 988 191 1776 121 508 13545 901 2039 8867 10346 1844 754 62
internal_value=-2.19417e-10 0.316942 -0.181302 0.154903 -0.052015 0.526666 0.22786 0.128255 -0.275955 0.604096 -0.122308 -0.030106 0.489606 -0.20522 0.719447 0.313881 -0.340376 -0.203459 0.0663717 0.370491 0.00770788 0.29777 0.0597374 0.198615 0.374649 -0.0891112 -0.30114 0.219245 0.161581 0.345808 0.858399 0.519628 0.330146 0.484663 0.0828787 -0.140553 0.353036 0.641822 -0.148373 0.686285 -0.14712 0.470543 -0.264181 -0.324652 0.3191 1.01713 0.470989 0.566365 0.306058 0.412571 0.385961 0.480273 1.02807 0.177135 0.292159 0.0790427 0.198842 -0.140426 -0.292228 -0.107823 0.0199468 0.486545
internal_weight=362634 131956 230678 74441 97501 57515 57307 27353 133177 42977 70148 32838 21569 63478 21408 37910 69699 37310 18085 9089 18264 14538 19397 5963 23086 17134 45269 14824 10184 4640 7673 20257 3191 5077 17871 30274 21063 13735 14753 10345 22824 5024 33204 36774 16357 2713 4706 14101 4363 6156 3031 2088 312 943 13874 10606 2940 12103 14486 11402 2598 1772
internal_count=362634 131956 230678 74441 97501 57515 57307 27353 133177 42977 70148 32838 21569 63478 21408 37910 69699 37310 18085 9089 18264 14538 19397 5963 23086 17134 45269 14824 10184 4640 7673 20257 3191 5077 17871 30274 21063 13735 14753 10345 22824 5024 33204 36774 16357 2713 4706 14101 4363 6156 3031 2088 312 943 13874 10606 2940 12103 14486 11402 2598 1772
is_linear=0
shrinkage=0.05


Tree=16
num_leaves=63
num_cat=0
split_feature=0 49 8 49 0 0 49 49 49 8 28 49 1 49 49 4 49 8 28 35 4 0 9 23 4 9 0 49 9 35 31 49 29 36 30 49 9 0 0 18 44 9 30 4 2 45 31 43 1 51 30 28 4 47 49 9 30 47 9 0 31 23
split_gain=7.46824e+06 1.50222e+06 1.16221e+06 660802 428384 394014 238394 376129 228568 141220 124072 108585 100140 80055.4 87761.5 76745.8 69261.1 67919.1 62516.2 54829.5 53969.6 53904.8 50269.3 44403.4 44222.8 40671.8 39131 38819.7 40147.1 38474.7 36683.3 36502.2 35241.7 35160.9 35157.5 34371.8 30932.1 30362.6 27302.1 27256 24808.1 24806.1 24749.4 33253.4 24563.8 24328.1 24978.9 24318.2 24934.8 31117.2 24283.2 24194.6 23584.4 23575.7 23499 23465.9 23238.4 21371.2 21110.5 20886.9 20388.7 21153.5
threshold=32.100000381469734 9.5000000000000018 0.16649999469518664 19.500000000000004 50.049999237060554 16.10000038146973 10.500000000000002 17.500000000000004 4.5000000000000009 0.62950000166893016 21.349999427795414 16.500000000000004 20.050000190734867 11.500000000000002 17.500000000000004 44.100000381469734 11.500000000000002 0.035499999299645431 26.735000610351566 24.94999980926514 16.10000038146973 6.0499999523162851 29.045000076293949 13.454999923706056 42.049999237060554 22.025000572204593 10.050000190734865 12.500000000000002 22.654999732971195 24.750000000000004 33.004999160766609 19.500000000000004 0.16849999874830249 0.78949999809265148 14.114999771118166 8.5000000000000018 32.264999389648445 50.049999237060554 65.500000000000014 12.864999771118166 19.295000076293949 13.885000228881838 26.545000076293949 29.050000190734867 21.050000190734867 42.004999160766609 69.009998321533217 0.15550000220537188 90.500000000000014 3.5000000000000004 7.6649999618530282 8.9299998283386248 16.10000038146973 -5.7340643405914298 14.500000000000002 22.425000190734867 28.404999732971195 -10.093711853027342 34.905000686645515 6.0499999523162851 142.0350036621094 29.515000343322757
decision_type=10 2 8 2 10 8 2 2 2 8 10 2 10 2 2 10 2 10 10 10 10 10 10 8 10 10 10 2 8 10 10 2 8 8 8 2 8 10 10 8 8 8 10 8 10 10 10 8 10 2 8 8 10 8 2 10 10 8 8 8 10 10
left_child=1 8 6 5 11 21 32 37 15 20 13 16 52 25 22 26 55 24 33 31 56 -3 23 -15 59 -7 -1 -23 34 -14 -25 -9 -2 36 -29 -19 53 -8 -11 57 -40 -34 -24 -44 -17 46 -36 -22 -49 -50 -13 -42 -5 -18 58 -4 60 -39 -53 -10 61 -6
right_child=2 3 4 12 9 10 7 19 17 38 -12 50 29 14 -16 44 18 35 -20 -21 47 27 42 30 -26 -27 -28 28 -30 -31 -32 -33 41 -35 45 -37 -38 39 40 -41 51 -43 43 -45 -46 -47 -48 48 49 -51 -52 54 -54 -55 -56 -57 -58 -59 -60 -61 -62 -63
leaf_value=-0.30482267128087165 -0.24031503804524024 -0.25792703989903965 -0.039004244391944762 -0.29377334447661613 0.53502407861312196 -0.055508960974022595 0.44970003205483833 0.24512178105669211 -0.42460918183095658 0.70460450045210832 0.048702831784593059 0.65462872142985562 -0.05861782705227872 0.19658894760192613 0.085156418003269452 -0.17092704289547414 0.57125088778986377 -0.31071823051528913 0.29495944756905507 -0.027969395140965577 0.44413687116395906 -0.10125433040792259 0.094830738878464688 0.5165382003703316 -0.26077230514440819 0.16675319994677823 -0.19994797697650851 0.0085523168186465662 -0.17318593582664765 -0.18857287145524029 0.32940127233496219 0.092455712244821686 -0.34147647145117349 0.73037261690937949 0.46671912987046293 -0.15690095429731529 0.36182253147216809 1.2603165392807307 0.22512694299221039 0.55005709710155026 0.68032372551610532 0.0039194935158944916 0.29859179536011449 1.3732633807720283 -0.076756040156555794 0.18694403893951794 1.5641397670163948 0.65619920705352741 1.4942318132460708 0.55413261141198189 0.23254507823360107 1.0311867646460953 -0.18325162325268798 0.43877261231107839 0.84866757567607842 0.28102991912983816 1.2940410632771604 0.7203628816055867 1.5504140270232154 -0.34736049504105537 0.12640794803038899 0.3852568502344505
leaf_weight=13743 2666 3920 802 11377 6236 2940 4456 6309 11965 5143 16013 351 18560 2871 4917 15325 7436 6482 5058 5817 1320 13371 2949 4998 12230 6863 25211 2505 1458 8217 5501 10320 568 1435 428 8260 4637 279 142 1598 984 6130 933 78 12633 1338 59 6643 202 156 11681 1103 8384 6124 1857 2004 85 534 238 32571 429 3791
leaf_count=13743 2666 3920 802 11377 6236 2940 4456 6309 11965 5143 16013 351 18560 2871 4917 15325 7436 6482 5058 5817 1320 13371 2949 4998 12230 6863 25211 2505 1458 8217 5501 10320 568 1435 428 8260 4637 279 142 1598 984 6130 933 78 12633 1338 59 6643 202 156 11681 1103 8384 6124 1857 2004 85 534 238 32571 429 3791
internal_value=-1.73633e-10 -0.146347 0.351808 -0.0150125 0.476488 0.0808162 0.133063 0.203223 -0.258003 0.624885 0.162355 0.370134 -0.161504 0.219139 0.271595 -0.191583 0.424954 -0.320155 0.451706 0.104157 0.545796 -0.0889924 0.324493 0.370838 -0.344988 0.100095 -0.236948 -0.0544278 0.0537473 -0.0984969 0.418487 0.150377 -0.0865669 0.492091 0.13016 -0.224534 0.4733 0.527036 0.782461 0.669968 0.875065 -0.0253706 0.168019 0.381504 -0.128375 0.29708 0.599672 0.640989 0.678105 1.08458 0.244858 0.897133 -0.246882 0.511421 0.963844 0.189559 0.470652 0.905661 1.12334 -0.368114 0.463958 0.4784
internal_weight=362634 256100 106534 117680 67857 71142 38677 29313 138420 28329 48063 39528 46538 32050 22247 66912 27496 71508 24690 22446 18862 23079 17330 13370 56766 9803 38954 19159 5788 26777 10499 16629 9364 19632 4330 14742 18197 6867 9467 2411 4324 6698 3960 1011 27958 1825 487 8321 7001 358 12032 4182 19761 13560 3198 2806 10541 813 1341 44536 10456 10027
internal_count=362634 256100 106534 117680 67857 71142 38677 29313 138420 28329 48063 39528 46538 32050 22247 66912 27496 71508 24690 22446 18862 23079 17330 13370 56766 9803 38954 19159 5788 26777 10499 16629 9364 19632 4330 14742 18197 6867 9467 2411 4324 6698 3960 1011 27958 1825 487 8321 7001 358 12032 4182 19761 13560 3198 2806 10541 813 1341 44536 10456 10027
is_linear=0
shrinkage=0.05


Tree=17
num_leaves=63
num_cat=0
split_feature=5 0 6 15 15 8 0 6 8 5 6 0 44 6 9 31 0 5 31 0 23 28 0 29 9 8 0 31 50 50 51 32 37 6 50 36 6 3 51 35 5 44 37 51 6 3 6 8 0 3 0 12 3 35 10 0 9 28 31 2 50 50
split_gain=6.86233e+06 1.46344e+06 864635 358159 356967 308704 242556 135038 128738 118697 117341 103538 92337.6 91259.2 74569.1 61567.5 57511.5 57495.4 54298.7 53816.4 53691.2 51739.2 50064.7 45097.4 44718.4 36310.6 34787.7 34573.3 34426.9 65859.7 58110.9 78023 50992.6 34134 33748.7 30397.3 29549.7 29141.5 29137.7 28779 27761.4 27021.4 26399.3 30071 26162.6 25284.3 24955.4 24646.9 24616.6 26361.4 24031.6 23302 22873.7 30494.9 22858.4 22710.3 22489.2 23052.7 21664.3 21553.5 21230.9 27690.9
threshold=28.050000190734867 39.049999237060554 20.050000190734867 0.044500000774860389 0.070500001311302199 0.47450000047683721 15.050000190734865 39.100000381469734 0.055500000715255744 51.100000381469734 36.049999237060554 35.100000381469734 22.724999427795414 9.1500000953674334 15.585000038146974 33.995000839233406 65.500000000000014 39.100000381469734 41.995000839233406 27.050000190734867 25.755000114440922 22.349999427795414 57.500000000000007 0.03849999979138375 17.515000343322757 0.053500000387430198 34.100000381469734 45.004999160766609 5.5000000000000009 6.5000000000000009 4.5000000000000009 16.005000114440922 37.68499946594239 41.049999237060554 5.5000000000000009 0.74549999833107006 71.500000000000014 14.050000190734865 4.5000000000000009 13.650000095367433 15.050000190734865 31.755000114440922 32.73500061035157 5.5000000000000009 50.049999237060554 21.050000190734867 84.500000000000014 0.7305000126361848 24.050000190734867 24.050000190734867 45.049999237060554 -4.0493206977844229 32.100000381469734 15.550000190734865 97.009998321533217 14.050000190734865 32.145000457763679 31.130000114440922 27.005000114440922 104.50000000000001 10.500000000000002 11.500000000000002
decision_type=10 10 10 8 10 8 10 8 10 10 8 10 8 8 8 10 10 10 10 8 10 10 10 10 8 10 10 10 2 2 2 8 10 10 2 10 10 10 2 8 8 10 10 2 10 10 10 8 8 8 10 8 8 8 10 8 8 10 8 10 2 2
left_child=2 3 6 14 12 7 13 27 24 56 48 15 20 34 -2 44 47 -16 36 -14 -4 35 52 26 -8 -15 58 -3 32 30 -30 41 42 -21 -1 46 50 -19 -29 -24 -26 45 -18 51 -6 -32 -12 -11 -5 -50 -13 -44 53 -9 -41 -17 57 -7 -10 -58 -56 -62
right_child=1 5 4 10 11 9 8 22 23 16 21 18 19 25 17 55 28 37 -20 33 -22 -23 39 -25 40 -27 -28 38 29 -31 31 -33 -34 -35 -36 -37 -38 -39 -40 54 -42 -43 43 -45 -46 -47 -48 -49 49 -51 -52 -53 -54 -55 60 -57 59 -59 -60 -61 61 -63
leaf_value=-0.27865708598622319 -0.19038695356199445 0.34124628456230638 -0.20889577603036252 0.057286474545898407 0.16011934769221239 0.57601863850471591 -0.2765529996348412 0.56032317737609949 0.20762020978441439 0.5687456291879881 0.30766749564360291 0.29438706191047798 -0.086604238599242961 -0.26401057167793995 -0.022886554646288353 -0.13652014241312338 0.57878934946664962 0.4024687850151481 0.16088144397469858 0.03702968636349932 -0.00096873940975350016 0.16464965139703716 0.66652823639549563 -0.1589736872904231 -0.21001401771090983 -0.16391063365013991 0.25616922548330079 0.24441631219393842 1.0039953046851984 0.76356623588121231 2.2638697382866169 2.5814292570330064 -0.41183945341975597 0.39611021550169784 -0.37616854610004069 0.57613598290544699 1.1456337737404321 0.10882483012439265 0.039533742314107112 0.53055347961954957 -0.12546998901123216 0.05048656425159425 1.5110531014216653 0.016584622263908385 0.53285059277479563 0.72497856829847607 0.66912259938880592 0.75204430447526116 0.23778468208870504 0.10712096986679631 0.59423715157501933 0.63791327834854616 0.33055618894960842 0.33769862355731484 0.38112609707970191 0.032736349461605703 0.38416984498868367 0.34442936665023183 -0.039566164484079472 1.1650265535381106 -0.73954041313742647 0.40584023407274733
leaf_weight=13542 5032 5726 20558 7062 6124 6151 11571 3517 1085 6914 16231 1650 18895 40670 15160 2389 1078 1092 3532 6567 3657 5845 3319 3198 18092 11656 1809 5583 830 2420 51 159 109 736 25738 1227 146 3734 2518 2613 20958 50 236 60 510 56 492 2496 7436 8027 1123 113 6823 2734 572 11629 4886 1302 4843 90 113 99
leaf_count=13542 5032 5726 20558 7062 6124 6151 11571 3517 1085 6914 16231 1650 18895 40670 15160 2389 1078 1092 3532 6567 3657 5845 3319 3198 18092 11656 1809 5583 830 2420 51 159 109 736 25738 1227 146 3734 2518 2613 20958 50 236 60 510 56 492 2496 7436 8027 1123 113 6823 2734 572 11629 4886 1302 4843 90 113 99
internal_value=-2.16588e-10 0.287581 -0.164506 0.13409 -0.0284363 0.468216 -0.233372 0.367093 -0.156614 0.594117 0.216426 0.1179 -0.107109 -0.284951 -0.0183524 0.0632805 0.690936 0.0249619 0.292755 -0.0420519 -0.177494 0.293854 0.450857 -0.00103692 -0.190221 -0.241713 0.0642444 0.247205 0.82505 0.911434 1.22369 1.80072 0.632038 0.073218 -0.342551 0.335926 0.452323 0.175269 0.180734 0.561816 -0.16464 1.01007 0.708556 1.05058 0.188774 1.45847 0.318302 0.617366 0.134632 0.169956 0.415819 1.22835 0.393859 0.462954 0.459509 0.00389102 0.480605 0.535561 0.00567628 0.398293 0.222722 -0.204669
internal_weight=362634 131956 230678 71338 77516 60618 153162 33617 61556 27001 46320 27103 50413 91606 25018 20652 14572 19986 6451 26198 24215 23795 19790 10935 50621 52326 7737 13827 5162 3566 1146 316 1596 7303 39280 17950 2919 4826 8101 6716 39050 157 1487 409 6634 107 16723 9410 22525 15463 2773 349 13074 6251 3397 14018 12429 7453 5928 4976 784 212
internal_count=362634 131956 230678 71338 77516 60618 153162 33617 61556 27001 46320 27103 50413 91606 25018 20652 14572 19986 6451 26198 24215 23795 19790 10935 50621 52326 7737 13827 5162 3566 1146 316 1596 7303 39280 17950 2919 4826 8101 6716 39050 157 1487 409 6634 107 16723 9410 22525 15463 2773 349 13074 6251 3397 14018 12429 7453 5928 4976 784 212
is_linear=0
shrinkage=0.05


Tree=18
num_leaves=63
num_cat=0
split_feature=5 49 49 0 0 5 49 50 49 49 0 23 50 4 0 38 43 0 50 49 4 50 51 3 49 5 49 30 50 44 49 51 5 50 5 36 9 50 37 50 44 50 5 44 44 30 50 44 37 38 50 31 49 49 49 23 9 37 49 25 50 51
split_gain=6.21723e+06 1.50789e+06 840791 706363 293863 274374 219022 198903 178854 169256 132170 103679 92437.6 85089.7 83336.1 73637.5 72868.3 56704.9 55146.8 50649 49795 49084 47284.1 47148.2 50823.1 43107.9 39878.5 38532.5 39518.7 64635.8 48632 47940.4 38206.2 35851 34967.3 34716.3 34621 31010.7 38763.7 34800.8 60364.5 53315.4 30157 28838.9 28235.8 26890.9 41504.4 38786.8 26332.3 26186.8 26156.1 26144 25987.4 25970.2 29867 25441.5 25422.8 32465.2 25322.3 25273.7 24690.1 23932.4
threshold=35.149999618530281 10.500000000000002 18.500000000000004 48.20000076293946 28.10000038146973 14.050000190734865 10.500000000000002 10.500000000000002 17.500000000000004 16.500000000000004 27.050000190734867 12.894999980926515 10.500000000000002 40.049999237060554 16.10000038146973 44.995000839233406 0.7215000092983247 37.049999237060554 2.5000000000000004 10.500000000000002 11.050000190734865 6.5000000000000009 3.5000000000000004 38.100000381469734 9.5000000000000018 7.0499999523162851 12.500000000000002 8.9849996566772479 3.5000000000000004 20.845000267028812 12.500000000000002 2.5000000000000004 16.10000038146973 10.500000000000002 52.500000000000007 0.12150000035762788 32.264999389648445 2.5000000000000004 19.714999198913578 10.500000000000002 26.035000801086429 11.500000000000002 54.399999618530281 35.944999694824226 28.954999923706058 8.1849999427795428 1.5000000000000002 23.654999732971195 18.605000495910648 71.009998321533217 4.5000000000000009 55.995000839233406 12.500000000000002 4.5000000000000009 8.5000000000000018 15.684999942779543 12.315000057220461 27.384999275207523 3.5000000000000004 39.604999542236335 10.500000000000002 1.5000000000000002
decision_type=10 2 2 8 10 10 2 2 2 2 10 8 2 10 8 10 8 10 2 2 8 2 2 10 2 8 2 8 2 8 2 2 10 2 10 8 10 2 8 2 8 2 10 10 10 8 2 8 10 8 2 10 2 2 2 8 8 10 2 10 2 2
left_child=1 5 4 6 14 13 -2 10 12 16 32 -7 17 25 44 21 19 27 -12 -5 -16 22 -6 24 53 50 55 -8 31 30 -30 48 -4 -10 -21 -11 -14 38 -36 -39 49 -42 -31 -19 52 -17 47 -47 -29 -41 -1 56 -3 -13 -55 -22 60 -58 -15 -49 -28 -40
right_child=3 2 7 9 15 11 8 -9 33 35 18 23 36 58 20 45 -18 43 -20 34 26 -23 -24 -25 -26 -27 51 28 29 42 -32 -33 -34 -35 37 -37 -38 39 61 40 41 -43 -44 -45 -46 46 -48 59 -50 -51 -52 -53 -54 54 -56 -57 57 -59 -60 -61 -62 -63
leaf_value=-0.29582447669121092 -0.018536409206972939 -0.075326201685955371 -0.18909785739669333 0.052098337430965674 0.38248985548546299 -0.32570577668594419 0.97269038197438873 -0.28450201804424163 0.14635963914776912 0.29805214078203901 -0.15666722564491628 -0.13328139831671365 0.12771451367341688 -0.14837295235160092 0.0095439971585318476 0.56664171087121196 0.80027787551628171 0.47135692099797794 0.071656053520171639 0.49948612956949179 -0.060955553919977902 0.31281432787134311 0.7322336446842731 -0.019567732936275409 -0.028675230356406942 -0.27975363352836352 0.31494399676732537 0.38919077743269659 0.40804503737992842 0.288204079225929 1.4718068516991016 0.34369384003980408 -0.077542436990521879 -0.18435733532868304 1.1058904206022619 0.46750831267701065 1.0766143102426919 0.69485738298007638 -0.25309979792508447 1.0457958029006882 -0.66836251964847948 0.53713619382456057 0.49047446061680522 0.23681690970639188 -0.24311498666155329 -0.31400824051092496 0.24285399068457603 0.43221647111673439 -0.064677062424390766 0.34055825184583666 -0.40685037649195205 0.055330141927511928 0.093079933872281695 -0.2502327412752483 -0.11459775823353796 0.16149047563899863 0.45424334174870085 0.16112543417117439 -0.24792402671064129 -0.56779489217698575 -0.26124194886877528 0.41991740970276914
leaf_weight=8255 6694 6082 13477 453 2033 7331 218 12279 11557 5762 3113 27551 5026 11134 5886 566 4437 12968 17576 6871 1834 5114 1842 8781 8093 36213 406 386 210 9351 220 2154 17829 882 125 6357 98 9169 233 278 202 168 2295 1458 1527 679 11626 401 1857 250 14843 1128 3675 13364 5829 4297 3130 1353 14985 75 343 305
leaf_count=8255 6694 6082 13477 453 2033 7331 218 12279 11557 5762 3113 27551 5026 11134 5886 566 4437 12968 17576 6871 1834 5114 1842 8781 8093 36213 406 386 210 9351 220 2154 17829 882 125 6357 98 9169 233 278 202 168 2295 1458 1527 679 11626 401 1857 250 14843 1128 3675 13364 5829 4297 3130 1353 14985 75 343 305
internal_value=-8.01688e-11 -0.118936 0.0174298 0.360375 0.166918 -0.220327 0.249623 -0.103505 0.286498 0.537571 -0.0607607 -0.147652 0.342646 -0.280683 0.0637694 0.303894 0.618736 0.37505 0.0373011 0.57412 0.129443 0.414519 0.548742 -0.127134 -0.144359 -0.313797 0.185941 0.3123 0.303561 0.350292 0.952295 0.175219 -0.125566 0.12291 0.587555 0.38694 0.145863 0.64395 0.312728 0.665764 0.368709 -0.121001 0.328064 0.447653 -0.0431852 0.22939 0.214455 -0.071409 0.0134295 0.711877 -0.367171 0.273657 -0.0118956 -0.164388 -0.20904 0.094949 0.320727 0.365778 -0.205487 0.274652 0.0510831 0.128443
internal_weight=362634 272650 116271 89984 51997 156379 55374 64274 48680 34610 51995 70949 36241 85430 29661 22336 22491 31117 20689 18054 18377 8989 3875 63618 54837 59311 12491 16691 16473 12076 430 4397 31306 12439 17601 12119 5124 10730 663 10067 898 370 11646 14426 11284 13347 12781 1155 2243 528 23098 6360 9757 46744 19193 6131 5232 4483 26119 476 749 538
internal_count=362634 272650 116271 89984 51997 156379 55374 64274 48680 34610 51995 70949 36241 85430 29661 22336 22491 31117 20689 18054 18377 8989 3875 63618 54837 59311 12491 16691 16473 12076 430 4397 31306 12439 17601 12119 5124 10730 663 10067 898 370 11646 14426 11284 13347 12781 1155 2243 528 23098 6360 9757 46744 19193 6131 5232 4483 26119 476 749 538
is_linear=0
shrinkage=0.05


Tree=19
num_leaves=63
num_cat=0
split_feature=6 0 5 15 49 0 49 49 0 8 16 0 50 6 49 31 49 49 6 0 45 49 5 49 51 50 50 50 37 30 5 11 43 2 44 4 37 49 30 37 50 4 47 51 49 6 10 50 2 29 50 44 5 44 50 16 50 23 49 51 5 18
split_gain=5.69168e+06 1.10261e+06 977981 354356 324063 228072 224302 214824 119991 108347 105948 92331 86734.6 80732.9 77005.8 59546.2 51257.7 44650.1 44646.6 44275.4 43105 41911.6 40925.9 39390.7 38415.4 37619.9 48444.6 42665.7 72441.7 47784.9 46380 42750.8 36928 36233.3 43966.3 35672.6 34180.3 82880.2 34061.8 31999.8 31192.4 31155.9 30714.9 30021 29735.5 29248.3 28476 27893.7 30794.1 27874.7 27834.5 37923.1 26876.4 26602.3 26245.3 24366.3 29176.7 30995.1 23897.1 23792.2 23737.1 23499.3
threshold=30.050000190734867 40.049999237060554 21.050000190734867 0.1225000023841858 10.500000000000002 14.050000190734865 16.500000000000004 17.500000000000004 63.500000000000007 0.055500000715255744 15.434999942779543 39.049999237060554 10.500000000000002 9.1500000953674334 9.5000000000000018 49.995000839233406 8.5000000000000018 11.500000000000002 11.050000190734865 27.050000190734867 39.995000839233406 17.500000000000004 63.500000000000007 18.500000000000004 4.5000000000000009 4.5000000000000009 6.5000000000000009 5.5000000000000009 36.204999923706062 21.345000267028812 76.500000000000014 38.004999160766609 0.76649999618530285 16.10000038146973 21.845000267028812 31.050000190734867 22.404999732971195 13.500000000000002 25.375000000000004 16.015000343322757 2.5000000000000004 33.049999237060554 -2.8669434785842891 4.5000000000000009 19.500000000000004 67.500000000000014 32.004999160766609 6.5000000000000009 118.50000000000001 0.22450000047683719 6.5000000000000009 19.615000724792484 40.149999618530281 11.605000019073488 5.5000000000000009 17.105000495910648 2.5000000000000004 20.904999732971195 17.500000000000004 2.5000000000000004 43.350000381469734 24.425000190734867
decision_type=10 10 10 10 2 10 2 2 10 10 8 10 2 8 2 10 2 2 8 8 10 2 8 2 2 2 2 2 8 8 10 8 8 8 8 10 8 2 10 8 2 8 8 2 2 10 10 2 10 10 2 8 10 8 2 8 2 8 2 2 8 10
left_child=2 4 5 10 -2 13 8 12 14 18 -4 49 15 54 -3 22 41 -11 -7 -12 58 -19 36 47 -22 61 27 28 30 -29 -27 -31 39 -14 -35 -28 37 -6 -30 -16 -38 -15 -39 -33 -9 60 -47 48 55 -5 59 -52 -42 -18 -1 -8 57 -57 -13 -17 -41 -10
right_child=1 6 3 11 7 9 23 44 25 17 19 20 33 16 32 50 53 21 -20 -21 24 -23 -24 -25 -26 26 35 29 38 31 -32 43 -34 34 -36 -37 40 42 -40 45 52 -43 -44 -45 -46 46 -48 -49 -50 -51 51 -53 -54 -55 -56 56 -58 -59 -60 -61 -62 -63
leaf_value=-0.25808772221206805 -0.071399880825312428 0.0319827095803107 -0.21576691058865763 0.107653353508478 0.23365026262345859 -0.23540300324941799 1.0098676995209368 0.13170990421363662 0.74113328092037734 -0.11931869100651396 -0.074491623088285039 0.53592656889289747 -0.042979553775390825 -0.31474332667284227 0.88324963006620794 0.058371411317664601 -0.31643088554535792 0.17784031873372041 -0.14106243846213323 0.03186327280881826 0.29999026136865881 -0.05694990799980422 0.61247943727587106 0.22568653016047541 0.011594949966019251 0.66872061255475901 0.59082813805131473 2.3357114981960607 0.6720337197716747 0.83978067660884514 1.4365199185452844 1.2461374593997787 0.67998091501582025 -0.069321499936712341 0.31464991399386499 1.0244995047455585 -0.0018412051757291052 0.86010655872046593 -0.71795715940724902 0.35031185865275988 0.26190525956619509 -0.21666456408072832 0.42638437351837077 2.3289308841029803 -0.0019874082126201671 1.0275379468644548 0.55094142014818936 0.2912744739607967 1.2225673713811465 -0.13169482013512782 1.470546009506978 0.30361824289324901 0.40474966395957951 -0.14845519598748111 -0.34856958313262032 0.60241323135930103 0.46776247802252913 0.077823213647975065 0.25996299659877314 0.24142058160138405 0.47871347728715358 0.35439348095124945
leaf_weight=12092 13277 928 10068 17556 1770 18001 175 7467 596 5525 26467 2052 2530 15395 468 3305 2648 4038 41346 15526 3287 3591 1490 6846 1780 789 3891 74 70 930 262 357 2451 1049 2577 540 783 1210 119 5245 7726 17081 616 78 9387 352 2859 5542 124 1307 71 3591 5739 21451 23766 381 5184 1079 1270 3835 11472 1152
leaf_count=12092 13277 928 10068 17556 1770 18001 175 7467 596 5525 26467 2052 2530 15395 468 3305 2648 4038 41346 15526 3287 3591 1490 6846 1780 789 3891 74 70 930 262 357 2451 1049 2577 540 783 1210 119 5245 7726 17081 616 78 9387 352 2859 5542 124 1307 71 3591 5739 21451 23766 381 5184 1079 1270 3835 11472 1152
internal_value=-2.0783e-10 0.284524 -0.137909 0.00636991 0.149559 -0.20729 0.457043 0.204759 0.536996 -0.140901 -0.0700947 0.152445 0.273264 -0.259362 0.478473 0.3082 -0.222161 -0.0110707 -0.169678 -0.0351692 0.29045 0.0673236 0.360734 0.322073 0.198679 0.694071 0.745162 0.913013 0.69806 1.09824 0.860123 1.03115 0.496609 0.102241 0.203567 0.643679 0.339713 0.477459 -0.203146 0.474573 0.304948 -0.263158 0.713791 1.44029 0.0572459 0.464975 0.603187 0.374925 0.441696 0.0910691 0.21417 0.326243 0.322788 -0.166912 -0.318057 0.427496 0.412157 0.21472 0.430426 0.15669 0.438427 0.486257
internal_weight=362634 118387 244247 79313 66423 164934 51964 53146 32633 72501 52061 27252 36292 92433 23775 30136 56575 13154 59347 41993 8389 7629 19334 19331 5067 8858 7110 2679 1240 1439 1051 1365 22847 6156 3626 4431 17844 3596 189 20396 14248 32476 1826 435 16854 19928 3211 12485 6943 18863 10802 3662 13465 24099 35858 6819 6644 1460 3322 7140 16717 1748
internal_count=362634 118387 244247 79313 66423 164934 51964 53146 32633 72501 52061 27252 36292 92433 23775 30136 56575 13154 59347 41993 8389 7629 19334 19331 5067 8858 7110 2679 1240 1439 1051 1365 22847 6156 3626 4431 17844 3596 189 20396 14248 32476 1826 435 16854 19928 3211 12485 6943 18863 10802 3662 13465 24099 35858 6819 6644 1460 3322 7140 16717 1748
is_linear=0
shrinkage=0.05


Tree=20
num_leaves=63
num_cat=0
split_feature=5 49 49 5 1 49 49 8 50 49 49 49 37 5 28 3 1 50 50 30 49 50 37 50 30 5 50 50 50 37 49 49 29 9 50 50 37 51 50 13 49 18 23 50 38 49 51 45 39 44 1 5 51 50 50 44 50 9 51 1 50 24
split_gain=5.09817e+06 1.24363e+06 522210 453110 309845 198746 196746 146340 133785 128647 121227 108601 98028.7 89860.8 84723.5 77590.3 71492.3 69687.8 72037.3 66408.8 60960.9 59325.1 75686.1 57069.7 56755.8 56630.2 54069.1 47214.8 46667.2 44385.3 38796.6 38394.6 50005.6 37931.5 50046.5 40836.5 39880.6 36826.8 36734.3 39987.8 36363.5 36352.6 35638.7 34870.8 34563 32005 31723.4 34249.3 31086.6 29130.9 28526.5 28127.1 27568.6 40301.8 26776.8 26776 26516.9 38397.4 31093.5 26224.3 25109.5 24602.9
threshold=35.149999618530281 9.5000000000000018 19.500000000000004 50.149999618530281 17.050000190734867 11.500000000000002 4.5000000000000009 0.61950001120567333 10.500000000000002 18.500000000000004 17.500000000000004 12.500000000000002 29.545000076293949 19.10000038146973 27.349999427795414 34.20000076293946 27.050000190734867 1.5000000000000002 10.500000000000002 17.845000267028812 18.500000000000004 10.500000000000002 15.864999771118166 1.5000000000000002 12.404999732971193 8.0500001907348651 10.500000000000002 11.500000000000002 2.5000000000000004 27.605000495910648 12.500000000000002 11.500000000000002 0.01350000035017729 18.605000495910648 5.5000000000000009 6.5000000000000009 37.68499946594239 4.5000000000000009 2.5000000000000004 0.94349545240402233 8.5000000000000018 20.875000000000004 16.685000419616703 9.5000000000000018 55.010000228881843 13.500000000000002 2.5000000000000004 73.014999389648452 13.885000228881838 28.445000648498539 49.149999618530281 72.500000000000014 2.5000000000000004 2.5000000000000004 5.5000000000000009 19.82499980926514 11.500000000000002 21.134999275207523 3.5000000000000004 33.100000381469734 7.5000000000000009 54.995000839233406
decision_type=10 2 2 10 10 2 2 8 2 2 2 2 10 8 10 10 10 2 2 8 2 2 8 2 8 10 2 2 2 10 2 2 8 10 2 2 10 2 2 10 2 8 8 2 10 2 2 8 10 10 10 10 2 2 2 8 2 10 2 10 2 10
left_child=1 6 4 5 13 29 15 17 16 21 11 42 14 -3 44 27 -4 46 20 49 31 22 45 48 -25 -8 61 -1 -18 -2 -15 -19 33 51 36 -36 52 -37 -26 -40 -27 -32 -6 -11 -13 -7 47 -5 -24 -20 54 -33 53 -35 -9 -46 57 -21 -58 -14 -43 -12
right_child=3 2 8 7 10 9 25 50 -10 43 26 12 59 30 -16 -17 28 18 19 56 -22 -23 23 24 38 40 -28 -29 -30 -31 41 32 -34 34 35 37 -38 -39 39 -41 -42 60 -44 -45 55 -47 -48 -49 -50 -51 -52 -53 -54 -55 -56 -57 58 -59 -60 -61 -62 -63
leaf_value=-0.16363976446846562 -0.031686901967249402 -0.11779462448602451 -0.1389849921909326 0.14677902217286087 -0.075949081781676545 0.38879091312013186 -0.32123750031628667 0.39280752451695711 -0.28116100728183813 0.1632715666476412 0.18689585725383406 0.52424029441273901 0.027144122772046142 0.0052070751450654599 0.16856235980906639 -0.055145137072526655 -0.19233441809576265 0.23061836547334438 0.48830660866194953 0.56705668871290982 0.17324345091073964 0.16794195439503742 0.3150136347309388 0.73611605148988246 0.089790217202943029 -0.25793817383467788 -0.10841561298010811 -0.32170629986666205 0.019589062587480156 0.19050243488872287 -0.0018012565317329606 0.60558325136562596 0.71306798593607001 -0.098056184235043808 0.79238444309273826 0.5556936537947732 -0.21525622573967507 0.30550885033090314 0.42307743631555694 0.29361177318236664 -0.15300197698914308 0.42061600124322418 0.15552172078303722 -0.10368082954468781 0.087124898605246998 1.0128810462252849 0.29253998675568677 -0.58960868451236326 -0.082718596268743991 -0.19667331979104452 0.70677569882981173 1.1976355416309861 0.47208496776146047 0.35394359166719797 0.63275652488046308 0.4075326302530764 0.81780381953599413 -0.37038587976615855 -0.042088427758287819 0.23632349050681417 0.12122222739464182 0.047183919673682732
leaf_weight=48173 7076 14891 22848 324 2439 310 29173 1909 9919 8717 6171 6348 2870 13739 3511 16518 3038 1451 1373 128 1793 4910 849 971 1320 32371 3427 5238 17925 3294 1822 816 2349 626 1224 4804 309 2120 12388 11502 11082 1542 5226 1423 864 609 614 308 1166 175 5259 266 3069 2324 2974 2658 153 745 336 3135 1283 6439
leaf_count=48173 7076 14891 22848 324 2439 310 29173 1909 9919 8717 6171 6348 2870 13739 3511 16518 3038 1451 1373 128 1793 4910 849 971 1320 32371 3427 5238 17925 3294 1822 816 2349 626 1224 4804 309 2120 12388 11502 11082 1542 5226 1423 864 609 614 308 1166 175 5259 266 3069 2324 2974 2658 153 745 336 3135 1283 6439
internal_value=-1.57155e-10 -0.107702 0.00408053 0.326335 0.0881084 0.235875 -0.209714 0.465498 -0.115346 0.282127 0.176618 0.241192 0.304187 -0.0264959 0.379508 -0.149852 -0.0778048 0.401186 0.420067 0.186823 0.452157 0.328713 0.355826 0.341272 0.361006 -0.267353 0.0676942 -0.179141 -0.0111233 0.0388909 0.0474478 0.477991 0.498036 0.46557 0.444225 0.526155 0.338732 0.479092 0.346558 0.360745 -0.231176 0.172334 0.0818678 0.125809 0.454547 0.802361 0.0365782 -0.212093 0.0848619 0.41087 0.625973 0.751134 0.367172 0.258028 0.538949 0.328932 -0.0678208 -0.232937 0.226958 0.136349 0.284644 0.115555
internal_weight=362634 272650 130095 89984 76365 54535 142555 35449 53730 44165 43088 27051 19386 33277 13381 69929 43811 25307 24061 2910 21151 34025 29115 28196 26181 72626 16037 53411 20963 10370 18386 19358 17907 15558 14476 8148 6328 6924 25210 23890 43453 4647 7665 10140 9870 919 1246 632 2015 1548 10142 1082 6019 2950 4883 3522 1362 873 489 6005 2825 12610
internal_count=362634 272650 130095 89984 76365 54535 142555 35449 53730 44165 43088 27051 19386 33277 13381 69929 43811 25307 24061 2910 21151 34025 29115 28196 26181 72626 16037 53411 20963 10370 18386 19358 17907 15558 14476 8148 6328 6924 25210 23890 43453 4647 7665 10140 9870 919 1246 632 2015 1548 10142 1082 6019 2950 4883 3522 1362 873 489 6005 2825 12610
is_linear=0
shrinkage=0.05


Tree=21
num_leaves=63
num_cat=0
split_feature=0 5 8 49 0 49 49 5 4 49 49 43 5 49 44 5 50 49 49 37 23 22 50 35 0 38 50 42 42 30 31 50 50 49 49 17 50 31 1 17 50 47 37 31 37 44 23 50 44 50 8 5 49 50 49 49 38 41 1 23 50 23
split_gain=4.61682e+06 1.15144e+06 584626 331915 230188 209651 186373 139097 102081 98722 91960.5 91094.6 78055.2 73791.7 62269.2 56809.3 54971.9 51291.1 73994.4 47842.9 46964.1 45497.8 43649.9 41785.1 40019.5 36949.3 41113.2 32607.9 32593.5 32343.1 39656.2 29805.9 29320.8 28717 28564.1 29051.5 28492.1 28372.3 27842.1 26990.8 26834.8 25390 29358.1 24098.1 24093.7 24056.8 23354.5 29237.1 33258.4 30009.6 23694.1 22756.2 22623.1 35126.3 32238.3 23245.3 22427.2 22407.6 42183.8 22212.6 22063.2 27868.1
threshold=34.100000381469734 22.149999618530277 0.16649999469518664 9.5000000000000018 51.100000381469734 9.5000000000000018 19.500000000000004 41.100000381469734 40.049999237060554 18.500000000000004 11.500000000000002 0.48550000786781317 39.100000381469734 16.500000000000004 24.82499980926514 10.050000190734865 10.500000000000002 17.500000000000004 11.500000000000002 27.685000419616703 16.685000419616703 0.0084999999962747114 1.5000000000000002 31.809999465942386 75.500000000000014 47.995000839233406 6.5000000000000009 26.349999427795414 15.250000000000002 13.565000057220461 33.995000839233406 6.5000000000000009 10.500000000000002 3.5000000000000004 11.500000000000002 34.995000839233406 1.5000000000000002 30.005000114440922 20.050000190734867 60.014999389648445 9.5000000000000018 -4.8327114582061759 24.355000495910648 41.995000839233406 13.694999694824221 36.194999694824226 29.765000343322757 10.500000000000002 26.035000801086429 11.500000000000002 0.17650000005960467 13.050000190734865 10.500000000000002 9.5000000000000018 18.500000000000004 19.500000000000004 66.009998321533217 6.8577058315277108 4.0499999523162851 32.93499946594239 6.5000000000000009 27.345000267028812
decision_type=10 10 8 2 10 2 2 10 10 2 2 8 10 2 10 10 2 2 2 10 8 8 2 10 10 10 2 10 10 8 10 2 2 2 2 10 2 8 10 10 2 10 8 10 10 10 8 2 10 2 8 8 2 2 2 2 8 10 10 8 2 10
left_child=1 5 7 20 13 8 12 14 15 10 51 22 21 23 36 31 38 18 -9 29 -3 -5 56 34 -13 26 41 43 -8 32 -31 -1 37 -10 -4 -36 -2 -12 -11 -24 -20 42 -23 -14 -17 -37 47 50 -49 -50 -41 -7 -38 54 -54 -55 -6 -21 -59 -26 61 -22
right_child=2 3 4 6 11 9 28 17 33 16 19 24 27 -15 -16 44 -18 -19 40 57 60 25 39 -25 59 -27 -28 -29 -30 30 -32 -33 -34 -35 35 45 52 -39 -40 46 -42 -43 -44 -45 -46 -47 -48 48 49 -51 -52 -53 53 55 -56 -57 -58 58 -60 -61 -62 -63
leaf_value=-0.24608742476608503 -0.25702435101889415 -0.22987030608708309 0.18570712404747552 0.023352787157882721 0.37786742519872019 -0.20743626422625769 0.021088753741960023 0.013407212296658338 -0.11127974995230015 -0.18245607227617136 0.32985111908460379 0.5563663260789089 0.37942749029427975 0.19847098559931428 0.14735330812669475 -0.30528179397804867 -0.26606951262204459 0.16688360682898351 0.56028364926419527 -0.22602519410488764 -0.071873427247436783 0.61582815501007881 0.51653282116551913 0.18901630125332089 0.71673024563001764 0.096218616967032378 0.13090325806953226 0.12292649372508482 -0.11523500117336474 0.33406911872897554 0.065882289723081203 -0.33381355308426414 -0.12346517811251266 -0.19780016139815776 0.55362047374107337 0.38902319822997034 -0.076786376524681024 -0.012272506941569179 -0.07772636338397354 1.051834965024584 0.24084440588392991 0.17444385536265075 0.27878870387468896 0.22403502342280809 -0.19248917775680699 0.16171395216415455 0.2658646947891935 0.41014845363954494 -0.56295473106487959 0.31721153635552479 0.47524728956126094 -0.073148877730465856 0.59240009439312169 0.043534515529616458 0.11953400044007528 -0.25423115124439566 -0.17247746595266192 1.1264568807962148 -0.083085836413073114 1.1136454567069858 -0.13602577448647343 0.11308766976868334
leaf_weight=16704 1134 6455 1763 11019 314 5015 9393 1005 18704 11399 1036 8385 4581 11172 10614 5613 9288 4730 3148 1749 9084 1226 6578 3359 2166 14137 5064 3803 8223 2623 2905 23034 2110 19683 2540 16048 4710 1460 14316 186 831 1408 1366 5479 30254 1255 2880 751 211 179 4236 8505 409 1867 3036 1010 451 92 333 421 8559 2625
leaf_count=16704 1134 6455 1763 11019 314 5015 9393 1005 18704 11399 1036 8385 4581 11172 10614 5613 9288 4730 3148 1749 9084 1226 6578 3359 2166 14137 5064 3803 8223 2623 2905 23034 2110 19683 2540 16048 4710 1460 14316 186 831 1408 1366 5479 30254 1255 2880 751 211 179 4236 8505 409 1867 3036 1010 451 92 333 421 8559 2625
internal_value=-8.15682e-11 -0.106586 0.298616 0.0361543 0.387588 -0.182048 0.0965852 0.126403 -0.222046 -0.107094 -0.0329421 0.498749 0.147558 0.305278 0.058849 -0.255761 -0.161809 0.284821 0.396747 0.0659405 -0.112416 0.107011 0.421837 0.353074 0.609407 0.146743 0.225545 0.247647 -0.042546 0.111599 0.193135 -0.296938 0.0137422 -0.155643 0.37858 0.395716 -0.0183649 0.129731 -0.124151 0.4406 0.49357 0.345362 0.438206 0.294796 -0.210141 0.372536 0.38144 0.441274 0.215617 -0.158981 0.4995 -0.12296 0.00616738 0.0679694 0.175674 -0.0609991 0.0534157 -0.146896 0.178745 0.781323 -0.0750093 -0.0304076
internal_weight=362634 267245 95389 92422 62895 174823 65699 32494 113992 60831 25828 26758 48083 36137 22780 75605 35003 9714 4984 12308 26723 34220 15786 24965 10972 23201 9064 13863 17616 10134 5528 39738 4606 38387 21606 19843 12166 2496 25715 15021 3979 4000 2592 10060 35867 17303 8443 5563 1141 390 4422 13520 11032 6322 3445 2877 765 2174 425 2587 20268 11709
internal_count=362634 267245 95389 92422 62895 174823 65699 32494 113992 60831 25828 26758 48083 36137 22780 75605 35003 9714 4984 12308 26723 34220 15786 24965 10972 23201 9064 13863 17616 10134 5528 39738 4606 38387 21606 19843 12166 2496 25715 15021 3979 4000 2592 10060 35867 17303 8443 5563 1141 390 4422 13520 11032 6322 3445 2877 765 2174 425 2587 20268 11709
is_linear=0
shrinkage=0.05


Tree=22
num_leaves=63
num_cat=0
split_feature=6 0 5 15 49 49 49 6 9 0 49 0 50 49 49 49 31 29 0 6 50 45 0 51 29 43 50 0 2 50 5 50 4 17 28 24 29 46 50 9 23 5 50 30 49 50 6 36 9 17 47 51 30 16 15 30 49 49 49 49 16 40
split_gain=4.27801e+06 829780 723576 282142 234379 170093 161345 154770 103172 93553.8 90257.7 81602.7 70854.7 56796.8 53346.3 65564.3 49065.2 43346 42420.4 37606.4 39110.2 37500.6 35545.2 34291.6 32844.7 30872 30606.3 30123 29926.5 27806.3 26311.9 26150.8 26356.3 25754.2 25543.2 25213.5 24839.9 24648.3 24282.9 25826.7 25339.8 23597.2 23180.3 22688.5 22437.2 22123.7 22076.3 21793.6 21335.7 20758.8 21798.4 20575.4 20564.1 20536.3 22148.3 20342.5 20246.4 22315.3 19898.5 19820.9 26774.5 19817.6
threshold=30.050000190734867 40.049999237060554 19.10000038146973 0.1225000023841858 10.500000000000002 16.500000000000004 17.500000000000004 10.050000190734865 13.885000228881838 63.500000000000007 9.5000000000000018 39.049999237060554 10.500000000000002 9.5000000000000018 18.500000000000004 12.500000000000002 49.995000839233406 0.33249999582767492 27.050000190734867 75.500000000000014 2.5000000000000004 44.995000839233406 28.10000038146973 4.5000000000000009 0.03849999979138375 0.76649999618530285 5.5000000000000009 54.500000000000007 16.10000038146973 10.500000000000002 72.500000000000014 4.5000000000000009 39.100000381469734 37.989999771118171 23.349999427795414 49.004999160766609 0.22150000184774402 36.004999160766609 6.5000000000000009 20.025000572204593 18.105000495910648 6.0499999523162851 9.5000000000000018 27.295000076293949 17.500000000000004 9.5000000000000018 71.500000000000014 0.27850000560283666 31.654999732971195 54.010000228881843 -13.62421131134033 2.5000000000000004 26.335000038146976 29.914999961853031 0.63350000977516185 27.515000343322757 8.5000000000000018 5.5000000000000009 17.500000000000004 12.500000000000002 29.73499965667725 -5.2873327732086173
decision_type=10 10 10 10 2 2 2 8 8 10 2 10 2 2 2 2 10 10 8 10 2 10 8 2 8 8 2 10 8 2 8 2 10 10 10 10 10 10 2 8 10 10 2 10 2 2 10 10 10 10 8 2 10 10 8 8 2 2 2 2 10 8
left_child=2 4 7 8 -2 9 12 26 -4 13 17 36 16 -3 15 -12 19 55 56 30 -21 44 35 -23 31 33 -1 42 -14 -16 47 -11 37 46 52 -17 58 53 51 40 -40 -28 -7 -39 -13 -8 -15 -6 -30 -29 -51 -18 -24 54 -33 -9 57 -10 59 -5 -61 -45
right_child=1 5 3 11 6 27 45 10 18 24 14 21 28 25 29 22 38 -19 -20 20 -22 23 34 -25 -26 -27 41 49 48 -31 -32 32 -34 -35 -36 -37 -38 43 39 -41 -42 -43 -44 61 -46 -47 -48 -49 -50 50 -52 -53 -54 -55 -56 -57 -58 -59 -60 60 -62 -63
leaf_value=-0.20461505221371087 -0.058323024232541834 0.030828492949064548 -0.22132389417347731 0.059021895015100884 0.36484535783813832 0.25360965718913075 0.075852910989272188 -0.2538897589461892 -0.086604147152599911 0.38674852386897896 -0.096625474309631365 0.44903757712541187 -0.05065173119451969 0.49291012653673721 -0.10579624284211815 0.1425605982036478 0.037005757864521684 -0.12715176222577479 0.019927611846549509 -0.26010873133035484 0.76585623494134891 0.2494211210676873 0.35757777026224447 -0.036727926294504339 0.88016756642519567 0.59752041916567178 -0.32797704895754443 0.4603134203010692 0.15519553869710886 -0.24580364077496697 0.58098745539435481 0.53281294825451786 1.0152521509571559 0.38687081724035427 0.060743151433360801 -0.13254073920030929 -0.12441249918616998 0.6297339526988881 0.31510326848580289 0.26194476770830549 1.7463020695468128 -0.24583808169749843 0.04020880048543455 1.5055585564614127 0.20941954227158585 -0.072138201544510547 0.89475839701419435 0.24764079730683891 0.98089642016217116 0.48244130540144997 0.23788201670588061 0.20723154459587445 1.3428362051465295 0.48398937995184127 0.89760352276162969 -0.18148761534638447 -0.038402570839116301 -0.23420917942473715 0.0009367146850169589 0.24160158823307676 -0.0012203662363563731 0.65480222834326396
leaf_weight=20440 13277 928 9556 7771 6008 9774 13761 19086 14473 1548 9066 2499 2530 2496 15528 1774 3305 20459 17878 106 751 2924 1428 1631 964 2451 15410 2872 3546 4596 798 930 388 17504 938 1570 1624 426 65 3538 59 20213 1463 190 1604 3093 396 11671 80 1176 4046 3835 55 3552 753 19731 19141 3111 5744 4476 1521 107
leaf_count=20440 13277 928 9556 7771 6008 9774 13761 19086 14473 1548 9066 2499 2530 2496 15528 1774 3305 20459 17878 106 751 2924 1428 1631 964 2451 15410 2872 3546 4596 798 930 388 17504 938 1570 1624 426 65 3538 59 20213 1463 190 1604 3093 396 11671 80 1176 4046 3835 55 3552 753 19731 19141 3111 5744 4476 1521 107
internal_value=-3.15815e-11 0.246672 -0.119562 -0.0107161 0.129589 0.396332 0.176534 -0.187605 -0.0697613 0.465957 -0.148468 0.116433 0.235903 0.414282 -0.0847449 -0.0127934 0.267479 -0.186046 -0.0432365 0.315166 0.638957 0.245722 0.11904 0.14696 0.604653 0.429857 -0.253386 0.278798 0.0813265 -0.137772 0.300148 0.571007 0.615954 0.409709 0.264954 0.0134012 0.0634721 0.589951 0.182125 0.286803 0.996077 -0.28137 0.225826 0.863605 0.355363 0.048694 0.547935 0.287471 0.173413 0.35234 0.292957 0.128437 0.394118 0.552157 0.696026 -0.217087 -0.0739853 -0.112719 0.0791099 0.111724 0.180015 1.19906
internal_weight=362634 118387 244247 93953 66423 51964 53146 150294 64159 32633 94231 29794 36292 23775 34955 14831 30136 59276 54603 19334 857 8658 5765 4555 8858 22847 56063 19331 6156 20124 18477 7894 6346 20396 2421 3344 21136 5958 10802 3662 124 35623 11237 723 4103 16854 2892 17679 3626 8094 5222 7140 1483 5235 1683 38817 36725 17584 19512 13768 5997 297
internal_count=362634 118387 244247 93953 66423 51964 53146 150294 64159 32633 94231 29794 36292 23775 34955 14831 30136 59276 54603 19334 857 8658 5765 4555 8858 22847 56063 19331 6156 20124 18477 7894 6346 20396 2421 3344 21136 5958 10802 3662 124 35623 11237 723 4103 16854 2892 17679 3626 8094 5222 7140 1483 5235 1683 38817 36725 17584 19512 13768 5997 297
is_linear=0
shrinkage=0.05


Tree=23
num_leaves=63
num_cat=0
split_feature=6 0 0 8 49 6 49 49 49 0 9 1 0 35 49 6 9 45 49 13 6 37 49 49 49 37 29 29 38 51 0 8 43 4 6 51 9 30 40 9 30 30 42 49 49 30 4 16 18 51 2 37 30 37 0 40 7 16 23 42 9 9
split_gain=3.86242e+06 719133 699569 336710 222481 153755 151272 126530 87354.1 72686 72232.1 64187 57054.2 50671.3 43984.1 40638.7 37300.1 36718 36503.5 35955.1 37310.5 30495.2 29872.8 29967 29389.9 30226.7 29311.6 26039.5 27558.1 25726.4 25056.4 25032.8 24560 24538.5 24461.5 23035.7 23051.9 22053.6 21755.1 21670 38913.9 21200.7 21193.9 21146.2 21497.6 20983.4 24635.6 20969 20961.8 20873.4 20603.2 20944.3 20166.9 19953.6 19681.1 18900.9 18436.1 18234.3 21313 18110.5 17849.9 17427.5
threshold=31.050000190734867 20.050000190734867 44.149999618530281 0.063500002026557936 10.500000000000002 10.050000190734865 17.500000000000004 16.500000000000004 9.5000000000000018 37.049999237060554 16.744999885559086 16.10000038146973 65.500000000000014 27.94999980926514 18.500000000000004 19.10000038146973 19.615000724792484 61.995000839233406 12.500000000000002 0.46885004639625555 53.500000000000007 29.545000076293949 16.500000000000004 11.500000000000002 10.500000000000002 15.864999771118166 0.01350000035017729 0.024500000290572647 49.004999160766609 4.5000000000000009 35.100000381469734 0.35050000250339514 0.76649999618530285 39.100000381469734 6.0499999523162851 3.5000000000000004 23.384999275207523 30.535000801086429 -8.4331388473510724 20.445000648498539 14.954999923706056 8.9849996566772479 48.049999237060554 3.5000000000000004 8.5000000000000018 21.785000801086429 29.050000190734867 15.275000095367433 15.925000190734865 1.0000000180025095e-35 32.049999237060554 33.475000381469734 18.884999275207523 28.085000038146976 38.100000381469734 -6.7622554302215567 37.95000076293946 20.755000114440922 16.125000000000004 31.550000190734867 7.1250000000000009 24.685000419616703
decision_type=10 10 10 10 2 8 2 2 2 10 8 8 10 10 2 8 8 10 2 10 10 8 2 2 2 8 8 8 10 2 8 10 8 10 10 2 10 10 8 10 10 8 10 2 2 8 10 8 10 2 8 10 8 8 10 8 10 8 8 8 8 10
left_child=1 5 4 10 61 34 11 12 16 27 42 -6 24 19 18 -12 -7 22 47 20 55 38 23 -11 -4 57 33 28 -5 -19 -8 -9 48 37 -1 -22 45 -14 -21 40 49 -31 -3 -18 -45 -37 -47 -10 -27 -20 -41 52 59 -28 -17 -13 -42 58 -26 -52 -51 -2
right_child=2 3 7 9 6 8 30 31 14 17 15 13 26 -15 -16 54 43 29 39 21 35 -23 -24 -25 25 32 53 -29 -30 41 -32 -33 -34 -35 -36 36 -38 -39 -40 50 56 -43 -44 44 -46 46 -48 -49 -50 60 51 -53 -54 -55 -56 -57 -58 -59 -60 -61 -62 -63
leaf_value=-0.27830284777836767 -0.084714347217023395 -0.14744068322884746 0.053935296192413065 0.19233763055745226 0.102008884393778 -0.23053291101149906 0.019586467602280853 0.25107247297820101 -0.16479845655821115 0.016651820136096052 -0.091442277958383111 0.38117957131401464 0.51343438898602267 0.13993971908779287 -0.13983820943935552 -0.021610006055270928 -0.10517868678175196 0.19321313563542791 -0.28954247952010986 0.43315167703704821 0.37719163095582586 0.16306834125826872 0.1902417971981496 0.4303616573605491 0.90836144645367911 0.47934492774409698 0.45830769513947489 -0.00880207767817868 0.052169563012246671 0.57393068424259708 0.14097857953525231 0.39465563690230127 0.58893603027035502 0.92321294474051308 -0.21058970001960248 0.59296404712095119 0.45535643802380132 1.2656613578286136 0.23301409404499124 -0.12242049036397498 0.30945646060258436 -0.14514387839684081 -0.31219354498536284 -0.20603236394390534 -0.095961523379557406 0.82614827059362439 1.7700862836129596 -0.035597936941882076 0.36094328371975204 -0.25715466837821416 -0.037871245839702555 1.0536239192755499 -0.2186412401610825 0.96846527149826689 0.092836310956426471 0.24676701197776102 0.83033336648579259 0.31951491261821197 2.0955476665496824 1.0897385898193246 0.17976764313244797 0.051140365769045106
leaf_weight=27140 8741 9252 516 5896 6879 21265 10889 10796 4309 499 24507 4256 6170 6184 17461 22686 16497 2276 370 2434 2769 6775 4278 3564 155 6115 257 6928 8653 112 6973 4223 2102 413 26226 444 1063 99 3071 1679 658 1209 2474 17941 5893 219 101 11580 9617 271 67 71 197 754 4502 6785 229 83 50 76 1701 3234
leaf_count=27140 8741 9252 516 5896 6879 21265 10889 10796 4309 499 24507 4256 6170 6184 17461 22686 16497 2276 370 2434 2769 6775 4278 3564 155 6115 257 6928 8653 112 6973 4223 2102 413 26226 444 1063 99 3071 1679 658 1209 2474 17941 5893 219 101 11580 9617 271 67 71 197 754 4502 6785 229 83 50 76 1701 3234
internal_value=9.94483e-12 -0.1092 0.243842 -0.00248634 0.148426 -0.176463 0.188406 0.407254 -0.139971 0.125961 -0.0701622 0.241334 0.47331 0.269439 -0.0810688 -0.0447485 -0.176949 0.224872 -0.0326826 0.298125 0.34841 0.234093 0.282457 0.379552 0.426025 0.43662 0.58787 0.0709813 0.108973 0.0913412 0.0669757 0.291445 0.428414 0.549907 -0.245026 0.468118 0.605925 0.525314 0.321504 0.0806933 0.161887 -0.0841777 -0.182201 -0.148696 -0.178817 0.81542 1.12408 -0.0706363 0.406966 0.0550662 -0.0447494 0.272549 0.109442 0.838781 -0.0026591 0.298579 0.443933 0.944768 1.19792 0.561418 0.119724 -0.0480251
internal_weight=362634 250467 112167 96836 70817 153631 58842 41350 100265 33415 63421 40980 26331 34101 38669 51695 61596 11938 21208 27917 15637 12280 8341 4063 18638 18122 7693 21477 14549 3597 17862 15019 17834 6682 53366 4596 1827 6269 5505 5319 3229 1321 11726 40331 23834 764 320 15889 15732 2342 2090 411 340 1011 27188 11041 887 288 205 143 1972 11975
internal_count=362634 250467 112167 96836 70817 153631 58842 41350 100265 33415 63421 40980 26331 34101 38669 51695 61596 11938 21208 27917 15637 12280 8341 4063 18638 18122 7693 21477 14549 3597 17862 15019 17834 6682 53366 4596 1827 6269 5505 5319 3229 1321 11726 40331 23834 764 320 15889 15732 2342 2090 411 340 1011 27188 11041 887 288 205 143 1972 11975
is_linear=0
shrinkage=0.05


Tree=24
num_leaves=63
num_cat=0
split_feature=6 0 0 8 49 6 49 49 50 49 0 16 0 49 16 50 51 37 13 44 49 49 29 38 50 37 49 16 8 49 50 50 50 39 4 49 49 4 44 44 2 50 37 35 20 49 43 31 30 29 37 50 6 50 44 37 50 30 6 10 39 6
split_gain=3.48772e+06 679509 595896 279595 210812 134339 128888 128510 77288.7 73664.9 67429.7 63919.9 63696.4 59014.7 72132.7 66016.1 68732 50729.5 45367.6 41517.4 37416.7 40882.4 36166.3 36595.9 35860.6 34992.3 34512.1 33680.2 31387.5 30322.8 29312 29037.8 38443.1 36427.8 28747.2 28274.2 50885.6 34953.9 28258.6 28078 37183.9 27400.9 31515.4 27048.2 26196.9 26149.9 26017.3 25886.9 33462.6 25720 29260.9 25058.7 24910.1 24386.4 38954.8 24072.2 35316.1 23034.7 22529.1 26723.5 20931.6 20830.8
threshold=30.050000190734867 42.049999237060554 20.050000190734867 0.063500002026557936 9.5000000000000018 10.050000190734865 18.500000000000004 16.500000000000004 10.500000000000002 9.5000000000000018 48.20000076293946 23.865000724792484 63.500000000000007 11.500000000000002 29.204999923706058 2.5000000000000004 3.5000000000000004 18.255000114440922 -6.9424092769622794 22.404999732971195 17.500000000000004 12.500000000000002 0.034500000998377807 65.005001068115249 1.5000000000000002 33.315000534057624 11.500000000000002 17.505000114440922 0.11250000074505807 13.500000000000002 6.5000000000000009 4.5000000000000009 6.5000000000000009 33.995000839233406 31.050000190734867 9.5000000000000018 18.500000000000004 44.100000381469734 25.82499980926514 21.404999732971195 13.050000190734865 1.5000000000000002 15.864999771118166 25.349999427795414 4.5606942176818857 11.500000000000002 0.045500000938773162 26.994999885559086 16.564999580383304 0.16950000077486041 27.144999504089359 5.5000000000000009 73.500000000000014 10.500000000000002 28.445000648498539 36.204999923706062 5.5000000000000009 26.335000038146976 66.500000000000014 36.995000839233406 15.795000076293947 19.10000038146973
decision_type=10 10 10 10 2 8 2 2 2 2 10 8 10 2 10 2 2 8 10 8 2 2 8 10 2 10 2 8 10 2 2 2 2 10 10 2 2 10 10 8 8 2 8 10 8 2 8 10 8 8 8 2 10 2 10 10 2 8 10 10 10 8
left_child=2 4 5 11 -2 51 8 12 13 27 22 35 26 -6 15 16 17 -15 52 28 21 -11 23 -5 -25 39 -3 -7 -20 -18 -29 -14 33 49 -34 37 45 -4 -32 -10 -41 60 -43 -12 57 -37 -9 48 -21 50 -33 -1 -17 58 -55 -35 -57 -16 -44 -60 -28 -13
right_child=1 7 3 10 6 9 -8 46 25 20 43 61 31 14 44 18 29 -19 19 47 -22 -23 -24 24 -26 -27 41 30 -30 -31 38 32 34 55 -36 36 -38 -39 -40 40 -42 42 53 -45 -46 -47 -48 -49 -50 -51 -52 -53 -54 54 -56 56 -58 -59 59 -61 -62 -63
leaf_value=-0.18672577211084906 -0.078620400532813717 0.12276773940022796 -0.20898098586717723 0.17614770941350691 0.11249172277924868 -0.23195004672785613 0.027372140275124707 0.18048211112926538 -0.11474967509078152 -0.068920954355434869 0.36171890020293551 -0.067524620412293401 0.36356118208051019 0.36572667476591175 0.15783727915151938 0.48093388847530555 0.11679422554020882 -0.095301426045069304 1.0717375285993398 0.8820446066558425 -0.13110293225393796 0.1077731514012485 -0.0065508994301693478 -0.30729021003809992 0.069134116368934309 1.3560987351863991 0.41343496559787174 -0.10097774926946822 0.46131936333595447 0.50125077618663538 -0.21787907650522681 1.1907511019939288 0.45317948360026572 1.3107788002519292 0.84248541201844263 -0.052513752781693936 -0.11044046703869413 -0.064482549241108161 -0.10466765537503829 -0.12200775582806921 0.18407640317738083 0.91799424765263926 0.39299172573518804 0.085980276672015771 0.051864785278660397 0.33478515319932656 0.30825163051511528 0.24151003928675818 0.3532285205107239 1.1340641212285214 0.5067668137848228 -0.25826737396252847 0.94487110417959075 0.3257096811744189 -0.34677599933638703 -0.44764375355508595 0.99258555511930102 0.37622976470070996 0.87495347473084539 0.47920134024964328 -0.14711950400811041 0.012463900942948887
leaf_weight=19016 10731 1175 12432 11587 8576 15488 13789 6212 2049 15392 3444 14393 1748 789 4531 3315 767 2448 266 345 18101 4158 7789 705 6170 51 289 19842 1011 1548 17408 173 3891 395 540 718 7838 6309 8066 1343 3799 304 13450 1199 4006 1109 11110 7899 2251 230 1626 34350 317 1356 256 54 201 1646 497 3010 393 18733
leaf_count=19016 10731 1175 12432 11587 8576 15488 13789 6212 2049 15392 3444 14393 1748 789 4531 3315 767 2448 266 345 18101 4158 7789 705 6170 51 289 19842 1011 1548 17408 173 3891 395 540 718 7838 6309 8066 1343 3799 304 13450 1199 4006 1109 11110 7899 2251 230 1626 34350 317 1356 256 54 201 1646 497 3010 393 18733
internal_value=-1.35428e-10 0.222725 -0.107955 -0.00786101 0.125682 -0.168891 0.161773 0.37059 0.20124 -0.134264 0.114869 -0.0694814 0.433911 0.228632 0.260618 0.313666 0.165846 0.0170715 0.366944 0.319282 -0.0793021 -0.0313407 0.0838031 0.121923 0.0305335 0.0510203 0.385956 -0.168297 0.58847 0.373874 -0.146542 0.546139 0.591026 0.740549 0.500624 -0.124514 -0.0550502 -0.160337 -0.182032 0.0417644 0.104133 0.40177 0.413021 0.290513 0.151449 0.182579 0.262431 0.286528 0.423506 0.636194 0.572542 -0.232775 0.521426 0.404754 0.218913 1.0663 0.687596 0.216033 0.422421 0.535286 0.0904175 -0.0222905
internal_weight=362634 118387 244247 92426 71477 151821 60746 46910 46957 98455 30894 61532 29588 39715 31139 20956 5552 3237 15404 11772 37651 19550 26251 18462 6875 7242 20730 60804 1277 2315 45316 8858 7110 2679 4431 28406 9665 18741 25474 7191 5142 19555 18873 4643 10183 1827 17322 10495 2596 2029 1799 53366 3632 18569 1612 650 255 6177 16957 3507 682 33126
internal_count=362634 118387 244247 92426 71477 151821 60746 46910 46957 98455 30894 61532 29588 39715 31139 20956 5552 3237 15404 11772 37651 19550 26251 18462 6875 7242 20730 60804 1277 2315 45316 8858 7110 2679 4431 28406 9665 18741 25474 7191 5142 19555 18873 4643 10183 1827 17322 10495 2596 2029 1799 53366 3632 18569 1612 650 255 6177 16957 3507 682 33126
is_linear=0
shrinkage=0.05


Tree=25
num_leaves=63
num_cat=0
split_feature=5 0 0 8 49 49 49 5 49 0 31 49 16 22 43 0 49 30 44 49 23 42 28 23 16 4 5 23 31 45 38 40 43 4 29 31 4 44 0 47 29 44 44 0 27 11 49 16 44 51 2 4 49 41 29 42 2 0 28 49 7 5
split_gain=3.1482e+06 671869 434445 229985 178666 168941 128586 111936 103576 77802.6 70701.7 58928.5 56096.2 56075.9 50124.5 49872.9 33749.5 33736.8 36623.9 33114.4 31372.2 30396.8 29326.1 39531.9 27849.2 27824.3 27441.9 27330.2 32185.7 27316.9 25819 25773 23692.9 23377.3 22581.4 21756 20852 20842.8 20737.7 20312.6 20080.2 19858.3 19812.2 19614.7 19160 19024.4 18710.7 18576.7 18197.5 18038.4 25464.9 17338.2 26810.4 19021.9 16800.9 20491.5 16115.5 16109.1 16621.8 16036.9 21226.6 16023.5
threshold=28.050000190734867 39.049999237060554 18.10000038146973 0.043500000610947616 9.5000000000000018 17.500000000000004 11.500000000000002 10.050000190734865 17.500000000000004 54.500000000000007 40.004999160766609 9.5000000000000018 24.724999427795414 0.033500000834465034 0.71650001406669628 45.049999237060554 19.500000000000004 21.865000724792484 21.494999885559086 15.500000000000002 12.894999980926515 35.549999237060554 11.050000190734865 26.875000000000004 26.175000190734867 21.050000190734867 21.050000190734867 11.784999847412111 10.019999980926515 34.924999237060554 32.995000839233406 -12.690458774566649 0.012500000186264517 50.049999237060554 0.057499999180436141 52.995000839233406 44.100000381469734 25.015000343322757 29.050000190734867 -9.8924779891967756 0.16950000077486041 21.765000343322757 21.675000190734867 6.0499999523162851 0.31367303431034094 24.894999504089359 12.500000000000002 18.144999504089359 16.005000114440922 3.5000000000000004 105.50000000000001 13.050000190734865 11.500000000000002 8.4298543930053729 0.012500000186264517 15.250000000000002 80.500000000000014 101.50000000000001 5.1499998569488534 13.500000000000002 47.250000000000007 67.500000000000014
decision_type=10 8 10 10 2 2 2 8 2 8 10 2 8 8 8 10 2 8 8 2 8 10 10 8 8 10 8 8 10 10 10 8 8 10 8 10 10 10 10 10 10 8 8 10 10 10 2 8 8 2 10 8 2 10 10 8 8 10 8 2 10 10
left_child=2 4 7 12 40 6 42 33 13 19 15 20 37 24 25 17 27 18 -5 35 -9 44 23 30 46 29 -12 -13 39 -11 -15 -31 -7 43 41 -8 -22 -4 -14 -29 -2 -27 -3 -1 -10 -33 -6 -21 59 50 57 -30 -53 -54 55 -20 -16 58 -43 -24 -61 -60
right_child=1 5 3 10 8 32 9 11 21 14 26 16 38 22 56 -17 -18 -19 54 47 36 -23 48 -25 -26 34 -28 28 51 31 -32 45 -34 -35 -36 -37 -38 -39 -40 -41 -42 49 -44 -45 -46 -47 -48 -49 -50 -51 -52 52 53 -55 -56 -57 -58 -59 61 60 -62 -63
leaf_value=-0.27201657575824895 -0.16071454772172278 -0.1230567875041999 -0.14096169331377897 0.090842672965775417 0.014555430103418202 0.099030355304343717 0.41062978003834288 -0.2755963416819231 0.11074229808490239 0.53992664792494638 -0.052398223898350665 -0.15616457117644922 -0.0586160016879149 0.54590705878858192 0.59436502172256611 0.45809407643546973 -0.14211254901078657 0.049560532071185256 0.59792872895800131 0.56398623568238693 -0.17075814100230235 -0.14593331857658556 0.15443979248566075 0.12724650258156289 0.20713184220580391 0.1780913827927002 0.078653309337546107 0.48660634363927369 -0.091613510513977314 0.48235837143221538 0.29288936482411926 0.36672065700536405 0.22305960598631938 -0.13570738804288729 0.82666946317040135 0.2827259319264554 -0.095348815453696334 -0.011496214323285269 0.030887877036959541 0.079048716431281654 -0.031953134006190133 0.14099591409458834 0.14225740884585283 -0.20708182007359255 -0.00016330472918512775 0.20488517769812875 0.2083245730204277 0.22093092451408536 0.14561793637906381 0.3989898417336839 1.6849756014375192 -0.039211821284124322 0.11931636765927341 0.64002512454479465 0.1131092238449122 0.29661457617602188 1.0329140452487444 1.2841763810493436 0.51364548552603384 0.35471842316326813 1.0737216922436248 0.82196624298570298
leaf_weight=21210 4853 1051 28526 2657 8139 6425 9289 5644 7246 2051 6978 3864 22622 1156 3456 1440 12587 4989 869 416 34751 2236 427 3496 3608 497 9343 484 6284 2370 7890 3967 9609 6569 512 5178 12452 3489 9065 830 8051 221 2129 25747 8419 3349 1471 7679 11789 1993 53 5702 2146 191 630 1609 223 78 1570 335 148 576
leaf_count=21210 4853 1051 28526 2657 8139 6425 9289 5644 7246 2051 6978 3864 22622 1156 3456 1440 12587 4989 869 416 34751 2236 427 3496 3608 497 9343 484 6284 2370 7890 3967 9609 6569 512 5178 12452 3489 9065 830 8051 221 2129 25747 8419 3349 1471 7679 11789 1993 53 5702 2146 191 630 1609 223 78 1570 335 148 576
internal_value=-1.6398e-10 0.194785 -0.111424 -0.027344 0.087448 0.313374 0.36149 -0.167422 0.125873 0.383939 0.0906757 -0.131734 -0.0801732 0.172117 0.453406 0.181761 -0.0782863 0.144759 0.227143 0.319539 -0.164187 0.0265213 0.215807 0.270038 0.0886854 0.417647 0.0226226 -0.0370893 -0.00766512 0.37416 0.325223 0.33906 0.17336 -0.224053 0.510447 0.364851 -0.150865 -0.126853 -0.0330108 0.229169 -0.0803784 0.477988 0.0545702 -0.236412 0.0511372 0.292638 0.0442156 0.23856 0.162247 0.511176 0.600683 -0.0293924 0.0192452 0.161873 0.343665 0.402281 0.620947 0.577179 0.553881 0.377678 0.575034 0.596401
internal_weight=362634 131956 230678 92217 69264 62692 46658 138461 56360 43478 28515 84935 63702 38459 20916 12194 32088 10754 5765 22562 52847 17901 25241 12542 13218 17237 16321 19501 15637 11737 9046 9686 16034 53526 5500 14467 47203 32015 31687 1314 12904 4988 3180 46957 15665 7316 9610 8095 12699 4491 2498 14323 8039 2337 3108 2478 3679 2445 2367 910 483 2146
internal_count=362634 131956 230678 92217 69264 62692 46658 138461 56360 43478 28515 84935 63702 38459 20916 12194 32088 10754 5765 22562 52847 17901 25241 12542 13218 17237 16321 19501 15637 11737 9046 9686 16034 53526 5500 14467 47203 32015 31687 1314 12904 4988 3180 46957 15665 7316 9610 8095 12699 4491 2498 14323 8039 2337 3108 2478 3679 2445 2367 910 483 2146
is_linear=0
shrinkage=0.05


Tree=26
num_leaves=63
num_cat=0
split_feature=0 8 49 49 0 0 49 49 49 50 50 8 49 50 28 35 50 50 49 49 8 50 9 50 50 49 0 4 31 50 16 29 50 18 44 4 3 4 9 50 49 16 50 9 50 49 37 1 9 50 50 50 50 50 3 23 49 31 23 16 50 48
split_gain=2.86267e+06 497005 476195 228322 198056 141739 112764 108624 199665 73999.5 69292.3 61882.1 58030.9 55471.3 48641.7 42204.5 40413.4 39956.9 39919 39821 39656.4 39508.5 38767.7 38010.1 34664.5 31132.2 31098.5 29502.8 29341.1 29011.7 38963.9 27827.1 26128.1 28806.8 25922.1 25851.3 25849.1 25797.6 34319.4 29714.7 25558.3 24237.4 24120.9 26375.3 28787.6 30344.1 29748.7 23592.3 22758.6 22221.5 21854.8 21474.9 22238.2 21098.9 31351.7 22176.5 20859.2 20855.7 20631.9 20125.1 19770.2 19635.7
threshold=30.050000190734867 0.16649999469518664 9.5000000000000018 18.500000000000004 51.100000381469734 16.10000038146973 4.5000000000000009 10.500000000000002 17.500000000000004 10.500000000000002 9.5000000000000018 0.63449999690055858 16.500000000000004 6.5000000000000009 22.550000190734867 31.809999465942386 2.5000000000000004 2.5000000000000004 19.500000000000004 11.500000000000002 0.023500000126659874 1.5000000000000002 28.464999198913578 1.5000000000000002 2.5000000000000004 11.500000000000002 8.0500001907348651 31.050000190734867 29.994999885559086 10.500000000000002 12.50500011444092 0.26049999892711645 9.5000000000000018 12.97499990463257 36.48500061035157 43.250000000000007 36.100000381469734 21.050000190734867 27.884999275207523 2.5000000000000004 12.500000000000002 15.734999656677248 10.500000000000002 29.954999923706058 3.5000000000000004 13.500000000000002 17.515000343322757 5.0499999523162851 21.945000648498539 1.5000000000000002 11.500000000000002 10.500000000000002 6.5000000000000009 6.5000000000000009 22.050000190734867 19.675000190734867 8.5000000000000018 63.995000839233406 16.265000343322757 13.864999771118166 7.5000000000000009 6.00138282775879
decision_type=10 8 2 2 10 8 2 2 2 2 2 8 2 2 10 10 2 2 2 2 10 2 10 2 2 2 10 10 10 2 10 10 2 10 10 10 8 10 8 2 2 8 2 8 2 2 8 10 8 2 2 2 2 2 10 10 2 8 8 8 2 10
left_child=2 7 6 5 12 26 13 16 32 23 17 21 15 24 19 25 -2 -10 -19 41 35 -6 28 -5 -1 -3 -4 -15 29 -21 -31 -18 33 -9 42 -8 -26 38 -23 -40 -28 -7 43 44 45 -27 -47 60 51 -17 -29 52 -42 -25 55 -55 -22 -54 -14 -53 -24 -13
right_child=1 4 3 9 11 14 20 8 10 -11 -12 61 58 27 -16 49 31 18 -20 22 56 37 47 53 36 34 40 50 -30 30 -32 -33 -34 -35 -36 -37 -38 -39 39 -41 48 -43 -44 -45 -46 46 -48 -49 -50 -51 -52 59 57 54 -56 -57 -58 -59 -60 -61 -62 -63
leaf_value=-0.14202542158923756 -0.32289549452137961 0.12636276151345269 -0.14691207059819256 -0.2080541323337374 -0.0095195852525036938 -0.13727117893944049 -0.24265416240978599 0.52253812405727296 -0.063302238515593801 -0.21479491602159226 -0.10055154893009582 0.5358773344301474 0.44571377101386117 -0.22786878213978312 0.017421510473673955 -0.17199766122974078 -0.12237106128650173 0.24981577242673392 0.079403169415739508 0.38949446513520458 -0.19850686159356112 0.45661024131727973 0.82817068663779758 -0.010160312621227584 -0.0605499060087085 0.10586821902696503 -0.055158400406964007 -0.10860429310502139 0.1675399405747493 -0.34301043582920832 0.27727526484201664 0.039975057127015393 0.18932204648851436 0.29588159077176812 0.081473759577691679 -0.15652413537468787 0.066206373455971246 0.44598099109904715 -0.16188205636016609 0.28236028463833907 0.22791582285318587 0.09269163153964817 0.16899751883279371 0.26208942157962339 0.43762004108229624 0.67047430287889487 0.28913608941430863 0.023595064759899601 -0.1116054859066935 0.15848244645228129 -0.2510544428465627 -0.19484328672607976 0.47029736714552989 0.034925587334092366 -0.062529717284560443 -0.34711899850097772 -0.086338684943764565 1.6967530990242961 0.12161896442373868 0.17864302158309722 -0.11617514415893977 0.34903202006296896
leaf_weight=9540 1257 2947 6496 4243 785 1334 42945 2555 3285 10826 5726 7106 510 10123 11065 581 4344 4774 12266 3956 7566 3070 171 17139 15057 1640 11142 21500 7469 339 1000 6727 2036 3106 1305 10929 5488 5214 394 8436 1337 8122 2668 8631 7414 658 2296 3835 1024 4085 3078 606 113 486 14984 1739 9166 50 13224 891 82 1753
leaf_count=9540 1257 2947 6496 4243 785 1334 42945 2555 3285 10826 5726 7106 510 10123 11065 581 4344 4774 12266 3956 7566 3070 171 17139 15057 1640 11142 21500 7469 339 1000 6727 2036 3106 1305 10929 5488 5214 394 8436 1337 8122 2668 8631 7414 658 2296 3835 1024 4085 3078 606 113 486 14984 1739 9166 50 13224 891 82 1753
internal_value=-1.36379e-10 0.20127 -0.0980536 -0.019982 0.28268 0.0463962 -0.160589 0.0727902 0.11919 -0.0992754 0.0530833 0.390824 0.219716 -0.112952 0.105377 0.256395 -0.05423 0.0963657 0.127147 0.142371 -0.204299 0.33733 0.188451 -0.0668685 -0.0632635 0.27994 -0.0553765 -0.156032 0.231369 0.321404 0.120235 -0.0237257 0.342933 0.398179 0.298329 -0.225182 -0.0266906 0.35324 0.312605 0.262538 -0.0161616 0.0602498 0.310471 0.328759 0.376679 0.278331 0.374079 0.0544466 0.0918967 0.117332 -0.126444 0.161428 0.295136 -0.0494279 -0.0885357 -0.26367 -0.13706 0.846511 0.133654 0.0274522 0.522098 0.498905
internal_weight=362634 118793 243841 108449 72717 59032 135392 46076 33748 49417 26051 26758 45959 64786 37373 32225 12328 20325 17040 26308 70606 17899 16852 38591 30085 27559 21659 34701 12764 5295 1339 11071 7697 5661 24612 53874 20545 17114 11900 8830 15163 9456 23307 20639 12008 4594 2954 4088 4021 4666 24578 2997 1500 34348 17209 2225 16732 163 13734 1497 253 8859
internal_count=362634 118793 243841 108449 72717 59032 135392 46076 33748 49417 26051 26758 45959 64786 37373 32225 12328 20325 17040 26308 70606 17899 16852 38591 30085 27559 21659 34701 12764 5295 1339 11071 7697 5661 24612 53874 20545 17114 11900 8830 15163 9456 23307 20639 12008 4594 2954 4088 4021 4666 24578 2997 1500 34348 17209 2225 16732 163 13734 1497 253 8859
is_linear=0
shrinkage=0.05


Tree=27
num_leaves=63
num_cat=0
split_feature=0 0 49 8 49 49 0 49 50 49 50 36 49 49 50 28 44 47 7 49 28 9 50 22 9 0 44 23 10 49 31 9 49 44 38 50 50 31 35 50 16 51 37 2 2 9 50 37 50 37 23 50 49 49 39 51 50 29 50 44 16 50
split_gain=2.58356e+06 452262 429766 213759 206061 132350 127920 102737 66784.6 62124.4 56951.3 53536.5 53155.3 48567.2 45334.6 43899.1 40005.1 39569.2 38820.4 35938.5 35261.3 34987.9 34304.1 30867.2 29986.6 28378.3 28099.3 27677.5 26694.7 32115.1 25996.5 25421.1 25315 30864.8 24238.3 24065.2 23965.3 25017.6 23782.6 22311.8 22273.4 21454.8 25540.4 21177.7 21054.1 20782.6 20771.5 21800.8 20621 20542.4 20366.7 20298.8 24903.9 45431.8 19878.8 19638.7 19501.7 19378.3 18857.1 20762.9 18843.4 18797.1
threshold=30.050000190734867 47.250000000000007 9.5000000000000018 0.063500002026557936 18.500000000000004 17.500000000000004 16.10000038146973 5.5000000000000009 10.500000000000002 16.500000000000004 5.5000000000000009 0.74549999833107006 11.500000000000002 8.5000000000000018 2.5000000000000004 22.550000190734867 26.454999923706058 -12.981659412384031 21.550000190734867 11.500000000000002 22.349999427795414 28.464999198913578 1.5000000000000002 0.44650000333786016 20.654999732971195 6.0499999523162851 25.894999504089359 14.715000152587892 42.995000839233406 11.500000000000002 27.005000114440922 15.275000095367433 12.500000000000002 29.045000076293949 38.879999160766609 1.5000000000000002 10.500000000000002 41.995000839233406 21.550000190734867 1.5000000000000002 19.505000114440922 4.5000000000000009 18.935000419616703 29.050000190734867 5.0499999523162851 27.964999198913578 1.5000000000000002 15.574999809265138 3.5000000000000004 16.015000343322757 26.175000190734867 9.5000000000000018 10.500000000000002 18.500000000000004 13.885000228881838 1.0000000180025095e-35 9.5000000000000018 0.23050000518560412 8.5000000000000018 25.144999504089359 22.595000267028812 7.5000000000000009
decision_type=10 10 2 8 2 2 8 2 2 2 2 8 2 2 2 10 10 8 10 2 10 10 2 10 10 10 10 8 10 2 10 8 2 8 10 2 2 8 10 2 8 2 8 10 10 8 2 10 2 8 8 2 2 2 10 2 2 8 2 8 10 2
left_child=2 3 7 16 6 11 25 10 22 12 14 17 24 -9 -1 19 39 -3 41 40 23 27 -6 34 -5 -4 -12 36 29 -19 -29 -15 -27 55 -14 54 37 46 45 -2 -8 -7 -43 60 61 -11 47 -21 -32 -31 -16 52 57 -54 -30 -34 -36 -41 59 -50 -24 -23
right_child=1 5 4 9 8 18 15 13 -10 38 26 -13 20 31 50 -17 -18 28 -20 21 -22 44 43 -25 -26 32 -28 30 35 49 48 -33 33 -35 56 -37 -38 -39 -40 51 -42 42 -44 -45 -46 -47 -48 -49 58 -51 -52 -53 53 -55 -56 -57 -58 -59 -60 -61 -62 -63
leaf_value=-0.13887897332781812 -0.21744160405726129 0.47172164949028794 -0.18009328270316938 -0.14325092083320243 -0.19765142604758251 0.27257911765771958 -0.085208165232327715 -0.23095638387874723 -0.20405517061599171 0.24177326406266883 -0.16993581545019021 0.53839189981151125 0.4611418566401671 -0.24256789442798024 -0.054099935804962973 0.016550434969825473 0.092177330330601492 0.071843500809170666 -0.015171245988626202 0.35435052358471752 0.15523591867109671 0.80128844967555435 -0.0073076462578397124 0.18148013404585134 0.14888854007865859 -0.061875194825036478 -0.080385456120236592 0.37679632398165108 0.35615687508757993 1.0731149430770208 0.051783825332000877 -0.088909064881942404 -0.15286166477421192 -0.16359521942599764 0.32746652162339979 0.30257829260331714 -0.079139398950030831 -0.034344471522569767 0.00040414930894216408 -0.15466314592699346 0.098577345321415724 0.54209659473218075 0.056284023961743757 -0.0030440763403699316 0.022273785209129128 0.10084398511633351 0.4579003633921887 -0.2938829250673517 0.66028378129824006 0.44872670249259622 0.054121376411172442 -0.099102284088096695 0.54733438644536614 0.053763059695927075 -0.16090183132247654 0.18951428665395728 0.15890879805264307 0.017279539697271397 0.14196123831122995 0.2826778270503067 -0.11507264262822865 -0.094178345397942606
leaf_weight=11488 1476 5174 3633 1226 4243 5993 2127 42211 10826 3644 37117 4207 2754 3538 11224 11065 10130 579 2220 291 6479 168 5848 4820 3098 13371 11466 3324 289 136 1647 11252 484 1060 9059 16877 1221 771 3950 2455 7329 302 2597 15259 3830 9273 942 234 446 4195 7096 5111 518 4665 521 3111 2117 4928 1907 1981 13241 90
leaf_count=11488 1476 5174 3633 1226 4243 5993 2127 42211 10826 3644 37117 4207 2754 3538 11224 11065 10130 579 2220 291 6479 168 5848 4820 3098 13371 11466 3324 289 136 1647 11252 484 1060 9059 16877 1221 771 3950 2455 7329 302 2597 15259 3830 9273 942 234 446 4195 7096 5111 518 4665 521 3111 2117 4928 1907 1981 13241 90
internal_value=-4.45563e-12 0.191207 -0.0931509 0.117603 -0.0189829 0.320518 0.0440764 -0.152559 -0.0943116 0.184334 -0.115419 0.372174 0.228033 -0.203637 -0.0610109 0.100108 0.0118185 0.346993 0.171865 0.135252 0.255794 0.179028 -0.0635251 0.290541 0.0660571 -0.0526077 -0.148801 0.2198 0.318434 0.421578 0.264691 -0.125667 -0.0269139 0.0735087 0.328278 0.289801 0.0990404 0.196251 0.107769 -0.0306832 0.0572373 0.218562 0.106893 -0.0469565 0.0517243 0.140601 0.317443 0.0654236 0.202387 0.468333 -0.0121819 -0.0150892 0.0190816 0.103092 0.0235796 0.14342 0.295538 -0.039895 0.25962 0.352069 -0.0820584 0.488916
internal_weight=362634 118793 243841 75703 108449 43090 59032 135392 49417 46420 78391 31978 29553 57001 29808 37373 29283 27771 11112 26308 25229 16852 38591 18750 4324 21659 48583 12764 22597 4910 9305 14790 18026 4655 13930 17687 3459 2238 16867 19153 9456 8892 2899 34348 4088 12917 1467 525 5981 4331 18320 17677 12566 5183 810 3595 11176 7383 4334 2427 19089 258
internal_count=362634 118793 243841 75703 108449 43090 59032 135392 49417 46420 78391 31978 29553 57001 29808 37373 29283 27771 11112 26308 25229 16852 38591 18750 4324 21659 48583 12764 22597 4910 9305 14790 18026 4655 13930 17687 3459 2238 16867 19153 9456 8892 2899 34348 4088 12917 1467 525 5981 4331 18320 17677 12566 5183 810 3595 11176 7383 4334 2427 19089 258
is_linear=0
shrinkage=0.05


Tree=28
num_leaves=63
num_cat=0
split_feature=6 0 5 49 0 49 49 0 9 5 50 50 50 30 31 50 49 49 49 49 50 8 49 22 44 0 49 9 49 47 37 50 30 10 29 50 0 51 6 16 44 37 50 44 42 49 5 37 43 49 44 50 44 37 31 51 51 50 50 50 6 51
split_gain=2.41143e+06 538312 363109 148154 120729 113205 100543 82072.7 72737.2 67484.9 50350 48003.9 43391.5 49773.4 38853.3 38610.6 37348.9 37379.4 36483.7 40281.9 34215 32780.7 32729 31245.3 31171.6 30983 30418.7 29377.7 61956.7 31417.6 29295 28847.8 29522.8 28335.5 27532.6 27022.6 27317.3 31638.9 26475.4 26080.1 30689.8 25584.2 25292.8 37029.3 25043.1 24509.1 23157 22954.3 22949 22202.1 29695.5 23980.2 23614.8 21963.3 22836.3 20925.9 20800.5 20752.1 22528.5 20724.2 20660.4 20257.7
threshold=28.050000190734867 39.049999237060554 17.050000190734867 10.500000000000002 37.049999237060554 16.500000000000004 17.500000000000004 10.050000190734865 13.50500011444092 52.500000000000007 5.5000000000000009 10.500000000000002 10.500000000000002 18.545000076293949 43.995000839233406 2.5000000000000004 9.5000000000000018 17.500000000000004 9.5000000000000018 18.500000000000004 2.5000000000000004 0.30349999666213995 11.500000000000002 0.01350000035017729 28.445000648498539 69.500000000000014 5.5000000000000009 22.585000038146976 13.500000000000002 -3.4422208070755 19.605000495910648 10.500000000000002 7.6649999618530282 38.004999160766609 0.03849999979138375 2.5000000000000004 59.149999618530281 3.5000000000000004 88.500000000000014 32.454999923706062 24.82499980926514 32.875000000000007 5.5000000000000009 19.064999580383304 19.650000572204593 11.500000000000002 4.0499999523162851 22.005000114440922 0.75450000166893016 12.500000000000002 21.765000343322757 11.500000000000002 29.134999275207523 29.095000267028812 27.994999885559086 1.5000000000000002 1.0000000180025095e-35 6.5000000000000009 2.5000000000000004 6.5000000000000009 66.500000000000014 3.5000000000000004
decision_type=10 10 10 2 10 2 2 10 8 8 2 2 2 8 10 2 2 2 2 2 2 10 2 8 10 10 2 10 2 8 8 2 8 10 8 2 10 2 10 10 10 10 2 8 8 2 8 8 8 2 8 2 10 8 10 2 2 2 2 2 10 2
left_child=2 3 7 -2 8 9 11 10 -4 22 20 14 15 24 27 30 -10 23 26 45 -1 -6 -3 -18 -14 -17 -9 28 60 44 -11 32 -7 -24 -27 -34 59 -38 -39 40 -33 49 -16 -44 -30 -20 -12 -46 56 -13 51 -51 -52 54 -25 -32 -47 58 -8 -37 -5 -42
right_child=1 5 4 6 21 31 57 18 16 12 46 41 13 -15 42 25 17 -19 19 -21 -22 -23 33 53 -26 34 -28 -29 29 -31 55 39 35 -35 -36 36 37 38 -40 -41 61 -43 43 -45 47 48 -48 -49 -50 50 52 -53 -54 -55 -56 -57 -58 -59 -60 -61 -62 -63
leaf_value=-0.1863625733616503 -0.045119732249990892 0.059594750679292922 -0.16745335521528737 0.12699580119238016 0.059950933567227131 0.6819119673627464 -0.060914304739225655 -0.1099088027557753 -0.068839763132613585 0.75997559672319581 -0.31243933751022429 -0.12696308365398562 0.50706823622113406 -0.30757119181956671 0.078069258067821695 0.40642627415485821 -0.0087355583598911057 -0.038883382479922901 -0.077448993565084515 -0.11165549168386746 -0.058783731098232254 0.22647643760640884 0.44414978138383732 0.34385470541586138 -0.34285552971638167 0.51537557133528222 -0.19312605210493544 0.20001755850672029 0.73952183573898411 0.25932069457607915 -0.31584817145292643 0.11632888183815532 0.035280364594993917 0.26374837859950723 0.8938035001981659 0.24028331211780915 0.44063751534055773 0.14390819122697565 1.1776989445090293 1.0709790336313072 -0.6567398498144098 1.057510292025343 1.2200426744897332 0.19796266190721334 0.64151812084658333 -0.21933352976436132 -0.21067750343408306 0.10145687874210507 0.61455102751999369 -0.36010708114108836 0.22036272541371754 0.059542228356173482 -0.1435914015271888 -0.0010673700783030372 0.12045118734515536 0.20596993569317604 0.11099062401032696 -0.026325497993372301 0.11547955291684331 0.11231413513448421 0.83698233657768961 -0.038341518948897431
leaf_weight=12613 17456 1649 10872 2418 8926 330 2317 28911 32836 152 6766 1569 634 435 8331 11418 9023 23567 3543 16715 9009 4418 2611 1493 130 3764 17707 11323 1277 983 314 997 2096 13085 551 7757 2689 1917 64 54 271 62 90 5766 408 539 32179 380 204 556 3015 878 523 2543 4892 495 4115 9015 8274 5343 107 259
leaf_count=12613 17456 1649 10872 2418 8926 330 2317 28911 32836 152 6766 1569 634 435 8331 11418 9023 23567 3543 16715 9009 4418 2611 1493 130 3764 17707 11323 1277 983 314 997 2096 13085 551 7757 2689 1917 64 54 271 62 90 5766 408 539 32179 380 204 556 3015 878 523 2543 4892 495 4115 9015 8274 5343 107 259
internal_value=-1.05122e-10 0.170672 -0.0974059 0.0824073 -0.0247596 0.286388 0.121263 -0.15153 -0.0466554 0.341774 -0.194389 0.169038 0.4099 0.119363 0.195047 0.430767 -0.0289924 0.00252234 -0.115344 -0.0667642 -0.133206 0.115085 0.271496 0.0568819 0.362448 0.44956 -0.141517 0.246272 0.340249 0.491986 0.123096 0.196766 0.212867 0.293758 0.563699 0.205076 0.225104 0.328933 0.177307 -0.00891473 -0.0471035 0.0466022 0.134042 0.213671 0.602742 0.0225535 -0.228357 0.381082 0.0954866 0.0370201 0.0887679 -0.103167 0.166562 0.123198 0.172689 0.00343485 0.0727343 0.0294305 0.0768898 0.188089 0.157082 -0.354541
internal_weight=362634 131763 230871 74748 98570 57015 57292 132301 85226 35238 60567 37686 17893 1199 31083 16694 74354 41518 71734 25116 21622 13344 17345 17951 764 15733 46618 16896 5573 3048 961 21777 20196 15696 4315 19866 17770 4670 1981 1581 1527 6603 14187 5856 2065 8401 38945 788 4858 6541 4972 1434 3538 8928 6385 809 4654 19606 10591 13100 2525 530
internal_count=362634 131763 230871 74748 98570 57015 57292 132301 85226 35238 60567 37686 17893 1199 31083 16694 74354 41518 71734 25116 21622 13344 17345 17951 764 15733 46618 16896 5573 3048 961 21777 20196 15696 4315 19866 17770 4670 1981 1581 1527 6603 14187 5856 2065 8401 38945 788 4858 6541 4972 1434 3538 8928 6385 809 4654 19606 10591 13100 2525 530
is_linear=0
shrinkage=0.05


Tree=29
num_leaves=63
num_cat=0
split_feature=6 5 0 15 0 49 16 43 28 49 0 49 50 23 22 6 49 49 25 45 37 5 37 50 5 50 17 0 31 50 3 40 49 0 39 50 6 13 50 50 44 30 50 16 28 26 43 0 38 30 49 50 2 38 16 6 35 28 16 30 37 2
split_gain=2.1834e+06 573414 275556 159869 117331 68615.2 63280 60001.4 56444.4 55271.8 53909.5 50940.5 50626.5 41969.5 40701.4 39746.5 39003.6 45303.7 38294.8 37037.2 28697 28323.1 30296 60612.9 27866.4 26751.8 26736.6 26638.5 25683.2 25068.6 28933.8 24160 22647.8 22646.7 27352.6 22507.8 21476.8 21000.7 27637.5 20844.4 20603 20438.3 28111.2 25475.4 19695 19388.5 18736.2 18135.6 18079.5 17302.5 17204.7 17080.5 16905.8 16832.8 16611.7 16611.1 16479.8 16368.5 16315.5 15999.8 24091.7 16454
threshold=35.100000381469734 21.050000190734867 44.149999618530281 0.080499999225139632 10.050000190734865 10.500000000000002 12.914999961853029 0.69650000333786022 21.750000000000004 8.5000000000000018 39.049999237060554 5.5000000000000009 6.5000000000000009 27.57499980926514 0.050499999895691879 90.500000000000014 18.500000000000004 11.500000000000002 15.97499990463257 43.995000839233406 26.425000190734867 102.50000000000001 19.054999351501468 2.5000000000000004 7.0499999523162851 10.500000000000002 70.005001068115249 24.050000190734867 26.994999885559086 2.5000000000000004 35.149999618530281 -13.765554904937742 16.500000000000004 69.500000000000014 33.375000000000007 4.5000000000000009 34.049999237060554 -4.1313128471374503 1.5000000000000002 9.5000000000000018 19.82499980926514 13.744999885559084 3.5000000000000004 20.244999885559086 11.150000095367433 10.232848167419435 0.16849999874830249 61.500000000000007 42.004999160766609 23.814999580383304 11.500000000000002 9.5000000000000018 18.050000190734867 65.005001068115249 25.365000724792484 83.500000000000014 21.550000190734867 26.44999980926514 19.505000114440922 16.425000190734867 22.404999732971195 104.50000000000001
decision_type=10 10 8 10 10 2 8 8 10 2 8 2 2 10 8 10 2 2 10 10 10 10 10 2 10 2 10 8 10 2 8 8 2 8 10 2 8 10 2 2 8 8 2 8 10 8 10 10 10 8 2 2 10 10 8 10 10 10 8 8 10 10
left_child=1 4 5 6 12 -2 -3 15 13 11 44 -6 29 14 39 18 17 -11 40 32 26 22 -20 -24 -14 28 41 -8 54 -1 35 -21 -12 -9 -35 -31 -32 38 -30 -7 -4 42 43 52 48 -10 -25 -42 49 50 -5 -29 -19 -18 -16 -40 -33 -43 -17 60 -48 -61
right_child=2 3 7 10 9 8 27 33 45 16 19 -13 24 -15 25 58 53 20 21 31 -22 -23 23 46 -26 -27 -28 51 37 30 36 56 -34 34 -36 -37 -38 -39 55 -41 47 57 -44 -45 -46 -47 59 -49 -50 -51 -52 -53 -54 -55 -56 -57 -58 -59 -60 61 -62 -63
leaf_value=-0.17271482345239839 -0.014091716577189712 -0.17561898206789497 0.079237492775032031 0.0052315606328193105 -0.094200463561003991 0.1755830032691873 -0.048486264653788053 0.39339869295428564 0.048643714368394472 -0.065927865496070479 0.36822865171631719 -0.19711672964323401 -0.25553286356183136 0.10108332640201499 0.51484534528277082 1.3907991259785022 -0.059114446652822242 0.16455889396872111 0.43811764791047758 0.34780942426507855 -0.10117025765676857 0.75420452479468014 -0.10894312962924756 0.15347202665553086 -0.17192955555107517 0.11215364945075626 -0.0032449914138602447 0.043418568723432908 -0.023892428384780295 -0.049835424224203069 -0.0069246628523610514 0.13003275516334686 0.17805164943142227 0.50272006334003794 0.97562612028396822 -0.18811084555387236 0.34634471732509564 0.2099460933087996 0.39098285966072982 -0.035857280754648585 0.32561950422557778 0.37890388633171668 -0.086932203354908102 -0.37095917726656169 0.024974096666157672 0.24154142120981739 0.12172012925663978 0.47077468365475927 0.061890327322851879 0.083384772033941304 0.35700523786490712 -0.067518934493524488 0.57697471837063552 -0.14152912754654437 0.29576343343489869 0.95688613255453459 -0.028369732769142803 0.068059101121311846 0.53605312524548043 0.24066081999828765 0.62386632072858028 0.62442298024010157
leaf_weight=14389 6560 6778 676 433 39898 5501 25610 4487 11323 10764 2875 17210 19788 8536 1965 59 15881 535 1563 890 1626 258 1387 4958 20083 2150 2396 20298 404 6818 1596 4430 3437 1471 386 5178 589 6664 2788 1479 8243 1798 1091 137 18922 1472 361 2912 7743 1966 1762 4185 464 10159 1546 136 2609 554 1039 10425 706 287
leaf_count=14389 6560 6778 676 433 39898 5501 25610 4487 11323 10764 2875 17210 19788 8536 1965 59 15881 535 1563 890 1626 258 1387 4958 20083 2150 2396 20298 404 6818 1596 4430 3437 1471 386 5178 589 6664 2788 1479 8243 1798 1091 137 18922 1472 361 2912 7743 1966 1762 4185 464 10159 1546 136 2609 554 1039 10425 706 287
internal_value=-8.08713e-11 -0.0703566 0.213944 0.0235033 -0.126324 0.136752 -0.0322367 0.313389 0.15926 -0.0924784 0.0938429 -0.125215 -0.17702 0.195559 0.23119 0.286221 -0.0513039 0.00243426 0.276001 0.1743 0.0879882 0.233726 0.226905 0.20869 -0.213422 0.275965 0.132085 -0.0128359 0.302047 -0.126219 -0.0790403 0.102356 0.264674 0.454173 0.601019 -0.109521 0.0883045 0.261171 0.363745 0.130781 0.347269 0.202897 0.094338 0.268428 0.0566736 0.0708356 0.235012 0.363512 0.107061 0.191118 0.287612 0.0244555 0.356111 -0.0912669 0.418377 0.417304 0.071321 0.305686 0.581982 0.269334 0.453974 0.250943
internal_weight=362634 272892 89742 101938 170954 50524 56871 39218 43964 102513 45067 57108 68441 31169 22633 32874 45405 19365 31776 14241 8601 19945 19687 18124 39871 15653 6975 50093 13503 28570 14181 7929 6312 6344 1857 11996 2185 9992 3328 6980 11831 4579 2227 1136 30826 12795 16737 11155 11904 4161 2195 24483 999 26040 3511 2924 7039 2352 1098 11779 1067 10712
internal_count=362634 272892 89742 101938 170954 50524 56871 39218 43964 102513 45067 57108 68441 31169 22633 32874 45405 19365 31776 14241 8601 19945 19687 18124 39871 15653 6975 50093 13503 28570 14181 7929 6312 6344 1857 11996 2185 9992 3328 6980 11831 4579 2227 1136 30826 12795 16737 11155 11904 4161 2195 24483 999 26040 3511 2924 7039 2352 1098 11779 1067 10712
is_linear=0
shrinkage=0.05


Tree=30
num_leaves=63
num_cat=0
split_feature=6 0 0 8 49 49 49 6 0 50 9 45 50 31 9 49 0 49 50 50 23 51 0 51 44 37 50 37 50 50 38 30 51 0 9 50 49 30 44 50 51 49 49 16 44 23 50 50 50 37 30 39 51 51 4 8 11 11 6 16 50 44
split_gain=1.97565e+06 443169 278197 130337 116899 98407.7 73325.7 67658.6 60899.1 49743.1 46528.3 40882 40829.1 40776.5 39471.9 55315.2 37282.1 35069.2 33261.4 33118.2 57105 34134 31364.8 28852.9 30134.8 28237.2 27940.4 31444.6 27447.1 27298 26863.7 26467.2 26384 25612.1 25394.4 25200.8 29163.2 24398.7 23702.6 27249.2 23566.3 23470.5 23759.2 23364.6 25816.6 23136.9 23090.9 38064.3 39597.7 57364.3 48668.7 39627.5 37245.8 26392.7 30744.8 25422.3 33287.2 23436.2 22772.6 22498.2 35150.8 37374.5
threshold=28.050000190734867 38.100000381469734 18.10000038146973 0.053500000387430198 9.5000000000000018 16.500000000000004 19.500000000000004 6.0499999523162851 56.399999618530281 10.500000000000002 19.285000801086429 61.995000839233406 6.5000000000000009 29.994999885559086 27.204999923706058 12.500000000000002 47.250000000000007 11.500000000000002 1.5000000000000002 11.500000000000002 26.035000801086429 2.5000000000000004 6.0499999523162851 3.5000000000000004 20.744999885559086 24.025000572204593 10.500000000000002 17.515000343322757 2.5000000000000004 10.500000000000002 50.995000839233406 7.6649999618530282 4.5000000000000009 26.050000190734867 12.09500026702881 2.5000000000000004 8.5000000000000018 17.345000267028812 28.285000801086429 11.500000000000002 3.5000000000000004 8.5000000000000018 17.500000000000004 32.454999923706062 24.82499980926514 28.054999351501468 4.5000000000000009 6.5000000000000009 5.5000000000000009 37.68499946594239 21.525000572204593 36.004999160766609 4.5000000000000009 3.5000000000000004 30.050000190734867 0.57150000333786022 24.685000419616703 25.224999427795414 19.10000038146973 29.914999961853031 10.500000000000002 25.82499980926514
decision_type=10 10 10 10 2 2 2 8 10 2 8 10 2 10 10 2 10 2 2 2 10 2 8 2 8 10 2 8 2 2 8 8 2 8 8 2 2 8 10 2 2 2 2 10 10 8 2 2 2 10 8 10 2 2 10 10 10 10 8 10 2 10
left_child=2 4 7 10 -2 8 9 -1 17 13 -4 16 35 14 15 -6 41 -3 34 23 25 -22 -14 30 -25 -21 27 -19 -29 31 -11 -7 40 -15 -17 -9 -37 -27 -28 -40 -13 -5 -43 44 -31 -35 57 48 49 -48 -50 55 -53 54 59 56 -52 -10 -12 60 -49 -62
right_child=1 5 3 11 6 29 -8 12 46 19 58 32 22 33 -16 18 -18 26 -20 20 21 -23 -24 24 -26 37 38 28 -30 43 -32 -33 -34 45 -36 36 -38 -39 39 -41 -42 42 -44 -45 -46 -47 47 53 50 -51 51 52 -54 -55 -56 -57 -58 -59 -60 -61 61 -63
leaf_value=-0.2074705043606335 -0.060517777507662573 0.067928188151657465 -0.12956096203280207 -0.11952111792706949 0.11284648389573136 0.621290843293135 -0.013871330557761319 -0.13088084586236773 0.42071494405099658 0.048401706232492063 -0.068418793039920545 -0.0057860659598881134 -0.21952735340496857 0.060203199079027492 0.1212781767903949 -0.41733404140647379 0.26557427701945768 0.61622678901984951 0.49024476299620279 -0.018835350966662223 1.4404224404096604 0.21436745667328627 -0.1272631516576041 -0.32981006746307356 0.21548547362609949 0.61451287037752422 0.17777633491257969 0.085198399313008114 0.30144194254762069 0.089263590567842527 -0.30692835754790437 0.18163945336489232 -0.11723275214376408 0.1967080983233247 0.30084187784570648 -0.092220107629921819 0.010495547334574277 0.092471374009498425 -0.7704165146788946 0.1203725656948158 0.21216527542343686 0.14351718808013067 0.007846335328907909 0.99267275479706862 -0.3309625087382817 0.076588858407547131 0.46142525359567704 0.73520695266679237 1.7583467314736201 -0.60984291496100251 0.4884494053401402 0.81120688952928921 1.9612710864283145 0.25074633998298518 0.84127704444473184 0.3733708654169996 1.2736263066931155 0.13637936696377967 8.2627125502779725e-05 0.29864831441106632 0.55769622308251099 -0.55822826566234718
leaf_weight=25851 13736 2246 18491 1385 2114 348 11101 16886 1312 779 25964 5291 11272 10815 4323 178 3149 733 3357 2514 125 104 50383 330 1091 376 1760 1611 16463 1063 1677 20970 3909 12237 399 18758 10941 553 154 194 1620 9236 4960 55 557 5962 1681 859 104 135 342 264 96 3322 431 933 223 1619 22775 2203 190 124
leaf_count=25851 13736 2246 18491 1385 2114 348 11101 16886 1312 779 25964 5291 11272 10815 4323 178 3149 733 3357 2514 125 104 50383 330 1091 376 1760 1611 16463 1063 1677 20970 3909 12237 399 18758 10941 553 154 194 1620 9236 4960 55 557 5962 1681 859 104 135 342 264 96 3322 431 933 223 1619 22775 2203 190 124
internal_value=-1.47184e-10 0.154482 -0.0881663 -0.0235609 0.0706463 0.254779 0.101691 -0.134795 0.305261 0.129024 -0.0620297 0.0639604 -0.117438 0.15156 0.236655 0.319124 0.10866 0.255678 0.42997 0.0114494 0.11906 0.883611 -0.144131 -0.0904711 0.088851 0.0682084 0.275839 0.295187 0.282167 0.173545 -0.194224 0.188816 -0.0134167 0.121143 0.0792902 -0.0821098 -0.05438 0.303761 0.103223 -0.273827 0.0453037 0.0769467 0.0961146 -0.0208131 -0.0552216 0.157357 0.388251 0.421732 0.550042 0.381788 0.705776 0.646859 1.11789 0.353735 0.443603 0.53366 0.798351 0.263656 -0.0364091 0.392834 0.569723 0.117013
internal_weight=362634 131763 230871 96780 71771 59992 58035 134091 36999 46934 67230 29550 108240 39385 10371 6048 18730 23161 3934 7549 3672 229 61655 3877 1421 3443 20915 18807 18074 22993 2456 21318 10820 29014 577 46585 29699 929 2108 348 6911 15581 14196 1675 1620 18199 13838 10907 3778 1816 1962 1858 360 7129 3807 1498 565 2931 48739 3376 1173 314
internal_count=362634 131763 230871 96780 71771 59992 58035 134091 36999 46934 67230 29550 108240 39385 10371 6048 18730 23161 3934 7549 3672 229 61655 3877 1421 3443 20915 18807 18074 22993 2456 21318 10820 29014 577 46585 29699 929 2108 348 6911 15581 14196 1675 1620 18199 13838 10907 3778 1816 1962 1858 360 7129 3807 1498 565 2931 48739 3376 1173 314
is_linear=0
shrinkage=0.05


Tree=31
num_leaves=63
num_cat=0
split_feature=5 6 5 8 5 49 50 50 9 49 49 31 51 30 44 6 49 49 30 30 44 5 23 23 44 49 50 10 46 5 38 50 9 51 50 6 50 44 1 50 50 50 4 50 51 50 30 50 51 50 44 44 2 40 50 44 51 35 50 50 45 30
split_gain=1.80209e+06 457819 178519 137337 99796 62687.6 61911.5 74619 64972.2 58940 71840.1 56085 55833.2 55806.1 55470 43937.8 41225 39937.5 40631.1 38251.5 45158.9 35815.1 35791 34765.5 32188.8 30986.4 30243.3 28303.6 26638.2 26013.4 25360.6 25079.8 33561.7 25652.6 24944.4 24356.4 24015.1 23139.9 22919.6 22742.6 22646.4 22329.7 22073.2 21937.8 35188.2 20872.9 22340.1 32374.2 30241 31927.8 21988.7 20806.1 19967.5 19943.2 19917 28604 28381.1 19718.5 19596.7 21872.6 19539.5 28518.1
threshold=35.149999618530281 21.10000038146973 50.149999618530281 0.067500002682209029 8.0500001907348651 11.500000000000002 10.500000000000002 2.5000000000000004 21.865000724792484 10.500000000000002 17.500000000000004 34.004999160766609 2.5000000000000004 18.085000038146976 23.785000801086429 73.500000000000014 12.500000000000002 18.500000000000004 8.6050000190734881 21.785000801086429 17.755000114440922 101.50000000000001 25.755000114440922 13.454999923706056 28.445000648498539 18.500000000000004 4.5000000000000009 37.975000381469734 43.82500076293946 24.050000190734867 43.004999160766609 11.500000000000002 21.134999275207523 3.5000000000000004 4.5000000000000009 86.500000000000014 9.5000000000000018 39.18499946594239 38.049999237060554 10.500000000000002 5.5000000000000009 2.5000000000000004 46.149999618530281 6.5000000000000009 3.5000000000000004 10.500000000000002 12.614999771118166 2.5000000000000004 4.5000000000000009 9.5000000000000018 27.48499965667725 34.674999237060554 117.50000000000001 11.997042655944826 1.5000000000000002 22.804999351501468 1.0000000180025095e-35 22.150000572204593 5.5000000000000009 2.5000000000000004 72.005001068115249 11.454999923706056
decision_type=10 10 10 10 8 2 2 2 8 2 2 10 2 8 8 10 2 2 8 8 10 10 10 8 10 2 2 10 10 8 10 2 10 2 2 10 2 10 8 2 2 2 8 2 2 2 8 2 2 2 10 8 10 10 2 10 2 10 2 2 8 10
left_child=1 4 5 14 26 36 7 8 54 23 16 19 28 24 22 21 -11 18 34 20 -5 25 -3 -6 60 37 -1 -20 -10 -13 35 32 -15 -33 -7 -22 -2 52 -16 -19 41 -25 -43 44 -21 46 57 -48 51 -50 -47 -49 -9 -17 55 -4 -56 -29 59 -24 61 -8
right_child=2 3 6 11 9 17 13 15 12 10 -12 29 -14 31 38 53 -18 39 27 43 30 -23 58 40 -26 -27 -28 45 -30 -31 -32 33 -34 -35 -36 -37 -38 -39 -40 -41 -42 42 -44 -45 -46 50 47 48 49 -51 -52 -53 -54 -55 56 -57 -58 -59 -60 -61 -62 -63
leaf_value=-0.12159365705962802 0.058081923527014669 -0.1077235695440785 -0.43966360923634129 -0.012470749493765372 -0.20157099682837046 0.66454845083062541 -0.22631618654682437 0.30887114200091759 -0.2413473784944653 -0.031284347616798956 -0.084803937204135135 -0.020561291481852553 0.21913238886946396 0.45008571601432301 -0.0050426957799834318 0.47660444077497638 0.15309664710778906 0.093668709128197247 0.27465608746877984 0.05953292995606544 0.39636459349680464 0.7407821725158511 -0.19207420293777527 -0.14802612374794963 -0.33236236612937881 0.085319604883301703 -0.20730860000322926 0.49779107073492845 -1.0819471413034547 0.079146394574419687 0.20524604275581906 0.68561207809067071 -0.46898894795230678 -0.12994404883240349 0.10660730190042939 1.468489366962954 -0.15734538170502893 -0.14917658303745771 0.10327208702757296 -0.24337422673468778 -0.12325551187516928 -0.073461244038289658 0.044891396343045946 0.027337047041211555 0.41582095963136834 0.10090885546365758 -0.0094474839066750957 0.25708326886025995 0.12153984902181865 -0.30162987958752752 -0.22834412902493995 0.11425470240265177 0.96659118006455502 -0.49877957504172371 1.2661666175157862 0.43685137627781523 0.40401796620124908 0.066050350994033655 -0.096138810346812709 0.13627118763761958 0.080245235616590568 0.56524283693389277
leaf_weight=15718 8855 23270 149 1330 10288 704 131 22064 1109 6136 29419 9878 832 115 22526 4679 5992 9612 6346 1765 2788 451 591 5998 207 1701 29805 940 103 19367 2828 138 729 320 280 54 1515 275 6236 528 48207 12786 5694 5106 1141 3399 2403 10664 4479 495 596 3351 116 53 116 248 539 368 2150 3577 508 866
leaf_count=15718 8855 23270 149 1330 10288 704 131 22064 1109 6136 29419 9878 832 115 22526 4679 5992 9612 6346 1765 2788 451 591 5998 207 1701 29805 940 103 19367 2828 138 729 320 280 54 1515 275 6236 528 48207 12786 5694 5106 1141 3399 2403 10664 4479 495 596 3351 116 53 116 248 539 368 2150 3577 508 866
internal_value=-8.57927e-11 -0.064033 0.194019 0.0193745 -0.114363 0.137239 0.281369 0.301512 0.0680535 -0.0912024 -0.0425892 0.0857954 -0.0962704 0.0646044 -0.0310041 0.326148 0.0598115 0.163215 0.189171 0.164357 0.249745 0.299315 -0.0790692 -0.115544 0.25223 0.291073 -0.177713 0.179742 -0.312784 0.0454684 0.311252 -0.182105 -0.34376 0.115791 0.505785 0.416736 0.0266092 0.306659 0.0184414 0.0761185 -0.103368 -0.0642015 -0.0369948 0.0897542 0.199424 0.157179 0.175727 0.163462 0.185343 0.0794271 0.0517888 0.222933 0.312311 0.46568 0.387329 0.107882 0.556704 0.376323 0.0264685 0.0897136 0.332636 0.461237
internal_weight=362634 272650 89984 102607 170043 54535 35449 32435 3096 124520 41547 44257 2044 3014 58350 29339 12128 44165 34025 15012 7000 24607 29588 82973 1712 24156 45523 33041 1212 29245 5670 1302 844 458 984 2842 10370 22455 28762 10140 72685 24478 18480 8012 2906 26695 22700 21392 18989 4974 3995 14015 22180 4732 1052 397 655 1308 6318 4168 1505 997
internal_count=362634 272650 89984 102607 170043 54535 35449 32435 3096 124520 41547 44257 2044 3014 58350 29339 12128 44165 34025 15012 7000 24607 29588 82973 1712 24156 45523 33041 1212 29245 5670 1302 844 458 984 2842 10370 22455 28762 10140 72685 24478 18480 8012 2906 26695 22700 21392 18989 4974 3995 14015 22180 4732 1052 397 655 1308 6318 4168 1505 997
is_linear=0
shrinkage=0.05


Tree=32
num_leaves=63
num_cat=0
split_feature=6 5 0 0 49 49 6 49 43 49 9 42 0 25 6 42 44 28 16 44 49 6 0 4 37 37 44 6 4 44 49 14 49 0 3 16 2 0 6 35 10 31 0 5 46 29 47 44 39 37 5 30 42 9 37 44 5 48 47 18 44 36
split_gain=1.63573e+06 434359 212357 108844 99999.8 78341.7 53128.9 50927.1 47720 47307.6 37986.1 37776.6 32776.4 30465.5 29674.8 29475.3 27826.3 26770.9 26479.6 26445.6 25174.3 24758.4 24714.5 24393.8 31431.4 24364 35813.8 22653.8 22574.4 28341.5 20707.8 22354.4 20650.4 22529 19400.7 18933.9 17805.2 17754.6 17634.8 17454 17020.9 16901.1 16721.1 16629.1 16314 15159.3 15027.6 14882.3 14714 15330.2 14676.3 14562.3 14349.4 14305.3 18278.5 13873 13814.9 13523.4 13861.5 14479.1 13494.4 13442.2
threshold=35.100000381469734 23.050000190734867 44.149999618530281 10.050000190734865 10.500000000000002 18.500000000000004 18.050000190734867 10.500000000000002 0.72749999165534984 17.500000000000004 14.074999809265138 21.849999427795414 39.049999237060554 15.824999809265138 90.500000000000014 45.049999237060554 16.704999923706058 25.150000572204593 32.335000991821296 36.194999694824226 8.5000000000000018 6.0499999523162851 29.050000190734867 47.250000000000007 33.475000381469734 19.054999351501468 20.644999504089359 82.500000000000014 13.050000190734865 24.115000724792484 13.500000000000002 67.750000000000014 17.500000000000004 31.050000190734867 40.20000076293946 30.82499980926514 84.500000000000014 62.049999237060554 5.0999999046325692 8.9449996948242205 72.005001068115249 66.009998321533217 66.500000000000014 5.0499999523162851 41.004999160766609 0.17050000280141833 -12.297561168670653 19.064999580383304 27.005000114440922 36.204999923706062 101.50000000000001 15.275000095367433 3.0499999523162846 39.295000076293952 39.174999237060554 24.525000572204593 82.500000000000014 -8.8357458114624006 -10.505351543426512 20.164999961853031 29.865000724792484 0.26049999892711645
decision_type=10 10 8 10 2 2 8 2 8 2 8 10 10 8 10 10 10 10 10 10 2 8 10 8 10 10 8 10 10 10 2 10 2 10 10 10 8 10 10 10 8 10 10 10 10 10 8 8 10 10 8 8 8 10 10 8 10 8 8 10 8 10
left_child=1 3 7 21 10 11 38 -2 13 17 -3 12 35 42 25 -7 30 19 41 22 45 -1 56 43 40 46 -27 -24 29 -28 -13 -32 33 -22 55 -6 48 -30 -5 -11 -25 -14 60 -23 -29 -8 -15 -34 49 -10 57 -19 -39 54 -16 -12 61 -31 -59 -60 -4 -9
right_child=2 4 8 6 5 15 20 9 36 39 34 16 18 14 53 -17 -18 51 -20 -21 32 23 27 24 -26 26 28 44 37 50 31 -33 47 -35 -36 -37 -38 52 -40 -41 -42 -43 -44 -45 -46 -47 -48 -49 -50 -51 -52 -53 -54 -55 -56 -57 -58 58 59 -61 -62 -63
leaf_value=-0.20347873488173276 -0.012541177897435819 -0.16575423134779738 0.22820574340479435 -0.16867938779135747 0.14175800674235647 0.018982864995682577 -0.13765761994680997 0.21030085759361455 0.37301371259053157 0.14475992784264252 -0.077322247366137645 0.020722031075863873 0.33992446056869297 0.64190309650757738 0.51723602724868467 -0.16496975352188945 0.0099271579787352567 -0.052293191840923625 0.080912587147648873 -0.0040333299260944906 0.019718996943096576 -0.21429710395053736 0.23045835442527063 -0.13851982776665273 0.76114181728489638 -0.042275559473623853 0.38359975256021794 0.40082142093194534 0.21544717661014015 0.35012506596774995 0.26016803464535099 0.99765516143661359 -0.1381460569118784 0.21996270882090313 0.077335340848142378 -0.0033599176295266483 0.85524541032011525 1.0003893804850013 -0.093157509809791941 0.0089361681242607401 -0.011753324834574523 0.13209819105293602 0.48284922875293756 -0.13670821381799039 1.0289759005046022 -0.046786703735135091 0.30759524095240831 -0.016071109684212052 0.5357303229615874 0.00027992119672290509 0.60886920017252377 0.12001847941237705 0.33195049311182095 1.3114872572468776 -0.31342123130129446 0.0081111193699379205 0.62080998670258758 0.17147990416986916 0.14765779461336531 -0.046568333487475605 0.36253753962880542 0.083675659086784662
leaf_weight=18087 6560 5313 3521 8938 10999 22241 6718 3326 3303 3355 10698 997 4500 425 826 2414 9740 1629 1935 1641 9613 8727 14666 5473 113 1465 1165 421 7761 542 1383 111 3074 1645 4369 2825 219 82 57181 8018 5130 1250 1491 33090 137 14486 1608 13293 1344 301 150 4958 3846 51 72 8549 146 3042 1584 2434 3986 5667
leaf_count=18087 6560 5313 3521 8938 10999 22241 6718 3326 3303 3355 10698 997 4500 425 826 2414 9740 1629 1935 1641 9613 8727 14666 5473 113 1465 1165 421 7761 542 1383 111 3074 1645 4369 2825 219 82 57181 8018 5130 1250 1491 33090 137 14486 1608 13293 1344 301 150 4958 3846 51 72 8549 146 3042 1584 2434 3986 5667
internal_value=-8.16193e-11 -0.0608966 0.185178 -0.104169 0.0310601 0.0687202 -0.0741547 0.117414 0.272477 0.136805 -0.0449592 0.118226 0.158122 0.250992 0.222649 0.000971848 0.0480666 0.167444 0.240904 0.190251 -0.034599 -0.153024 0.203337 -0.135653 -0.0683468 0.211851 0.196595 0.242355 0.213577 0.153659 0.197195 0.314961 -0.00314559 0.0489783 -0.0177834 0.112102 0.414064 0.259286 -0.103367 0.0490038 -0.077187 0.294745 0.329908 -0.152901 0.555046 -0.0755771 0.377483 -0.0389989 0.394537 0.341884 0.119103 0.0774049 0.345905 0.496898 0.450635 -0.039375 0.13834 0.109439 0.090961 0.0300007 0.299532 0.130507
internal_weight=362634 272892 89742 185568 87324 58395 114948 50524 39218 43964 28929 33740 21509 34051 25053 24655 12231 32591 7685 26004 48829 70620 24363 52533 10716 24104 22071 15224 20606 8917 2491 1494 27625 11258 23616 13824 5167 11689 66119 11373 10603 5750 8998 41817 558 21204 2033 16367 4948 3604 7752 6587 3928 949 898 19247 9139 7602 7060 4018 7507 8993
internal_count=362634 272892 89742 185568 87324 58395 114948 50524 39218 43964 28929 33740 21509 34051 25053 24655 12231 32591 7685 26004 48829 70620 24363 52533 10716 24104 22071 15224 20606 8917 2491 1494 27625 11258 23616 13824 5167 11689 66119 11373 10603 5750 8998 41817 558 21204 2033 16367 4948 3604 7752 6587 3928 949 898 19247 9139 7602 7060 4018 7507 8993
is_linear=0
shrinkage=0.05


Tree=33
num_leaves=63
num_cat=0
split_feature=5 6 0 0 5 49 49 44 36 50 6 49 43 9 38 23 6 50 44 51 9 30 43 9 51 50 5 46 37 50 51 37 50 6 51 9 50 24 9 9 30 5 11 38 50 30 50 30 49 50 49 49 5 38 23 37 23 33 37 9 43 15
split_gain=1.4816e+06 417716 148538 129820 94620.1 52796.6 65894.9 45437.8 44009.4 41949.8 41718.3 40161.3 34865.1 34915.7 34076.2 33911 33132.8 29870.2 29362.2 30359 41897.6 27270.2 26920.7 26150.3 26032.7 30497.1 30531.5 30446.8 24913.8 44132.3 38926.9 52731.3 58615.2 78817.1 37697.5 27818.8 27385.6 30559.9 28406.6 26776.8 24177.2 24158 29210.9 23138.6 23090.1 22866.5 22661.6 22147.5 28863 21856.6 21215.6 21533.7 21162.6 21141.1 21055.8 21030.6 20582.7 19643.8 19555.3 19775.7 24873.1 19529.8
threshold=37.049999237060554 22.050000190734867 49.149999618530281 29.050000190734867 9.0999999046325701 10.500000000000002 17.500000000000004 15.84500026702881 0.6954999864101411 10.500000000000002 97.500000000000014 12.500000000000002 0.039499999955296523 29.855000495910648 45.004999160766609 12.894999980926515 54.45000076293946 4.5000000000000009 36.194999694824226 2.5000000000000004 22.505000114440922 8.6050000190734881 0.045500000938773162 32.264999389648445 5.5000000000000009 1.5000000000000002 63.500000000000007 36.48500061035157 16.98499965667725 2.5000000000000004 4.5000000000000009 38.254999160766609 6.5000000000000009 80.500000000000014 1.5000000000000002 31.414999961853031 5.5000000000000009 40.995000839233406 32.524999618530281 33.215000152587898 27.515000343322757 67.500000000000014 30.954999923706058 59.004999160766609 9.5000000000000018 11.454999923706056 9.5000000000000018 21.865000724792484 12.500000000000002 3.5000000000000004 3.5000000000000004 8.5000000000000018 100.50000000000001 54.010000228881843 17.744999885559086 15.864999771118166 23.554999351501468 -0.16747522354125974 28.494999885559086 12.315000057220461 0.28749999403953558 0.52250000834465038
decision_type=10 10 8 10 8 2 2 8 8 2 10 2 8 10 10 8 10 2 10 2 8 8 10 10 2 2 10 10 8 2 2 10 2 10 2 8 2 8 8 10 8 10 10 10 2 8 2 10 2 2 2 2 10 8 8 8 8 10 10 8 10 10
left_child=1 4 9 7 17 15 11 -3 28 16 12 -7 46 14 -14 -6 21 -1 19 49 54 55 -9 -11 25 27 -27 -23 45 34 -31 32 33 36 -30 52 39 -38 -39 41 -35 -32 -43 47 -26 -4 -5 48 -24 -18 -17 -52 -34 -51 -21 -2 -46 -50 59 -13 -61 -16
right_child=2 3 8 10 5 6 -8 22 -10 23 -12 58 13 -15 61 50 18 -19 -20 20 -22 24 43 -25 44 26 -28 -29 29 30 31 -33 35 40 -36 -37 37 38 -40 -41 -42 42 -44 -45 56 -47 -48 -49 57 53 51 -53 -54 -55 -56 -57 -58 -59 -60 60 -62 -63
leaf_value=-0.10349478028544908 0.79995631368347642 -0.11595454606233845 0.80664091175293784 0.069580580711553874 -0.1922407783590436 -0.025454036767875051 -0.072125434306610975 -0.030787538999633147 0.40484332412466401 -0.010209827662026501 1.0658493527421007 -0.033278373648532159 0.29170819053992531 0.064592709238809679 0.087435064138066038 -0.054786229834819705 -0.075294605502246814 -0.18251382715589037 -0.058354263984926359 0.41784262012803763 0.28029443803551568 0.037841335214046916 0.019093639054997169 0.809871533663586 0.053978250477147972 0.14149279601897916 0.36051477559947964 -0.50188524357986286 -0.24076233735429675 0.30229243428823449 0.23051668348146653 -0.62297002413811597 -0.10810155412484879 0.99442265729109447 0.18945360907195313 0.19601988364805431 0.058798254894317836 1.3577935859795263 0.48941854449771188 -0.087896000970956983 2.2758553225260516 1.2059531354873971 0.067566389434940213 -0.014171065873305131 -0.59492999682643199 0.065674086588064895 -0.077362297380939568 0.029798119289835213 0.33095150409723778 0.061039455340712659 -0.1323720965879179 -0.056084284747466961 0.87827958927622862 0.33762091484010759 0.93123983288068846 0.10907459292323032 0.046799965898250133 0.060378309106404453 -0.029024031508047988 0.28842847757674822 -0.01287114416599309 0.31078101234165795
leaf_weight=18106 266 9918 363 14210 8887 6657 30977 30271 5372 5371 111 833 5093 9381 6123 28163 799 35230 772 394 3860 1487 2147 99 4390 25067 1699 317 827 16568 1471 208 1877 126 1325 1741 182 159 231 576 52 148 91 10701 275 146 3218 7592 2374 1196 31774 13049 56 1636 405 188 229 935 1253 3654 843 1165
leaf_count=18106 266 9918 363 14210 8887 6657 30977 30271 5372 5371 111 833 5093 9381 6123 28163 799 35230 772 394 3860 1487 2147 99 4390 25067 1699 317 827 16568 1471 208 1877 126 1325 1741 182 159 231 576 52 148 91 10701 275 146 3218 7592 2374 1196 31774 13049 56 1636 405 188 229 935 1253 3654 843 1165
internal_value=-1.11745e-10 -0.0537559 0.19001 0.0263741 -0.0998616 -0.0762465 -0.0322206 -0.0175842 0.274497 0.135048 0.097889 0.0611429 0.0951474 0.137351 0.19248 -0.100023 0.151645 -0.155689 0.236577 0.264042 0.348512 0.128954 0.000476486 0.0046326 0.123732 0.141984 0.155395 -0.0569998 0.247717 0.24084 0.260697 0.16108 0.185384 0.347951 0.0241243 0.0510473 0.284373 0.593787 0.843448 0.206952 1.36877 0.306269 0.772509 0.0403263 0.0171794 0.594104 0.0424483 0.085021 0.161863 0.155657 -0.0887948 -0.110163 -0.0795256 0.220816 0.678075 0.513864 -0.30335 0.254498 0.148713 0.190497 0.231947 0.123137
internal_weight=362634 282665 79969 103239 179426 126090 44217 63938 31519 48450 39301 13240 39190 21762 12381 81873 42980 53336 9062 8290 4659 33918 54020 5470 33464 28570 26766 1804 26147 25638 23486 6918 6710 3036 2152 3674 2858 572 390 2286 178 1710 239 23749 4894 509 17428 13048 5456 3631 72986 44823 1933 2832 799 454 504 3309 6583 5330 4497 7288
internal_count=362634 282665 79969 103239 179426 126090 44217 63938 31519 48450 39301 13240 39190 21762 12381 81873 42980 53336 9062 8290 4659 33918 54020 5470 33464 28570 26766 1804 26147 25638 23486 6918 6710 3036 2152 3674 2858 572 390 2286 178 1710 239 23749 4894 509 17428 13048 5456 3631 72986 44823 1933 2832 799 454 504 3309 6583 5330 4497 7288
is_linear=0
shrinkage=0.05


Tree=34
num_leaves=63
num_cat=0
split_feature=5 49 49 5 38 5 4 49 23 4 28 49 5 49 44 29 51 5 42 40 23 30 44 37 47 34 37 16 47 30 49 38 51 46 51 30 20 51 8 9 51 51 37 51 45 5 37 4 22 43 49 37 8 21 44 42 5 31 18 42 5 9
split_gain=1.33715e+06 364472 229578 102872 92314.3 82458.6 62865.7 51945.2 48554.1 39378.2 39229.5 38162 35717.7 31401.7 28835.8 36424.7 31769 29422.2 28746.3 27952.1 27558.5 25831.9 24799 24665.9 26016.8 24525.3 22668.7 21946.4 21588.6 21073.3 20112.7 19999.2 19934.3 19598.1 19437.9 19389.9 18851 18575.3 18974 18316.3 20670.6 24941 18196.9 18826.4 21103.1 18174.9 17871.8 17509.7 17425.3 17080.5 16989.6 16699.9 16676.5 16003.7 17392.5 15874.8 15852.1 15748.6 15636.4 15367.7 29148.8 15299.1
threshold=37.049999237060554 10.500000000000002 19.500000000000004 51.100000381469734 44.004999160766609 13.050000190734865 18.050000190734867 16.500000000000004 12.894999980926515 40.049999237060554 31.750000000000004 11.500000000000002 16.10000038146973 12.500000000000002 26.954999923706058 0.03849999979138375 1.5000000000000002 82.500000000000014 22.050000190734867 -9.3088812828063947 13.835000038146974 8.6050000190734881 12.515000343322756 29.365000724792484 -10.300903797149656 -5.3943331241607657 21.224999427795414 12.72499990463257 -8.0523786544799787 17.345000267028812 15.500000000000002 44.004999160766609 4.5000000000000009 21.195000648498539 1.0000000180025095e-35 9.6649999618530291 -7.280362367630004 4.5000000000000009 0.2584999948740006 23.244999885559086 2.5000000000000004 4.5000000000000009 35.944999694824226 3.5000000000000004 73.014999389648452 22.149999618530277 15.864999771118166 45.049999237060554 0.5365000069141389 0.2295000031590462 4.5000000000000009 17.384999275207523 0.051500000059604652 40.549999237060554 29.23499965667725 15.250000000000002 5.0499999523162851 8.0149998664855975 24.654999732971195 28.550000190734867 12.09999990463257 35.524999618530281
decision_type=10 2 2 10 10 10 10 2 8 10 10 2 10 2 8 8 2 10 10 10 10 8 8 8 8 10 10 8 8 8 2 8 2 8 2 8 10 2 8 10 2 2 10 2 10 8 8 10 10 8 2 8 8 10 8 10 8 10 10 8 10 10
left_child=1 5 4 11 6 9 33 14 -7 56 20 -2 -4 -8 16 19 49 29 21 42 35 46 -15 24 52 -21 28 -14 -24 31 -23 -18 -26 59 -30 48 -9 38 -19 40 47 -42 53 44 -44 -25 -13 -10 -6 -5 -43 -38 -22 61 -55 -29 -1 -35 -45 -3 -61 -16
right_child=3 2 12 7 10 8 13 36 39 -11 -12 18 27 22 15 -17 17 37 -20 25 23 30 26 45 32 -27 -28 55 34 -31 -32 -33 -34 57 -36 -37 51 -39 -40 -41 41 50 43 58 -46 -47 -48 -49 -50 -51 -52 -53 -54 54 -56 -57 -58 -59 -60 60 -62 -63
leaf_value=-0.20748952307968752 0.033388348637380702 0.090641789945603748 -0.11167762504827555 0.26469086082120669 0.071883971157485571 -0.18170724318038375 0.12793627350541389 0.27533775530048138 -0.15259653048905772 -0.08403662196611017 -0.045863112342803936 0.71039933508119513 -0.22007199877432307 -0.048000860893971299 0.34151975436035137 0.53316192792270889 0.78682770881303188 1.1037263424284216 0.076088380388682403 0.40052649593118173 -0.058305509880915089 0.21852435272546608 0.71751177860201254 -0.16807831091339395 0.13244042441551848 0.19244492346032951 0.26059068059636303 0.012006813160679818 -0.018404620552062989 0.14946604250481418 0.13404040698561709 0.29918940786263132 -0.0080880392402350714 0.33700519673520801 0.46096744624464758 -0.094309364244186247 0.93182947135360727 1.0604016834667751 0.13567600319186521 -0.026786987712612221 0.014469446517414815 -0.033168924976973532 0.10180766316043043 0.18791336366675454 0.76456119495068886 0.04530125782294217 0.19288668030960449 -0.032436158206057789 0.85669046555821959 -0.043310468388061595 -0.16411739109401652 0.086565925920250503 0.30057431860223188 0.21939417589104401 0.68742262701328505 -0.05926960468082202 -0.14532634956585835 0.13307416554531104 -0.52809846311881159 -0.2836371027722886 0.071469940313155844 0.76868484252123936
leaf_weight=13596 8022 9122 22418 622 1600 8027 2453 1886 11409 24112 12509 379 1449 365 5447 1745 254 69 9204 1762 370 12300 711 1129 8369 7213 2074 16846 250 2788 16488 1221 3613 1124 1372 4253 59 175 190 35766 9525 4939 361 153 180 8597 298 4129 74 1629 4969 6098 2587 265 791 14567 41742 6002 152 868 1729 218
leaf_count=13596 8022 9122 22418 622 1600 8027 2453 1886 11409 24112 12509 379 1449 365 5447 1745 254 69 9204 1762 370 12300 711 1129 8369 7213 2074 16846 250 2788 16488 1221 3613 1124 1372 4253 59 175 190 35766 9525 4939 361 153 180 8597 298 4129 74 1629 4969 6098 2587 265 791 14567 41742 6002 152 868 1729 218
internal_value=-6.73745e-11 -0.0510681 0.012948 0.18051 0.0736576 -0.101423 0.147928 0.247683 -0.0651697 -0.137364 0.0287346 0.132633 -0.0630171 0.273324 0.28295 0.315895 0.196239 0.270254 0.153222 0.292976 0.0592374 0.177316 0.34806 0.0825007 0.122845 0.233296 0.380863 -0.0298216 0.487783 0.230325 0.170137 0.383162 0.0900661 0.0998522 0.387081 -0.0375718 0.137031 0.662456 0.393574 -0.0519454 -0.0776758 -0.0433026 0.36376 0.145217 0.322317 0.020532 0.482602 -0.120666 0.106577 0.041797 -0.0988414 0.0946657 0.255669 0.391269 0.569972 -0.0210459 -0.160599 0.165241 -0.168919 0.0600912 -0.0472181 0.357958
internal_weight=362634 282665 124451 79969 69171 158214 26070 33278 78764 79450 43101 46691 55280 7225 25235 18287 6948 4697 38669 16542 30592 29465 4772 24665 14939 8975 4407 32862 2333 4263 28788 1475 11982 18845 1622 5927 8043 434 259 70737 34971 19433 7567 846 541 9726 677 15538 1674 2251 9908 6157 2957 6721 1056 31413 55338 7126 305 11719 2597 5665
internal_count=362634 282665 124451 79969 69171 158214 26070 33278 78764 79450 43101 46691 55280 7225 25235 18287 6948 4697 38669 16542 30592 29465 4772 24665 14939 8975 4407 32862 2333 4263 28788 1475 11982 18845 1622 5927 8043 434 259 70737 34971 19433 7567 846 541 9726 677 15538 1674 2251 9908 6157 2957 6721 1056 31413 55338 7126 305 11719 2597 5665
is_linear=0
shrinkage=0.05


Tree=35
num_leaves=63
num_cat=0
split_feature=6 5 0 0 0 8 6 9 43 6 3 25 35 20 51 6 6 8 44 10 22 44 29 42 6 42 27 2 5 44 42 32 31 4 11 51 1 44 0 9 30 51 5 9 43 4 4 51 45 8 30 6 41 16 24 0 36 44 30 31 0 8
split_gain=1.23349e+06 345404 152959 88491.9 75252.9 41933.4 39331.2 35742.9 35220.3 28507.8 28061.6 27886.2 25348.8 27973 24086.6 24063.1 23537.5 20637.2 20543.2 30085.2 20516.1 19914 19788.5 19198.9 18694.9 21676.7 20974.4 18326.6 17112.1 16837.8 16702.6 15390.3 16599.8 15096.9 21648.9 16611.1 28768.3 19023.4 17316 15489.2 15101.8 14810.2 31560.5 14705.7 14224.6 14040.8 13708.5 13706.3 29672.3 19633.4 17744.8 13538.7 13377 13097.5 13035.9 12872.7 12846.7 12845.5 15097.9 26274.7 12828.4 12811.9
threshold=36.049999237060554 23.050000190734867 47.250000000000007 12.050000190734865 34.100000381469734 0.043500000610947616 18.050000190734867 12.744999885559084 0.70149999856948864 88.500000000000014 19.10000038146973 15.97499990463257 34.250000000000007 -4.0600674152374259 3.5000000000000004 6.0499999523162851 90.500000000000014 0.045500000938773162 13.855000019073488 52.995000839233406 0.0015000000712461772 36.48500061035157 1.0000000180025095e-35 17.44999980926514 55.149999618530281 11.829999923706056 -8.0554642677307111 80.500000000000014 102.50000000000001 27.025000572204593 18.250000000000004 17.005000114440922 46.004999160766609 13.050000190734865 37.995000839233406 3.5000000000000004 104.50000000000001 20.945000648498539 61.500000000000007 27.884999275207523 15.864999771118166 3.5000000000000004 40.149999618530281 25.304999351501468 0.39750000834465032 47.250000000000007 12.050000190734865 4.5000000000000009 43.995000839233406 0.58849999308586132 9.6649999618530291 5.0999999046325692 -7.4185554981231681 31.375000000000004 139.004997253418 63.500000000000007 0.18849999457597735 19.404999732971195 21.345000267028812 41.995000839233406 66.500000000000014 0.0075000002980232247
decision_type=10 10 8 10 8 8 8 8 8 10 8 8 10 10 2 8 10 10 8 8 10 10 10 10 10 8 10 8 10 8 10 8 8 10 10 2 10 8 10 10 8 2 10 8 10 8 10 2 10 10 8 10 10 10 10 10 8 8 8 10 10 8
left_child=1 3 5 15 7 52 51 41 11 12 23 60 13 14 29 -1 28 -8 -17 -20 43 46 53 -6 -16 26 -26 54 33 -7 -24 -29 -33 34 39 36 37 -35 -39 55 -37 -3 61 -9 -38 -21 -15 -12 49 -49 -50 -5 -2 -22 -10 -13 -11 -19 59 -59 -4 -43
right_child=2 4 8 6 10 9 17 20 27 56 47 16 -14 21 24 18 -18 57 19 45 22 -23 30 -25 25 -27 -28 31 -30 -31 -32 32 -34 35 -36 40 44 38 -40 -41 -42 42 -44 -45 -46 -47 -48 48 50 -51 -52 -53 -54 -55 -56 -57 -58 58 -60 -61 -62 -63
leaf_value=-0.17569037727632228 0.11929208517986152 -0.19318969830639598 0.28025807025536847 -0.14813398568431643 0.23528114579441564 0.046969850952820781 -0.045148576239051219 -0.058196565833998251 0.32662953624304225 0.77182804345022171 0.090297447080136137 0.20340666094471438 0.022370131407732967 0.066666540114075565 0.24271505973934301 -0.16901631794619573 0.46191300809107816 -0.059143371475122192 -0.14287318544252289 -0.084867106153228011 0.11531159658762291 -0.05386667116966757 0.039965366699344432 0.08183665662743328 1.4823887584963815 0.37520763912181865 0.47727910548250763 0.01265092688302199 0.58107908813780917 0.21162007490671236 -0.050127450290903125 1.5792495067884673 0.66639095044205177 -0.052003193617170484 -0.049454489906603727 0.40189547695188532 0.51454565205088221 0.21510780941274765 0.4023987337114463 0.11574230672052638 0.12100888780568027 -0.17191034772105812 0.60885642170064191 0.029096546447363376 1.531522269180188 -0.0036347239215655095 0.15454385329855133 0.10076664120817698 0.27278375789746007 0.63347292287879298 -0.096794464401212296 -0.076635980149930727 0.0016604153019464376 -0.067771413230952746 0.6914326631307941 0.46317486966326959 0.31580291012040912 0.27673110463484019 0.014338468103493054 -0.010035360143056183 0.44782632457228699 0.037991888885549219
leaf_weight=19894 3300 3157 5597 7668 4808 2391 32440 14236 4818 206 15296 1953 4599 6292 3188 13023 817 3112 22201 22912 8542 1607 14934 3539 96 926 113 60 273 4429 7848 67 194 442 1355 541 73 3094 2053 4936 4144 1635 177 7298 65 6928 15060 2659 351 185 4349 48494 9031 1103 258 631 617 1755 6654 1466 1435 1309
leaf_count=19894 3300 3157 5597 7668 4808 2391 32440 14236 4818 206 15296 1953 4599 6292 3188 13023 817 3112 22201 22912 8542 1607 14934 3539 96 926 113 60 273 4429 7848 67 194 442 1355 541 73 3094 2053 4936 4144 1635 177 7298 65 6928 15060 2659 351 185 4349 48494 9031 1103 258 631 617 1755 6654 1466 1435 1309
internal_value=-3.98734e-11 -0.0508914 0.167095 -0.0899101 0.028723 0.113639 -0.0584177 -0.00391659 0.251591 0.138753 0.0917677 0.228602 0.132561 0.147421 0.212423 -0.127567 0.198975 -0.0238254 -0.112853 -0.0987987 0.00922041 0.115873 0.0343443 0.170223 0.304756 0.479017 0.938956 0.368342 0.187992 0.153896 0.00892997 0.734731 0.900726 0.182428 0.134514 0.223269 0.28039 0.262781 0.289813 0.167662 0.153444 -0.116832 -0.0395945 -0.0286124 0.993556 -0.0660073 0.128648 0.0630958 0.0079426 0.135419 -0.069194 -0.0863979 0.0331408 0.0943743 0.345172 0.266841 0.429948 0.0294375 0.0573529 0.146213 0.314453 -0.0785809
internal_weight=362634 277973 84661 186547 91426 51855 101589 60239 32806 39524 31187 27409 38701 34102 11143 84958 20377 45427 65064 52041 53961 22959 32427 8347 4323 1135 209 5397 19560 6820 22782 321 261 19287 8875 10412 5727 5589 5147 7520 4685 6278 3121 21534 138 29840 21352 22840 7544 2844 4700 56162 12331 9645 5076 2584 823 12987 9875 3221 7032 2944
internal_count=362634 277973 84661 186547 91426 51855 101589 60239 32806 39524 31187 27409 38701 34102 11143 84958 20377 45427 65064 52041 53961 22959 32427 8347 4323 1135 209 5397 19560 6820 22782 321 261 19287 8875 10412 5727 5589 5147 7520 4685 6278 3121 21534 138 29840 21352 22840 7544 2844 4700 56162 12331 9645 5076 2584 823 12987 9875 3221 7032 2944
is_linear=0
shrinkage=0.05


Tree=36
num_leaves=63
num_cat=0
split_feature=0 5 5 8 49 0 49 50 31 49 9 0 9 49 50 50 49 50 49 36 50 50 37 45 9 15 50 50 23 31 47 30 50 35 1 8 0 33 11 49 9 51 46 50 51 11 28 5 50 50 44 44 30 9 41 47 49 51 50 14 27 23
split_gain=1.12125e+06 217852 207783 73729.2 70907.8 57870.1 52366.5 46208.9 42134.7 41361 43575.7 38966.7 38226.3 36000.2 34678.2 38507.4 31583.5 28751.9 28185.4 27613.6 26173.4 35645.5 25737.8 25121.3 26182.7 24381.7 23803.8 23020.9 22825.1 22136.1 22089 21057.5 23426.7 37354.6 20953.2 20887.9 20660.1 19832.3 19525.2 18856.7 18788.6 18739.2 36818.3 26137.5 18477.8 18347.8 18281.4 18270.5 18102.2 18061.1 17944.9 17832.5 17657.3 17543.2 17469.6 17145 16673.5 16623 16315.4 16254.8 15983.9 18568.1
threshold=30.050000190734867 17.050000190734867 43.350000381469734 0.080499999225139632 9.5000000000000018 56.399999618530281 17.500000000000004 6.5000000000000009 35.004999160766609 12.500000000000002 28.464999198913578 7.0499999523162851 30.875000000000004 16.500000000000004 10.500000000000002 2.5000000000000004 11.500000000000002 2.5000000000000004 8.5000000000000018 0.48350000381469732 2.5000000000000004 9.5000000000000018 16.845000267028812 91.005001068115249 15.875000000000002 0.19749999791383746 9.5000000000000018 10.500000000000002 12.894999980926515 25.005000114440922 -4.6490328311920157 8.1849999427795428 1.5000000000000002 50.549999237060554 1.0500000119209292 0.17449999600648883 84.500000000000014 -4.1676113605499259 38.004999160766609 5.5000000000000009 34.905000686645515 3.5000000000000004 20.994999885559086 5.5000000000000009 2.5000000000000004 12.614999771118166 9.8350000381469744 3.2000000476837163 8.5000000000000018 6.5000000000000009 24.644999504089359 25.894999504089359 7.6649999618530282 16.605000495910648 2.4486873149871831 -5.411686658859252 10.500000000000002 4.5000000000000009 11.500000000000002 19.44999980926514 -8.0554642677307111 14.375000000000002
decision_type=10 10 8 8 2 10 2 2 10 2 10 10 8 2 2 2 2 2 2 8 2 2 8 10 8 10 2 2 8 8 8 8 2 10 10 10 10 8 10 2 8 2 8 2 2 8 10 10 2 2 8 10 8 8 10 10 2 2 2 10 10 10
left_child=1 7 3 20 28 13 9 17 12 14 23 40 26 16 15 -6 -4 29 38 22 52 37 -7 35 -25 55 30 -8 -3 56 -5 -10 33 50 -20 -11 -21 -22 39 -19 47 42 -38 -43 -26 -24 59 -9 -13 -30 -33 -51 -2 -50 -28 -18 -1 -17 -12 -37 -15 -62
right_child=2 4 5 8 6 19 27 11 31 10 58 48 -14 60 -16 57 25 18 34 36 21 -23 45 24 44 -27 54 -29 49 -31 -32 32 -34 -35 -36 46 41 -39 -40 -41 -42 43 -44 -45 -46 -47 -48 -49 53 51 -52 -53 -54 -55 -56 -57 -58 -59 -60 -61 61 -63
leaf_value=-0.13364534966684735 0.22753464468410767 -0.16257253978420738 0.040172495608870276 0.3753449665368474 -0.11112192688127479 0.96426527215086899 -0.012149610150094208 -0.26515339544610111 0.3340188857932922 0.28669259390851237 -0.058700170146793532 -0.14712237849514409 0.078126927421702227 0.20317193111694701 -0.11690919744115652 0.10362286181045142 0.42905198869288363 -0.041377721134308321 0.27648970595409084 0.30627956850737587 0.0034051979602804407 -0.075061034428328996 0.36781534351003264 -0.19187637226131202 -0.048373979330189748 0.19366362625002767 0.21626451520347706 -0.14326738919542389 -0.015511241149259154 -0.12715265216376428 0.18617055828900239 -0.13223214919849888 0.081571308464949546 -0.59683698566746901 0.0082433093984613601 0.17298190546224815 0.26279745669023741 0.1042815451282017 0.079340408145414695 -0.13585316245061055 -0.022567479932415386 -0.16934673273026601 0.91493739894770698 0.53132418088330113 0.27933872837736429 0.18238031090596607 0.055836095723993465 -0.16598760366050219 -0.14003384354388737 -0.1204431130293787 0.23786952546543036 -0.015746117800789463 -0.15284586755634383 -0.059033588275231801 -0.069252824997452597 0.20644855841943432 0.17363591974197634 -0.0062635643991101114 0.64352583299226618 0.52149778337848496 0.55669548833507232 0.033940841305306856
leaf_weight=727 337 4826 2795 3796 3325 115 24967 6238 767 4422 3077 16391 5265 2088 3930 12937 2112 11435 791 6389 8576 6389 1587 865 734 16218 1452 3866 20765 21799 2600 909 22556 320 9138 1339 359 11282 1975 9815 1769 201 545 394 1039 8366 2838 18186 9433 11690 512 6237 3222 22943 849 1465 1124 4689 85 446 174 7153
leaf_count=727 337 4826 2795 3796 3325 115 24967 6238 767 4422 3077 16391 5265 2088 3930 12937 2112 11435 791 6389 8576 6389 1587 865 734 16218 1452 3866 20765 21799 2600 909 22556 320 9138 1339 359 11282 1975 9815 1769 201 545 394 1039 8366 2838 18186 9433 11690 512 6237 3222 22943 849 1465 1124 4689 85 446 174 7153
internal_value=-6.45003e-11 -0.0613662 0.125964 0.0696258 -0.0101229 0.203581 0.0215627 -0.104953 0.11485 0.0587909 0.124841 -0.130729 0.184459 0.163274 0.0193829 0.0449486 0.197509 -0.070939 -0.0408948 0.275424 0.0104124 0.0276657 0.220541 0.169407 0.0336442 0.219724 0.24883 -0.0297302 -0.0600408 -0.113057 0.298445 0.0760739 0.0679312 -0.108787 0.0296133 0.209003 0.345475 0.0607165 -0.0710379 -0.0850143 -0.179918 0.512534 0.655957 0.294627 0.14367 0.211948 0.13469 -0.191315 -0.104309 -0.0472521 0.00111905 -0.0840179 -0.116828 -0.0826336 0.110917 0.337882 0.0529479 0.0743901 -0.0398231 0.260062 0.081133 0.0463551
internal_weight=362634 243841 118793 68832 112077 49961 68559 131764 39026 39726 14845 74960 13962 32005 24881 20951 22590 56804 33154 17956 29806 26247 10068 11683 2638 19795 8697 28833 43518 23650 6396 25064 24297 1741 9929 9045 7888 19858 23225 21250 26193 1499 904 595 1773 9953 4623 24424 48767 38692 1421 17927 3559 32376 2301 3577 1851 17626 3162 1785 9415 7327
internal_count=362634 243841 118793 68832 112077 49961 68559 131764 39026 39726 14845 74960 13962 32005 24881 20951 22590 56804 33154 17956 29806 26247 10068 11683 2638 19795 8697 28833 43518 23650 6396 25064 24297 1741 9929 9045 7888 19858 23225 21250 26193 1499 904 595 1773 9953 4623 24424 48767 38692 1421 17927 3559 32376 2301 3577 1851 17626 3162 1785 9415 7327
is_linear=0
shrinkage=0.05


Tree=37
num_leaves=63
num_cat=0
split_feature=5 49 49 5 38 50 4 50 51 50 30 50 5 16 50 50 51 47 50 50 30 30 50 51 37 51 50 51 30 2 15 44 50 38 37 50 50 5 51 37 16 51 31 30 50 37 23 46 50 33 44 45 30 51 16 31 49 20 29 45 37 42
split_gain=998196 277451 181536 78111.7 71552.6 74914.8 66350.2 56509.5 52754.1 52722.6 52080.9 50444.1 46464.7 44292.6 41288.9 40648.5 40231.1 40178.2 36739.8 35850.5 35626.1 75655.3 42294.6 35048.5 34645.5 58207.4 34449.5 42620.5 36501.2 31510.5 30781.5 30401.7 30162.8 28473.5 28167.6 31950.1 29847.8 27294.5 27086.8 29509.2 26142.4 24564.2 24198.3 23883.1 29250.2 23820.7 23105.8 22915.5 22709.6 22492 22165 22024.8 26068.1 32806.8 21947.8 21751.8 21406.1 27099.1 21251.3 20780.2 20403.8 19681.1
threshold=37.049999237060554 10.500000000000002 18.500000000000004 54.399999618530281 56.995000839233406 6.5000000000000009 43.250000000000007 10.500000000000002 4.5000000000000009 10.500000000000002 17.845000267028812 2.5000000000000004 11.050000190734865 20.355000495910648 1.5000000000000002 5.5000000000000009 2.5000000000000004 -5.0874016284942618 1.5000000000000002 2.5000000000000004 13.375000000000002 21.615000724792484 10.500000000000002 1.0000000180025095e-35 37.68499946594239 4.5000000000000009 9.5000000000000018 4.5000000000000009 8.6050000190734881 35.149999618530281 0.28650000691413885 24.884999275207523 1.5000000000000002 81.005001068115249 18.935000419616703 9.5000000000000018 10.500000000000002 72.500000000000014 3.5000000000000004 24.164999961853031 19.285000801086429 2.5000000000000004 35.944999694824226 11.694999694824221 2.5000000000000004 11.855000019073488 17.095000267028812 40.725000381469734 11.500000000000002 3.0687954425811772 29.32499980926514 77.005001068115249 11.454999923706056 3.5000000000000004 20.134999275207523 30.005000114440922 11.500000000000002 6.2046246528625497 0.01350000035017729 69.009998321533217 17.115000724792484 10.84999990463257
decision_type=10 2 2 10 10 2 10 2 2 2 8 2 10 8 2 2 2 10 2 2 8 8 2 2 10 2 2 2 8 10 10 10 2 8 8 2 2 10 2 8 8 2 10 8 2 8 10 10 2 8 10 8 10 2 8 8 2 10 8 10 8 8
left_child=1 6 4 26 5 17 12 14 20 11 50 13 -1 -5 -4 19 47 38 -6 -8 22 23 -7 -22 37 59 28 30 60 -16 -28 41 33 -30 36 -36 -25 -13 39 -3 46 -14 61 -34 -45 -43 -39 -15 54 -21 51 52 -11 -54 -12 -10 -46 -58 -42 -26 -2 -40
right_child=3 2 7 9 18 8 15 -9 55 10 48 24 31 16 29 -17 -18 -19 -20 49 21 -23 -24 34 25 -27 27 -29 32 -31 -32 -33 43 -35 35 -37 -38 40 42 -41 58 45 -44 44 56 -47 -48 -49 -50 -51 -52 -53 53 -55 -56 -57 57 -59 -60 -61 -62 -63
leaf_value=-0.14467729649533542 0.66817146681862927 0.32669272795011978 -0.15660261896379438 0.38466240378697258 -0.13898183195108549 0.67355926426516932 -0.10328815661781306 -0.14086416208422214 -0.21811444150885168 -0.49290757269570329 0.43542787201807531 0.24681901208415882 -0.14676885959943667 -0.24202505469730662 -0.043388527670949334 -0.077726285867721026 0.17729051323018938 0.10462752525510105 0.038243498896193967 0.030281187848702814 0.041156850983149362 0.050197911047678359 -0.13146880568647049 1.3318822559493562 0.02868668276948709 -0.6039035772866217 0.0097736612868432621 -0.12608729229367993 0.075391542798368558 0.037574414754246388 0.21724710516004808 -0.027392610006749266 0.38365523359945941 -0.30211384495033905 0.70692338566743551 0.22182154779316388 0.51960413450828835 0.4341401919507637 0.74712064062284 0.08144985449297501 0.31227199458483174 -0.18731250913978989 0.23643304835105955 -0.048846430737503221 0.069287159650404731 -0.049203808327171653 1.528331738975313 -1.0637469524398764 0.063034923267423659 0.20727372178897019 -0.44321132767091104 -0.051376289952742432 0.2837420368910864 1.0133649079452369 -0.48797730898641839 0.001586745100005661 0.18990484689104126 0.067455053283335994 0.56623136768144211 0.47986838639434426 0.12822442756246416 0.40257520991941809
leaf_weight=50106 504 2498 5193 611 3349 177 4698 12404 1817 66 71 14983 18463 871 27750 26818 693 5065 23061 12753 856 6948 2086 135 705 290 4027 2860 1631 21198 3215 19072 1014 720 416 1844 697 104 576 2410 5223 3682 1528 1990 6978 20533 90 94 403 2089 109 304 424 242 687 2965 23839 5575 978 400 268 1478
leaf_count=50106 504 2498 5193 611 3349 177 4698 12404 1817 66 71 14983 18463 871 27750 26818 693 5065 23061 12753 856 6948 2086 135 705 290 4027 2860 1631 21198 3215 19072 1014 720 416 1844 697 104 576 2410 5223 3682 1528 1990 6978 20533 90 94 403 2089 109 304 424 242 687 2965 23839 5575 978 400 268 1478
internal_value=-5.29867e-11 -0.0441234 0.0117301 0.155962 0.0764665 0.127362 -0.0880576 -0.0446021 0.0603344 0.224508 -0.00426772 0.245575 -0.108903 0.0207558 -0.0225479 -0.0377613 -0.11335 0.216077 0.0157699 0.0170892 0.11202 0.149513 -0.0685037 0.324295 0.267975 0.0265516 0.120337 0.037339 0.140057 -0.00832576 0.101879 -0.0798739 0.133757 -0.0402205 0.40268 0.311115 0.651404 0.283729 0.282567 0.20627 0.370207 -0.103327 0.387107 0.144139 0.137812 -0.0702039 0.941755 -0.322068 -0.240243 0.0551927 0.235005 0.306362 0.45493 0.54886 -0.401484 -0.0818924 0.148019 0.166696 0.352326 0.19201 0.480729 0.499196
internal_weight=362634 282665 124451 79969 57906 31496 158214 66545 17941 27348 2306 25042 111856 2269 54141 46358 1658 13555 26410 19540 13159 10896 2263 3948 22773 1395 52621 10102 42519 48948 7242 61750 41747 2351 3092 2260 832 21378 8490 4908 6395 42678 3582 39396 38382 24215 194 965 1161 14842 1145 1036 732 666 758 4782 36392 29414 6201 1105 772 2054
internal_count=362634 282665 124451 79969 57906 31496 158214 66545 17941 27348 2306 25042 111856 2269 54141 46358 1658 13555 26410 19540 13159 10896 2263 3948 22773 1395 52621 10102 42519 48948 7242 61750 41747 2351 3092 2260 832 21378 8490 4908 6395 42678 3582 39396 38382 24215 194 965 1161 14842 1145 1036 732 666 758 4782 36392 29414 6201 1105 772 2054
is_linear=0
shrinkage=0.05


Tree=38
num_leaves=63
num_cat=0
split_feature=6 5 5 49 6 49 45 49 50 9 50 16 51 44 31 51 51 44 37 51 5 9 9 37 50 9 51 50 44 50 49 51 50 28 42 37 16 44 29 42 26 13 6 28 51 2 51 35 43 25 35 6 3 4 3 1 37 51 39 40 48 3
split_gain=933635 257409 88348.2 67457.9 58631.4 48331.1 51643.8 39355.1 36929 42231.9 38673.7 45813.8 43081.4 34330 33545.9 32969.3 53547 31936.6 30097.2 50289.7 30453.2 27747.6 25956.1 25383.7 27870.9 37967.7 31109.7 24935.6 23579.8 22980.2 22804.9 21503.5 20806.8 20579.6 20109.7 19812.2 27678.1 19547.7 19316.3 18481.1 18294.8 18223.7 18437.6 18054.2 17715.9 17448.8 25479.2 17175.2 17051.9 20637 17007.5 16980.3 16826.8 16761.3 16501 17207.8 16471.9 25570 20809.2 17533.7 16255.5 15984.1
threshold=36.049999237060554 21.050000190734867 50.149999618530281 9.5000000000000018 9.1500000953674334 19.500000000000004 39.995000839233406 11.500000000000002 10.500000000000002 32.524999618530281 2.5000000000000004 19.714999198913578 2.5000000000000004 28.445000648498539 29.994999885559086 4.5000000000000009 3.5000000000000004 14.744999885559084 37.68499946594239 4.5000000000000009 68.500000000000014 12.09500026702881 20.025000572204593 26.144999504089359 11.500000000000002 21.134999275207523 1.0000000180025095e-35 6.5000000000000009 18.015000343322757 6.5000000000000009 3.5000000000000004 3.5000000000000004 5.5000000000000009 12.250000000000002 17.849999427795414 23.894999504089359 13.484999656677248 23.654999732971195 0.01350000035017729 73.850002288818374 -9.0425539016723615 6.0951249599456796 85.500000000000014 32.649999618530281 2.5000000000000004 27.10000038146973 1.0000000180025095e-35 18.550000190734867 0.27850000560283666 28.82499980926514 3.0499999523162846 86.500000000000014 40.20000076293946 47.250000000000007 6.0499999523162851 43.250000000000007 22.404999732971195 4.5000000000000009 29.875000000000004 -7.3473808765411368 -2.2161918878555293 45.049999237060554
decision_type=10 10 8 2 8 2 10 2 2 10 2 8 2 10 10 2 2 8 10 2 10 8 10 10 2 8 2 2 8 2 2 2 2 10 8 8 8 8 8 10 10 10 10 10 2 10 2 10 8 10 8 10 8 10 10 8 8 2 10 8 8 8
left_child=1 4 7 30 53 6 54 -2 10 13 11 45 -13 23 29 16 21 -6 20 33 41 -8 40 56 25 -25 47 61 -18 35 52 -26 -21 -20 -23 51 -37 -14 -24 -7 -22 42 -12 60 -44 -4 -47 -27 50 -50 -40 -9 -3 -1 -5 -56 57 -10 59 -58 -16 -19
right_child=2 3 8 5 17 39 15 14 9 -11 18 12 37 -15 43 -17 28 27 19 32 22 34 38 24 31 26 -28 -29 -30 -31 -32 -33 -34 -35 -36 36 -38 -39 48 -41 -42 -43 44 -45 -46 46 -48 -49 49 -51 -52 -53 -54 -55 55 -57 58 -59 -60 -61 -62 -63
leaf_value=-0.13887884783301052 0.012033508344345174 -0.0363498413631008 0.13113413266571505 0.27769918892026341 -0.11999673110372605 -0.00798508951117048 -0.25587841663671179 0.36335267747654815 0.25214671492779062 0.98270517538216984 0.23189198521836618 -0.29760695635834428 0.49275834647658484 -0.47951152460768043 0.18967057858985503 -0.033354411331423091 0.43310343123634643 -0.036224340037541207 -0.060742638006257094 -0.82209062228838992 1.0405996498145742 0.10260031506867678 0.28476739073868407 0.44134789254880497 0.95243898971778584 0.59005053982604305 -0.76753735509556786 -0.073177090622259702 0.15982714804217732 0.13088214032551068 -0.093073376378379188 0.022507045102026679 0.023202065311904468 0.34976473730057478 -0.00030835781297034332 -0.64238167003107571 0.21979698487200558 -0.024120474280462333 1.2063695535063745 -0.22951166990344199 0.36427412735217296 0.10097428853056892 0.17628637021132412 0.033448494664740896 0.73027457723237554 1.4705064732687816 0.41340785665856217 -0.44281964565132875 0.45532189987238925 1.1084387226979462 0.26343472373585741 1.1656314427142636 0.075677715560690126 -0.057543447501756023 0.0865901630322089 0.21106364085990936 0.94165250286459923 -0.76149664000073014 -0.030271008020484602 0.32224035079307783 0.097255795962356326 0.046245163178113925
leaf_weight=43593 9207 12714 385 2112 20496 22295 807 2191 184 110 13944 1069 320 346 6390 11303 954 36142 529 208 219 8243 6189 133 82 80 355 57106 4574 5743 13776 257 112 722 11194 96 3066 427 52 983 184 2646 237 7734 369 70 307 81 289 208 595 68 4552 7411 8602 4100 178 94 231 319 18635 7016
leaf_count=43593 9207 12714 385 2112 20496 22295 807 2191 184 110 13944 1069 320 346 6390 11303 954 36142 529 208 219 8243 6189 133 82 80 355 57106 4574 5743 13776 257 112 722 11194 96 3066 427 52 983 184 2646 237 7734 369 70 307 81 289 208 595 68 4552 7411 8602 4100 178 94 231 319 18635 7016
internal_value=-2.59386e-11 -0.0442756 0.145373 0.0169123 -0.0821107 0.0425198 0.0693735 0.106025 0.211675 0.0252492 0.227381 0.0425057 -0.0940301 -0.0197594 0.125727 0.0378426 0.0690679 -0.0631258 0.245364 0.0331006 0.258739 0.0314063 0.341127 0.060017 -0.119996 -0.311927 -0.506085 -0.0515002 0.206988 0.200578 -0.0450952 0.247446 -0.526238 0.176177 0.043334 0.274414 0.193621 0.1973 0.319657 -0.0173399 0.731806 0.221675 0.243626 0.100218 0.513616 0.367898 0.609686 0.0704078 0.508407 0.728659 0.339219 0.387503 -0.00681495 -0.127061 0.148286 0.126768 0.23681 -0.090596 0.361835 0.544082 0.120853 -0.0228176
internal_weight=362634 277973 84661 106209 171764 75167 51889 53130 31531 2450 29081 2578 1816 2340 43923 37075 25772 120760 26503 1571 24932 20244 7736 1994 988 649 516 100264 5528 11164 31042 339 320 1251 19437 5421 3162 747 7333 23278 403 17196 14550 32759 606 762 377 161 1144 497 647 2259 17266 51004 14814 12702 1006 278 728 497 25025 43158
internal_count=362634 277973 84661 106209 171764 75167 51889 53130 31531 2450 29081 2578 1816 2340 43923 37075 25772 120760 26503 1571 24932 20244 7736 1994 988 649 516 100264 5528 11164 31042 339 320 1251 19437 5421 3162 747 7333 23278 403 17196 14550 32759 606 762 377 161 1144 497 647 2259 17266 51004 14814 12702 1006 278 728 497 25025 43158
is_linear=0
shrinkage=0.05


Tree=39
num_leaves=63
num_cat=0
split_feature=0 5 6 6 6 0 38 44 3 49 49 10 49 20 16 6 44 8 4 5 49 16 17 49 38 30 49 10 30 35 5 9 5 23 2 9 19 30 41 24 0 43 43 47 44 48 40 26 29 28 35 33 24 4 3 30 6 7 0 6 23 41
split_gain=858407 227350 124973 64039.9 49681.3 40719 37103.9 30298.3 28238.1 25640.7 30821.4 28257.6 24406.3 24401.2 21728.3 21692.9 21339.7 19998.6 18839.9 18655.6 18393.4 20895.9 20834.9 18330.7 24318.4 21543.2 21404.7 17719.7 21155.7 17128.3 17109.3 17024.1 17017.1 16685.9 15754 15405.5 15231.8 14332.5 16642.5 13441.4 17729.3 13379.2 13767.7 12750.3 12735 12592.5 12467.7 11920.2 11830.3 11761.5 11730.3 11729.9 11701.7 11543.7 13305.2 11648.3 12657.5 11295.8 11023.6 14955.8 14283.8 10993.1
threshold=35.100000381469734 23.050000190734867 39.100000381469734 11.050000190734865 26.050000190734867 67.049999237060561 65.005001068115249 14.234999656677248 22.050000190734867 9.5000000000000018 16.500000000000004 36.995000839233406 8.5000000000000018 0.62780857086181652 15.434999942779543 80.500000000000014 25.015000343322757 0.60649999976158153 48.20000076293946 56.399999618530281 14.500000000000002 33.965000152587898 101.00500106811525 8.5000000000000018 42.004999160766609 21.345000267028812 5.5000000000000009 55.98500061035157 18.884999275207523 41.750000000000007 5.0499999523162851 14.074999809265138 118.50000000000001 18.214999198913578 5.0499999523162851 34.164999008178718 -7.8062677383422843 8.6050000190734881 -2.8365558385848995 49.004999160766609 50.049999237060554 0.19250000268220904 0.76049998402595531 -14.499194622039793 33.335000991821296 -5.0787396430969229 -15.375662803649901 -14.698880672454832 0.16950000077486041 11.050000190734865 20.349999427795414 3.7192190885543828 23.989999771118168 21.050000190734867 24.050000190734867 16.425000190734867 84.500000000000014 5.5499999523162851 25.050000190734867 80.500000000000014 23.134999275207523 -5.5845761299133292
decision_type=10 10 8 10 8 10 10 8 8 2 2 10 2 10 8 10 8 10 8 10 2 10 10 2 10 10 2 8 10 10 10 8 10 8 8 10 8 8 10 10 10 10 10 8 8 8 8 8 10 8 8 8 8 10 10 8 10 8 8 10 10 8
left_child=1 3 6 18 14 9 8 45 37 -4 11 15 48 16 -3 -11 -14 29 30 58 21 22 -7 26 25 49 -9 28 36 -8 -1 -10 46 -12 -20 -36 -22 -2 -39 40 -33 -13 47 -15 61 -5 -29 -43 -6 -25 -37 -35 -17 54 -49 56 -55 -48 -18 -60 -61 -30
right_child=2 4 5 7 12 20 17 23 31 10 33 41 13 43 -16 52 19 -19 34 -21 27 -23 -24 24 -26 -27 -28 32 44 -31 -32 39 -34 51 35 50 -38 38 -40 -41 -42 42 -44 -45 -46 -47 57 53 -50 -51 -52 -53 -54 55 -56 -57 -58 -59 59 60 -62 -63
leaf_value=-0.16323007410172485 0.47981954032482649 -0.10127781452772722 -0.088110787591497763 -0.21389648677042816 -0.12557414858010604 0.41959348629366827 0.0061197897265164013 -0.042668512571468989 -0.17872157623213639 0.2954173843184284 0.3681544199539426 0.26823537958121324 0.033957692957763595 0.13569879305667767 -0.0047692473910686773 1.2604831892572628 0.060766381613660825 0.18615274095218751 -0.1773753296105797 0.28225593939762222 1.1182339034255209 0.74678604196363352 0.029442980688893134 0.25927994711014762 -0.043569242960711574 -0.018991490287226864 -0.12087402860049255 0.36769383998125854 0.57170260590227218 -0.14775151117252874 -0.10589787094892081 0.085350561951058043 0.87638672998781952 0.071485210349593084 -0.045001766816078398 1.0872308630209704 0.44657298831250708 0.27600781460418267 0.11365929872907915 0.036099623676872868 0.24991601104940009 0.46043992933874267 0.28215504349828846 0.0060418973135580563 0.47684978002782547 -0.095571723251515181 0.71124420041261727 0.085370145990768545 0.0090822421955972319 0.073049503397547622 0.1017059085243899 0.18208218195725906 0.55232343501139913 0.31247353888705542 0.25962553986934161 0.1674864829487076 1.0945949568531732 0.13205185689306484 0.13650084138359206 0.18263424285329308 1.1015626166110175 0.078149353961806389
leaf_weight=18777 385 7328 972 2785 2252 1646 8603 33311 667 3406 601 3775 9187 2148 28573 79 6545 1234 2472 1760 145 369 432 998 31550 8556 11866 738 136 2290 42391 8294 89 9761 12848 52 202 2344 4834 9806 2039 302 2210 16171 539 11673 86 8300 5916 5634 72 3178 223 870 1262 5614 55 3979 9472 91 79 662
leaf_count=18777 385 7328 972 2785 2252 1646 8603 33311 667 3406 601 3775 9187 2148 28573 79 6545 1234 2472 1760 145 369 432 998 31550 8556 11866 738 136 2290 42391 8294 89 9761 12848 52 202 2344 4834 9806 2039 302 2210 16171 539 11673 86 8300 5916 5634 72 3178 223 870 1262 5614 55 3979 9472 91 79 662
internal_value=-4.97091e-11 -0.0442406 0.133765 -0.0761844 0.0210532 0.186949 0.0685844 -0.0510817 0.0998761 0.165601 0.171823 0.203582 0.0515312 0.0658311 -0.0244683 0.331429 0.0959326 -0.00461696 -0.111039 0.127657 0.283027 0.400055 0.338484 -0.0404983 -0.0185455 0.0334363 -0.0632096 0.23948 0.379371 -0.0262281 -0.123497 0.0698002 0.191324 0.110612 -0.0616936 -0.0396488 0.727238 0.182616 0.166675 0.0780311 0.117824 0.182408 0.165001 0.0212449 0.289086 -0.118364 0.17863 0.149216 -0.0280439 0.101074 0.514991 0.0986494 0.737571 0.143379 0.108369 0.194575 0.358978 0.144305 0.110848 0.144843 0.609666 0.162264
internal_weight=362634 272507 90127 182985 89522 49631 40496 106373 28369 40608 39636 26096 53621 45453 35901 3708 27134 12127 76612 17947 9023 2447 2078 91915 46738 15188 45177 6576 1684 10893 61168 20806 4892 13540 15444 12972 347 7563 7178 20139 10333 22388 18613 18319 1337 14458 4803 16403 8168 6632 124 12939 302 16101 9562 6539 925 4065 16187 9642 170 798
internal_count=362634 272507 90127 182985 89522 49631 40496 106373 28369 40608 39636 26096 53621 45453 35901 3708 27134 12127 76612 17947 9023 2447 2078 91915 46738 15188 45177 6576 1684 10893 61168 20806 4892 13540 15444 12972 347 7563 7178 20139 10333 22388 18613 18319 1337 14458 4803 16403 8168 6632 124 12939 302 16101 9562 6539 925 4065 16187 9642 170 798
is_linear=0
shrinkage=0.05


Tree=40
num_leaves=63
num_cat=0
split_feature=0 5 0 50 49 0 8 49 49 50 49 49 50 49 37 16 50 50 37 30 37 5 38 31 50 30 16 7 50 30 37 30 38 5 50 38 49 50 50 47 30 24 37 50 50 29 46 50 31 33 8 48 30 43 35 42 25 12 50 16 30 37
split_gain=774712 205440 92317.5 52438.8 51866.7 50202.6 45610.4 40894.9 39196.5 33872.8 30202.8 36581.4 27937.3 27434.7 36960.9 35076.3 26309.3 26085.2 38741.2 31618.2 25621 25485.5 25169.8 23857.6 26376.2 28579.6 27742.4 23487.6 23309.5 22725.5 22653 22078.2 32599.6 21912.8 21692.8 20423.9 20187.1 23666.5 19892.9 19696.9 19683 19454.7 19153.3 19150.1 17438.7 17271.2 17046.9 16987.3 16457.1 16401 21888.7 15649.5 15622.4 15494.5 15494.3 15338.3 15334.3 17468.6 15302.4 22422.8 25666.4 15726.3
threshold=35.100000381469734 22.149999618530277 50.049999237060554 1.5000000000000002 9.5000000000000018 8.0500001907348651 0.16649999469518664 17.500000000000004 17.500000000000004 9.5000000000000018 8.5000000000000018 5.5000000000000009 4.5000000000000009 12.500000000000002 30.105000495910648 24.845000267028812 2.5000000000000004 10.500000000000002 22.404999732971195 17.714999198913578 16.285000801086429 51.100000381469734 73.009998321533217 29.005000114440922 10.500000000000002 21.255000114440922 14.585000038146974 51.149999618530281 2.5000000000000004 8.1849999427795428 25.384999275207523 14.784999847412111 34.004999160766609 59.149999618530281 10.500000000000002 60.010000228881843 15.500000000000002 1.5000000000000002 1.5000000000000002 -12.981659412384031 11.944999694824221 53.995000839233406 24.224999427795414 2.5000000000000004 5.5000000000000009 0.47349999845027929 39.635000228881843 11.500000000000002 55.010000228881843 -3.8357139825820918 0.64949998259544384 -7.217801332473754 8.1849999427795428 0.20150000602006915 72.549999237060561 55.350000381469734 8.9949998855590838 10.218351840972902 11.500000000000002 23.035000801086429 20.384999275207523 20.755000114440922
decision_type=10 10 10 2 2 8 8 2 2 2 2 2 2 2 10 8 2 2 8 8 8 10 8 10 2 10 10 10 2 8 8 8 8 10 2 8 2 2 2 8 8 10 8 2 2 10 10 2 10 8 8 10 8 10 10 10 8 10 2 10 8 8
left_child=1 5 6 22 45 12 9 13 20 43 11 44 16 15 17 -6 -1 18 19 35 -5 47 -4 24 25 -12 -26 -21 40 -8 -24 42 -33 -30 55 -15 37 -31 -25 -22 -20 -10 51 52 -7 -3 -42 -16 53 -41 54 -19 -2 -39 -51 -9 -38 -58 59 61 -61 -34
right_child=2 4 3 8 7 10 29 34 41 -11 23 -13 -14 14 21 -17 -18 31 28 27 39 -23 30 38 26 -27 -28 -29 33 36 -32 32 58 -35 -36 -37 56 48 -40 49 46 -43 -44 -45 -46 -47 -48 -49 -50 50 -52 -53 -54 -55 -56 -57 57 -59 -60 60 -62 -63
leaf_value=-0.11292708712366679 0.25550337699502412 -0.069300493596520518 0.090492858478755822 0.62198848692005726 -0.018769609279478117 -0.014585452549952397 0.39405710235702446 0.014778834116979118 0.20912717515886997 -0.088937713603517266 0.146109550417133 -0.13086464232171185 -0.14701702783373771 0.39976359214086588 -0.045864266515894862 0.10708773038064914 0.021249074488110576 0.14377533121669031 -0.5767571810126102 0.6146775396909081 0.30964187145147321 0.20456218758686778 -0.52979626899532828 -0.15274984116403659 -0.25877049824344328 -0.038080381308897335 0.043967855160430523 1.7253048075058244 0.1631787137812406 -0.10569280271817523 0.18449325502071889 0.71123798390412163 -0.38304219600239786 0.57867009986321194 -0.14024952824073197 0.11226157380400018 0.23433566568461706 0.34044329811196872 -0.037134705528236389 0.13600463251197698 0.11013074796738515 0.048384158135804121 0.33362502356976032 0.083308109388779583 -0.076973828001975331 0.015973308717751388 -0.32375851936601507 0.65472054787149492 0.095462683745636268 0.18810619672333873 0.3365022759681689 -0.2323157260218674 -0.11879059177431915 0.17616242321350772 0.75964269473527868 -0.1860961902842504 0.047176463606700386 0.50712598180841828 0.23177976445829829 -0.61546506956149649 0.23522754243848132 0.21185581367252657
leaf_weight=10292 322 18467 640 413 13599 17271 763 22614 2932 4630 5479 23526 30356 1640 5163 9337 5664 364 147 354 5425 1421 463 4092 1400 3421 1647 55 3830 841 146 238 131 346 2826 991 1319 1687 40988 6379 1219 5258 246 15418 31868 8752 278 88 5537 10047 3727 1152 2077 9620 120 992 12153 210 1123 266 133 731
leaf_count=10292 322 18467 640 413 13599 17271 763 22614 2932 4630 5479 23526 30356 1640 5163 9337 5664 364 147 354 5425 1421 463 4092 1400 3421 1647 55 3830 841 146 238 131 346 2826 991 1319 1687 40988 6379 1219 5258 246 15418 31868 8752 278 88 5537 10047 3727 1152 2077 9620 120 992 12153 210 1123 266 133 731
internal_value=-6.07603e-11 -0.0420286 0.127077 0.189777 0.0166007 -0.074175 0.0862358 0.0395762 0.201365 0.0315502 -0.0582176 -0.079593 -0.118862 0.0697456 0.112679 0.0324656 -0.0652977 0.161024 0.210384 0.35505 0.2313 0.0167118 -0.128458 -0.0309806 0.0318404 0.0753103 -0.0951308 0.764028 0.134821 0.124441 -0.358554 0.0612685 0.153251 0.197604 -0.00933505 0.291472 0.117882 0.153164 -0.0476293 0.225021 -0.0246586 0.10593 -0.0756083 0.0628607 -0.055046 -0.0418815 0.0295555 -0.0341234 0.166088 0.202376 0.232849 -0.142014 -0.0685519 0.200673 0.194852 0.00633742 0.072279 0.0549892 0.0975454 -0.0219987 -0.331901 0.121448
internal_weight=362634 272507 90127 35550 96503 176004 54577 69284 34301 22447 129692 72665 46312 42852 19916 22936 15956 13244 8860 3040 26111 6672 1249 57027 11947 8900 3047 409 5820 32130 609 4384 2622 4176 26432 2631 31367 17685 45080 25698 1644 8190 1762 17817 49139 27219 1497 5251 16844 20273 13894 1516 2399 11307 10167 23606 13682 12363 2384 1261 399 862
internal_count=362634 272507 90127 35550 96503 176004 54577 69284 34301 22447 129692 72665 46312 42852 19916 22936 15956 13244 8860 3040 26111 6672 1249 57027 11947 8900 3047 409 5820 32130 609 4384 2622 4176 26432 2631 31367 17685 45080 25698 1644 8190 1762 17817 49139 27219 1497 5251 16844 20273 13894 1516 2399 11307 10167 23606 13682 12363 2384 1261 399 862
is_linear=0
shrinkage=0.05


Tree=41
num_leaves=63
num_cat=0
split_feature=0 6 5 0 50 3 6 50 30 50 50 37 50 51 51 37 50 50 9 30 51 32 9 39 51 0 50 41 50 39 20 10 5 51 36 6 45 16 50 44 5 6 30 10 50 9 30 50 22 16 15 30 48 51 45 9 13 22 31 22 16 9
split_gain=702744 174425 118689 54901.1 42309.2 44500.6 39246.1 36111.5 36048 31584.4 27773.6 25733.4 33021.8 45731.1 27105.8 39751.3 38835.6 75086 53093.2 41266 32099.2 67569.1 35743.3 31428.6 29348.2 28261.3 36292.4 28214.7 27776.7 25575.8 25572.9 24712.5 24682.5 24065.1 23585.6 23140.6 22934 22763.8 26604.5 22283.8 22203.2 21672.5 21512.5 21487.4 20538.3 19478.8 23992.2 22785.7 19073.1 18894.2 18113.9 18090.1 18088.8 16597.3 16362.6 16341.7 16109.4 16064.5 16060.8 19761 20393.8 15587.3
threshold=28.10000038146973 37.049999237060554 16.10000038146973 50.049999237060554 1.5000000000000002 14.050000190734865 24.050000190734867 5.5000000000000009 8.6050000190734881 9.5000000000000018 2.5000000000000004 16.285000801086429 2.5000000000000004 3.5000000000000004 3.5000000000000004 39.174999237060554 6.5000000000000009 5.5000000000000009 39.295000076293952 18.545000076293949 4.5000000000000009 18.304999351501468 29.585000038146976 12.375000000000002 5.5000000000000009 75.500000000000014 10.500000000000002 -2.2868118286132808 7.5000000000000009 27.795000076293949 2.8650974035263066 76.009998321533217 6.0499999523162851 1.5000000000000002 0.36650000512599951 69.500000000000014 74.005001068115249 29.564999580383304 5.5000000000000009 22.564999580383304 49.149999618530281 83.500000000000014 17.214999198913578 82.005001068115249 10.500000000000002 13.315000057220461 23.814999580383304 4.5000000000000009 0.46549999713897711 15.434999942779543 0.44949999451637274 8.6050000190734881 -8.2448663711547834 4.5000000000000009 40.965000152587898 12.315000057220461 3.492780447006226 0.044500000774860389 28.994999885559086 0.056500000879168517 26.945000648498539 20.025000572204593
decision_type=10 8 10 10 2 8 8 2 8 2 2 8 2 2 2 10 2 2 10 10 2 10 8 10 2 10 2 8 2 8 10 10 8 2 8 8 10 10 2 8 10 10 8 8 2 8 8 2 10 8 8 8 8 2 10 8 10 8 10 8 10 10
left_child=2 4 7 30 8 54 49 10 -2 45 -1 -5 13 -13 25 16 17 19 20 27 22 23 -19 24 -22 -14 29 56 -18 33 41 -21 -9 -27 -23 -30 -37 38 -35 -10 55 44 -28 -12 57 -7 47 51 -31 -4 -11 -47 -29 -52 -6 -8 -16 -3 59 -57 -61 -42
right_child=1 3 6 11 5 9 40 32 39 50 43 12 14 -15 15 -17 28 18 -20 31 21 34 -24 -25 -26 26 42 52 35 48 -32 -33 -34 37 -36 36 -38 -39 -40 -41 61 -43 -44 -45 -46 46 -48 -49 -50 -51 53 -53 -54 -55 -56 58 -58 -59 -60 60 -62 -63
leaf_value=-0.090168415769595001 0.25893222470841193 0.068393590275274668 -0.10146526635145768 0.6436617688349251 0.23721528021589236 -0.1138743431502377 -0.090208677478153587 -0.15637102675710829 -0.22974126494662347 -0.06840128967525326 -0.03718679656671478 -0.19703988929277505 0.22324732493146998 0.35259551101406827 0.61787154434051939 -0.66103065555192986 -0.14378609411439511 1.15091399256094 2.1531302708499838 0.17107130247917648 1.5623321654444391 0.59165084697816472 -0.0098335309331992367 0.099978890353985175 0.14869674602671276 0.14406019067884718 0.42406036954815107 0.87933118753135209 0.072559377416097484 0.86783108264207842 0.051479252835917248 -0.14309075807432775 -0.091068870205781305 0.43372586767781868 1.6409731078058927 0.48393504173972152 -0.029723446953606694 0.3535410356707871 1.5635400494842819 0.053036790647492227 0.28601119561296823 0.37370518835821048 -0.77761984982407917 0.081988235491759959 9.6818304106854479e-05 0.30376803207342273 0.022367754521075745 0.17746324912264344 0.45157036544963608 -0.029045624298615527 0.27553469269279179 0.035304092873987204 0.15834770115657595 -0.15767442712875698 0.098559349924976961 0.0048625246114054037 1.4636869483206372 0.16715987345677003 0.003366397860646784 0.24163368301310931 -0.0033225713189286871 0.054651063292910251
leaf_weight=22149 571 5297 11123 330 3151 1791 3821 19294 3084 10077 17081 1134 10614 568 246 147 1127 81 53 1628 88 73 366 326 63 921 59 100 3639 467 12123 1017 57877 110 201 762 304 535 99 900 1228 947 101 4858 2719 675 23132 6155 670 47332 753 8916 669 313 6552 4068 73 18483 35919 2631 1255 1788
leaf_count=22149 571 5297 11123 330 3151 1791 3821 19294 3084 10077 17081 1134 10614 568 246 147 1127 81 53 1628 88 73 366 326 63 921 59 100 3639 467 12123 1017 57877 110 201 762 304 535 99 900 1228 947 101 4858 2719 675 23132 6155 670 47332 753 8916 669 313 6552 4068 73 18483 35919 2631 1255 1788
internal_value=-7.15685e-11 0.0918895 -0.0527233 0.14929 0.0344286 0.0453163 -0.0149028 -0.0867717 -0.11261 0.0269129 -0.050672 0.20488 0.199362 -0.0136128 0.214134 0.155656 0.166755 0.269243 0.604487 0.156896 0.535974 0.735649 0.200503 0.376198 0.972537 0.261357 0.397918 0.416097 0.07917 0.439741 0.11196 0.0502763 -0.107395 0.314909 1.36141 0.132575 0.337451 0.526404 0.968901 -0.165861 0.0172849 0.138674 -0.3345 -0.0107976 0.130275 0.0473472 0.0547742 0.102382 0.622541 -0.0428259 -0.0476671 0.0541982 0.252104 0.148335 0.143587 0.00896506 0.811428 0.14516 0.0176023 0.0818895 0.162524 0.148852
internal_weight=362634 132210 230424 66140 66070 61515 109165 121259 4555 51812 44088 26571 26241 1702 24539 10963 10816 4984 1251 3733 1198 751 447 477 151 13576 2962 1088 5832 2802 39569 2645 77171 1665 274 4705 1066 744 209 3984 50710 27446 160 21939 26499 40669 38878 15746 1137 58455 11143 9591 769 1066 9703 47694 319 23780 43873 7954 3886 3016
internal_count=362634 132210 230424 66140 66070 61515 109165 121259 4555 51812 44088 26571 26241 1702 24539 10963 10816 4984 1251 3733 1198 751 447 477 151 13576 2962 1088 5832 2802 39569 2645 77171 1665 274 4705 1066 744 209 3984 50710 27446 160 21939 26499 40669 38878 15746 1137 58455 11143 9591 769 1066 9703 47694 319 23780 43873 7954 3886 3016
is_linear=0
shrinkage=0.05


Tree=42
num_leaves=63
num_cat=0
split_feature=0 5 49 49 0 29 4 49 49 49 49 36 37 9 50 50 51 51 29 50 51 37 9 50 13 44 30 36 35 50 5 50 30 50 9 37 30 13 10 38 49 9 50 37 7 30 50 50 44 37 50 5 51 37 1 51 50 38 50 51 50 44
split_gain=634975 169068 79769.8 79113.4 47085.3 44986.6 38327.8 38211.6 34522.1 31316.2 36503.2 29391.1 27244.1 34856.9 26109.2 25371.3 25349.6 49052.3 24581.7 23882.4 26841.1 38152.3 33320.4 25391.5 28397.4 23262.8 23168.9 22830.4 22463.2 20924.1 20650.6 20401.7 22014.8 20237.8 19885.2 19797.6 25063.9 19653.2 19517.7 19482.8 19391.3 27180.8 23736.6 29790.3 32093 21874.5 19298.4 37085.8 22908.3 19734.2 19115.3 21224.2 19074.3 24964 31484.2 19037.2 22019.7 18416.5 18210.3 18068.8 17646.1 17480.8
threshold=35.100000381469734 23.050000190734867 18.500000000000004 11.500000000000002 7.0499999523162851 0.03849999979138375 21.050000190734867 9.5000000000000018 17.500000000000004 8.5000000000000018 5.5000000000000009 0.76250001788139354 17.384999275207523 21.134999275207523 9.5000000000000018 2.5000000000000004 4.5000000000000009 3.5000000000000004 0.035499999299645431 2.5000000000000004 5.5000000000000009 28.32499980926514 22.105000495910648 9.5000000000000018 -8.3135538101196271 21.045000076293949 27.515000343322757 0.28149999678134924 22.550000190734867 10.500000000000002 56.399999618530281 1.5000000000000002 7.6649999618530282 4.5000000000000009 19.814999580383304 23.775000572204593 15.864999771118166 5.5105848312377939 99.005001068115249 46.004999160766609 12.500000000000002 27.204999923706058 10.500000000000002 22.714999198913578 32.549999237060554 14.954999923706056 10.500000000000002 4.5000000000000009 20.345000267028812 21.925000190734867 11.500000000000002 46.149999618530281 4.5000000000000009 18.605000495910648 43.250000000000007 3.5000000000000004 11.500000000000002 34.004999160766609 6.5000000000000009 1.0000000180025095e-35 10.500000000000002 39.18499946594239
decision_type=10 10 2 2 8 8 10 2 2 2 2 8 10 8 2 2 2 2 10 2 2 10 10 2 10 10 10 10 10 2 10 2 10 2 10 10 8 8 10 10 2 10 2 8 10 8 2 2 10 10 2 8 2 8 10 2 2 10 2 2 2 10
left_child=1 4 3 25 33 6 11 -3 27 10 -6 12 13 29 15 -4 17 39 61 -14 21 22 -21 37 59 -2 -22 40 -7 -5 -29 32 -15 34 -1 46 50 -23 55 -11 -9 42 43 44 -42 -44 47 -24 -48 -49 51 -37 -17 54 -54 -38 -57 -47 -28 -25 -10 -8
right_child=2 7 14 5 9 28 18 8 60 16 -12 -13 19 31 -16 52 -18 -19 -20 20 26 23 35 24 -26 -27 58 30 -30 -31 -32 -33 -34 -35 -36 36 38 -39 -40 -41 41 -43 45 -45 -46 57 48 49 -50 -51 -52 -53 53 -55 -56 56 -58 -59 -60 -61 -62 -63
leaf_value=-0.10124295515095466 -0.1097206500190098 -0.035325019245452643 -0.12084736993281631 0.59034735742542477 -0.049607638947072111 0.33350455164392789 0.22320953015455852 0.053509984102173981 0.005395939282779507 0.012458209479871297 -0.12168332786965264 0.28841395352848703 -0.027894865386654474 0.51272320702672003 -0.11773324022606622 0.11115664864222252 -0.075404417217199177 0.095412596154739626 -0.12148337498357571 -0.066550833962788158 -0.031975237975130952 0.14353894758175409 0.21681553376784182 -0.26863382254020279 -0.16968145178142854 0.060967906208025315 1.0097032851975489 0.02734367048716739 0.053129469995500257 0.13619449572808895 0.1825996472071002 0.17756125826904912 -0.59166881632172386 -0.1406581898192043 0.035136082418423323 -0.22488522406133332 0.12017211432013053 0.022824576324041362 -0.04985748697246347 -0.062606061262342694 0.34364601614692475 0.0028288924261250523 -0.079006896258984827 0.16779876461778695 0.86890202477100054 0.73695781164191254 0.45179175832642698 0.99990488174131942 0.0082694173843856477 0.48242484382292378 0.86761592484760541 0.53427791353772613 -0.17166373832523824 -0.04744362830292731 1.0144524074093564 0.43979961662218892 -0.11396120289261913 0.1632363635048617 0.14062223682800931 0.59822966332692618 -0.13391532735649761 -0.17099834387109233
leaf_weight=10184 3266 24258 1957 864 53428 4843 16837 5984 21631 14354 26172 2370 3574 60 2831 9390 18682 9414 555 964 4268 10801 685 83 1619 5134 94 25520 838 359 2338 1471 182 25396 3624 136 2509 4902 963 21731 1272 1740 957 1756 377 163 530 350 646 389 216 285 100 3902 127 1142 213 986 168 218 2540 286
leaf_count=10184 3266 24258 1957 864 53428 4843 16837 5984 21631 14354 26172 2370 3574 60 2831 9390 18682 9414 555 964 4268 10801 685 83 1619 5134 94 25520 838 359 2338 1471 182 25396 3624 136 2509 4902 963 21731 1272 1740 957 1756 377 163 530 350 646 389 216 285 100 3902 127 1142 213 986 168 218 2540 286
internal_value=-2.60392e-11 -0.0380498 0.115047 0.138796 -0.0655965 0.157895 0.144685 0.0182562 0.0381718 -0.0523525 -0.0733057 0.117624 0.106885 0.253142 0.0218771 0.0474158 -0.0263654 -0.00622987 0.20601 0.0945296 0.108562 0.127688 0.211271 0.0848694 -0.0867692 -0.00539743 -0.00395887 0.0660616 0.292147 0.457035 0.0403736 0.107573 -0.317853 -0.114169 -0.0654494 0.244482 0.19044 0.105856 0.151539 -0.0327468 0.120131 0.175112 0.229507 0.311116 0.463732 0.097562 0.358054 0.481846 0.208156 0.72751 0.485227 0.289038 0.0717734 -0.0177903 0.491934 0.201731 0.352751 0.244626 0.45243 0.359194 -0.00924353 0.216625
internal_weight=362634 272507 90127 71820 182985 63420 57739 89522 65264 143781 79600 40061 37691 2936 18307 15476 64181 45499 17678 34755 31181 26651 9028 17623 1920 8400 4530 41093 5681 1223 27858 1713 242 39204 13808 8064 5464 15703 4827 36085 13235 7251 5511 3405 1649 2106 2600 1424 1176 739 637 421 13519 4129 227 3864 1355 1149 262 301 24171 17123
internal_count=362634 272507 90127 71820 182985 63420 57739 89522 65264 143781 79600 40061 37691 2936 18307 15476 64181 45499 17678 34755 31181 26651 9028 17623 1920 8400 4530 41093 5681 1223 27858 1713 242 39204 13808 8064 5464 15703 4827 36085 13235 7251 5511 3405 1649 2106 2600 1424 1176 739 637 421 13519 4129 227 3864 1355 1149 262 301 24171 17123
is_linear=0
shrinkage=0.05


Tree=43
num_leaves=63
num_cat=0
split_feature=6 0 0 5 8 9 45 31 47 48 20 44 37 9 9 7 29 49 3 37 38 4 15 23 44 1 41 44 0 10 4 47 40 33 0 9 45 6 3 37 44 9 45 41 9 7 4 42 42 25 39 36 32 32 38 47 14 19 40 46 9 25
split_gain=581636 165633 78775.5 52767.7 45751.7 28814.2 27161.8 24427.4 24344.6 30312.4 23301.6 29711.1 21458.2 21140.6 20227.8 18775.2 18591 17735.9 17334.2 17856.5 16779.4 16413.8 15459.6 15448.4 17321.2 15425.5 15322.6 15154.2 14736.3 19909.5 14640.1 14311.5 14301.1 14161.7 13811.4 13044.2 14903 13979.5 12842.6 12786.5 13332 21329 12907.4 13455.6 12736.6 12528.5 12341.5 11898.8 11647 11415.7 11383.4 17546.5 16682.6 12665.4 11399.8 11152.2 11148.3 10720.9 10596 10595.2 10905.5 10427.4
threshold=36.049999237060554 24.050000190734867 47.250000000000007 13.050000190734865 0.063500002026557936 12.944999694824221 61.995000839233406 29.994999885559086 -10.942298412322996 0.42244875431060797 -4.0600674152374259 24.454999923706058 17.384999275207523 32.264999389648445 16.744999885559086 31.94999980926514 0.035499999299645431 14.500000000000002 7.0499999523162851 33.475000381469734 75.014999389648452 1.0500000119209292 0.016500000841915611 27.494999885559086 32.905000686645515 111.50000000000001 -8.028378486633299 29.595000267028812 67.049999237060561 51.995000839233406 36.100000381469734 -12.424241065979002 -6.1458709239959708 10.269967555999758 88.500000000000014 14.074999809265138 60.010000228881843 73.500000000000014 16.10000038146973 18.714999198913578 31.095000267028812 26.904999732971195 57.995000839233406 5.0486653435655182e-07 17.125000000000004 5.3500001430511483 21.050000190734867 49.95000076293946 12.84999990463257 16.005000114440922 36.495000839233406 0.48749999701976782 25.695000648498539 22.185000419616703 100.02999877929689 -13.62421131134033 19.44999980926514 -9.5130558013915998 -8.1193485260009748 21.365000724792484 15.585000038146974 12.614999771118166
decision_type=10 10 8 10 10 8 10 10 8 8 10 8 10 10 8 8 8 2 8 10 10 10 10 10 10 8 10 10 10 8 8 8 8 10 10 8 10 10 8 8 8 8 10 10 8 8 10 8 10 8 8 10 10 10 10 10 8 8 8 10 8 8
left_child=1 3 7 18 14 55 13 23 12 28 11 -9 -4 16 22 48 20 34 27 30 31 -21 47 24 57 44 -12 -1 39 -30 -20 -6 -8 38 -14 36 -13 -37 -28 -10 42 -42 43 -41 -19 -31 49 -3 -7 -11 53 54 -53 -47 -52 -5 -43 59 -27 -2 -61 -46
right_child=2 4 8 5 6 15 32 10 9 46 26 35 17 -15 -16 -17 -18 25 19 21 -22 -23 -24 -25 -26 58 33 -29 29 45 -32 -33 -34 -35 -36 37 -38 -39 -40 40 41 56 -44 -45 61 50 -48 -49 -50 -51 51 52 -54 -55 -56 -57 -58 -59 -60 60 -62 -63
leaf_value=-0.12779083348093656 0.16461547421456124 -0.068642610261708301 0.54055838383361698 0.013297232647439811 0.30038022445150414 -0.019073907387971736 0.060857850894935873 -0.0056885319007893651 0.45448456945498228 0.16423421437475927 0.18659728587309132 0.43769061073158566 0.29626878740528684 0.011875485715478687 0.0036132151435579519 0.0059193882196983388 0.030844776211294795 0.95177979431315962 -0.096601053866693987 0.79520476569554643 0.022985727689662543 -0.072838054070214056 0.076277933599720946 0.040114304037773794 0.38196532759705892 0.60640218040962424 0.063828141287960147 -0.42500203439708201 0.54929668231055007 0.96388439227614497 -0.050653779929703706 0.14578495824184523 -0.042533283562609631 0.38363925681713817 0.72248641703913852 0.15116237229809218 -0.30108019093960631 0.3772127400126063 -0.011010936594923198 0.26666935253257862 0.60086573060312931 0.10335729300637625 -0.013114381109442986 -0.021679833392559921 0.3033710025973278 0.26158382134003128 0.15853785652991617 -0.21022596189291837 -0.065018896195661854 0.020218286514202249 0.29302252236571491 0.35621401920817258 1.157261157299565 -0.036196559129968608 -0.53320968956859027 -0.1295695565698097 0.30927933991806511 0.12169795390712307 -0.17745445889234546 -0.048744469818316011 0.53830489970770246 0.13371325630643566
leaf_weight=15614 905 5076 550 1583 1738 26343 6045 3915 380 1795 1476 89 2610 6388 41347 30143 4793 51 48124 112 2403 106 1318 2961 884 313 9130 441 657 57 27099 10798 7487 266 205 8605 293 743 15404 1322 348 1651 1634 583 1063 893 4439 2097 28955 5895 184 153 113 595 54 9963 1092 6616 50 95 473 6119
leaf_count=15614 905 5076 550 1583 1738 26343 6045 3915 380 1795 1476 89 2610 6388 41347 30143 4793 51 48124 112 2403 106 1318 2961 884 313 9130 441 657 57 27099 10798 7487 266 205 8605 293 743 15404 1322 348 1651 1634 583 1063 893 4439 2097 28955 5895 184 153 113 595 54 9963 1092 6616 50 95 473 6119
internal_value=-8.83456e-11 -0.0349463 0.114742 -0.0615409 0.0210669 -0.0358451 0.0611475 0.0763793 0.175379 0.144869 0.0576161 0.110626 0.236185 0.0909334 -0.0108219 -0.0258267 0.116527 0.220105 -0.0887788 -0.0787391 0.144018 0.373129 -0.0811141 0.139145 0.171824 0.180377 0.0300884 -0.135955 0.210676 0.309786 -0.0800486 0.167218 0.00365349 0.0207736 0.327308 0.157426 -0.128958 0.169129 0.0168394 0.172418 0.156251 0.232118 0.0899883 0.178424 0.164415 0.232988 0.0921541 -0.110034 -0.0431315 0.0538345 0.212074 0.417449 0.696508 0.142512 0.105558 -0.109982 0.185336 0.148859 0.498433 0.270852 0.440119 0.158824
internal_weight=362634 277973 84661 188483 89490 96987 39652 51855 32806 21845 39921 13645 10961 26120 49838 85441 19732 10411 91496 75441 14939 218 8491 11934 8973 7596 26276 16055 9716 2706 75223 12536 13532 24800 2815 9730 382 9348 24534 7010 6630 3091 3539 1905 7233 2049 12129 7173 55298 7690 1992 504 266 1488 238 11546 2743 8089 363 1473 568 7182
internal_count=362634 277973 84661 188483 89490 96987 39652 51855 32806 21845 39921 13645 10961 26120 49838 85441 19732 10411 91496 75441 14939 218 8491 11934 8973 7596 26276 16055 9716 2706 75223 12536 13532 24800 2815 9730 382 9348 24534 7010 6630 3091 3539 1905 7233 2049 12129 7173 55298 7690 1992 504 266 1488 238 11546 2743 8089 363 1473 568 7182
is_linear=0
shrinkage=0.05


Tree=44
num_leaves=63
num_cat=0
split_feature=6 0 0 50 43 49 49 49 44 50 5 47 29 44 41 50 50 0 37 23 9 50 50 37 38 9 9 38 9 50 4 25 11 43 15 50 23 37 28 14 33 49 44 50 21 49 47 16 7 50 9 49 50 23 5 37 35 49 46 16 50 50
split_gain=527264 135515 76043.4 44679.1 38530.4 34634.5 34028.7 54758.1 30685 28284.1 28804.8 25334.3 23377.2 21779 21304.4 21184.7 20459.3 19804.7 19434.6 23898.2 19421.5 19226.5 19038.4 19029.5 18975.1 18973.3 18574.9 24858.3 18208.2 20978.5 19849.9 18086.2 17652.8 17424.4 17081.9 16817.5 20232.4 16869.8 16119.6 16108.9 15510.3 15507.8 15091.7 20156 17359.7 15068.5 14923.6 14913.3 14842.2 14564.8 23416.6 37089.6 17803.7 30356.4 16733.6 17824.3 15710 14701.1 14521.8 14254.8 14070.8 14524.9
threshold=27.10000038146973 40.049999237060554 18.10000038146973 1.5000000000000002 0.03849999979138375 16.500000000000004 9.5000000000000018 17.500000000000004 16.285000801086429 6.5000000000000009 7.0499999523162851 -4.3406898975372306 0.27250000834465032 21.045000076293949 -5.1137063503265372 9.5000000000000018 11.500000000000002 69.500000000000014 24.095000267028812 17.98499965667725 7.1250000000000009 6.5000000000000009 8.5000000000000018 37.68499946594239 97.020000457763686 11.355000019073488 15.72499990463257 88.014999389648452 30.154999732971195 10.500000000000002 39.100000381469734 16.435000419616703 10.994999885559084 inf 0.0075000002980232247 2.5000000000000004 21.894999504089359 37.68499946594239 9.4499998092651385 22.439999580383304 5.4862370491027841 12.500000000000002 24.054999351501468 10.500000000000002 4.9500000476837167 19.500000000000004 -0.087568096816539751 inf 4.0499999523162851 10.500000000000002 20.025000572204593 12.500000000000002 11.500000000000002 23.554999351501468 74.500000000000014 22.564999580383304 22.349999427795414 19.500000000000004 9.0050001144409197 13.484999656677248 7.5000000000000009 8.5000000000000018
decision_type=10 10 10 2 8 2 2 2 10 2 10 8 10 8 10 2 2 10 10 8 8 2 2 10 10 8 8 8 8 2 10 10 8 8 10 2 8 10 10 10 8 2 10 2 8 2 10 8 8 2 10 2 2 8 10 8 10 2 10 8 2 2
left_child=2 4 9 24 22 13 12 8 41 20 -11 14 -5 -3 -6 -9 18 23 19 -10 -1 26 25 32 46 -2 27 -7 29 48 33 60 -15 38 -22 36 -28 45 -30 -12 -27 -8 -33 44 -44 -37 -4 -36 -19 50 51 -16 56 -54 55 57 -51 -53 -43 -41 -23 -62
right_child=1 5 3 6 11 21 7 15 16 10 39 -13 -14 17 49 -17 -18 28 -20 -21 34 31 -24 -25 -26 40 35 -29 30 -31 -32 42 -34 -35 47 37 -38 -39 -40 59 -42 58 43 -45 -46 -47 -48 -49 -50 52 -52 54 53 -55 -56 -57 -58 -59 -60 -61 61 -63
leaf_value=-0.17392400010549863 -0.18807812075954505 0.046476145642146124 -0.03205623630187495 -0.080162124984557631 0.1819585637076051 0.21828763441941176 0.066681622238538032 0.011172266983969434 0.028900335570708507 -0.13606448449188141 -0.097126391361486208 0.02070020172398096 -0.00090285299037185277 0.26514255956105387 -0.024500957087482653 -0.082047607108868201 -0.11970127746183555 1.2831278951517469 0.035384479912560461 0.29721978942291871 -0.056118282086695406 -0.13369231625101605 -0.061345997368705864 -0.086515126024052383 -0.29066406202313488 0.01146876984252382 0.20363768071171617 1.5907269658762964 0.045673731529250194 -0.092739797136663693 0.65520365384758505 0.14471806467940601 0.15096429540116482 0.67120989608830506 0.014766314235926857 0.20105888899852475 -0.11343522570797943 -0.10256255296675441 0.25052943813923328 -0.12118040905258705 0.1264618830793045 0.16619143114930751 0.57515989956778613 -0.38970652820593071 -0.057906626417500232 0.059498886034779985 -0.21117726769601131 -0.28255032517771295 0.46250540861841327 0.0024187480932305518 0.062636158666585423 0.44208343578723586 -0.002551124949614372 0.63821141140101711 0.76640715814092097 0.12802336793029942 -0.31724346178559526 -0.1611381955343214 0.38139364686388344 -0.023219357110593964 0.32796023772466043 0.086630218957142763
leaf_weight=2764 1040 3287 3547 17660 5467 97 1309 22899 1468 24610 26889 20536 19660 4072 1294 8305 1434 58 7258 1909 37661 504 10510 744 1532 17540 766 50 1586 169 244 936 20071 181 14966 7053 1466 636 2434 4550 3521 1601 112 460 3268 2563 1730 434 1102 813 18063 1235 1185 219 180 1206 729 110 1536 20202 848 2355
leaf_count=2764 1040 3287 3547 17660 5467 97 1309 22899 1468 24610 26889 20536 19660 4072 1294 8305 1434 58 7258 1909 37661 504 10510 744 1532 17540 766 50 1586 169 244 936 20071 181 14966 7053 1466 636 2434 4550 3521 1601 112 460 3268 2563 1730 434 1102 813 18063 1235 1185 219 180 1206 729 110 1536 20202 848 2355
internal_value=-3.00884e-11 0.0766031 -0.0474519 -0.0125115 0.0365064 0.137516 -0.00264371 0.0253273 0.0989504 -0.07175 -0.091548 0.0636322 -0.0384087 0.16879 0.0925379 -0.0136384 0.0575845 0.181903 0.0814893 0.18058 -0.0447081 0.0872335 -0.00594625 0.162547 -0.135752 0.0203988 0.126335 0.685104 0.26533 0.427712 0.21678 0.0290126 0.170222 0.191315 -0.0379771 0.119755 -0.00461899 0.146833 0.169708 -0.0703333 0.0306934 0.211241 -0.0353078 -0.079189 -0.0369293 0.163328 -0.0907789 0.00638739 0.503537 0.07301 0.0869382 0.195998 -0.0314185 0.0973969 0.300475 0.267599 -0.148706 0.392749 0.271563 -0.0412269 0.111881 0.150523
internal_weight=362634 138710 223924 91848 83648 55062 85039 47719 16515 132076 76251 51037 37320 33948 30501 31204 12069 30661 10635 3377 55825 21114 32611 24887 6809 22101 12631 147 5774 1329 4445 8483 24143 4201 53061 12484 2232 10252 4020 51641 21061 4446 4776 3840 3380 9616 5277 15400 1160 25034 22088 4025 2946 1404 2731 2551 1542 1345 3137 24752 3707 3203
internal_count=362634 138710 223924 91848 83648 55062 85039 47719 16515 132076 76251 51037 37320 33948 30501 31204 12069 30661 10635 3377 55825 21114 32611 24887 6809 22101 12631 147 5774 1329 4445 8483 24143 4201 53061 12484 2232 10252 4020 51641 21061 4446 4776 3840 3380 9616 5277 15400 1160 25034 22088 4025 2946 1404 2731 2551 1542 1345 3137 24752 3707 3203
is_linear=0
shrinkage=0.05


Tree=45
num_leaves=63
num_cat=0
split_feature=0 5 5 31 0 50 50 49 9 49 50 11 49 31 49 18 42 50 35 5 49 50 44 16 50 0 30 46 5 22 9 9 41 50 50 30 17 46 9 5 31 42 44 50 50 42 23 11 44 44 12 28 42 35 30 31 32 7 12 44 30 14
split_gain=480915 110609 81053.3 41760.1 35470.8 29094.4 28733.8 31873 27609.9 27221.1 23393.2 23952.3 22560.2 26765.7 21481.2 21742.2 20809.5 20553.5 23532.5 20347.2 19449.1 19367.7 18704.5 18488.5 25156.3 24415.6 21849.8 18439.6 17468.1 16164.1 30102.9 15808.6 15449.1 15389 46010.8 29162.3 29350.9 26163.7 26153.4 24140.4 22887.7 19390.6 25186.5 35171.3 41971.4 31563.2 35245 24866.9 21011.1 19307.9 18322.9 18100.9 18005.9 27462.4 17748.7 17280 17232.4 16449.9 15447.2 15211.5 16017.3 22340.2
threshold=28.10000038146973 41.100000381469734 16.10000038146973 39.004999160766609 59.149999618530281 5.5000000000000009 6.5000000000000009 11.500000000000002 12.744999885559084 16.500000000000004 2.5000000000000004 32.995000839233406 8.5000000000000018 28.994999885559086 9.5000000000000018 10.835000038146974 28.349999427795414 1.5000000000000002 42.149999618530281 4.0499999523162851 3.5000000000000004 2.5000000000000004 24.884999275207523 28.935000419616703 4.5000000000000009 47.250000000000007 18.654999732971195 26.005000114440922 49.149999618530281 0.050499999895691879 27.045000076293949 21.685000419616703 0.20779728889465335 5.5000000000000009 6.5000000000000009 21.345000267028812 63.004999160766609 36.004999160766609 37.745000839233406 102.50000000000001 52.995000839233406 52.850000381469734 24.945000648498539 10.500000000000002 11.500000000000002 4.3500001430511483 28.884999275207523 13.765000343322756 27.964999198913578 39.18499946594239 5.7889738082885751 3.7500000000000004 12.449999809265138 15.550000190734865 24.154999732971195 35.004999160766609 25.695000648498539 20.349999427795414 -17.538438796997067 15.545000076293947 25.925000190734867 13.530000209808351
decision_type=10 8 10 10 10 2 2 2 8 2 2 8 2 10 2 8 10 2 10 8 2 2 10 10 2 10 8 10 10 8 10 10 8 2 2 8 8 10 10 10 10 10 10 2 2 10 8 10 10 10 8 8 10 10 10 8 8 10 8 8 10 10
left_child=2 3 5 6 9 10 7 -2 -4 14 -1 -12 20 29 -3 -16 23 18 22 -7 -10 -15 -5 24 27 -26 -27 -9 -23 -14 -31 -19 -8 38 35 36 -35 -37 39 51 -41 42 52 45 -45 46 55 -47 -46 56 -49 -6 -36 57 -40 -44 -39 -54 -53 -17 -61 -62
right_child=1 4 8 17 33 19 32 16 12 -11 11 -13 13 21 15 59 -18 31 -20 -21 -22 28 -24 -25 25 26 -28 -29 -30 30 -32 -33 -34 34 41 37 -38 49 54 40 -42 -43 43 44 48 47 -48 50 -50 -51 -52 58 53 -55 -56 -57 -58 -59 -60 60 61 -63
leaf_value=-0.075597338113281357 -0.012616422300916806 -0.02634110225160163 -0.085822651524849441 -0.089997974487616275 -0.44007350964979691 -0.15853294800393891 0.10617598771908837 0.14163127786140281 -0.0050272923381272415 0.043017993075514231 -0.037112698286662867 0.076684933463375848 0.018605335082724401 -0.087026872014458509 0.24844855602904103 0.36046086044976416 0.003334928075443513 -0.033115653870947295 -0.3019689517986468 -0.080608705841972772 -0.080912221408633439 0.0030091182610340254 0.24634480038802736 0.10920890466041829 0.33683839490915746 1.7264244171724255 0.63171262724971289 0.40374789037478137 0.14992240510481999 0.21546228874695297 -0.021076096285824276 0.035116971090392211 -0.0049830548793462518 0.55294285502205509 0.092270477855671482 0.30322998187067102 1.9832338228307922 0.38032781189928455 0.13541224626824261 1.6592956149987146 0.25360703904793336 -0.42211454296553574 0.27049279760456452 -0.64458233713090018 0.73104033073217711 0.30321957642485886 0.174750922896689 0.036541111152406346 -0.23127440581316347 0.12151713373072177 0.49796294579363387 0.56684174429521794 0.62831428683009649 0.35519178721696765 -0.63127261244732402 1.2095948366781599 1.2723582212492235 1.5263364980836491 0.13531749396589296 0.088819126505978049 0.05738347573714711 0.24957422235360746
leaf_weight=22149 2684 2023 11449 2111 132 9562 4937 3214 20735 12703 15315 6624 5152 5818 4111 658 1413 11372 1074 67609 14244 43508 514 2974 1334 56 245 848 2122 4146 1991 33483 8520 94 339 1743 58 78 128 51 67 135 66 294 116 1608 310 3332 111 83 230 216 116 600 184 190 177 91 5200 15569 2338 4280
leaf_count=22149 2684 2023 11449 2111 132 9562 4937 3214 20735 12703 15315 6624 5152 5818 4111 658 1413 11372 1074 67609 14244 43508 514 2974 1334 56 245 848 2122 4146 1991 33483 8520 94 339 1743 58 78 128 51 67 135 66 294 116 1608 310 3332 111 83 230 216 116 600 184 190 177 91 5200 15569 2338 4280
internal_value=-6.5979e-11 0.0760154 -0.0436152 0.0359365 0.128201 -0.0717521 0.0867777 0.140508 -0.0123612 0.104047 -0.0393492 -0.002754 -0.00375396 0.0141851 0.130799 0.142592 0.181265 0.00847615 -0.104806 -0.090264 -0.0359288 -0.00111309 -0.0241389 0.21026 0.263011 0.428619 0.83538 0.196352 0.00984125 0.0839046 0.138723 0.0178181 0.0357981 0.192127 0.230787 0.430136 1.09871 0.381302 0.128938 0.153479 0.86115 0.171733 0.182562 0.143093 -0.250246 0.17882 0.533301 0.140012 0.260481 0.783902 0.0663353 0.138428 0.398059 0.526513 -0.316735 0.967483 0.999502 1.0231 0.152527 0.123543 0.116517 0.181677
internal_weight=362634 132210 230424 74779 57431 121259 26225 12768 109165 41682 44088 21939 97716 62737 28979 26956 10084 48554 3699 77171 34979 51448 2625 8671 5697 1635 301 4062 45630 11289 6137 44855 13457 15749 9771 2233 152 2081 5978 5666 118 7538 7403 6257 521 5736 566 5170 227 338 3562 5548 1146 807 312 256 255 207 5416 22845 22187 6618
internal_count=362634 132210 230424 74779 57431 121259 26225 12768 109165 41682 44088 21939 97716 62737 28979 26956 10084 48554 3699 77171 34979 51448 2625 8671 5697 1635 301 4062 45630 11289 6137 44855 13457 15749 9771 2233 152 2081 5978 5666 118 7538 7403 6257 521 5736 566 5170 227 338 3562 5548 1146 807 312 256 255 207 5416 22845 22187 6618
is_linear=0
shrinkage=0.05


Tree=46
num_leaves=63
num_cat=0
split_feature=6 0 0 6 50 0 50 50 38 31 50 7 20 50 37 51 32 0 31 50 51 8 33 37 51 50 0 15 4 9 51 50 51 0 6 7 23 35 29 33 37 50 50 50 37 45 6 6 49 24 9 51 31 15 50 0 50 4 40 35 45 38
split_gain=437689 123594 60281.8 38674.1 36369.4 37475.9 32966.1 26015.1 25923.7 22565.7 22180 23259.9 21691.3 20707.4 55969.7 33147.7 19548.5 18950.4 18840.2 18440.2 41814 35884.5 22315.2 21047.2 27274.9 22022.1 20678.9 19054.5 18602.9 24395.9 18198.7 20377.3 19112.7 18112.8 25624.1 17999.3 17948.7 17909 17469.6 17130.9 17115.3 16480 16409.7 16378.2 17775.4 15932.7 15586.3 15212.6 14879.8 14488.3 14244.1 16288.8 14006.7 13716.4 15690.5 13662.4 13593.4 20978.1 14664.9 13481.9 13460.5 13281.6
threshold=36.049999237060554 23.050000190734867 44.149999618530281 6.0499999523162851 1.5000000000000002 51.100000381469734 9.5000000000000018 6.5000000000000009 77.005001068115249 23.005000114440922 2.5000000000000004 45.45000076293946 2.7998861074447636 2.5000000000000004 19.814999580383304 2.5000000000000004 21.005000114440922 6.0499999523162851 30.994999885559086 9.5000000000000018 4.5000000000000009 0.66950002312660228 1.9698211550712588 37.68499946594239 4.5000000000000009 5.5000000000000009 80.500000000000014 0.33949999511241918 19.10000038146973 27.884999275207523 4.5000000000000009 3.5000000000000004 2.5000000000000004 19.10000038146973 82.500000000000014 22.150000572204593 28.214999198913578 22.150000572204593 inf -1.1411445140838621 14.605000019073488 11.500000000000002 6.5000000000000009 10.500000000000002 28.585000038146976 35.004999160766609 77.500000000000014 27.10000038146973 12.500000000000002 39.944999694824226 7.1250000000000009 1.0000000180025095e-35 44.995000839233406 0.004500000039115549 6.5000000000000009 92.500000000000014 8.5000000000000018 16.10000038146973 -0.92669877409934986 6.5499999523162851 69.009998321533217 30.994999885559086
decision_type=10 10 8 8 2 10 2 2 10 8 2 8 10 2 8 2 10 8 10 2 2 10 10 10 2 2 10 10 10 10 2 2 2 10 10 10 10 10 8 8 8 2 2 2 10 10 10 8 2 10 10 2 10 10 2 10 2 10 8 8 10 10
left_child=1 3 12 -1 8 6 9 10 47 -6 18 -12 33 14 37 16 -16 -9 48 22 21 27 23 38 26 -26 -25 59 29 46 32 -32 56 -2 -35 -19 43 -4 -15 -30 -37 -36 -34 -7 -45 -38 61 -3 -5 53 -20 -52 -14 -33 -55 -40 -11 58 -58 -21 -28 -29
right_child=2 4 13 7 5 36 -8 17 -10 30 11 -13 52 19 15 -17 -18 35 50 20 -22 -23 -24 24 25 -27 60 28 39 -31 31 49 42 34 41 40 45 -39 55 -41 -42 -43 -44 44 -46 -47 -48 -49 -50 -51 51 -53 -54 54 -56 -57 57 -59 -60 -61 -62 -63
leaf_value=-0.1077163020862943 -0.0011083576946962004 -0.091551257995936858 0.5271114443121806 -0.043114627830983659 0.14344985230188809 0.25717257440486463 -0.04393799303337461 -0.12164675241855592 -0.225184908960949 0.00018905273754723508 -0.020128814788757582 0.066996036841617965 0.055441119141670485 0.15809089304807331 -0.10909608967108275 0.1160944939859169 -0.51289320686678275 -0.074905190720609402 -0.20063497969648494 0.54436206720628832 -0.099797020260392971 0.83065832432999154 0.28275095461614069 -0.042495403580074566 -0.91645985541568287 -0.055699771812752541 0.091479343418522097 1.0439022926230954 0.12379916457853882 -0.03621179030992925 -0.1051370503769405 -0.010138876641128128 0.12006308966831736 0.090763234217841313 0.31625629229625257 -0.10029088759007898 0.19759806599385121 0.047984197892966464 0.32159491932794759 0.70457891591091082 -0.0061425312368135476 1.2059840365978225 0.015443011617025174 0.086839770296351926 -0.69016085803508764 -0.027168396061230671 -0.46173669779673221 0.10039972257858537 0.15956486475972431 -0.027548914298797501 -0.18020404599639361 -0.045073506838893787 -0.048024469341675237 0.26111824544358214 0.024884655379338913 1.0924566108947162 0.43189977182105466 0.016383661815823906 -0.0070861961212799404 -0.040811880687130042 0.74654808345216295 0.33523034661782103
leaf_weight=28799 5397 2902 554 2190 4205 3121 18782 11890 2457 21167 36074 9726 6981 22496 666 853 545 41804 2238 106 2147 198 4020 890 138 161 152 73 203 860 4901 2336 10755 27279 737 5997 1180 301 996 339 24748 56 5753 921 80 2376 56 1602 1544 8108 2647 14159 6155 1543 1291 61 681 1732 264 1378 162 701
leaf_count=28799 5397 2902 554 2190 4205 3121 18782 11890 2457 21167 36074 9726 6981 22496 666 853 545 41804 2238 106 2147 198 4020 890 138 161 152 73 203 860 4901 2336 10755 27279 737 5997 1180 301 996 339 24748 56 5753 921 80 2376 56 1602 1544 8108 2647 14159 6155 1543 1291 61 681 1732 264 1378 162 701
internal_value=-2.24918e-11 -0.0303151 0.0995355 -0.0545612 0.01553 0.0241203 0.0141738 -0.0445569 -0.094544 0.0315714 -0.0216803 -0.00162715 0.0614099 0.146226 0.018262 -0.122653 -0.290821 -0.0631364 -0.0620015 0.156856 0.0775211 0.174788 0.173394 0.155849 -0.0255585 -0.452974 0.0805853 0.139841 0.232162 0.150415 0.0235338 -0.0180041 0.0422471 0.08278 0.098908 -0.0535472 0.129723 0.358436 0.167425 0.487054 -0.0245067 0.379087 0.0836032 0.200728 0.0247418 0.0474167 0.343788 -0.0232774 0.0406929 0.0141573 -0.082137 -0.066357 0.00696132 0.0795642 0.153504 0.366082 0.0136148 0.119772 0.309262 0.000986258 0.429445 0.402069
internal_weight=362634 277973 84661 181816 96157 89196 81518 153017 6961 62736 68578 45800 46605 38056 2919 2064 1211 84439 22778 35137 6061 3914 29076 25056 1503 299 1204 3716 2232 1690 58531 18179 40352 33469 28072 72549 7678 855 23553 542 30745 793 16508 4122 1001 3556 830 4504 3734 13278 19044 16806 13136 5170 2834 1057 23844 2677 945 1484 314 774
internal_count=362634 277973 84661 181816 96157 89196 81518 153017 6961 62736 68578 45800 46605 38056 2919 2064 1211 84439 22778 35137 6061 3914 29076 25056 1503 299 1204 3716 2232 1690 58531 18179 40352 33469 28072 72549 7678 855 23553 542 30745 793 16508 4122 1001 3556 830 4504 3734 13278 19044 16806 13136 5170 2834 1057 23844 2677 945 1484 314 774
is_linear=0
shrinkage=0.05


Tree=47
num_leaves=63
num_cat=0
split_feature=6 0 0 50 44 50 6 50 30 50 9 0 30 10 0 6 9 50 37 37 50 3 50 3 30 50 50 0 30 44 4 49 49 9 30 0 2 44 11 28 50 44 38 30 28 4 40 30 12 44 7 18 7 40 4 44 50 30 17 44 45 50
split_gain=397350 102366 57174.2 42415.7 37161.3 50717.4 35389.1 34993.5 28701.6 29523.5 27231.1 26968.3 24274.6 26801.4 23992.6 27680.5 23867.4 24789.6 22528.9 22413 22293.6 21860.6 21496.2 21630.1 23796.8 21262.2 20550.8 20342.9 20259.8 19502.4 19440.6 19326.3 22663.4 24824.4 29788.6 30997.4 22975.1 26490 19060.6 18776 18550.2 18079.7 17618.6 17519.5 24709.6 20191.1 19205.2 18152 16927.3 16532.8 18739.2 16502.2 16147.3 20132.7 16007.3 15885.7 15103.7 15100 15091.8 15075.1 14849.7 14813.6
threshold=27.10000038146973 37.049999237060554 18.10000038146973 10.500000000000002 27.724999427795414 11.500000000000002 67.500000000000014 1.5000000000000002 7.6649999618530282 2.5000000000000004 22.345000267028812 48.20000076293946 11.194999694824221 74.005001068115249 13.09999990463257 79.500000000000014 21.224999427795414 2.5000000000000004 19.605000495910648 37.68499946594239 5.5000000000000009 16.10000038146973 9.5000000000000018 7.0499999523162851 22.595000267028812 6.5000000000000009 2.5000000000000004 4.0499999523162851 8.6050000190734881 27.32499980926514 34.049999237060554 19.500000000000004 11.500000000000002 30.255000114440922 25.785000801086429 114.50000000000001 112.50000000000001 32.635000228881843 34.424999237060554 21.750000000000004 2.5000000000000004 24.115000724792484 66.009998321533217 21.615000724792484 9.6100001335144061 12.050000190734865 0.93505331873893749 28.404999732971195 -0.9374336004257201 17.884999275207523 23.550000190734867 24.425000190734867 5.9500000476837167 -13.436486244201658 41.100000381469734 35.944999694824226 6.5000000000000009 17.714999198913578 73.014999389648452 10.125000000000002 88.014999389648452 8.5000000000000018
decision_type=10 8 10 2 10 2 10 2 8 2 8 10 8 8 10 10 8 2 8 10 2 8 2 8 8 2 2 8 8 10 10 2 2 10 10 8 10 10 10 10 2 10 8 10 10 10 8 10 8 10 10 8 8 8 10 10 2 8 10 8 8 2
left_child=2 14 20 6 10 -6 8 28 -3 18 -5 22 -12 -14 -2 21 -8 -18 42 31 26 39 23 24 25 -9 -1 -22 -4 -20 -7 32 -11 52 36 54 51 -38 -28 -16 -17 -15 -10 60 -45 47 -47 55 61 -13 -51 56 53 -34 -36 -46 -35 -43 -48 -24 -19 -23
right_child=1 3 7 4 5 30 16 11 9 19 12 49 13 41 15 40 17 43 29 -21 27 48 59 -25 -26 -27 38 -29 -30 -31 -32 -33 33 34 35 -37 37 -39 -40 -41 -42 57 -44 44 45 46 58 -49 -50 50 -52 -53 -54 -55 -56 -57 -58 -59 -60 -61 -62 -63
leaf_value=-0.068940627680078956 -0.047842734039747328 0.4490864262854003 0.15109148721594379 -0.16374556954410352 -0.70221445960351236 0.15726865093531242 0.56605430288288805 0.26859366921378219 0.26101723824132839 0.0076140220552673972 -0.38469209538255761 0.23754465748604547 0.30292617469031252 0.17321151129110288 0.10511155040528508 -0.36042728280027708 -0.23299555307637682 0.44632346545481288 -0.13922452887524137 -0.055740628451800313 -0.14522180674266172 0.011850148027819335 0.10802086108938987 -0.00010191137095980356 0.027239015876390174 1.037485119302084 -0.022055790959977117 -0.068685520373392317 -0.14740723337271386 0.15804369268952495 -0.8588275473072845 0.029920038576006364 -0.24109238776091102 0.17990318993233051 0.1827873800956154 1.3857061543789779 0.16016806520521643 1.5377298308046241 0.098463537767542741 0.00099115448927399714 0.39835240590778298 0.07577886103380542 -0.095806456394420689 0.056335624236779007 0.1252676533824546 0.41667057169323496 0.31201936647334361 0.62536995138666818 0.064625451885899896 0.1106738128422351 -0.17914784512370518 -0.00020149136571163525 0.1800320627065003 0.49115227076242718 0.84398752880352801 -0.35039390286584515 0.051092167997211446 -0.38526768516596277 -0.34282865973177906 -0.065026331904372667 0.14690291886504223 -0.07006846781687584
leaf_weight=22560 9766 607 626 1232 439 421 461 819 1071 3259 227 1706 1468 744 14596 90 323 1255 2836 1834 9812 22213 1348 57500 1435 101 20410 75385 6183 685 53 5010 107 4054 5816 55 90 57 3909 6156 767 322 511 2607 901 1842 194 146 10807 2440 723 5765 15141 765 93 218 5188 396 161 18967 618 7343
leaf_count=22560 9766 607 626 1232 439 421 461 819 1071 3259 227 1706 1468 744 14596 90 323 1255 2836 1834 9812 22213 1348 57500 1435 101 20410 75385 6183 685 53 5010 107 4054 5816 55 90 57 3909 6156 767 322 511 2607 901 1842 194 146 10807 2440 723 5765 15141 765 93 218 5188 396 161 18967 618 7343
internal_value=-3.77528e-11 0.0664996 -0.0411932 0.110955 -0.0247529 -0.314983 0.122622 -0.0108964 0.107245 0.10328 0.0356209 -0.00216346 0.113422 0.152014 0.0249979 0.0364766 0.215919 0.196389 -0.0109717 0.115624 -0.0622622 0.0325195 -0.00910253 0.00598099 0.154502 0.353005 -0.0345691 -0.0775001 -0.119964 -0.0813919 0.0436545 0.122546 0.134036 0.145132 0.109532 0.204191 0.0722778 0.694325 -0.00268369 0.0742246 0.318667 0.000481638 0.14576 0.213853 0.172598 0.260147 0.351772 0.101015 0.0110775 0.112091 0.0444262 0.0661846 0.192081 0.401301 0.193194 0.0326008 0.107595 -0.178503 0.015032 -0.0535438 0.347529 -0.00850201
internal_weight=362634 138710 223924 66972 5302 913 61670 91848 52944 52337 4389 85039 3157 2930 71738 61972 8726 8265 5103 47234 132076 61115 80170 59855 2355 920 46879 85197 6809 3521 474 45400 40390 37131 21118 5964 15154 147 24319 20752 857 1462 1582 7942 6069 3462 2197 1265 40363 4869 3163 15007 16013 872 5909 1119 9242 718 355 20315 1873 29556
internal_count=362634 138710 223924 66972 5302 913 61670 91848 52944 52337 4389 85039 3157 2930 71738 61972 8726 8265 5103 47234 132076 61115 80170 59855 2355 920 46879 85197 6809 3521 474 45400 40390 37131 21118 5964 15154 147 24319 20752 857 1462 1582 7942 6069 3462 2197 1265 40363 4869 3163 15007 16013 872 5909 1119 9242 718 355 20315 1873 29556
is_linear=0
shrinkage=0.05


Tree=48
num_leaves=63
num_cat=0
split_feature=0 6 5 50 51 31 50 0 30 50 9 45 9 46 0 44 23 49 50 10 50 50 51 6 50 50 11 51 51 44 37 5 12 37 5 45 51 43 50 51 50 37 30 30 9 44 50 46 0 42 50 51 11 50 50 51 50 7 26 6 45 45
split_gain=360153 93618.4 63363.1 29849.5 30671.3 35144.1 43016.6 28905.9 27753.4 22911.2 22775.6 21528.5 28438 20404.5 20317.1 20164.4 19581.6 23514.5 23089.5 26358 19593.2 48180 23260.9 19570.5 17992.2 17542 20701.2 17421 28784.4 20475 17187.4 16955.3 16750.7 15856.5 17672.9 15165.9 15133.1 15126.6 15050.4 23760.1 45087.8 66999.8 31373.9 37381.5 29334.4 27088 51726.7 28478 36004.4 25473 24336.8 24204.7 22102.2 19544.4 19505.2 19470.2 21779.9 17739.6 17280.2 17204.5 18888.2 16645.6
threshold=28.10000038146973 39.100000381469734 16.10000038146973 1.5000000000000002 4.5000000000000009 39.004999160766609 6.5000000000000009 54.500000000000007 8.6050000190734881 5.5000000000000009 12.315000057220461 41.004999160766609 24.144999504089359 18.464999198913578 49.149999618530281 22.564999580383304 26.73499965667725 9.5000000000000018 9.5000000000000018 34.995000839233406 11.500000000000002 10.500000000000002 2.5000000000000004 41.049999237060554 10.500000000000002 2.5000000000000004 29.875000000000004 5.5000000000000009 1.5000000000000002 20.644999504089359 30.204999923706058 4.0499999523162851 11.975169181823732 16.57499980926514 35.149999618530281 91.005001068115249 1.5000000000000002 0.23550000041723254 4.5000000000000009 3.5000000000000004 6.5000000000000009 37.68499946594239 20.884999275207523 27.214999198913578 38.305000305175788 24.115000724792484 10.500000000000002 21.535000801086429 81.500000000000014 10.115000247955324 7.5000000000000009 1.5000000000000002 30.954999923706058 5.5000000000000009 11.500000000000002 1.5000000000000002 6.5000000000000009 4.6499998569488534 -2.3424373865127559 69.500000000000014 70.005001068115249 125.01499938964845
decision_type=10 8 10 2 2 10 2 10 8 2 8 8 8 10 10 8 10 2 2 8 2 2 2 8 2 2 8 2 2 8 8 8 10 10 8 10 2 10 2 2 2 10 8 10 8 8 2 8 10 10 2 2 10 2 2 2 2 8 10 10 10 10
left_child=2 3 9 8 14 6 11 16 33 25 35 12 -6 -7 24 -10 17 -3 19 -19 21 -18 -22 -12 -5 -1 -27 28 30 -29 -20 -11 38 34 -2 -4 -25 -14 52 45 41 42 -41 -44 -45 49 47 55 57 -40 -42 58 61 -43 -53 56 -47 -49 -48 -52 -61 -9
right_child=1 7 10 4 5 13 -8 32 15 31 23 -13 37 -15 -16 -17 20 18 27 -21 22 -23 -24 36 -26 26 -28 29 -30 -31 -32 -33 -34 -35 -36 -37 -38 -39 39 40 50 53 43 44 -46 46 51 48 -50 -51 59 54 -54 -55 -56 -57 -58 -59 -60 60 -62 -63
leaf_value=-0.06525646717846352 0.1886638739205681 -0.077526975519412789 -0.046551578701423804 0.058124169288114459 0.09859398547507435 -0.0080831115435478634 -0.053590042781793468 0.13183353959628857 -0.19933403668721683 -0.14136847913675651 -0.010755142476704487 0.093048639960806478 0.39268869655860911 -0.13083849238230214 0.13467861621451147 0.054988327120571959 0.048933609467404916 0.32240947236994644 -0.11935534059747427 0.13479567714171251 1.0450995215337795 -0.76691683679004841 -0.041498047148596257 -0.01860937314815881 -0.040527222285511887 -0.037975985592834549 0.063717907650170685 -0.8809229916197131 0.18398791005433179 -0.077812185432695968 0.40410439492865446 -0.070235177698171239 -0.51962885670363901 -0.23847487087473801 0.90438564432703927 -0.18786963647161342 0.10145054721212317 0.85915533670053201 -0.18270846126939766 0.93760846570572431 -0.21175638949180417 -0.96139764637986491 0.20911983316963856 0.59675985455289771 1.8845344239810728 -0.12558201224672139 -0.30675779050401109 1.1499769860612494 0.65479470230031345 0.74952443065929764 0.02446938975587876 -1.1064424354521953 -0.049406790851180826 0.053605303254265046 -0.068676197900721395 0.27783499809864631 0.20605355076860554 0.25014846407225216 0.5539627917816764 0.45332671164639948 -0.031789499102309111 0.5220492126438705
leaf_weight=22149 345 1463 7921 33061 709 7862 3514 2969 3213 9562 87293 2402 598 5945 7425 1029 16244 2152 1676 14392 106 183 92 4073 5373 14216 7723 87 2791 904 173 67609 90 141 115 2497 7381 245 88 238 849 121 1353 267 53 917 151 56 797 438 2764 122 1826 78 72 1878 1076 2499 95 559 313 301
leaf_count=22149 345 1463 7921 33061 709 7862 3514 2969 3213 9562 87293 2402 598 5945 7425 1029 16244 2152 1676 14392 106 183 92 4073 5373 14216 7723 87 2791 904 173 67609 90 141 115 2497 7381 245 88 238 849 121 1353 267 53 917 151 56 797 438 2764 122 1826 78 72 1878 1076 2499 95 559 313 301
internal_value=-4.48037e-11 0.0657826 -0.037744 0.0272934 0.0359416 -0.0136767 0.0737027 0.111776 -0.0925891 -0.0626216 -0.0101102 0.18683 0.331974 -0.060939 0.0589607 -0.137642 0.0873823 0.116625 0.129434 0.1592 0.0458042 0.0398449 0.540216 -0.00269211 0.0443329 -0.0338672 -0.00217755 0.0419816 0.0826252 -0.148317 -0.0703783 -0.0790491 0.160959 0.225405 0.367594 -0.0804229 0.0587577 0.528257 0.16404 0.189582 0.118949 0.309553 0.400474 0.324061 0.810048 0.246466 0.222641 0.254703 0.361394 0.593562 0.029278 -0.303692 0.0899399 -0.563557 -0.721292 0.162317 0.0534646 0.269871 0.0256343 0.0855591 0.279197 0.167752
internal_weight=362634 132210 230424 71977 67134 21275 7468 60233 4843 121259 109165 3954 1552 13807 45859 4242 40263 23638 22175 16544 16625 16427 198 98747 38434 44088 21939 5631 4640 991 1849 77171 19970 601 460 10418 11454 843 19880 14784 6595 2110 1911 1673 320 8189 7663 7223 3352 526 4485 440 5096 199 194 3871 1993 2555 246 3636 872 3270
internal_count=362634 132210 230424 71977 67134 21275 7468 60233 4843 121259 109165 3954 1552 13807 45859 4242 40263 23638 22175 16544 16625 16427 198 98747 38434 44088 21939 5631 4640 991 1849 77171 19970 601 460 10418 11454 843 19880 14784 6595 2110 1911 1673 320 8189 7663 7223 3352 526 4485 440 5096 199 194 3871 1993 2555 246 3636 872 3270
is_linear=0
shrinkage=0.05


Tree=49
num_leaves=63
num_cat=0
split_feature=5 0 8 0 38 0 27 30 51 5 9 9 50 50 42 44 40 44 44 30 50 17 51 37 0 51 39 4 51 50 37 3 50 9 19 44 36 7 50 30 50 51 44 4 45 51 51 44 44 32 50 9 18 5 9 5 12 37 37 42 28 37
split_gain=329574 103324 42080.4 41047.9 31339.7 29435.8 25661.2 25068.2 25699.1 23110.1 20494.5 20320.9 19265 18880.2 18433.5 17128.2 16531.1 16197.4 16835.4 18624.6 22769.3 29348.8 22124.6 26771.8 26335.5 21226.5 19271.4 23404.6 16167.5 27833 17547.7 16694.6 18562.8 17196.4 16273.9 16085.3 16016.8 15839.4 15733.8 17648.9 14965.8 23451.2 16273.2 14720.8 14483.3 18670.6 14394.9 21042.4 14358.3 14620.6 14075.6 15593.9 13793.1 13786.2 13895.7 15053.2 13667.3 13375.4 13264 15788.5 13151.3 13139.2
threshold=38.049999237060554 22.050000190734867 0.04150000028312207 54.500000000000007 39.004999160766609 6.0499999523162851 -2.8118917942047115 7.6649999618530282 4.5000000000000009 13.050000190734865 11.605000019073488 28.785000801086429 10.500000000000002 9.5000000000000018 19.250000000000004 25.82499980926514 -15.128834724426268 16.144999504089359 20.744999885559086 15.715000152587892 10.500000000000002 81.005001068115249 3.5000000000000004 39.174999237060554 81.500000000000014 1.0000000180025095e-35 22.974999427795414 29.050000190734867 3.5000000000000004 2.5000000000000004 29.095000267028812 9.0999999046325701 10.500000000000002 30.054999351501468 8.9187922477722186 39.18499946594239 0.42249999940395361 32.250000000000007 1.5000000000000002 12.614999771118166 9.5000000000000018 4.5000000000000009 23.855000495910648 12.050000190734865 58.004999160766609 2.5000000000000004 1.0000000180025095e-35 25.554999351501468 23.925000190734867 38.004999160766609 1.5000000000000002 26.82499980926514 40.004999160766609 59.149999618530281 22.73499965667725 77.500000000000014 -11.157250404357908 16.845000267028812 18.935000419616703 22.050000190734867 3.7500000000000004 30.204999923706058
decision_type=10 10 10 8 10 8 10 8 2 8 8 10 2 2 10 8 8 10 10 8 2 10 2 10 10 2 8 10 2 2 8 8 2 8 10 10 8 8 2 8 2 2 10 10 8 2 2 10 10 10 2 10 10 10 10 10 8 10 8 8 8 10
left_child=1 5 10 6 11 -1 12 -6 28 -7 -3 15 38 -12 -10 -4 60 50 -19 -20 22 25 24 -24 -21 -22 -26 36 29 46 -30 32 33 56 -32 40 -28 -11 44 -40 43 42 -42 57 -2 -46 47 -9 -27 -50 51 -18 -16 -41 55 -55 -31 -8 59 -17 -5 -44
right_child=3 2 4 16 7 9 35 8 14 37 13 -13 -14 -15 52 58 17 18 19 20 21 -23 23 -25 26 48 27 -29 30 31 34 -33 -34 -35 -36 -37 -38 -39 39 53 41 -43 61 -45 45 -47 -48 -49 49 -51 -52 -53 -54 54 -56 -57 -58 -59 -60 -61 -62 -63
leaf_value=-0.089282135653845823 0.1913759724351925 -0.14058028521054958 0.10114085043088139 -0.49747733322056864 0.26287095751844652 -0.063035004865666155 0.34110616637725932 -0.064337450626686707 0.012425670580488291 -0.038080277406444506 0.0079219031816790322 0.040780021824174763 -0.02291185288781809 -0.063202112702829605 -0.091774475695331759 0.6900952101229354 0.19541079298808026 -0.037151168244277194 0.33208649925093781 0.14982092444811307 0.99038557379659431 -0.38492010041900282 0.083720425516500885 -0.64891266876494325 0.18831683021412468 0.60650693885548868 0.16438838816073059 1.3182655890568578 0.20121275442512104 0.78811156334621568 -0.015574377617105679 0.023712808673758006 -0.037845019480562771 0.029632721945871507 0.77113843522965908 -0.3120845023863591 0.64131693098854592 0.0054681809700574992 0.37871760078449285 0.10486055803746148 0.12907741315877577 -0.18325193913214549 -0.1303009289050335 0.082373462844839956 -0.41890526599817313 0.037153941078791983 -0.19006366353131063 0.70100547231733801 -0.28606964824119224 0.54627040547854977 0.37241627305930558 -0.85952981352806102 -0.35858418038473766 0.2723649410717694 0.17347618312184807 0.84808683629806458 0.29346719544490574 -0.027451339188227064 0.20149812454811153 0.15283049293952941 0.28404429580409896 0.18464914370283306
leaf_weight=34254 461 3053 5207 55 1047 55810 258 410 5410 56775 43072 6378 2476 11911 4356 329 117 1529 1131 7312 67 490 6867 127 719 86 293 87 2956 161 1974 12857 800 588 68 325 441 33026 726 14192 2198 1743 1639 17566 383 542 2054 115 263 66 1093 50 545 369 3153 164 1053 5369 2888 234 2531 415
leaf_count=34254 461 3053 5207 55 1047 55810 258 410 5410 56775 43072 6378 2476 11911 4356 329 117 1529 1131 7312 67 490 6867 127 719 86 293 87 2956 161 1974 12857 800 588 68 325 441 33026 726 14192 2198 1743 1639 17566 383 542 2054 115 263 66 1093 50 545 369 3153 164 1053 5369 2888 234 2531 415
internal_value=-7.25825e-11 -0.0244021 0.0143877 0.0931102 0.0482899 -0.0475783 0.0683817 0.0219662 0.0144025 -0.0377677 -0.0144872 0.108504 0.108648 -0.00748573 -0.051205 0.158393 0.148219 0.133355 0.122116 0.135683 0.122475 -0.112426 0.136884 0.070417 0.1894 0.164591 0.377322 0.542845 0.0437687 0.0217195 0.123345 0.0470878 0.162588 0.251571 0.0106237 0.0377303 0.450935 -0.0220645 0.124943 0.137051 0.0416254 -0.0287956 0.0345198 0.059828 -0.037575 -0.151679 -0.130343 0.103309 0.0312702 -0.119096 0.307093 -0.12044 -0.121444 0.127237 0.213391 0.44951 0.359067 -0.0105528 0.244778 0.466792 0.267423 -0.0666669
internal_weight=362634 287331 107466 75303 49430 179865 51979 34394 33347 145611 58036 15036 22466 54983 10311 8658 23324 20738 19478 17949 16818 972 15846 6994 8852 482 1540 821 23036 18038 4998 15459 2602 1802 2042 29513 734 89801 19990 18604 29188 5995 4252 23193 1386 925 2579 525 415 329 1260 167 4901 17878 3686 533 1214 5627 3451 563 2586 2054
internal_count=362634 287331 107466 75303 49430 179865 51979 34394 33347 145611 58036 15036 22466 54983 10311 8658 23324 20738 19478 17949 16818 972 15846 6994 8852 482 1540 821 23036 18038 4998 15459 2602 1802 2042 29513 734 89801 19990 18604 29188 5995 4252 23193 1386 925 2579 525 415 329 1260 167 4901 17878 3686 533 1214 5627 3451 563 2586 2054
is_linear=0
shrinkage=0.05


Tree=50
num_leaves=63
num_cat=0
split_feature=6 0 6 0 47 31 50 48 50 16 37 5 23 50 33 51 50 6 51 38 0 37 1 9 30 30 45 6 51 50 49 50 30 4 5 0 6 3 37 25 12 26 50 34 5 5 28 2 51 51 45 37 16 50 49 4 31 49 18 30 45 37
split_gain=302249 76664.6 46800.9 30866.8 30778.8 23716.7 23505.9 27423.4 24634.3 23149.5 21664 22815.1 20858.6 27808.2 19775.3 22536 25162.6 24804.2 18555.9 18459.7 17780.7 17639.9 16981.8 16940.8 24702 18050.1 28645.5 17809.3 17071 16867 16851.6 16580.6 28882.8 25148.6 18463.8 16531.9 18165 16863.3 16313.3 16170.2 16070.6 15957.5 15883.7 15368.1 15071.2 14431.1 14174.1 14017.5 14337.8 13785.4 15924.4 13568.3 13455.3 13352.1 13938.2 13188.8 13016.3 14013.7 14304.8 12595.5 13086.3 12586.4
threshold=27.10000038146973 38.100000381469734 8.0500001907348651 18.10000038146973 -13.62421131134033 23.994999885559086 10.500000000000002 -5.5441863536834708 2.5000000000000004 32.905000686645515 20.654999732971195 25.050000190734867 27.57499980926514 11.500000000000002 -0.64943343400955189 4.5000000000000009 8.5000000000000018 56.399999618530281 2.5000000000000004 96.044998168945327 48.20000076293946 37.68499946594239 114.50000000000001 22.345000267028812 12.404999732971193 17.595000267028812 67.005001068115249 39.100000381469734 5.5000000000000009 5.5000000000000009 14.500000000000002 7.5000000000000009 15.425000190734865 24.050000190734867 72.500000000000014 16.10000038146973 82.500000000000014 16.10000038146973 15.715000152587892 28.554999351501468 -1.3922986984252927 -0.98022875189781178 6.5000000000000009 -5.4862365722656241 58.250000000000007 7.0499999523162851 26.44999980926514 104.50000000000001 3.5000000000000004 4.5000000000000009 44.995000839233406 24.164999961853031 19.505000114440922 4.5000000000000009 13.500000000000002 48.20000076293946 28.994999885559086 10.500000000000002 21.185000419616703 15.864999771118166 114.03499984741212 7.1549999713897714
decision_type=10 8 8 10 8 8 2 8 2 10 10 8 10 2 8 2 2 10 2 10 10 10 8 8 10 10 8 10 2 2 2 2 8 10 10 10 10 8 8 10 8 8 2 10 10 10 10 10 2 2 10 10 10 2 2 10 10 2 8 8 8 8
left_child=2 5 55 42 22 53 7 -6 10 12 11 -9 19 -14 21 31 17 -17 39 23 -5 47 30 -8 28 26 27 -26 -25 -23 -3 -16 -33 -34 -35 -7 37 46 -32 -12 -39 -29 56 -36 -27 -44 -37 -10 -49 -22 -51 -38 -53 54 -2 -1 57 -4 -59 60 -20 -47
right_child=1 4 3 20 6 35 9 8 14 -11 18 -13 13 -15 15 16 -18 -19 59 -21 49 29 -24 24 25 44 -28 41 -30 -31 38 32 33 34 43 36 51 40 -40 -41 -42 -43 45 -45 -46 61 -48 48 -50 50 -52 52 -54 -55 -56 -57 -58 58 -60 -61 -62 -63
leaf_value=-0.088117509371601566 0.038746473474166397 0.27769690147493581 -0.011225858821923767 -0.0065226217047083673 0.17471340189637383 -0.037016708194864911 -0.11846827920029333 -0.25153678630045051 0.064723297464330601 0.84281633053171012 -0.11674691945935634 0.19161716736596301 -0.6837823625387891 0.040174028258626315 0.12208226730593107 0.040321012551400484 -0.13244975975541592 0.37647138620384807 0.10292684494629351 -0.24380200264712604 0.14714511576084824 -0.54827581179127394 0.5336855578615175 -0.075224408399085063 0.16754073751598317 0.15573527498056861 -0.04730654043630815 0.93790825059763483 -0.892694621093302 -0.044368333891002837 0.63798243664688881 0.83336839303188948 0.15777934716247249 0.35829601730747185 1.5390376058977042 0.088980271750521006 0.90878629286455215 -0.016603479908052467 0.11818243117372147 -0.46021415759416917 0.057339310523596157 0.36373297418090139 -0.11034779687852088 0.50346987398413867 -0.27411140655111205 -0.25233749148780971 -0.013656783544373717 1.1351774069570728 0.031448780479175702 0.14687592602513316 -0.1825742324022406 -0.4047144736368935 0.30986713829078599 0.068767471715722867 0.32111041948566765 -0.016066780530758492 -0.031021373431540378 0.027304360234665023 0.27880321125809193 -0.14684734972469238 0.84850759675253684 -0.043437737203836924
leaf_weight=44102 670 2504 3669 74088 8511 12639 1087 368 18992 76 901 1378 273 258 6747 2318 1464 719 484 652 3414 204 322 277 265 687 355 266 83 893 154 201 3237 636 67 13375 79 26470 7600 553 10172 222 11525 77 290 734 4494 62 56 663 821 77 456 5179 1257 7420 34344 1189 1078 536 67 40877
leaf_count=44102 670 2504 3669 74088 8511 12639 1087 368 18992 76 901 1378 273 258 6747 2318 1464 719 484 652 3414 204 322 277 265 687 355 266 83 893 154 201 3237 636 67 13375 79 26470 7600 553 10172 222 11525 77 290 734 4494 62 56 663 821 77 456 5179 1257 7420 34344 1189 1078 536 67 40877
internal_value=-1.23013e-11 0.0579982 -0.0359271 -0.023431 0.0982522 0.0236726 0.0827791 0.093222 0.0758653 -0.0228728 -0.03738 0.0982147 -0.0368267 -0.33203 0.0894745 0.132027 0.0378228 0.119904 -0.130551 0.000638115 -0.000422977 0.0569059 0.176147 0.0457613 0.118775 0.184813 0.322957 0.497517 -0.263697 -0.138076 0.164924 0.170696 0.248458 0.219191 0.47405 0.0145594 0.0263852 0.0233439 0.128506 -0.247378 0.0039234 0.676706 -0.042885 0.985297 0.0281452 -0.0608359 0.0631674 0.0680987 0.611374 0.0918413 -0.0353873 0.297272 0.206635 0.110575 0.222935 -0.077741 -0.0192048 0.0491622 0.146897 0.0257189 0.193587 -0.0471226
internal_weight=362634 138710 223924 172402 63842 74868 53262 48471 39960 4791 4287 1746 4715 531 35673 15466 4501 3037 2541 4184 78986 20207 10580 3532 2445 2085 1108 753 360 1097 10258 10965 4218 4017 780 67762 55123 54511 7754 1454 36642 488 93416 144 977 53136 17869 19110 118 4898 1484 612 533 7106 1927 51522 40280 5936 2267 1087 551 41611
internal_count=362634 138710 223924 172402 63842 74868 53262 48471 39960 4791 4287 1746 4715 531 35673 15466 4501 3037 2541 4184 78986 20207 10580 3532 2445 2085 1108 753 360 1097 10258 10965 4218 4017 780 67762 55123 54511 7754 1454 36642 488 93416 144 977 53136 17869 19110 118 4898 1484 612 533 7106 1927 51522 40280 5936 2267 1087 551 41611
is_linear=0
shrinkage=0.05


Tree=51
num_leaves=63
num_cat=0
split_feature=6 49 49 49 45 47 6 37 49 49 3 4 30 18 4 5 2 8 33 16 21 10 24 37 46 6 30 16 37 5 42 10 31 28 2 44 30 28 30 44 24 3 25 37 9 33 47 2 5 31 12 3 19 24 43 33 16 5 27 46 30 10
split_gain=273362 81212.4 61605.4 48451.1 46229 32646.5 27919.9 23405.2 35983.2 29941.5 22404.3 20854.6 19769.4 20327.4 19432.1 19264.2 19247.8 17895.7 16440.1 16332.3 17600.6 15913.8 15525.3 18936.6 15522.9 15222.1 14133.3 20052.2 18436.4 14010.2 13693.5 13536.6 13294.9 13158.4 13066.1 12979.1 12752.3 14923.8 15970.3 12653 12541.5 12163 14233.3 12962.6 12956.8 11995.8 11846.6 11739.3 11678.9 13444.8 11509.8 11441.6 12950.7 11441.5 11376.2 11331.3 11096 12593.7 10704.5 10698.5 10570.3 10058.2
threshold=36.049999237060554 9.5000000000000018 19.500000000000004 3.5000000000000004 51.004999160766609 -13.455554008483885 51.100000381469734 30.605000495910648 11.500000000000002 17.500000000000004 44.049999237060554 17.149999618530277 27.755000114440922 37.555000305175788 44.100000381469734 21.050000190734867 117.50000000000001 0.18450000137090686 7.979816436767579 28.675000190734867 8.2500000000000018 44.995000839233406 25.994999885559086 27.384999275207523 34.43499946594239 75.500000000000014 8.6050000190734881 7.1150000095367441 16.435000419616703 34.049999237060554 18.250000000000004 43.995000839233406 50.995000839233406 20.750000000000004 20.050000190734867 39.18499946594239 18.545000076293949 27.650000572204593 21.164999961853031 33.645000457763679 54.995000839233406 28.050000190734867 8.8750000000000018 36.495000839233406 15.585000038146974 1.3007786273956301 -12.563192844390867 30.050000190734867 35.149999618530281 23.994999885559086 -0.5984915792942046 6.0499999523162851 -2.2740654945373531 171.23500061035159 0.74850001931190502 -7.4071960449218741 16.175000190734867 39.100000381469734 0.58497333526611339 17.464999198913578 14.784999847412111 113.03499984741212
decision_type=10 2 2 2 10 8 10 10 2 2 10 8 8 10 10 8 8 10 10 8 8 10 8 10 10 10 8 8 8 10 8 10 8 10 10 10 10 10 10 8 10 8 8 8 10 8 8 10 8 10 8 10 8 10 8 8 10 10 8 10 10 8
left_child=1 3 4 14 7 16 18 8 -3 17 -4 12 13 19 -1 -15 24 22 32 20 47 -5 34 -24 54 35 27 29 -29 59 -28 -12 -7 -14 -10 39 -19 38 48 -13 -11 43 -43 44 -27 -21 -40 -8 49 -38 -16 -23 -53 -33 -2 -41 -22 -58 -9 -6 -44 -59
right_child=5 2 10 21 26 6 11 58 9 40 31 25 33 15 50 -17 -18 36 -20 45 56 51 23 -25 -26 41 30 28 -30 -31 -32 53 -34 -35 -36 -37 37 -39 46 55 -42 42 60 -45 -46 -47 -48 -49 -50 -51 -52 52 -54 -55 -56 -57 57 61 -60 -61 -62 -63
leaf_value=-0.039403424995485131 0.10503874403339691 0.0091247882589583409 -0.064911584660841223 -0.094347485987640797 -0.39530208430412711 0.063318187090733155 -0.025262629438657314 0.059756478135432722 -0.018153631001686221 0.10356358917758142 0.05360018846004664 0.097795092350891955 0.13121552631901709 -0.85966784049921174 -0.0028727313578181257 -0.086605053238453522 0.59781864390027628 0.08101878061659179 0.3053649250706979 -0.050519984666419743 -0.1708867258155051 -0.0999452645276485 0.37260665214653338 0.043940725420793789 0.30372632244115566 -0.30348561492052167 0.034172984431321524 0.30045247561548583 -0.088365998337860227 0.58388813133423145 -0.029347574703240738 -0.031523298865115672 0.0080000705098862441 0.50818132382943293 0.36102154240673051 -0.26459980956771373 0.86800154132242702 -0.0030769949082265508 0.3942061825105212 0.053633754019029846 -0.031651169858929566 0.83870591729803867 0.71842721527200615 -0.14134442132917491 0.25268702874483695 0.11055640643441325 0.1113268119867187 0.76611042853764122 0.22422687378771811 0.3752513061318456 0.072232953266984368 -0.077716520867127714 -0.01320686312880206 0.37276110169346222 0.25535805902197789 0.28366082543225435 0.27848292853813739 0.041160121797983548 -0.058647839865360846 0.022475547426821372 0.22890060036717094 0.36192953882154327
leaf_weight=32113 9715 8916 31059 44621 309 23183 64 3495 755 3991 7806 9615 639 85 16739 1552 238 5088 580 3382 318 9506 2555 529 1355 111 12087 1282 400 65 28467 15523 20436 363 325 218 209 758 460 738 3007 148 131 282 1850 1756 1894 175 545 410 7337 12541 20494 177 1446 1950 1099 2261 4206 304 697 274
leaf_count=32113 9715 8916 31059 44621 309 23183 64 3495 755 3991 7806 9615 639 85 16739 1552 238 5088 580 3382 318 9506 2555 529 1355 111 12087 1282 400 65 28467 15523 20436 363 325 218 209 758 460 738 3007 148 131 282 1850 1756 1894 175 545 410 7337 12541 20494 177 1446 1950 1099 2261 4206 304 697 274
internal_value=5.26346e-12 -0.0239577 0.00393062 -0.0501478 0.0318547 0.0786619 0.0655856 0.072695 0.0929941 0.129425 -0.0370392 0.104936 0.0551894 0.0357642 -0.0139436 -0.126746 0.152386 0.172858 0.0409174 0.0642806 0.137532 -0.0734869 0.259097 0.31623 0.143916 0.14276 -0.00349345 0.115454 0.207987 -0.114105 -0.0104155 -0.000210771 0.037401 0.267781 0.09595 0.117829 0.13451 0.198158 0.241517 0.124605 0.0454626 0.239736 0.387076 0.175624 0.221206 0.00453065 0.166605 0.554195 0.393015 0.541624 0.0200152 -0.0516063 -0.0376965 -0.0269654 0.124514 0.220506 0.112334 0.137117 -0.00491156 -0.188117 0.30635 0.0758311
internal_weight=362634 277973 134622 143351 80057 84661 71907 37143 29442 20526 54565 27708 11968 10966 56189 1637 12754 13528 44199 9329 4191 87162 4164 3084 12516 15740 42914 2360 1682 678 40554 23506 43619 1002 1080 12521 9364 4276 3518 12303 6998 3219 976 2243 1961 5138 2354 239 1164 619 24076 42541 33035 15700 11161 2688 3952 3634 7701 613 828 2535
internal_count=362634 277973 134622 143351 80057 84661 71907 37143 29442 20526 54565 27708 11968 10966 56189 1637 12754 13528 44199 9329 4191 87162 4164 3084 12516 15740 42914 2360 1682 678 40554 23506 43619 1002 1080 12521 9364 4276 3518 12303 6998 3219 976 2243 1961 5138 2354 239 1164 619 24076 42541 33035 15700 11161 2688 3952 3634 7701 613 828 2535
is_linear=0
shrinkage=0.05


Tree=52
num_leaves=63
num_cat=0
split_feature=5 49 49 36 4 0 50 37 49 30 16 50 9 9 50 9 37 27 31 3 50 30 37 50 48 50 9 44 28 31 50 14 0 5 48 30 5 9 12 40 44 44 30 50 17 44 30 49 16 44 50 30 9 9 6 37 28 44 50 44 37 50
split_gain=251142 83431 79111.9 76420.2 36320 33139.2 28922.9 27955.4 32501.4 30707.8 36677.3 32860.7 34639.3 30062.9 26853.2 25698.1 22970.8 22376.8 21959.9 22814 21785.4 20323.1 18994.7 27225.1 21251 18928.5 18121.3 17681.3 17103.1 17093.1 16274.6 14820 14809.7 15613.7 23560.6 18358.2 14683.6 14006 13940.3 14569.4 14280.7 14717.6 16250.7 19658.8 25733.2 19614.5 21517.1 15361.7 17865 13936.1 13584.6 15620.2 13278.8 18319.7 13106.9 13097.1 13036.8 12973.1 12971 19013.7 14501.4 14439.2
threshold=38.049999237060554 10.500000000000002 17.500000000000004 0.28149999678134924 44.100000381469734 54.500000000000007 10.500000000000002 28.914999961853031 12.500000000000002 14.454999923706056 22.82499980926514 10.500000000000002 20.23499965667725 7.1250000000000009 5.5000000000000009 25.105000495910648 19.384999275207523 -2.8118917942047115 23.005000114440922 40.20000076293946 2.5000000000000004 29.925000190734867 20.244999885559086 2.5000000000000004 -9.5353822708129865 1.5000000000000002 7.1250000000000009 8.2849998474121112 40.250000000000007 23.005000114440922 10.500000000000002 10.750000000000002 16.10000038146973 1.0000000180025095e-35 3.5788344144821171 20.585000038146976 31.050000190734867 17.384999275207523 11.975169181823732 -15.128834724426268 16.144999504089359 20.744999885559086 15.715000152587892 10.500000000000002 81.005001068115249 27.724999427795414 18.545000076293949 14.500000000000002 33.965000152587898 39.18499946594239 1.5000000000000002 12.614999771118166 10.154999732971193 19.054999351501468 6.0499999523162851 36.204999923706062 25.150000572204593 20.345000267028812 9.5000000000000018 23.855000495910648 25.134999275207523 11.500000000000002
decision_type=10 2 2 10 10 8 2 10 2 8 10 2 8 10 2 10 8 10 10 10 2 10 10 2 8 2 8 10 10 10 2 10 8 10 10 8 8 10 10 8 10 10 8 2 10 10 8 2 10 10 2 8 8 8 10 10 8 10 2 10 8 2
left_child=1 4 3 7 15 17 18 8 -3 11 16 12 13 -10 21 26 28 30 -4 -20 -21 -6 24 -24 -15 -5 -1 -13 37 57 50 -26 -27 34 35 -34 -14 -11 39 -7 -41 -42 -43 47 45 46 -45 48 55 58 52 -52 -2 -54 -28 -44 -57 -29 -19 -60 -61 -62
right_child=5 2 6 25 14 38 -8 -9 9 10 -12 27 36 22 -16 -17 -18 49 19 20 -22 -23 23 -25 31 32 54 29 -30 -31 -32 -33 33 -35 -36 -37 -38 -39 -40 40 41 42 43 44 -46 -47 -48 -49 -50 -51 51 -53 53 -55 -56 56 -58 -59 59 60 61 -63
leaf_value=-0.17752187722570245 -0.8311871608098349 0.055667036520414361 0.076793681527115187 -0.14379255299551605 -0.0057046010467883225 0.24587134744950445 -0.08708615968518213 -0.011845693016635317 -0.16051466555983732 0.28467696128419906 0.15423335436296437 0.4374600229278589 -0.25832235984527169 -0.067853289348672005 -0.040226683193625948 -0.010044907397631716 0.27356338475168024 0.051009361511629651 -0.053435977514873646 -0.093812543966372952 0.028409558730410657 0.10025666121518591 -0.49012765731415026 0.76436349768792433 0.20305907308700399 -0.078096580620779232 -0.098616116433645248 -0.4088625599118233 -0.064077542318361949 0.020833248193655163 -0.024257238712873157 0.5258543736757717 0.51906456857481431 0.01988137501924412 0.84707176677062079 -0.24355638980706959 0.28259413233522834 0.69528640679487197 -0.44679432783383305 0.28255319939680501 -0.040202958877216706 0.30517598656856593 0.17979709370288954 0.63544747622145548 -0.36420685688371068 -0.39756256367889098 -0.16301657332038438 0.084994971724770038 0.466656178321811 -0.29517033906968743 0.35024215151942606 0.1136564408176871 0.22720142560827683 -0.15429019484590986 -0.055451494040499753 -0.31956303051114082 0.44816775869735531 0.032726696476459032 0.063176677559375657 -0.30879917209152125 -0.11097169679885482 0.21466878506111342
leaf_weight=3862 51 7752 6699 2221 10780 2561 14524 3604 330 273 4661 195 487 224 25546 20800 2282 23193 25793 4257 25398 7799 143 62 471 4057 23949 493 107 2000 2476 1451 136 19156 143 188 169 868 104 1260 1526 1129 4960 225 490 122 135 9970 521 325 726 17878 508 827 66200 250 71 251 2814 742 2030 409
leaf_count=3862 51 7752 6699 2221 10780 2561 14524 3604 330 273 4661 195 487 224 25546 20800 2282 23193 25793 4257 25398 7799 143 62 471 4057 23949 493 107 2000 2476 1451 136 19156 143 188 169 868 104 1260 1526 1129 4960 225 490 122 135 9970 521 325 726 17878 508 827 66200 250 71 251 2814 742 2030 409
internal_value=-2.82089e-11 -0.0213015 0.00867493 0.0564594 -0.0455177 0.0812793 -0.0235615 0.117326 0.138279 0.182545 0.24631 0.0993245 0.206696 0.286382 -0.0069626 -0.0603354 0.367887 0.0590604 -0.00871558 -0.0190465 0.0108645 0.0387753 0.34911 -0.110721 0.393037 -0.00422447 -0.0714622 -0.0225872 0.54036 -0.05528 0.0966614 0.446751 0.00886593 0.0268452 0.312496 0.0765561 -0.11897 0.597042 0.130796 0.133383 0.119438 0.108843 0.121569 0.109189 -0.109049 0.150344 0.336023 0.122638 0.187323 0.0304377 0.111639 0.122889 -0.0393724 -0.00912335 -0.0669186 0.159766 -0.149753 -0.259886 0.0340632 -0.0314967 -0.115247 -0.0563645
internal_weight=362634 287331 128395 51724 158936 75303 76671 25823 22219 14467 8191 6276 3337 2681 44125 114811 3530 51979 62147 55448 29655 18579 2351 205 2146 25901 94011 2939 1248 2744 22466 1922 23680 19623 467 324 656 1141 23324 23220 20659 19399 17873 16744 972 482 360 15772 5802 29513 19990 18604 1386 1335 90149 5281 321 744 29188 5995 3181 2439
internal_count=362634 287331 128395 51724 158936 75303 76671 25823 22219 14467 8191 6276 3337 2681 44125 114811 3530 51979 62147 55448 29655 18579 2351 205 2146 25901 94011 2939 1248 2744 22466 1922 23680 19623 467 324 656 1141 23324 23220 20659 19399 17873 16744 972 482 360 15772 5802 29513 19990 18604 1386 1335 90149 5281 321 744 29188 5995 3181 2439
is_linear=0
shrinkage=0.05


Tree=53
num_leaves=63
num_cat=0
split_feature=0 49 49 49 49 49 49 9 29 50 50 29 50 4 48 4 47 38 8 4 50 50 16 10 50 50 50 44 31 3 50 9 50 39 44 50 16 44 50 9 0 1 44 44 2 33 35 44 44 46 11 12 45 50 21 35 11 29 36 4 16 24
split_gain=228541 63708.7 50867.8 42418.6 39107.7 37831.6 36171.1 53841.3 33866.4 28187.7 34841.1 27773.2 26784.9 23994.7 24948.9 23515 23228.4 22386.7 21071.1 19914.4 19456 19298.5 19009.3 17114.8 16923 16671.7 16473.9 16129.1 15579.1 16744.8 16056.1 16166.3 15389.1 25876.3 17258.2 18475.6 23915.3 20905.3 26068.2 21471.5 16222.3 14013 13852.9 13474.7 16834.9 15979.7 13433.4 13172.8 12957.6 21520.6 12646.7 12455.3 12361.9 13276.7 12275.6 12088 13433.9 17616.8 13488.9 12065.1 12032 11918.8
threshold=35.100000381469734 9.5000000000000018 17.500000000000004 18.500000000000004 11.500000000000002 5.5000000000000009 12.500000000000002 28.464999198913578 0.03849999979138375 10.500000000000002 2.5000000000000004 0.035499999299645431 5.5000000000000009 21.050000190734867 5.9045629501342782 46.149999618530281 -11.054204940795897 42.004999160766609 0.017500000074505809 26.19999980926514 10.500000000000002 11.500000000000002 18.384999275207523 35.004999160766609 9.5000000000000018 2.5000000000000004 2.5000000000000004 21.314999580383304 22.005000114440922 28.050000190734867 2.5000000000000004 22.884999275207523 1.5000000000000002 14.914999961853029 16.285000801086429 10.500000000000002 29.474999427795414 28.445000648498539 11.500000000000002 31.085000038146976 67.049999237060561 44.049999237060554 39.18499946594239 16.285000801086429 20.050000190734867 -4.3583092689514151 27.150000572204593 21.314999580383304 32.905000686645515 27.994999885559086 14.654999732971193 -1.3412178754806516 124.01499938964845 5.5000000000000009 11.550000190734865 22.550000190734867 24.454999923706058 0.16649999469518664 0.0065000001341104516 30.050000190734867 25.365000724792484 85.005001068115249
decision_type=10 2 2 2 2 2 2 10 8 2 2 10 2 10 10 8 8 10 10 10 2 2 8 8 2 2 2 10 10 10 2 10 2 10 10 2 8 10 2 10 10 8 10 8 8 8 8 10 10 10 10 8 8 2 8 10 8 10 8 10 8 10
left_child=1 5 6 4 27 12 9 17 11 10 -3 13 15 14 22 -1 -13 19 -7 61 28 41 -6 -10 25 -5 -17 -2 -4 60 -31 48 33 -24 -34 36 40 39 -39 -37 52 -9 -15 45 -45 -19 -41 -42 -32 -50 -38 -28 53 54 -36 56 -25 58 -58 -14 -30 -8
right_child=3 2 20 24 8 18 7 21 23 -11 -12 16 59 42 -16 26 -18 43 -20 -21 -22 -23 32 55 -26 -27 51 -29 29 30 31 -33 34 -35 35 37 50 38 -40 46 47 -43 -44 44 -46 -47 -48 -49 49 -51 -52 -53 -54 -55 -56 -57 57 -59 -60 -61 -62 -63
leaf_value=-0.024012792425328364 -0.098770517336569386 -0.081380592424549147 0.066221616395899324 -0.11475765012137368 0.2985433685753906 -0.096430718434135032 0.18284786828960653 -0.072001441733259564 0.41827777290401064 -0.084380042317857271 0.049114412869125018 0.45916462892045584 -0.088666962853978223 0.14906585156967453 -0.00048729205459276765 -0.029872009728599127 -0.19854210010767626 -0.079639468552475723 -0.030466326081536904 0.40454504553148213 -0.084304382455319682 0.4935897156678028 0.20532102555407816 0.12190324645198998 -0.11131902752846812 0.041384975727350046 0.051218041034553366 0.042290276622387921 -0.027362417288235349 -0.08560814921427834 0.077877135606497894 -0.0089191168262705185 0.22720983806967562 -0.21862954398927437 0.28766076970496135 -0.010209693212453227 0.12205968603780289 -0.91200225263834001 -0.057353773488231556 1.0599231346233473 -0.01480704329535365 0.21704427389865619 -0.20185941086098605 0.0060229905440066954 0.12533963555528876 0.27107376664928051 0.20735735050061854 0.43501391940376161 0.17960034435700767 1.391517660856247 0.022867426158109352 0.16793648856896995 0.38210873214501734 0.19214763981607241 0.0036693013989829676 -0.0026800218646224443 -0.27849070598286663 0.11191460338752982 0.45556335185629043 -0.032883437250771211 -0.13535633922606075 -0.070987017012388978
leaf_weight=19568 3414 6405 5217 1957 1096 41066 4868 6548 885 7595 25396 150 13051 16837 9062 3541 1278 405 17167 973 12933 165 562 2004 2831 13519 5928 4986 5189 5695 4026 25609 2268 1001 448 3201 5224 140 246 74 200 448 286 6230 5626 1640 123 874 137 50 8349 3720 497 3297 2526 769 66 748 1209 37672 5128 511
leaf_count=19568 3414 6405 5217 1957 1096 41066 4868 6548 885 7595 25396 150 13051 16837 9062 3541 1278 405 17167 973 12933 165 562 2004 2831 13519 5928 4986 5189 5695 4026 25609 2268 1001 448 3201 5224 140 246 74 200 448 286 6230 5626 1640 123 874 137 50 8349 3720 497 3297 2526 769 66 748 1209 37672 5128 511
internal_value=-5.34639e-11 -0.0228274 0.00233727 0.0690207 0.0863391 -0.0460532 0.0328522 0.0769554 0.0997669 0.00216267 0.0228316 0.088306 -0.0244764 0.0938282 0.0722535 0.0107667 -0.129455 0.118622 -0.0769845 0.196387 -0.0295254 -0.0408864 0.0941342 0.21625 0.00107929 0.0216401 0.0623677 -0.0150409 -0.015648 -0.0249667 -0.00867848 0.0060125 0.0864169 -0.0661918 0.0951011 0.0832108 0.101208 -0.0186394 -0.36733 0.0209706 0.170722 -0.0534919 0.143204 0.0830869 0.062642 0.201617 0.52761 0.351248 0.0967753 0.503642 0.0610447 0.0962214 0.142074 0.123051 0.0464495 0.17897 0.213658 0.304552 0.417565 -0.0472365 -0.0810401 0.158734
internal_weight=362634 272507 130794 90127 71820 141713 66810 27414 63420 39396 31801 57739 83480 56311 39188 32757 1428 20253 58233 6352 63984 7161 30126 5681 18307 15476 13189 8400 51051 45834 35517 29822 29030 1563 27467 25199 21415 3784 386 3398 7842 6996 17123 13901 11856 2045 197 1074 4213 187 13573 9648 6768 6271 2974 4796 4027 2023 1275 50723 10317 5379
internal_count=362634 272507 130794 90127 71820 141713 66810 27414 63420 39396 31801 57739 83480 56311 39188 32757 1428 20253 58233 6352 63984 7161 30126 5681 18307 15476 13189 8400 51051 45834 35517 29822 29030 1563 27467 25199 21415 3784 386 3398 7842 6996 17123 13901 11856 2045 197 1074 4213 187 13573 9648 6768 6271 2974 4796 4027 2023 1275 50723 10317 5379
is_linear=0
shrinkage=0.05


Tree=54
num_leaves=63
num_cat=0
split_feature=6 5 6 50 44 16 50 47 50 16 51 37 51 5 51 51 43 30 38 50 16 46 33 30 51 51 44 45 1 51 44 37 51 29 6 50 32 3 44 2 51 38 29 28 44 33 1 5 13 51 3 4 3 35 30 37 43 29 16 30 51 29
split_gain=204972 56419.5 33549.1 24895.2 35776.1 29382.5 23935.5 33774.7 23127.1 45451.2 38725.2 25134.4 35676.4 28207.3 22753.1 61497.7 26907.8 21246.7 19479.5 20005.2 21979.5 18824.9 18107.6 21355.1 34191.9 18577.2 33627.8 23224.2 18789.8 33118.2 18019.7 24261.3 18013.3 17892.5 17866 17707 17459.9 17377.4 16981.7 16943 24426.4 16873.4 19191.7 16840.5 16391.7 16358.4 15861.4 15850.1 15728.5 15654.4 15648.2 15396.1 15145.9 14900.3 14695.8 14626.7 17297.7 19282 14325.3 21119.2 14050.1 13834.4
threshold=26.050000190734867 43.350000381469734 6.0499999523162851 10.500000000000002 29.414999961853031 31.964999198913578 6.5000000000000009 -10.401347637176512 2.5000000000000004 18.724999427795414 2.5000000000000004 37.225000381469734 4.5000000000000009 68.500000000000014 4.5000000000000009 3.5000000000000004 0.043500000610947616 17.714999198913578 66.009998321533217 11.500000000000002 23.454999923706058 21.925000190734867 -0.42992290854454035 11.454999923706056 5.5000000000000009 2.5000000000000004 26.664999961853031 72.005001068115249 54.399999618530281 1.0000000180025095e-35 21.045000076293949 17.384999275207523 1.0000000180025095e-35 0.2334999963641167 39.100000381469734 5.5000000000000009 32.004999160766609 21.050000190734867 29.865000724792484 21.050000190734867 1.0000000180025095e-35 71.009998321533217 0.01350000035017729 12.050000190734865 23.654999732971195 2.1843458414077763 40.149999618530281 6.0499999523162851 6.2016794681549081 2.5000000000000004 42.049999237060554 19.10000038146973 47.299999237060554 33.315000534057624 25.435000419616703 33.635000228881843 0.049499999731779105 0.25749999284744268 6.3250000476837167 8.9849996566772479 2.5000000000000004 0.17249999940395358
decision_type=10 8 8 2 10 10 2 10 2 8 2 10 2 10 2 2 10 8 10 2 10 8 10 10 2 2 10 8 10 2 8 8 2 10 10 2 10 8 10 10 2 8 10 10 8 8 10 8 10 2 10 10 8 8 10 8 8 10 8 8 2 10
left_child=2 6 -1 8 5 17 7 53 9 39 36 13 43 33 15 47 -17 22 -19 20 -20 32 -5 24 -24 26 28 34 -25 -30 -8 46 -15 48 -27 -14 -11 -23 50 -3 -41 42 -9 54 -12 -44 -32 -4 -10 -21 -34 -45 -49 55 -13 56 -2 -58 -16 -60 -48 -61
right_child=1 3 14 4 -6 -7 30 41 11 10 44 12 35 21 58 16 -18 18 19 49 -22 37 23 25 -26 27 -28 -29 29 -31 31 -33 38 -35 -36 -37 -38 -39 -40 40 -42 -43 45 51 -46 -47 60 52 -50 -51 -52 -53 -54 -55 -56 -57 57 -59 59 61 -62 -63
leaf_value=-0.076148439981427854 0.088434466103249787 0.046138175624668432 -0.08772405579116066 -0.088707376498042889 -0.49499407446666349 0.71698982194579886 -0.079102175163717606 0.086737307931238419 0.12274891518374598 -0.1661536153711298 0.26028129125152089 0.23571980651882796 -0.64904180461168293 -0.1833078203357269 -0.21036939796661092 0.025608491169770806 0.13829648278376194 0.079595182309332546 -0.083818532221425227 0.58793038011238141 -0.63016833472947176 0.2027200642029095 0.10278414680917816 0.090842306878261586 -1.2816370035472671 0.10608103827208928 -0.74242682246246727 0.053358292343998054 1.7264642267315478 -0.016699595451354982 0.14195362031683922 0.00014950060762379503 0.35949781334511877 -0.052899456289742769 0.90132640730237323 -0.11104434947990693 -0.51551226796029859 0.41741714051139411 0.059438879657301671 1.0179338922055849 0.26499222485907992 -0.043074737887890416 -0.028861329924163501 0.077717670187707588 -0.076760691301576034 0.14788661124650157 1.2801946592998916 -0.030234365438387228 0.026689276639965738 -0.13363230738655799 -0.054523678741494601 0.493540322461822 0.026320307584252824 0.02287623378167981 -0.21286529448994301 -0.011744186435882228 0.2348425137307828 -0.13038104029429942 0.12521923201375243 -0.073229059422220757 0.33239884057004626 -0.019050015906218607
leaf_weight=34354 6105 633 10121 809 370 145 6883 10597 26148 1476 718 247 300 428 1358 18625 7403 726 312 93 449 2772 205 334 57 92 99 198 54 55 1496 34640 1254 1851 304 312 472 1428 1862 131 606 9012 10193 824 725 1502 58 80022 5091 392 279 305 13894 4595 700 1660 5269 388 1743 29891 120 19449
leaf_count=34354 6105 633 10121 809 370 145 6883 10597 26148 1476 718 247 300 428 1358 18625 7403 726 312 93 449 2772 205 334 57 92 99 198 54 55 1496 34640 1254 1851 304 312 472 1428 1862 131 606 9012 10193 824 725 1502 58 80022 5091 392 279 305 13894 4595 700 1660 5269 388 1743 29891 120 19449
internal_value=1.92461e-11 0.0458493 -0.03082 0.0868483 -0.023108 0.0172708 0.0222491 0.0460497 0.0974766 -0.0071821 -0.105377 0.108853 -0.0392753 0.118537 -0.0222876 -0.0110776 0.0576597 -0.00700759 -0.126276 -0.246231 -0.406172 0.202646 0.0995616 0.20851 -0.198407 0.302359 0.0906857 0.495501 0.276867 0.846886 -0.0049258 0.00913368 0.122369 0.0981444 0.716572 -0.374769 -0.250803 0.275717 0.160905 0.235869 0.398826 0.0146597 0.0380001 0.0596273 0.0909428 -0.00616142 0.195043 -0.0282743 0.107094 0.0047292 0.284148 0.190052 -0.0218676 0.100589 -0.0958637 0.127194 0.146802 0.209793 -0.0500909 -0.0458301 0.641231 -0.0518726
internal_weight=362634 145774 216860 53256 4694 4324 92518 49321 48562 4761 3391 43801 2688 41113 182506 130065 26028 4179 1972 1246 761 8023 2207 1398 262 1136 542 594 443 109 43197 36314 3823 33090 396 612 1948 4200 3395 1370 737 31304 22292 2076 1443 11695 1674 104037 31239 485 1533 1129 93916 18017 947 13422 11762 5657 52441 51083 178 49340
internal_count=362634 145774 216860 53256 4694 4324 92518 49321 48562 4761 3391 43801 2688 41113 182506 130065 26028 4179 1972 1246 761 8023 2207 1398 262 1136 542 594 443 109 43197 36314 3823 33090 396 612 1948 4200 3395 1370 737 31304 22292 2076 1443 11695 1674 104037 31239 485 1533 1129 93916 18017 947 13422 11762 5657 52441 51083 178 49340
is_linear=0
shrinkage=0.05


Tree=55
num_leaves=63
num_cat=0
split_feature=0 6 6 30 50 51 45 50 43 3 51 51 50 7 51 0 44 37 2 46 30 44 47 9 30 1 40 44 9 37 9 9 11 44 6 18 31 49 38 6 37 50 23 33 49 23 49 43 4 49 11 28 4 50 22 50 9 4 30 30 30 44
split_gain=191258 55760.2 33454.8 27043.1 37521.3 31702.5 39160.2 37621.7 33854.4 22356.2 21310.2 41458 31627.6 28347.7 25615.9 20100.4 19499.8 19478.3 18947.1 18498.7 18197.8 20748.8 17964.9 17768.3 19601.5 25601.9 17534.4 16858.8 18104.8 20693.9 16406.7 19524.2 16101.3 15829.6 15219.3 15179.3 15176 17093.5 14977.5 14770.4 13904.2 13739.1 13421.3 13157.8 20483.7 16289.5 14859.6 13636.2 15572.8 13116.1 12868.3 12789.1 16844.9 15684.1 13622.1 12608.8 22074.8 15816.8 12250.4 12209.4 12165.5 12080.2
threshold=27.050000190734867 43.299999237060554 11.050000190734865 8.6050000190734881 1.5000000000000002 4.5000000000000009 51.989999771118171 6.5000000000000009 0.037499999627470977 9.0999999046325701 2.5000000000000004 4.5000000000000009 10.500000000000002 21.550000190734867 3.5000000000000004 69.500000000000014 22.564999580383304 17.115000724792484 42.049999237060554 28.005000114440922 11.454999923706056 28.365000724792484 -7.7411220073699942 7.1250000000000009 8.1849999427795428 10.050000190734865 -10.505562782287596 14.585000038146974 8.3150000572204608 19.605000495910648 22.814999580383304 32.664999008178718 15.944999694824221 31.994999885559086 90.500000000000014 54.004999160766609 23.994999885559086 11.500000000000002 80.005001068115249 66.500000000000014 18.015000343322757 8.5000000000000018 30.964999198913578 2.6072514057159428 15.500000000000002 22.224999427795414 11.500000000000002 0.34549999237060552 45.049999237060554 18.500000000000004 25.005000114440922 9.2350001335144061 13.050000190734865 9.5000000000000018 0.18450000137090686 3.5000000000000004 31.195000648498539 17.149999618530277 13.925000190734865 9.3249998092651385 14.784999847412111 22.164999961853031
decision_type=10 8 10 8 2 2 8 2 10 8 2 2 2 8 2 10 8 10 8 10 8 10 8 8 8 8 8 8 8 8 10 10 8 10 10 10 8 2 8 10 8 2 10 8 2 10 2 10 10 2 8 10 10 2 10 2 8 10 8 8 8 8
left_child=2 3 32 17 16 9 7 8 58 22 12 13 36 -12 20 19 38 26 -11 43 21 -15 -6 -13 25 -25 -2 -16 61 -30 -10 -32 -1 40 35 -21 37 -4 -5 -26 -9 -39 -14 44 46 -46 -3 -48 -49 -28 -38 53 -53 54 -17 56 -8 -57 -7 -52 -36 -29
right_child=1 15 10 4 5 6 55 33 30 18 11 23 42 14 27 51 -18 -19 -20 34 -22 -23 -24 24 39 -27 49 28 29 -31 31 -33 -34 -35 60 -37 50 41 -40 -41 -42 -43 -44 -45 45 -47 47 48 -50 -51 59 52 -54 -55 -56 57 -58 -59 -60 -61 -62 -63
leaf_value=-0.083691208298254632 0.53139149447149114 -0.048127039142940135 -0.026015796383286688 -0.091662292962065822 0.24818120244471442 -0.24969954101916622 -0.1277014368080209 0.19882574013688348 0.070733257416961431 0.0091067596778344993 -0.0069252552541134021 -0.22118553868861263 -0.11772600044509654 -0.10159819497740211 -0.020458345068310846 0.27892247671133852 0.051208931782117752 -0.097150321768170733 0.071795515893106704 0.13050362244350353 0.039319934918700318 -0.8339305257695353 0.072097071321479328 0.96315468686436301 -0.034835246872460326 0.090999459211530326 0.27319538380923553 0.1242685155927116 0.29559249480040023 0.12352960408974543 0.45974491859284727 0.060279450493864718 -0.037305397770089406 0.095947999479722171 1.0743296844217012 -0.17170772647598351 -0.046805444993628882 0.10114972030566445 -0.29536540080728951 0.39078811846128325 -0.11550668710606532 0.40284075843759076 0.69532182825838829 0.11437483997793177 0.12829058990041281 -0.040260561809197092 0.1856806812344183 0.058074035017432135 0.50619347197840914 -0.0062968570124557312 0.28578517329318365 0.12472999947688852 0.31142144661857257 0.52054487449238029 -0.034182072869913031 -0.11840278224148104 -0.60711702832690095 0.0052473403660017563 0.067801792934548674 7.1743034351043651e-05 0.29083444997386421 -0.55866835312596685
leaf_weight=29750 420 2022 2159 2281 2256 340 2759 385 652 29008 18867 1233 10681 558 1579 438 1317 529 20622 8837 10465 117 4047 109 35891 369 1172 117 2354 6782 1300 400 50405 1575 53 436 31579 1511 1493 205 4081 503 51 7707 1708 8918 3278 9304 198 654 382 2595 2261 177 1679 4917 263 5456 2854 17670 760 145
leaf_count=29750 420 2022 2159 2281 2256 340 2759 385 652 29008 18867 1233 10681 558 1579 438 1317 529 20622 8837 10465 117 4047 109 35891 369 1172 117 2354 6782 1300 400 50405 1575 53 436 31579 1511 1493 205 4081 503 51 7707 1708 8918 3278 9304 198 654 382 2595 2261 177 1679 4917 263 5456 2854 17670 760 145
internal_value=-2.79857e-11 0.0460175 -0.028653 0.0221768 0.01722 0.0255038 -0.021326 0.0459817 0.140012 0.04642 -0.0141859 0.00326274 -0.0354888 0.0380976 0.0765046 0.0880376 -0.114441 0.175805 0.0351549 0.075191 0.0230899 -0.228536 0.135122 -0.0344994 -0.0282058 0.28988 0.240094 0.130713 0.156111 0.167864 0.28397 0.365753 -0.0545218 -0.0403438 0.13448 0.116294 -0.019856 0.0717225 -0.172248 -0.032418 -0.0884091 0.176498 -0.113862 0.0571438 0.0397976 -0.013168 0.0778203 0.0977471 0.0674118 0.173092 -0.027556 0.165694 0.211655 0.0684014 0.0305982 -0.0795489 -0.169424 -0.0533652 0.0340039 0.00611775 0.341911 -0.253693
internal_weight=362634 139152 223482 88781 86006 80915 24982 11587 5546 55933 143327 78791 64536 40984 22117 50371 5091 2775 49630 43221 11140 675 6303 37807 36574 478 2246 10977 9398 9136 2352 1700 80155 6041 10086 9273 53804 4173 3774 36096 4466 2014 10732 33135 25428 10626 14802 12780 9502 1826 49631 7150 4856 2294 2117 13395 3022 10373 3194 18052 813 262
internal_count=362634 139152 223482 88781 86006 80915 24982 11587 5546 55933 143327 78791 64536 40984 22117 50371 5091 2775 49630 43221 11140 675 6303 37807 36574 478 2246 10977 9398 9136 2352 1700 80155 6041 10086 9273 53804 4173 3774 36096 4466 2014 10732 33135 25428 10626 14802 12780 9502 1826 49631 7150 4856 2294 2117 13395 3022 10373 3194 18052 813 262
is_linear=0
shrinkage=0.05


Tree=56
num_leaves=63
num_cat=0
split_feature=0 6 49 49 17 36 30 44 6 31 37 51 47 4 38 51 51 7 9 40 37 6 30 9 22 6 51 2 30 9 16 0 30 28 51 44 5 44 16 49 5 51 33 9 23 1 23 5 40 44 49 9 44 49 43 30 37 30 37 4 6 3
split_gain=173473 52309.8 34718.8 31389.7 29334.1 27650.8 22712.1 22046.1 18824.2 17640.2 17581.6 16913.9 16436.5 17782.8 16284.8 16262.3 52067.5 32168.6 16491.8 15909.3 15610 15595.8 15550.5 15245.9 15020.9 14885.8 14756.2 21630.3 14752.1 14235.4 14153.5 16767.4 14552.1 18731.1 13953.9 13908.8 13735 28764.2 24947.4 13643.3 13100.3 12936.8 12835.1 12818.5 18949.2 12702.9 12462.7 12701.8 12330.6 12214.2 12103.4 18409.1 20139.2 23268.4 23025.2 19379.4 22446.1 15226.1 14822.2 11934.3 11682.7 12244.5
threshold=35.100000381469734 19.10000038146973 18.500000000000004 11.500000000000002 35.975000381469734 0.76250001788139354 8.6050000190734881 15.84500026702881 5.0999999046325692 23.994999885559086 17.515000343322757 4.5000000000000009 -13.292843341827391 26.19999980926514 43.004999160766609 3.5000000000000004 4.5000000000000009 19.550000190734867 7.7950000762939462 -8.0394124984741193 11.855000019073488 71.500000000000014 21.704999923706058 16.605000495910648 0.054500000551342971 40.149999618530281 4.5000000000000009 66.500000000000014 7.6649999618530282 26.474999427795414 29.115000724792484 67.049999237060561 28.404999732971195 19.150000572204593 5.5000000000000009 21.045000076293949 56.399999618530281 22.48499965667725 19.064999580383304 14.500000000000002 106.50000000000001 2.5000000000000004 -10.897774219512938 16.035000801086429 11.784999847412111 95.500000000000014 25.345000267028812 82.500000000000014 -7.2734172344207755 31.195000648498539 16.500000000000004 24.98499965667725 30.884999275207523 13.500000000000002 0.22350000590085986 15.574999809265138 23.07499980926514 12.614999771118166 26.634999275207523 35.100000381469734 83.500000000000014 28.050000190734867
decision_type=10 10 2 2 10 8 8 8 8 10 10 2 8 10 10 2 2 10 8 10 8 10 8 10 10 10 2 10 8 10 10 10 10 10 2 10 10 8 8 2 8 2 8 8 10 10 10 8 8 10 2 8 10 2 8 8 8 10 10 8 10 8
left_child=1 8 3 35 21 6 10 19 -1 22 48 -4 39 30 -13 50 17 -17 -19 -3 -20 -5 24 -12 -9 -22 27 41 -16 43 31 -14 34 -34 -32 -2 -18 -38 -39 -8 -41 -15 -10 44 -27 -33 -29 -48 -6 -42 51 52 53 -11 55 -55 -57 -54 -59 -44 61 -52
right_child=2 7 11 4 5 -7 12 9 42 15 23 14 13 26 28 16 36 18 20 -21 25 -23 -24 -25 -26 29 -28 46 -30 -31 32 45 33 -35 -36 -37 37 38 -40 40 49 -43 59 -45 -46 -47 47 -49 -50 -51 60 -53 57 54 -56 56 -58 58 -60 -61 -62 -63
leaf_value=-0.079321596624535848 -0.095692593040745635 0.037900871874870928 0.031642591739554415 0.15393170701724093 0.62987064945386262 0.18881345085393864 0.24235010315074745 0.035959539232854505 -0.064443465216078383 -0.038099301141690384 0.79787261921167385 0.033670101395296838 0.045446152284147535 0.059201172569265138 0.37924523808454214 0.041545898135838588 -0.020102427193459088 -0.40679055812122589 0.82776426139473913 -0.080366064120824712 0.15903206804876535 0.38944775883846727 0.023022271337956552 -0.14037015848207771 0.20969496948725086 0.90198051762931497 0.0082991328697045227 -0.16738519042264671 -0.15736001147405043 0.14213965501342166 0.0044914260532232346 0.23669586297413475 0.063782602062598059 0.56749217659196194 -0.13627708884146469 0.036290317044325282 1.2099983518943191 0.72452297506441599 -0.04091694702879644 0.077818381313157048 1.1328606642586621 0.2304873902104837 -0.035633645285122195 0.64652406679466368 -0.28233803837001326 -0.33464437285890281 0.44672831742739644 1.1440502908954651 0.24685780140789176 0.16185563772792619 -0.12364217029060993 0.042216338938681167 -0.73926701720418597 0.11335251508820994 0.036113842482309026 1.2219593582706432 0.33465838032774631 0.10725034499675677 -0.37898942015599463 0.0011000800701727494 0.61862725678718455 -0.025749541369222015
leaf_weight=24853 3266 3765 12447 7373 342 4849 1852 2171 24199 16884 50 2264 14524 2663 133 7705 23678 111 100 11619 4619 777 7759 323 2914 51 2187 64 3463 418 14280 1754 799 240 2008 5134 64 131 568 6256 57 1881 69424 475 100 103 337 81 545 75 4123 17132 145 293 1575 118 180 273 368 32444 66 14182
leaf_count=24853 3266 3765 12447 7373 342 4849 1852 2171 24199 16884 50 2264 14524 2663 133 7705 23678 111 100 11619 4619 777 7759 323 2914 51 2187 64 3463 418 14280 1754 799 240 2008 5134 64 131 568 6256 57 1881 69424 475 100 103 337 81 545 75 4123 17132 145 293 1575 118 180 273 368 32444 66 14182
internal_value=1.73591e-11 -0.019888 0.060133 0.075801 0.087831 0.074773 0.0638057 0.00451837 -0.0395507 0.0126216 0.273419 -0.00133357 0.0584333 0.0454598 -0.071377 0.00506328 0.0302396 0.10874 0.19688 -0.051422 0.208507 0.176385 0.0675607 -0.0146003 0.13552 0.197572 0.116713 0.163888 -0.137513 0.368085 0.0302127 0.0635343 -0.00128969 0.180135 -0.0128626 -0.0150259 -0.013374 0.195428 0.102535 0.122861 0.0882192 0.130106 -0.0317102 0.518955 0.117664 0.205006 0.482371 0.581855 0.394536 0.581153 -0.0122338 0.00425018 -0.0285405 -0.0183069 0.135975 0.402102 0.686006 -0.276568 -0.171901 -0.0239343 -0.0454046 -0.0477988
internal_weight=362634 272507 90127 71820 63420 55270 50421 121587 150920 106203 1260 18307 49161 40921 5860 93359 38020 13579 5874 15384 5763 8150 12844 373 5085 5663 7213 5026 3596 1044 33708 16381 17327 1039 16288 8400 24441 763 699 8240 6388 4544 126067 626 151 1857 482 418 887 132 55339 36968 19836 19050 2166 591 298 786 641 101868 18371 18305
internal_count=362634 272507 90127 71820 63420 55270 50421 121587 150920 106203 1260 18307 49161 40921 5860 93359 38020 13579 5874 15384 5763 8150 12844 373 5085 5663 7213 5026 3596 1044 33708 16381 17327 1039 16288 8400 24441 763 699 8240 6388 4544 126067 626 151 1857 482 418 887 132 55339 36968 19836 19050 2166 591 298 786 641 101868 18371 18305
is_linear=0
shrinkage=0.05


Tree=57
num_leaves=63
num_cat=0
split_feature=5 6 5 47 9 51 50 50 51 32 30 21 51 33 37 6 50 37 39 7 10 40 4 5 30 37 51 51 50 15 9 28 50 37 50 49 9 51 50 46 5 9 39 39 5 49 49 38 50 19 51 6 11 24 39 50 12 12 4 43 50 49
split_gain=158795 44773.9 26018.3 23596 21987.8 18995.2 31604.9 35824.2 51511 78949.7 38280.6 33278.6 30398.7 30414.1 27820.1 23607.4 23491.5 37348 22801.4 19984 19930 19485.3 19011.1 26036.8 23129.5 18966.9 18923.8 38710.9 21622.5 18793.1 19536.8 18202.5 18114.6 18058.7 19812.3 18026.5 18060.7 23590.1 28973.9 25095.2 18227.9 17805.5 17791.1 17609 17496.6 17393.6 26205.9 21104.9 20934 17366 16767.4 19968.5 16618.5 16261.4 15996.7 15882.1 15854.6 15825.7 15369.1 15066.9 15061.7 16227.5
threshold=25.050000190734867 43.299999237060554 6.0499999523162851 -10.720637798309324 7.1250000000000009 1.5000000000000002 6.5000000000000009 5.5000000000000009 4.5000000000000009 18.954999923706058 21.704999923706058 8.5050001144409197 4.5000000000000009 -0.3598604798316955 39.174999237060554 55.149999618530281 2.5000000000000004 19.054999351501468 10.97499990463257 16.550000190734867 36.995000839233406 -16.432191848754879 20.050000190734867 81.500000000000014 16.015000343322757 28.494999885559086 4.5000000000000009 3.5000000000000004 9.5000000000000018 0.71449998021125805 16.605000495910648 0.94999998807907116 6.5000000000000009 34.465000152587898 4.5000000000000009 12.500000000000002 24.744999885559086 3.5000000000000004 2.5000000000000004 33.995000839233406 75.500000000000014 12.744999885559084 31.355000495910648 22.974999427795414 46.149999618530281 8.5000000000000018 5.5000000000000009 41.004999160766609 6.5000000000000009 5.4286866188049325 3.5000000000000004 70.500000000000014 23.994999885559086 35.004999160766609 30.32499980926514 5.5000000000000009 -13.45419931411743 3.1522338390350346 3.0499999523162846 0.73350000381469738 1.5000000000000002 17.500000000000004
decision_type=10 8 8 8 8 2 2 2 2 10 8 10 2 8 10 10 2 8 10 8 10 8 10 10 8 10 2 2 2 8 8 8 2 10 2 2 10 2 2 10 10 8 8 10 10 2 2 10 2 8 2 10 10 8 8 2 10 8 10 10 2 2
left_child=2 3 -1 32 -4 16 7 14 10 18 -9 -11 13 29 31 -13 17 -3 53 -12 -14 -18 24 -24 44 58 27 41 -28 30 -8 -7 33 34 -2 -33 37 38 -37 43 -40 -5 -38 -39 -15 46 55 48 50 -26 -47 -52 -20 -10 -23 -6 -36 -29 -19 -34 -49 -62
right_child=1 5 4 26 45 6 12 8 9 11 19 15 20 22 -16 -17 21 25 52 -21 -22 54 23 -25 49 -27 28 57 -30 -31 -32 35 59 -35 56 36 42 39 40 -41 -42 -43 -44 -45 -46 47 -48 60 -50 -51 51 -53 -54 -55 -56 -57 -58 -59 -60 -61 61 -63
leaf_value=-0.068050347292590033 0.063633596054440508 0.41459830628283428 -0.13704044644006227 -0.12332731433415067 0.020275659140405081 -0.51334266947453899 -0.39014294318753673 0.85551995113420076 0.02939294611640049 0.16028583891034784 -0.013306973312092114 0.72272693412933531 0.11398898062366603 0.12205445002513884 -0.55196992066223183 1.5115849336222107 0.27008718488096289 -0.78828049238933173 -0.066522493888184708 0.2739443534830911 -0.073856735068738397 5.4547689777985792e-05 0.32953170306202523 1.3162427881525625 0.017061975630435659 0.079247348485577032 -0.0054980249617186099 0.077310511072432003 -0.12129134992256702 -0.17615197312764852 0.089706057028751909 -0.010356340105237206 0.0013646130032855201 -0.078521618640657001 0.094710721496456138 -0.15086403668787327 0.14408742701320301 0.13319055613713018 0.19062506921685499 0.59090152147558328 1.0229728910007647 0.0093399005987991959 -0.011765289057817966 0.43171208503949521 0.71334975245228982 0.03614000707350664 -0.073421594404608811 -0.10209704586386492 -0.0015043555803342301 0.36459184907359909 0.14607389394831141 0.89027128974836245 0.5513386760134884 0.97821027155626905 0.11862396421522624 -0.033963005864263526 0.28056768579234931 0.23121493820788186 -0.27944432863039165 0.31976711726315399 0.017077035184817582 -0.038993185964999996
leaf_weight=34443 5139 238 3956 2689 21002 116 221 178 66 91 1574 151 1861 223 160 255 934 184 477 984 5853 9891 936 72 1925 298 17516 8923 5237 899 5280 2413 8760 1139 1930 796 5690 1528 1090 611 70 42533 2700 730 285 6547 27908 4983 16459 442 4454 92 141 143 3993 37768 2830 2055 767 388 25706 25911
leaf_count=34443 5139 238 3956 2689 21002 116 221 178 66 91 1574 151 1861 223 160 255 934 184 477 984 5853 9891 936 72 1925 298 17516 8923 5237 899 5280 2413 8760 1139 1930 796 5690 1528 1090 611 70 42533 2700 730 285 6547 27908 4983 16459 442 4454 92 141 143 3993 37768 2830 2055 767 388 25706 25911
internal_value=-1.88479e-11 0.0386407 -0.0283311 0.0186557 -0.020504 0.0751515 0.0945389 0.137856 0.270419 0.526438 0.146527 1.02449 0.046488 0.102771 0.104014 1.21819 0.0300141 -0.15944 0.227124 0.0971916 -0.028539 0.0490259 0.213167 0.400011 0.147658 -0.268824 0.0063216 0.0218971 -0.0321499 0.0357915 0.0704284 0.110681 0.0668978 0.110018 0.131711 0.115313 0.138259 0.215338 0.0814426 0.306625 0.240853 0.00145121 0.0939322 0.229701 0.453785 -0.0178054 -0.0335256 -0.00161319 0.0342758 0.0819577 0.0873638 0.161135 0.0744458 0.678584 0.0341548 -0.0145803 0.20521 0.10612 -0.377894 0.0148692 -0.0190834 -0.0110694
internal_weight=362634 153405 209229 99139 174786 54266 37961 19964 4060 1324 2736 497 17997 10283 15904 406 16305 1487 827 2558 7714 14818 3883 1008 2875 1249 78953 56200 22753 6400 5501 15744 20186 11038 9899 15628 13215 4825 1956 2869 1160 45222 8390 2258 508 170830 86678 84152 27552 2367 11093 4546 618 209 13884 58770 4760 10978 951 9148 56600 51617
internal_count=362634 153405 209229 99139 174786 54266 37961 19964 4060 1324 2736 497 17997 10283 15904 406 16305 1487 827 2558 7714 14818 3883 1008 2875 1249 78953 56200 22753 6400 5501 15744 20186 11038 9899 15628 13215 4825 1956 2869 1160 45222 8390 2258 508 170830 86678 84152 27552 2367 11093 4546 618 209 13884 58770 4760 10978 951 9148 56600 51617
is_linear=0
shrinkage=0.05


Tree=58
num_leaves=63
num_cat=0
split_feature=0 6 0 38 49 49 3 49 49 44 23 15 9 2 0 11 44 44 37 16 45 49 46 4 51 1 32 44 46 37 0 39 4 51 25 44 51 16 44 51 17 14 43 51 9 37 46 51 2 51 4 14 35 48 44 6 45 23 4 9 5 44
split_gain=145353 41090.6 27675.4 23369.8 21375 24357.9 20761.1 18889.1 29974.1 44549.7 19888 17771.9 21733.3 17136.6 16783.6 16886.1 19088 15665.5 18363.6 14917.1 20188.2 14671.4 14652.2 14652.6 13764 13620.2 13524.8 12913.8 12747.5 12341.1 12220.8 13251 11661.4 11280.3 13843.7 11784.9 14187.6 11268.7 17283 20503.9 15633.5 16432.7 14279.1 12352.6 23576.9 18323.3 17577.5 25212.3 18170.9 16909.4 13576.9 11916.1 14005.5 11508.7 12287.6 10975.8 10951.3 10809 10785.6 13079.5 10511.6 24998.1
threshold=27.050000190734867 43.299999237060554 8.0500001907348651 65.005001068115249 8.5000000000000018 5.5000000000000009 14.050000190734865 17.500000000000004 13.500000000000002 30.054999351501468 14.715000152587892 0.44550000131130224 12.315000057220461 37.049999237060554 69.500000000000014 8.9949998855590838 24.945000648498539 37.215000152587898 28.085000038146976 20.554999351501468 35.989999771118171 9.5000000000000018 36.004999160766609 34.049999237060554 1.0000000180025095e-35 43.250000000000007 12.25500011444092 28.954999923706058 28.005000114440922 33.475000381469734 8.0500001907348651 28.994999885559086 48.20000076293946 4.5000000000000009 39.604999542236335 20.134999275207523 2.5000000000000004 29.914999961853031 21.314999580383304 1.5000000000000002 97.005001068115249 3.7500000000000004 0.0015000000712461772 3.5000000000000004 33.215000152587898 38.254999160766609 29.595000267028812 1.5000000000000002 98.500000000000014 4.5000000000000009 34.049999237060554 24.849999427795414 13.750000000000002 8.5993456840515154 22.804999351501468 91.500000000000014 31.005000114440922 12.694999694824221 13.050000190734865 22.265000343322757 69.500000000000014 21.585000038146976
decision_type=10 8 8 10 2 2 8 2 2 10 8 10 8 8 10 8 8 10 8 10 10 2 10 10 2 8 10 10 10 8 10 10 10 2 10 8 2 10 8 2 10 8 10 2 10 8 8 2 10 2 10 10 10 8 10 10 10 8 10 10 10 8
left_child=2 3 24 6 5 -4 21 8 10 11 -6 12 30 57 15 16 -3 28 -19 20 26 -2 -18 -24 -1 -13 -14 32 -17 -15 -10 -32 -26 35 60 36 -5 38 39 -16 41 -40 -39 44 50 49 47 -46 -49 -45 -44 -48 -53 54 -42 58 -23 -11 59 -30 -35 -62
right_child=1 14 4 33 7 -7 -8 -9 9 13 -12 25 19 29 37 17 22 18 -20 -21 -22 56 23 -25 27 -27 -28 -29 55 -31 31 -33 -34 34 -36 -37 -38 42 40 -41 53 -43 43 45 46 -47 51 48 -50 -51 -52 52 -54 -55 -56 -57 -58 -59 -60 -61 61 -63
leaf_value=-0.11959404595340511 -0.14666386215676705 -0.060414964110358897 -0.015806391255044652 -0.13708704729470006 -0.060859166867570716 -0.075061913886338566 0.024093893758832585 -0.02447042150757521 -0.4967618797151816 -0.64669100357351283 0.022020816298868023 -0.063085168093873739 0.41752537378801036 -0.086570698575478444 -0.4654094030862081 0.043778385542595381 0.16922673788742193 0.76711460127205156 -0.11461670440786723 0.12551860701142209 0.24305310160023499 0.22395010944082669 0.33971007898357153 1.1569838656506068 -0.051835442243646196 0.41695250819641105 0.91495486484111666 -0.21956512302534212 0.28320709694494928 0.39444126876742153 -0.0023494977679836986 0.45921033128125699 0.027586511709291689 -0.052995227904358948 -0.23227599584318082 0.028208720449888182 0.038989732890345061 0.31741419285197153 1.2662279093265534 0.2903319775416619 0.90843135726218138 0.3442812522878746 -0.098959892208437886 -0.18491498729069683 -0.096905332991511245 -0.5879585072942024 0.32502797150456197 0.29457109423597311 1.2519175432125729 0.14441386159807254 0.7484645684808493 1.476737468075334 0.53673219443227238 -0.40302180809634075 0.088388983529065338 0.32161691430465122 0.090390380844552684 -0.11205122161046617 0.14084942970321912 -0.021239377843688356 1.0475073338360399 -0.03261730965303699
leaf_weight=7508 550 879 57473 2760 9479 24838 52553 39022 105 99 30619 1176 531 242 179 27545 3791 61 1848 1627 2414 1959 241 71 38040 169 184 1051 410 297 1068 182 5261 7587 1090 12972 1954 660 50 180 51 1449 864 645 490 137 335 285 60 985 50 57 130 105 438 588 7088 2097 5259 2528 74 194
leaf_count=7508 550 879 57473 2760 9479 24838 52553 39022 105 99 30619 1176 531 242 179 27545 3791 61 1848 1627 2414 1959 241 71 38040 169 184 1051 410 297 1068 182 5261 7587 1090 12972 1954 660 50 180 51 1449 864 645 490 137 335 285 60 985 50 57 130 105 438 588 7088 2097 5259 2528 74 194
internal_value=-1.97785e-11 0.0401166 -0.0249788 0.0196509 -0.0153066 -0.0336872 0.0364432 0.00163342 0.0218888 0.098459 0.00242833 0.161774 0.197989 -0.074148 0.0761883 0.0644494 0.151034 0.0531687 -0.0864419 0.248319 0.312173 0.104068 0.196333 0.525692 -0.0569873 -0.00276817 0.545535 -0.0463891 0.0605047 0.178477 0.0213336 0.0648536 -0.0421858 -0.0195381 -0.0652955 0.0036045 -0.0641015 0.147149 0.234035 -0.0864861 0.289012 0.375033 0.101801 0.0665594 0.143699 -0.0325822 0.275916 0.133634 0.461066 0.0140966 -0.0526019 0.503513 0.823258 0.0719311 0.173915 0.112949 0.119311 -0.136154 0.0979808 0.0212463 -0.0421244 0.265626
internal_weight=362634 139152 223482 88781 171622 82311 62150 89311 50289 10191 40098 7456 6111 2735 50371 43221 4982 38239 1909 4756 3129 9597 4103 312 51860 1345 715 44352 36330 539 1355 1250 43301 26631 8945 17686 4714 7150 2452 359 2093 1499 4698 4038 2271 1767 1357 835 345 1630 914 522 187 594 489 8785 9047 2196 8197 2938 7855 268
internal_count=362634 139152 223482 88781 171622 82311 62150 89311 50289 10191 40098 7456 6111 2735 50371 43221 4982 38239 1909 4756 3129 9597 4103 312 51860 1345 715 44352 36330 539 1355 1250 43301 26631 8945 17686 4714 7150 2452 359 2093 1499 4698 4038 2271 1767 1357 835 345 1630 914 522 187 594 489 8785 9047 2196 8197 2938 7855 268
is_linear=0
shrinkage=0.05


Tree=59
num_leaves=63
num_cat=0
split_feature=5 49 49 36 49 37 30 50 42 49 23 36 44 30 9 9 37 51 50 51 25 3 49 22 24 10 51 51 23 30 7 37 44 24 44 51 26 46 1 43 28 9 51 50 44 42 50 50 37 27 37 9 44 38 51 51 50 10 50 5 47 31
split_gain=132012 47426.2 51576.1 64475.8 28705.3 24112.6 24488.3 28398.1 23994.9 23245.6 33125.6 23032 22847.4 26287.2 22223 20658.7 20465.7 26196.7 22418.3 30987.3 26373.7 20243.9 19836 23090.3 19578.3 19465 18671.8 43135.3 18372.8 21262.2 18308.1 16798.5 16275.5 15728 15386.9 19602.5 15004.7 16969.8 16476.9 14947.6 14932.5 17677.2 16200.2 14453.5 14369.6 14364.1 14109.8 22176 19402.1 18988 14017.3 18678.3 14914.5 13564.9 15547.7 15725.3 16815.9 13561.3 13418.3 13101.6 13032.9 13010.7
threshold=38.049999237060554 10.500000000000002 17.500000000000004 0.28149999678134924 2.5000000000000004 28.914999961853031 14.114999771118166 10.500000000000002 35.250000000000007 12.500000000000002 20.615000724792484 0.76250001788139354 15.394999980926515 14.295000076293947 19.914999961853031 7.1250000000000009 37.68499946594239 4.5000000000000009 2.5000000000000004 2.5000000000000004 24.884999275207523 44.049999237060554 13.500000000000002 0.10649999976158143 21.994999885559086 52.995000839233406 4.5000000000000009 3.5000000000000004 17.365000724792484 9.6649999618530291 10.315000057220461 21.404999732971195 13.47499990463257 23.005000114440922 9.7950000762939471 4.5000000000000009 -3.7900384664535518 54.004999160766609 65.500000000000014 0.79550001025199901 37.049999237060554 16.994999885559086 4.5000000000000009 11.500000000000002 32.495000839233406 9.0500001907348651 8.5000000000000018 10.500000000000002 21.404999732971195 -5.928267002105712 17.515000343322757 27.204999923706058 20.845000267028812 38.879999160766609 4.5000000000000009 2.5000000000000004 10.500000000000002 60.010000228881843 5.5000000000000009 31.050000190734867 -4.7692739963531485 39.004999160766609
decision_type=10 2 2 10 2 10 8 2 10 2 8 8 8 8 8 10 10 2 2 2 10 10 2 10 10 10 2 2 8 8 10 8 10 10 10 2 8 10 8 10 10 10 2 2 8 10 2 2 8 10 10 10 10 10 2 2 2 10 2 8 8 10
left_child=1 4 3 5 43 6 7 14 11 -8 40 12 13 -2 15 -3 18 -18 19 20 -14 61 -17 -24 -20 -6 27 -27 29 -5 -22 -26 -29 -9 -35 -36 38 -38 39 -33 41 -11 46 -1 -10 -44 -43 48 -48 -49 -32 -52 -53 -23 55 56 -55 -12 -19 -16 -30 -4
right_child=8 2 21 28 25 -7 9 33 44 10 57 -13 16 -15 59 22 17 58 24 -21 30 53 23 -25 31 26 -28 32 60 -31 50 36 -34 34 35 -37 37 -39 -40 -41 -42 42 45 -45 -46 -47 47 49 -50 -51 51 52 -54 54 -56 -57 -58 -59 -60 -61 -62 -63
leaf_value=0.010287482759404328 0.36633503150167912 -0.095602414480287015 -0.0044625403924790389 0.13676599151139465 -0.062969816765899772 -0.018318387750551321 0.082109587729432651 -0.25574871062329696 -0.055285159859727928 0.12556700116180777 0.2030887709432283 0.16621020646470985 -0.017486714856342934 -0.014678306780295093 -0.24559168124399583 0.091887567399710296 0.00025487160664040842 -0.66090745152689001 0.18899319478261553 0.086855038286131947 -0.69339417593402286 0.066647707528144626 0.61081624556012371 0.22360944214204609 -0.042377331891215855 -0.031576584572013608 -0.074558227129826612 -0.05618225079010717 0.052098245181655414 -0.1113302290389457 0.57470164234731713 0.016976282424623412 0.1410624082716361 0.28269055579484509 -0.13968373044848789 0.16385616871443665 0.092698442449851967 0.43139641923542593 0.12393822659275565 0.4838285272467257 0.093270464039195589 0.38803534093392655 0.69680096664785474 -0.094571486366846549 0.17740250318315851 0.11904974133847468 1.6103311404726417 -0.074625310399616604 0.41546648441255096 0.68392232859883506 -0.50213370096684795 -0.4580779717251659 0.21642602166990521 0.003888638123164151 -0.073417589613020903 0.081192352271343859 -0.20128748510445554 0.040985004916361284 -0.1548103624366616 0.25920805759289689 -0.032632118227762977 -0.059203529003568678
leaf_weight=38959 1243 558 17045 1001 70758 3604 5635 749 6132 509 3193 5478 1344 712 527 1384 1704 258 3187 2332 283 8531 558 1242 3632 26390 12024 1269 10760 6291 51 19206 5947 416 1720 770 22506 376 4880 173 505 730 137 3589 744 501 106 99 50 495 433 125 238 7544 6361 6151 1151 2165 266 170 7849 29888
leaf_count=38959 1243 558 17045 1001 70758 3604 5635 749 6132 509 3193 5478 1344 712 527 1384 1704 258 3187 2332 283 8531 558 1242 3632 26390 12024 1269 10760 6291 51 19206 5947 416 1720 770 22506 376 4880 173 505 730 137 3589 744 501 106 99 50 495 433 125 238 7544 6361 6151 1151 2165 266 170 7849 29888
internal_value=-3.63274e-11 -0.0154439 0.00715694 0.0457394 -0.0337018 0.101648 0.121107 0.0517643 0.0589289 0.160842 0.213098 0.0678759 0.0593185 0.227572 0.136748 0.185031 0.0539256 -0.0948202 0.059565 -0.0439141 -0.167178 -0.0188717 0.234212 0.343644 0.0687815 -0.0465496 -0.0210868 -0.0019551 -0.0100007 -0.0772731 -0.345217 0.0612359 0.106375 -0.0514482 0.00120871 -0.045818 0.0692188 0.098264 0.0418223 0.021144 0.342276 0.390144 0.453727 0.00144244 -0.0301078 0.243112 0.544519 0.696829 1.22736 0.557498 -0.228884 -0.28037 -0.0158412 0.0134047 -0.00801345 0.02001 -0.0232715 0.137588 -0.403996 -0.12247 0.0163602 -0.0393228
internal_weight=362634 287331 128395 51724 158936 25823 22219 8094 75303 14125 8490 68427 62949 1955 4439 3742 60994 2228 58766 4806 2474 76671 3184 1800 53960 116388 45630 33606 25901 7292 1130 50773 7216 3655 2906 2490 47141 22882 24259 19379 3132 2627 2118 42548 6876 638 1480 750 156 594 847 796 363 29738 21207 14846 8695 5358 524 697 18609 46933
internal_count=362634 287331 128395 51724 158936 25823 22219 8094 75303 14125 8490 68427 62949 1955 4439 3742 60994 2228 58766 4806 2474 76671 3184 1800 53960 116388 45630 33606 25901 7292 1130 50773 7216 3655 2906 2490 47141 22882 24259 19379 3132 2627 2118 42548 6876 638 1480 750 156 594 847 796 363 29738 21207 14846 8695 5358 524 697 18609 46933
is_linear=0
shrinkage=0.05


Tree=60
num_leaves=63
num_cat=0
split_feature=5 42 5 50 44 47 50 51 25 9 5 30 13 33 9 51 50 50 30 44 6 28 30 3 6 50 44 50 7 30 51 45 21 15 33 7 44 25 8 7 9 35 44 49 16 18 9 50 28 44 51 51 30 1 4 13 50 51 24 6 30 5
split_gain=119725 36905.7 29868.2 32650.4 26259.5 24262.1 24187.8 29671.8 23244.3 22139.8 21160.1 20631.8 18123.3 16865.2 16572.5 20123.6 15092.5 24453.8 25687.5 24123.8 18942.3 18209.9 16959.6 14577.2 14632.6 14430.5 18257.9 17650.5 26729.4 19865.8 37293.2 17518.4 22098.6 19977.5 14852.5 14648.8 14089.6 13925.3 18383.9 13683.4 13516.3 13439.8 13438.6 13396.8 18163 15647.6 14340.1 13214.5 17606.4 17784.6 22771.1 19631.8 16986.7 18799.2 13515.9 13437.2 12990.6 18626.7 18499 12678.9 25618.9 22227.3
threshold=25.050000190734867 34.549999237060554 41.100000381469734 6.5000000000000009 15.394999980926515 -10.198264598846434 2.5000000000000004 2.5000000000000004 25.005000114440922 7.1250000000000009 5.0499999523162851 14.454999923706056 4.5827825069427499 -11.357217311859129 14.944999694824221 3.5000000000000004 6.5000000000000009 2.5000000000000004 8.9849996566772479 28.865000724792484 72.500000000000014 40.250000000000007 16.695000648498539 45.049999237060554 36.049999237060554 10.500000000000002 29.414999961853031 5.5000000000000009 25.150000572204593 22.275000572204593 5.5000000000000009 55.004999160766609 5.3500001430511483 0.58149999380111705 -0.64943343400955189 57.049999237060554 25.695000648498539 42.764999389648445 0.81850001215934765 10.315000057220461 31.654999732971195 5.7500000000000009 18.015000343322757 14.500000000000002 23.384999275207523 12.744999885559084 27.275000572204593 8.5000000000000018 72.649997711181655 23.855000495910648 4.5000000000000009 1.5000000000000002 15.715000152587892 10.050000190734865 8.0500001907348651 -5.1158728599548331 6.5000000000000009 4.5000000000000009 49.995000839233406 48.20000076293946 28.835000038146976 69.500000000000014
decision_type=10 10 10 2 8 10 2 2 10 8 8 8 10 8 8 2 2 2 8 10 10 8 10 8 8 2 10 2 10 8 2 8 8 10 8 10 8 10 8 10 10 10 10 2 8 10 8 2 8 8 2 2 8 8 8 8 2 2 8 10 10 10
left_child=9 2 3 5 11 -2 7 8 -6 -1 -11 -4 25 -12 15 -3 17 18 19 21 23 -15 -22 -19 -25 27 40 59 29 30 31 32 -29 41 36 -36 -30 43 -39 -10 -27 -33 -16 46 -45 -46 -31 54 49 51 52 -49 53 -51 -18 -53 57 -48 -59 61 -61 -8
right_child=1 14 4 -5 6 -7 12 -9 39 10 13 -13 -14 16 42 -17 47 20 -20 -21 22 -23 -24 24 -26 26 -28 28 34 37 -32 33 -34 -35 35 -37 -38 38 -40 -41 -42 -43 -44 44 45 -47 56 48 -50 50 -52 55 -54 -55 -56 -57 -58 58 -60 60 -62 -63
leaf_value=-0.12791568143823859 0.10283441680969714 -0.26348233249866465 0.42400049746171037 -0.012075954763741603 -0.033693986148438826 0.023392454076835587 -0.012476314255229921 0.092931489417734603 -0.68936331372834037 -0.065013017659354869 -0.050785947173415273 0.019442776571223494 0.02050587364016945 0.28390958545145334 0.090114971523548637 -0.016505971028873787 -0.17166145689371889 0.01508354784712649 -0.051070210799719455 -0.60786153086435013 1.0171468464900619 -0.0079758622357041613 -0.0034725992238684878 0.05648045732806134 0.2279301512486098 0.0018960168741546603 -0.42900800360597613 0.96539787127730559 -0.15694049275188099 -0.056168255778413972 -0.19348490606507016 0.72571167697817651 0.15717329823133863 0.85578915583323845 0.35515202255890049 1.0912310883292877 0.2270748696342301 0.234559271142908 1.2202666982164923 -0.2543019651329757 0.57176116665187127 0.20268454954197135 -0.031400018452492712 0.74660839571484505 0.10741611444298334 -0.055459021917714041 0.14944500937093483 -0.079747105428514584 -0.071875965177046072 -0.1216384437929154 -0.048535894101727893 -0.10716458951312124 0.065113069086986178 0.40007873307730935 -0.042191120826790669 0.017646271223724596 0.1045889828627234 0.24207029205765213 0.86937104979478708 0.11944764238175687 -0.5033714939680326 0.28900244137403103
leaf_weight=5060 15337 1564 914 36204 1176 25743 7099 1832 244 25121 29182 481 12126 1269 2757 1745 2209 35024 20422 107 92 923 73 6232 1555 2847 242 89 271 1066 471 161 1701 242 1104 72 2014 440 53 697 108 518 13022 84 2379 3879 985 9452 9694 223 4534 2394 10117 765 23047 21734 5251 255 218 7176 169 669
leaf_count=5060 15337 1564 914 36204 1176 25743 7099 1832 244 25121 29182 481 12126 1269 2757 1745 2209 35024 20422 107 92 923 73 6232 1555 2847 242 89 271 1066 471 161 1701 242 1104 72 2014 440 53 697 108 518 13022 84 2379 3879 985 9452 9694 223 4534 2394 10117 765 23047 21734 5251 255 218 7176 169 669
internal_value=-3.29698e-11 0.033552 0.0427971 0.0225424 0.0702439 0.0530517 0.0648717 -0.0544003 -0.181898 -0.0246001 -0.0220396 0.284508 0.073984 -0.0160103 -0.0315032 -0.133239 -0.00923872 0.0087211 -0.0332326 0.125219 0.0309016 0.161003 0.5656 0.0288408 0.0907176 0.0903749 -0.0114707 0.0993283 0.128703 0.103971 0.217182 0.288529 0.197359 0.465723 0.255838 0.400218 0.181531 0.0793147 0.340528 -0.367113 0.0227236 0.326701 -0.0101682 0.0701925 0.0162618 0.00645852 0.114183 -0.023257 -0.0102854 0.00184531 0.0458867 -0.0186658 0.084438 0.282323 -0.0535152 0.00526243 0.141251 0.273288 0.531186 0.0580202 0.105117 0.0134878
internal_weight=362634 153405 134317 77284 57033 41080 55638 3949 2117 209229 204169 1395 51689 179048 19088 3309 149866 65697 22721 2299 42976 2192 165 42811 7787 39563 3197 36366 21253 17792 3182 2711 1790 921 3461 1176 2285 14610 493 941 2955 679 15779 14117 6342 6258 7775 84169 58913 49219 15639 33580 11105 988 25256 24128 6709 1458 473 15113 7345 7768
internal_count=362634 153405 134317 77284 57033 41080 55638 3949 2117 209229 204169 1395 51689 179048 19088 3309 149866 65697 22721 2299 42976 2192 165 42811 7787 39563 3197 36366 21253 17792 3182 2711 1790 921 3461 1176 2285 14610 493 941 2955 679 15779 14117 6342 6258 7775 84169 58913 49219 15639 33580 11105 988 25256 24128 6709 1458 473 15113 7345 7768
is_linear=0
shrinkage=0.05


Tree=61
num_leaves=63
num_cat=0
split_feature=0 49 49 49 31 51 6 50 50 37 45 50 5 46 50 30 4 51 51 4 50 50 30 37 49 37 5 44 9 49 49 39 40 50 49 9 30 16 9 6 50 30 49 50 43 51 38 49 30 46 50 41 50 46 24 37 38 50 35 37 49 29
split_gain=111838 37846.2 40701.4 28126.2 27502.3 21780.9 24250.4 26332.8 83628.6 39736.5 33507.1 23843.1 23507.7 22602.6 21303.5 20929.2 20810.7 20780 91079.2 47642.5 34272.5 42477.6 55766.5 33908.4 32021.2 31070.9 28787.5 27999.2 23690 22635.6 22179.4 24134.5 22126 26060.6 21551.1 23260.9 20081.5 30399.9 28763.3 18955.2 18665.5 18587.1 17751.1 29344.9 17195.4 19020.8 29784.3 22797.5 22604.8 17725 17598.1 17106.5 16700.2 16381.4 16115 16054.1 15563.3 15314 20648.8 15221.9 14759.4 21153
threshold=37.049999237060554 8.5000000000000018 5.5000000000000009 19.500000000000004 52.995000839233406 4.5000000000000009 42.049999237060554 6.5000000000000009 5.5000000000000009 36.495000839233406 80.009998321533217 2.5000000000000004 56.399999618530281 20.994999885559086 5.5000000000000009 18.195000648498539 45.049999237060554 4.5000000000000009 3.5000000000000004 25.050000190734867 2.5000000000000004 10.500000000000002 20.785000801086429 16.015000343322757 12.500000000000002 29.814999580383304 33.049999237060554 27.404999732971195 16.185000419616703 13.500000000000002 11.500000000000002 35.534999847412116 -5.6108505725860587 6.5000000000000009 12.500000000000002 29.494999885559086 18.425000190734867 11.585000038146974 23.525000572204593 85.500000000000014 1.5000000000000002 8.1849999427795428 15.500000000000002 4.5000000000000009 0.34149999916553503 1.0000000180025095e-35 40.995000839233406 12.500000000000002 14.114999771118166 18.314999580383304 11.500000000000002 -5.2004230022430411 7.5000000000000009 46.004999160766609 42.995000839233406 25.064999580383304 162.19999694824222 6.5000000000000009 44.649999618530281 22.085000038146976 10.500000000000002 0.04150000028312207
decision_type=10 2 2 2 10 2 8 2 2 10 10 2 10 10 2 10 8 2 2 10 2 2 8 8 2 10 10 8 8 2 2 8 8 2 2 10 8 8 10 10 2 8 2 2 10 2 10 2 8 10 2 10 2 10 10 10 8 2 8 8 2 8
left_child=1 2 14 17 41 11 13 8 9 12 -10 -6 -8 -7 16 -14 -1 18 20 27 23 22 25 26 -21 30 -3 -20 -29 -28 -22 -32 33 34 -19 40 37 -26 51 44 55 56 43 -43 45 49 47 -47 -49 -23 -46 -38 -27 -25 -44 -36 -2 -33 -59 -52 -45 -62
right_child=4 3 -4 -5 5 6 7 -9 10 -11 -12 -13 15 -15 -16 -17 -18 32 19 24 21 39 -24 53 36 52 29 28 -30 -31 31 57 -34 -35 35 -37 38 -39 -40 -41 -42 42 54 60 50 46 -48 48 -50 -51 59 -53 -54 -55 -56 -57 -58 58 -60 -61 61 -63
leaf_value=-0.017612146197894144 0.2407516733837822 0.0027907436109892735 -0.074173149463302737 -0.027950253115403785 -0.089826058807919079 -0.035650528463947291 -0.017752830478463561 -0.091154497802538564 0.44026908802454462 -0.61895576519276596 1.4065565849840642 0.063133184700270642 0.81238189929268434 -0.24392852056334402 -0.034971788573997291 0.16820372954241031 0.062014730034640246 -0.0031792993211676719 0.16151840623607575 0.22733908220615043 0.070766670290715233 -0.28377771113323241 0.018062041416687685 -0.1225034601514363 1.0261829549113646 -0.33882005432307133 0.11359198761844158 -0.38155991835110298 0.038013976362594792 1.023021725716535 0.21336944999671098 0.3717453355910123 -0.054477451643130982 -0.03781752014020965 -0.19615782362489792 -0.046241052577743073 1.9735549740601279 0.17401926650507293 0.19892907917107408 0.8205234471891748 0.35163132658987117 -0.0063404824327235754 0.10380776828464909 -0.010966727676310663 -0.28513360123209613 -0.0025321093702506464 -0.050649337386599651 0.097102756292802669 0.57241458676325585 -0.0085231907391464714 -0.16763312337494793 0.92459285507041411 0.47820929778186055 -0.38397649084652885 0.014183663914958192 0.54951125160255965 1.0534858739524176 0.5833824760654075 1.6427773991569143 0.16261630262552529 0.13087577325839975 0.33702043583776686
leaf_weight=19277 906 3055 43496 52206 2912 3463 1284 2029 213 212 155 20366 180 2088 51201 421 14287 2096 7332 1929 2057 1240 30191 5726 151 404 147 364 4441 128 3476 558 17295 5510 311 696 69 341 76 61 1852 4731 7265 1598 1543 904 5352 482 520 1107 934 89 74 669 16199 94 63 187 61 557 14643 1360
leaf_count=19277 906 3055 43496 52206 2912 3463 1284 2029 213 212 155 20366 180 2088 51201 421 14287 2096 7332 1929 2057 1240 30191 5726 151 404 147 364 4441 128 3476 558 17295 5510 311 696 69 341 76 61 1852 4731 7265 1598 1543 904 5352 482 520 1107 934 89 74 669 16199 94 63 187 61 557 14643 1360
internal_value=-1.37217e-11 -0.0147832 -0.0348534 0.0019016 0.0521544 0.017444 -0.0440926 0.0422497 0.152058 0.0300569 0.847265 0.0439985 0.103049 -0.113994 -0.014677 0.361136 0.0162822 0.0171687 0.0309882 0.142009 0.00335672 0.020151 0.0472274 -0.0824848 0.333866 0.176394 0.0468981 0.10004 0.0062294 0.53689 0.205707 0.27053 -0.0196575 0.0373755 0.119434 0.206463 0.61691 0.435557 0.998217 -0.0587501 0.284391 0.0768877 0.0723025 0.104211 -0.0629937 -0.030216 0.00979538 0.179523 0.343772 -0.15395 -0.166761 1.38268 -0.212334 -0.149857 0.0419334 -0.023089 0.293592 0.517042 0.843959 -0.0442603 0.133926 0.148395
internal_weight=362634 282546 128261 154285 80088 33323 10045 4494 2465 2097 368 23278 1885 5551 84765 601 33564 102079 74225 14792 59433 49708 37008 9725 2655 6817 3330 12137 4805 275 6339 4282 27854 10559 5049 2953 726 492 234 12700 2257 46765 45796 22332 12639 9605 7258 1906 1002 2347 3034 158 478 6395 23464 405 969 806 248 1491 17601 16003
internal_count=362634 282546 128261 154285 80088 33323 10045 4494 2465 2097 368 23278 1885 5551 84765 601 33564 102079 74225 14792 59433 49708 37008 9725 2655 6817 3330 12137 4805 275 6339 4282 27854 10559 5049 2953 726 492 234 12700 2257 46765 45796 22332 12639 9605 7258 1906 1002 2347 3034 158 478 6395 23464 405 969 806 248 1491 17601 16003
is_linear=0
shrinkage=0.05


Tree=62
num_leaves=63
num_cat=0
split_feature=0 6 31 51 6 50 50 37 45 50 5 46 50 27 49 11 50 30 38 49 50 3 50 51 47 0 34 6 37 50 6 41 51 11 50 2 37 30 51 44 30 30 10 51 22 1 50 23 23 30 37 35 30 37 51 6 37 51 37 51 51 0
split_gain=100934 34758.4 24833.7 19932.2 22601.3 25349.1 76391.3 36829 29782.4 22572.3 21844.3 20745.7 19148.7 19353.6 23090.2 19065.3 18029.4 16277.8 17279.4 16826.9 28279.5 17684.8 17042.3 15084.3 16337.2 15081.5 15471.8 14548.4 14213.4 14752.5 14054.3 17150.7 13989.1 13748.4 13703.2 25492.1 13601 13467.5 13242.7 23232.1 16203.9 12740 19605.8 24580.7 22060.7 12733.9 15597.2 27337.2 20084.5 19271.9 14134.4 13933.6 12761.7 16397.6 12600.3 12552.9 12526.5 21489 12446.4 17985.3 16541.7 12243.6
threshold=37.049999237060554 20.050000190734867 51.989999771118171 4.5000000000000009 42.049999237060554 6.5000000000000009 5.5000000000000009 36.495000839233406 68.005001068115249 2.5000000000000004 56.399999618530281 20.994999885559086 10.500000000000002 -0.78243887424468983 8.5000000000000018 38.635000228881843 2.5000000000000004 8.6050000190734881 153.04000091552737 15.500000000000002 4.5000000000000009 9.0999999046325701 6.5000000000000009 4.5000000000000009 -13.136423110961912 50.049999237060554 2.0375775098800664 5.0999999046325692 31.255000114440922 5.5000000000000009 73.500000000000014 -5.1137063503265372 3.5000000000000004 9.9949998855590838 6.5000000000000009 112.50000000000001 32.875000000000007 18.545000076293949 2.5000000000000004 27.884999275207523 8.6050000190734881 21.615000724792484 68.005001068115249 4.5000000000000009 0.65150001645088207 8.0500001907348651 11.500000000000002 27.894999504089359 27.654999732971195 14.454999923706056 24.164999961853031 23.94999980926514 17.714999198913578 25.32499980926514 1.5000000000000002 77.500000000000014 22.714999198913578 3.5000000000000004 19.494999885559086 3.5000000000000004 4.5000000000000009 117.50000000000001
decision_type=10 10 10 2 8 2 2 10 10 2 10 10 2 10 2 10 2 8 10 2 2 8 2 2 8 10 8 8 10 2 10 10 2 8 2 10 10 10 2 10 10 10 10 2 10 10 2 10 10 10 10 8 10 10 2 10 10 2 10 2 2 10
left_child=1 27 17 9 11 6 7 10 -8 38 -6 -5 13 14 -3 37 58 18 -2 20 55 22 23 24 -22 -10 -27 -1 29 -25 -18 32 -32 -21 35 -35 45 -12 39 40 -4 42 43 -36 -44 -14 48 49 51 50 -48 -47 53 -51 -41 -19 -53 -58 60 -60 -16 -23
right_child=2 12 3 4 5 -7 8 -9 25 -11 15 -13 36 -15 16 -17 30 19 -20 33 21 61 -24 28 -26 26 -28 -29 -30 -31 31 -33 -34 34 41 -37 -38 -39 -40 54 -42 -43 44 -45 -46 46 47 -49 -50 52 -52 56 -54 -55 -56 -57 57 -59 59 -61 -62 -63
leaf_value=-0.06428124832609218 0.21709875180347946 -0.026085203308590255 0.19540468903420413 -0.033316688583144786 -0.013080162325641555 -0.086409160978811239 0.30796136113650663 -0.58521571453265886 0.53438418150925249 0.06077895471188749 0.86028481938926404 -0.23012524629722303 -0.13330557324117062 -0.0056442719520000562 0.12627829464571394 -0.15989242923947483 0.068412203284362635 -0.029722557066898588 1.1498251623832263 0.12473555714199824 0.66308144814030257 0.093382027150137104 0.15978123362224486 0.4359388779848814 0.15535465407784907 1.8258978118300437 0.74868621385097511 -0.02284372403817253 0.17306577786803246 1.3765647257819322 0.3428471350987064 0.056786249180687191 1.0708550898662332 0.053967023466459776 0.25246591618073549 0.79341696873307233 0.75693457657998464 0.30331281607236371 0.05817166806976104 0.79453987443631291 -0.27558889908595913 -0.068807521654942277 -0.17226335272808235 -0.080148564762592869 0.69770832176391906 0.0063287937668509006 -0.10867383515460981 0.6056024996848236 -0.57947070433684678 0.12447673640656896 0.37832665759362755 -0.067466854516358116 -0.0020370007402426191 0.54286919245102883 -0.015911657950625973 0.35174099766620587 -0.40625668399026638 0.085740251145674476 -0.16669663418774497 0.083579784172323646 -0.090559111909952902 0.76130386549925466
leaf_weight=25105 1101 11001 207 3569 1325 2122 170 217 61 20992 167 2143 3314 56725 2392 143 29255 4319 52 3866 211 12184 3909 72 636 100 50 135557 80 99 202 326 98 9513 1549 118 53 310 1038 89 1550 5674 1108 866 78 3907 2613 203 190 1335 158 2460 1575 284 104 227 801 307 2237 1057 1391 69
leaf_count=25105 1101 11001 207 3569 1325 2122 170 217 61 20992 167 2143 3314 56725 2392 143 29255 4319 52 3866 211 12184 3909 72 636 100 50 135557 80 99 202 326 98 9513 1549 118 53 310 1038 89 1550 5674 1108 866 78 3907 2613 203 190 1335 158 2460 1575 284 104 227 801 307 2237 1057 1391 69
internal_value=3.62353e-11 -0.0140441 0.0495467 0.0174245 -0.0404687 0.0411836 0.147653 0.0326119 0.800459 0.042477 0.101542 -0.107154 0.00609032 0.0141235 0.0375045 0.3465 0.0564328 0.0736796 0.259164 0.068882 0.100274 0.129497 0.208671 0.382722 0.281837 1.19726 1.46683 -0.0293187 0.723158 0.980512 0.0734283 0.307845 0.580663 0.0388214 0.0212532 0.0630268 -0.0428021 0.498311 -0.0861019 -0.1629 -0.220099 -0.0221239 0.0514342 0.133193 -0.115048 -0.045274 -0.0241842 0.0350018 -0.0718109 0.0155832 -0.0809055 -0.0589072 0.0992934 0.19787 0.35782 -0.0106746 -0.130341 -0.269936 -0.0153266 -0.0863863 0.0465477 0.0971433
internal_weight=362634 282546 80088 34357 10377 4665 2543 2162 381 23980 1945 5712 121884 104684 47959 620 36958 45731 1153 44578 21806 17260 5007 1098 847 211 150 160662 251 171 29881 626 300 22772 18906 9631 17200 477 2988 1950 1757 9275 3601 2415 1186 17147 13833 6168 7665 5965 2771 7475 3194 1619 193 4546 3568 1108 7077 3294 3783 12253
internal_count=362634 282546 80088 34357 10377 4665 2543 2162 381 23980 1945 5712 121884 104684 47959 620 36958 45731 1153 44578 21806 17260 5007 1098 847 211 150 160662 251 171 29881 626 300 22772 18906 9631 17200 477 2988 1950 1757 9275 3601 2415 1186 17147 13833 6168 7665 5965 2771 7475 3194 1619 193 4546 3568 1108 7077 3294 3783 12253
is_linear=0
shrinkage=0.05


Tree=63
num_leaves=63
num_cat=0
split_feature=49 49 43 40 49 50 29 28 50 41 50 51 51 31 19 51 50 5 50 35 51 51 51 49 47 50 16 51 51 2 16 16 49 23 2 47 33 8 44 50 18 16 49 5 23 23 44 42 8 51 33 0 43 10 2 39 2 51 44 10 16 40
split_gain=92768.6 90728.8 43392.1 29573.2 27029.8 24933.3 20869.6 23304.7 19087.3 18840.8 18339 21632.7 20240.6 20714.6 17905.8 17780.2 17606.2 16511.9 19800.1 22358.1 18043.4 16273 42918.6 15759.5 15608.1 15357.7 16526.1 14710.9 14553.1 14492.3 13485.1 13384.2 16368.4 13121.7 12382.9 12275.9 12165 16505.8 11889.9 11765.7 15066.6 11591.6 12189.2 11586.7 11572.8 14088 17069.1 11502.3 14225.8 11455.7 11827.5 11406 16567.5 13302.4 11305.5 11065.2 10957.8 17809.2 16520.3 13808.2 12177.4 10465.9
threshold=10.500000000000002 17.500000000000004 0.19549999386072162 -5.6731388568878165 2.5000000000000004 10.500000000000002 0.035499999299645431 26.44999980926514 1.5000000000000002 -3.8412271738052364 6.5000000000000009 2.5000000000000004 4.5000000000000009 38.004999160766609 -5.2468898296356192 2.5000000000000004 5.5000000000000009 59.149999618530281 6.5000000000000009 20.94999980926514 2.5000000000000004 4.5000000000000009 2.5000000000000004 16.500000000000004 -5.3474059104919425 5.5000000000000009 26.175000190734867 4.5000000000000009 4.5000000000000009 104.50000000000001 19.285000801086429 22.82499980926514 20.500000000000004 32.254999160766609 21.050000190734867 -1.1247553825378416 -2.6844615936279292 0.59849998354911815 22.884999275207523 9.5000000000000018 21.185000419616703 34.135000228881843 19.500000000000004 7.0499999523162851 19.454999923706058 25.085000038146976 32.905000686645515 32.750000000000007 0.21949999779462817 1.0000000180025095e-35 -0.81346619129180897 33.049999237060554 0.035499999299645431 54.995000839233406 90.500000000000014 9.1449999809265154 53.049999237060554 4.5000000000000009 21.925000190734867 86.009998321533217 25.035000801086429 -15.375662803649901
decision_type=2 2 10 10 2 2 10 10 2 8 2 2 2 8 8 2 2 8 2 8 2 2 2 2 8 2 10 2 2 10 10 10 2 10 8 10 8 8 8 2 10 10 2 10 8 10 10 8 8 2 10 8 8 8 10 8 10 2 10 10 10 8
left_child=4 2 23 9 25 8 7 36 -3 55 11 -10 34 -14 -6 33 41 18 19 29 -21 22 39 24 51 26 -1 31 49 -11 47 32 -12 54 -13 -30 -5 -38 -36 40 -16 42 -15 -24 -40 46 -46 48 -19 -26 -51 52 -2 -53 -7 -4 -17 58 59 60 -58 -32
right_child=1 5 3 6 14 15 -8 -9 10 17 27 12 13 16 21 56 -18 30 -20 20 -22 -23 43 -25 28 -27 -28 -29 35 -31 61 -33 -34 -35 38 -37 37 -39 44 -41 -42 -43 -44 -45 45 -47 -48 -49 -50 50 -52 53 -54 -55 -56 -57 57 -59 -60 -61 -62 -63
leaf_value=0.017566736821309683 -0.032760020459314636 -0.083120800048390703 0.29429526416466051 -0.0029260206856181691 -0.074729099570601157 -0.1354275628178781 -0.13454157338491873 -0.062958550372814656 -0.013884980534993142 0.11064233822827003 0.28929936568320297 -0.030845900812940166 0.11731106713464307 0.080587137530205619 -0.056672051387212388 -0.047780065607409876 0.13765681364203539 0.66644390012374599 -0.013298407229651499 -0.1038796116012404 0.064509724729908097 -0.063321853786988763 -0.015720255537516801 0.043181617362382116 0.016513026583540001 -0.0189598448314457 0.13899006964301958 -0.075657290752278117 0.065876108319570956 0.7448257069256935 0.23406764938574756 -0.013625625767460412 0.01343172950823782 0.50306209355592724 0.23180678392684381 -0.1306167695872307 0.042673641734706183 0.20405098888616469 -0.16380521266716463 -0.093995996690512243 0.022681820222641161 -0.25877061221515096 -0.088443865818100237 0.056155358423485506 0.23243562585272357 0.088465841356115238 0.98507487990316889 0.0068263425992162374 0.19627075963604609 0.10817909922352438 0.2382884061084739 0.32198116127671672 0.18282051179139827 0.15927741066516299 -0.89016412711143511 0.10632349009028191 0.3963060977100169 -0.075057902177167096 0.020967039126798981 0.12859950972966447 1.1562080975483966 0.061089068055152899
leaf_weight=14615 1333 6597 878 8025 28709 6491 2906 7977 16448 8949 841 1354 3322 1457 19579 7644 1255 279 15885 2684 3906 25409 8175 7997 2036 26412 3467 9163 2703 91 994 20095 1491 80 2228 1126 6335 2113 394 10707 8613 704 3980 17850 730 6015 84 268 380 5540 2551 2069 2689 3198 50 7229 103 637 287 129 108 7270
leaf_count=14615 1333 6597 878 8025 28709 6491 2906 7977 16448 8949 841 1354 3322 1457 19579 7644 1255 279 15885 2684 3906 25409 8175 7997 2036 26412 3467 9163 2703 91 994 20095 1491 80 2228 1126 6335 2113 394 10707 8613 704 3980 17850 730 6015 84 268 380 5540 2551 2069 2689 3198 50 7229 103 637 287 129 108 7270
internal_value=-4.06936e-11 0.0229197 0.0541042 0.0337511 -0.0279038 -0.0136128 -0.007866 0.00719 -0.0018389 0.0570743 0.00586968 0.0292862 0.0622779 0.0135941 -0.0403313 -0.0713548 -0.0329917 0.0432115 0.0260141 0.065968 -0.00407252 -0.0293993 -0.0161231 0.103726 0.124555 0.00534564 0.0408482 -0.0222769 0.0911289 0.117026 0.102179 -0.00046727 0.112919 -0.133412 0.11057 0.00809314 0.0411592 0.0830371 0.13083 -0.049375 -0.0324285 -0.0678661 -0.0431472 0.0335777 0.0996826 0.114885 0.310104 0.28301 0.395327 0.122525 0.149201 0.174775 0.111371 0.223191 -0.141197 0.126681 -0.0252297 0.111143 0.300314 0.536116 0.785261 0.0818951
internal_weight=362634 199098 107411 76169 163536 91687 27356 24450 76158 48813 69561 37971 21523 10718 119042 15529 7396 40706 31515 15630 6590 90333 64924 31242 23245 44494 18082 31590 13956 9040 9191 22427 2332 6621 10805 3829 16473 8448 9451 38899 28192 6141 5437 26025 7223 6829 814 927 659 10127 8091 9289 4022 5267 6541 8107 8908 1264 627 340 211 8264
internal_count=362634 199098 107411 76169 163536 91687 27356 24450 76158 48813 69561 37971 21523 10718 119042 15529 7396 40706 31515 15630 6590 90333 64924 31242 23245 44494 18082 31590 13956 9040 9191 22427 2332 6621 10805 3829 16473 8448 9451 38899 28192 6141 5437 26025 7223 6829 814 927 659 10127 8091 9289 4022 5267 6541 8107 8908 1264 627 340 211 8264
is_linear=0
shrinkage=0.05


Tree=64
num_leaves=63
num_cat=0
split_feature=49 49 43 40 49 49 35 37 6 24 51 51 30 10 51 51 1 2 49 49 36 44 19 19 36 28 5 19 43 23 37 6 51 30 9 23 13 14 6 47 4 31 30 35 30 2 20 31 25 5 42 21 36 4 2 5 38 51 45 5 51 23
split_gain=83723.7 81882.8 39470.6 27841 24394.4 19376 18474.6 19256.7 18399.9 18322.7 17645.8 44399.5 17159.6 16970.7 18013.3 36423.3 15120.1 14945.6 14566.8 14003.8 13779.8 12567.7 12286.5 13770.5 12039.6 11565.9 18003.2 11428 11303 11196.6 10747.1 16054.4 13649.2 20971.9 29713 20689.6 15712 20426.9 15195.7 14264.2 10731.8 10688 10679.5 10558.3 10547 10516.4 10459.2 10342.4 10308.5 11304.6 10296.9 10740.9 10189.3 10268.5 10163.4 10145.9 9973.17 14316.7 14181.2 9977.79 9795.4 9723.92
threshold=10.500000000000002 17.500000000000004 0.22649999707937243 -5.6731388568878165 2.5000000000000004 16.500000000000004 28.250000000000004 36.204999923706062 41.049999237060554 43.995000839233406 4.5000000000000009 2.5000000000000004 19.865000724792484 47.995000839233406 4.5000000000000009 3.5000000000000004 83.500000000000014 29.050000190734867 12.500000000000002 20.500000000000004 0.23050000518560412 13.47499990463257 -15.387541770935057 -2.6354970932006831 0.091499999165534987 26.44999980926514 74.500000000000014 -0.17138110101222989 0.74850001931190502 15.984999656677248 27.384999275207523 27.10000038146973 4.5000000000000009 14.954999923706056 23.035000801086429 15.984999656677248 -0.79006394743919361 41.250000000000007 10.050000190734865 -2.6202121973037715 41.100000381469734 17.005000114440922 29.105000495910648 3.0499999523162846 26.545000076293949 40.049999237060554 -7.6422872543334952 160.10500335693362 11.765000343322756 107.50000000000001 9.8350000381469744 48.250000000000007 0.10050000250339509 16.10000038146973 105.50000000000001 36.049999237060554 59.995000839233406 1.0000000180025095e-35 46.004999160766609 40.149999618530281 2.5000000000000004 19.025000572204593
decision_type=2 2 10 8 2 2 10 10 8 10 2 2 8 10 2 2 8 10 2 2 10 10 8 8 8 10 10 10 10 8 10 8 2 10 8 10 10 8 8 10 10 8 8 8 10 10 10 10 10 10 10 8 10 8 10 8 10 2 8 8 2 10
left_child=4 2 5 6 40 18 7 16 20 19 11 12 41 -6 15 42 28 -13 61 -3 -5 -17 -10 24 -24 26 54 -23 46 -21 32 -32 33 56 35 -35 -37 -38 -36 50 -1 -11 -15 -33 48 -14 -4 -42 -45 -50 51 -34 53 -48 -9 -40 57 58 -20 -59 -8 -2
right_child=1 9 3 8 13 -7 60 25 22 10 -12 17 45 14 -16 21 -18 -19 30 29 -22 27 23 -25 -26 -27 -28 -29 -30 -31 31 43 39 34 38 36 37 -39 55 -41 47 -43 -44 44 -46 -47 52 -49 49 -51 -52 -53 -54 -55 -56 -57 -58 59 -60 -61 -62 -63
leaf_value=-0.018654689482400569 0.018927369377504329 0.055700094145229376 0.16410389941190306 0.052882251529950242 -0.055778062909440311 0.03253660841539683 -0.088313110186837629 -0.037953702701807576 0.44989162949437089 0.24068137041685 -0.074907786912887561 -0.014435858512442815 -0.054620458607763794 -0.048937122362569932 -0.065417499425834288 -0.045567217468563848 0.24434311826928115 0.079360944712215248 -0.31980722968156144 -0.13228464327399664 -0.059299149517584561 0.069987611509123693 0.23338188745166955 0.0670223167449914 -0.054646173229677276 0.3425727938198983 -0.37294783826994138 0.20122844123628139 0.15898648725125014 0.0017302977632009345 -0.095388029377154765 0.63895392267390938 0.47362830813502921 0.06153732103606066 -0.43950787699884836 0.41128708805392189 0.62459801382730817 1.4022432458427576 0.34230958897273389 -0.07985052686714017 0.025696364250936174 -0.11069170574810445 0.01044987101989887 0.19050212961750745 0.27805735728929865 0.027422950520466133 0.034181856592512307 0.28171258214536815 0.022733129933320047 0.71008537265120963 0.083324776294624259 0.034100933490732975 0.048164642656771402 0.35964683356866256 0.65708252230176223 0.1324878836125177 0.016635913001605517 0.18289815147378558 0.18404549907036907 0.44278252773486504 0.032864206596981048 0.12783188592226499
leaf_weight=23005 4911 13903 2441 3381 64150 8971 2773 2025 178 221 15473 6559 9771 19127 14632 1416 1428 12048 240 1739 14381 4591 392 9819 4873 172 437 2597 3727 15019 944 99 419 219 90 525 353 111 1009 899 21087 10447 12529 1644 872 6507 441 402 3089 61 1375 208 21892 538 54 1343 1284 1229 334 528 4184 3518
leaf_count=23005 4911 13903 2441 3381 64150 8971 2773 2025 178 221 15473 6559 9771 19127 14632 1416 1428 12048 240 1739 14381 4591 392 9819 4873 172 437 2597 3727 15019 944 99 419 219 90 525 353 111 1009 899 21087 10447 12529 1644 872 6507 441 402 3089 61 1375 208 21892 538 54 1343 1284 1229 334 528 4184 3518
internal_value=-1.65356e-11 0.0217737 0.051399 0.0306496 -0.0265086 0.0956741 0.058641 0.0741848 -0.00334964 -0.0129322 -0.0287755 -0.0131057 -0.0541253 -0.0383148 -0.0179061 -0.000638691 0.0855032 0.0462974 0.118058 0.0186016 -0.0379454 0.0905835 0.0369131 0.0320397 -0.0332013 -0.0541032 -0.081221 0.117404 0.0776922 -0.0121766 0.14487 0.0957519 0.177285 0.213895 0.298438 0.50127 0.598643 0.81063 0.198102 0.0856012 0.00507836 -0.103413 -0.0254326 0.12705 0.118106 -0.0218243 0.0657223 0.0304857 0.089012 0.0360438 0.159898 0.32782 0.0552221 0.213038 -0.0199008 0.222501 0.128534 0.190171 -0.0266246 0.260997 -0.015436 0.0643807
internal_weight=362634 199098 107411 73136 163536 34275 40112 33155 33024 91687 61026 45553 26946 119042 54892 40260 30467 18607 25304 30661 17762 8604 15262 15084 5265 2688 2516 7188 29039 16758 16875 6709 10166 7265 3650 1208 989 464 2442 2901 44494 10668 31656 5765 5666 16278 25312 21489 4794 3150 2002 627 22871 979 2079 2352 3615 2331 574 1757 6957 8429
internal_count=362634 199098 107411 73136 163536 34275 40112 33155 33024 91687 61026 45553 26946 119042 54892 40260 30467 18607 25304 30661 17762 8604 15262 15084 5265 2688 2516 7188 29039 16758 16875 6709 10166 7265 3650 1208 989 464 2442 2901 44494 10668 31656 5765 5666 16278 25312 21489 4794 3150 2002 627 22871 979 2079 2352 3615 2331 574 1757 6957 8429
is_linear=0
shrinkage=0.05


Tree=65
num_leaves=63
num_cat=0
split_feature=0 49 49 17 49 36 23 50 50 7 44 51 51 37 36 16 0 42 6 30 44 4 37 7 30 2 42 49 49 37 44 7 30 50 8 9 5 51 5 47 29 50 37 41 23 44 48 30 46 23 49 7 9 23 47 48 5 37 50 16 3 23
split_gain=76326.7 27763.1 31225 36057.7 22079.6 21758.4 21384.5 20898.1 25269.4 24528.5 24128 18424.4 26664 24731.5 18181.1 17854.4 17272.8 16887.5 15993.3 15787.7 22765.5 14420.4 14366.8 14296.2 15587.8 20642.3 13930.2 13975.5 20819.6 23168.1 35211.6 13606.3 14626.6 26476.9 13188.5 13021.6 12943.5 12933.1 12756.2 12655.1 12637.8 12192.2 12027.1 11967.6 11898.4 11756.4 11624.7 19854.8 22678 12964.3 11516 11277.9 11198.6 11193.7 10673 12621.7 12192.7 11484.5 10634.2 16412.1 10558 13617.6
threshold=26.050000190734867 19.500000000000004 11.500000000000002 37.989999771118171 15.500000000000002 0.17950000613927844 16.404999732971195 6.5000000000000009 2.5000000000000004 45.45000076293946 29.775000572204593 1.5000000000000002 4.5000000000000009 23.005000114440922 0.76250001788139354 23.865000724792484 4.0499999523162851 12.250000000000002 71.500000000000014 27.515000343322757 39.18499946594239 46.149999618530281 27.454999923706058 30.44999980926514 23.954999923706058 122.50000000000001 66.649997711181655 11.500000000000002 19.500000000000004 15.574999809265138 21.585000038146976 22.150000572204593 13.744999885559084 10.500000000000002 0.27050000429153448 11.605000019073488 26.149999618530277 1.0000000180025095e-35 6.0499999523162851 -2.80456531047821 0.039499999955296523 9.5000000000000018 28.914999961853031 -7.4185554981231681 14.715000152587892 10.795000076293947 -5.3507506847381583 9.3249998092651385 28.994999885559086 9.4349999427795428 9.5000000000000018 13.750000000000002 39.295000076293952 33.68499946594239 -5.86893606185913 -20.889808654785153 117.50000000000001 26.914999961853031 1.5000000000000002 10.47499990463257 61.500000000000007 15.204999923706056
decision_type=10 2 2 10 2 10 8 2 2 8 10 2 2 8 10 10 8 10 10 10 8 10 10 10 10 10 8 2 2 10 8 10 8 2 8 8 10 2 10 8 8 2 10 10 8 8 8 10 10 8 2 8 10 10 8 10 8 10 2 10 8 10
left_child=7 2 15 18 5 -5 -6 8 10 17 11 45 13 26 21 -2 -9 -10 22 23 52 53 39 24 -8 -26 27 58 29 30 36 -18 33 -33 -16 -3 -29 -35 -34 -4 -24 -37 44 -25 -15 -1 60 48 -48 -50 -11 -36 -21 54 55 57 -57 -7 -13 -60 -14 -62
right_child=1 35 3 4 6 14 19 16 9 50 -12 12 46 42 34 -17 31 -19 -20 20 -22 -23 40 43 25 -27 -28 28 -30 -31 -32 32 38 37 51 41 -38 -39 -40 -41 -42 -43 -44 -45 -46 -47 47 -49 49 -51 -52 -53 -54 -55 -56 56 -58 -59 59 -61 61 -63
leaf_value=-0.011641471150409997 -0.04104772663975495 -0.32478818486112804 0.21775921738458101 0.14977529980312573 0.18903737015319402 0.121149114870477 0.032255940938182029 -0.096057824431742891 0.037056988882947707 0.039682575079974136 -0.42896928872295476 -0.023318648496905216 -0.23525036713280409 0.082263493189601217 0.69118092986968682 0.041448500340868513 -0.043054154728715016 -0.022075712955098605 0.30297865366767196 0.43903089325574246 -0.25017548462819489 0.39798933734016351 0.04253459529599523 0.10488946176337566 -0.052791968925836832 0.62722981883526119 -0.0096835949289022002 0.57472984439779806 0.054756569810319247 0.063757519860519099 0.068141206571896928 0.39508043359438544 -0.052219278855346163 -0.25757744485116846 0.015259881085314828 -0.0018836253501160205 1.1103716929097596 -0.066073420251762244 0.017512507408985106 0.07526352604817077 0.23721429108396747 -0.10334860192693694 -0.44795516111180184 -0.12240912543624193 -0.17536097800552608 -0.12748988524991672 0.0085233376694670657 -0.090197534105573601 0.75252744639343816 0.15157094719411618 0.13486538154311276 0.19645087511408094 1.2711043850139336 0.38457591185910944 -0.0065237964523203948 0.047147256873621202 0.56850604774941382 0.98493172249932215 -0.036020551174826013 0.21439811058711108 -0.22226140697797142 0.88284654664993301
leaf_weight=3265 16961 348 3955 6229 1620 87 24565 9967 19714 8096 387 2448 1435 715 109 10694 60180 31155 1100 161 105 269 7757 691 8988 113 4443 388 1385 515 317 283 8186 1069 1318 20272 159 5030 32986 2571 934 3467 250 3576 1201 6651 1382 6320 181 178 5231 2465 54 221 12652 14759 113 69 1053 1728 63 50
leaf_count=3265 16961 348 3955 6229 1620 87 24565 9967 19714 8096 387 2448 1435 715 109 10694 60180 31155 1100 161 105 269 7757 691 8988 113 4443 388 1385 515 317 283 8186 1069 1318 20272 159 5030 32986 2571 934 3467 250 3576 1201 6651 1382 6320 181 178 5231 2465 54 221 12652 14759 113 69 1053 1728 63 50
internal_value=-1.6905e-11 0.0279065 0.0375819 0.0512596 0.0371468 0.0642645 0.011105 -0.0188557 -0.00188915 0.0166603 -0.0363911 -0.0319392 -0.0084278 0.0341379 0.0476515 -0.009147 -0.0330847 0.000840839 0.118865 0.00356962 0.353297 0.0336563 0.105556 0.000619343 0.0115473 -0.0443487 0.0612946 0.100749 0.191685 0.32921 0.487436 -0.0272587 -0.00726945 -0.0777016 0.148947 -0.0211534 0.730428 -0.0996392 0.00364812 0.161621 0.0634563 -0.0167022 -0.121782 -0.0856003 -0.0792224 -0.089345 -0.0731113 -0.0490115 0.100498 0.45456 0.0770429 0.133324 0.648017 0.0301437 0.0273139 0.0558017 0.0511086 0.503207 0.0526805 0.119579 -0.198608 0.266724
internal_weight=362634 146223 122136 94481 78164 38291 39873 216411 98710 64196 34514 34127 24211 14602 32062 27655 117701 50869 16317 38253 320 28170 15217 37933 33666 9101 12436 7993 2764 1379 864 107734 47554 6382 3892 24087 547 6099 41172 6526 8691 23739 2166 4267 1916 9916 9609 8061 1741 359 13327 3783 215 27901 27680 15028 14872 156 5229 2781 1548 113
internal_count=362634 146223 122136 94481 78164 38291 39873 216411 98710 64196 34514 34127 24211 14602 32062 27655 117701 50869 16317 38253 320 28170 15217 37933 33666 9101 12436 7993 2764 1379 864 107734 47554 6382 3892 24087 547 6099 41172 6526 8691 23739 2166 4267 1916 9916 9609 8061 1741 359 13327 3783 215 27901 27680 15028 14872 156 5229 2781 1548 113
is_linear=0
shrinkage=0.05


Tree=66
num_leaves=63
num_cat=0
split_feature=49 49 43 50 51 49 9 23 2 36 40 50 44 51 30 50 51 51 50 4 16 51 2 35 24 42 44 50 51 51 11 29 42 30 13 24 51 50 30 30 25 12 44 2 46 6 7 50 50 44 22 40 5 30 13 51 47 47 44 23 36 28
split_gain=69797.6 83815.4 44791.1 26214 25689.6 23065.5 26937.9 21756.7 20547.9 20398.6 23242.5 19786.9 27452.9 19938.2 19060.7 18229.4 18197.9 17992.8 17450.1 17296 17163.4 16580.4 16906.6 16020.1 15587.8 15086.6 14825.1 14637.8 13997.3 18131.8 14019.3 13956.5 14230.7 13952.8 13399.4 13234.5 15406.3 20517.4 23589.6 13014.5 12645.6 12294.1 12072.6 12071.8 12034.5 13799.5 11776.7 16411.8 19419.9 24276.7 14267.1 13372.5 13761.8 12512.4 11538.6 11459.7 16099.6 11359.3 11253.9 22565.1 12920.7 11168.6
threshold=11.500000000000002 16.500000000000004 0.22649999707937243 6.5000000000000009 2.5000000000000004 19.500000000000004 28.954999923706058 13.454999923706056 114.50000000000001 0.097500000149011626 -5.6731388568878165 6.5000000000000009 26.175000190734867 2.5000000000000004 17.474999427795414 2.5000000000000004 4.5000000000000009 5.5000000000000009 8.5000000000000018 15.050000190734865 23.804999351501468 4.5000000000000009 42.049999237060554 28.250000000000004 43.995000839233406 12.050000190734865 35.475000381469734 3.5000000000000004 3.5000000000000004 4.5000000000000009 30.954999923706058 0.035499999299645431 18.650000572204593 27.445000648498539 -17.923677444458004 44.004999160766609 2.5000000000000004 10.500000000000002 19.545000076293949 7.0650000572204599 9.4049997329711932 -2.2778364419937129 24.32499980926514 70.500000000000014 30.005000114440922 40.149999618530281 19.94999980926514 9.5000000000000018 5.5000000000000009 29.505000114440922 0.49650000035762792 -14.704456329345701 50.149999618530281 21.435000419616703 -5.9083418846130362 4.5000000000000009 -1.1749379038810728 -13.95959424972534 29.505000114440922 24.304999351501468 0.014500000048428776 20.349999427795414
decision_type=2 2 10 2 2 2 10 8 10 10 8 2 10 2 10 2 2 2 2 10 10 2 10 10 10 10 10 2 2 2 10 10 10 10 10 10 2 2 10 8 10 10 10 10 10 10 10 2 2 10 10 10 8 8 8 2 10 8 8 10 10 10
left_child=7 2 55 4 8 6 14 -1 25 19 23 17 13 -13 26 -7 -17 28 -15 -4 -19 22 44 34 27 -3 57 -18 30 -30 -9 32 40 -8 -11 -24 37 38 -37 -27 -12 -14 -39 -16 -5 -46 61 48 51 53 -51 -48 -53 -50 -20 -2 -57 -6 59 -47 -61 -36
right_child=1 3 9 21 5 15 33 11 -10 10 31 12 41 18 43 16 24 20 54 -21 -22 -23 35 -25 -26 39 -28 -29 29 -31 -32 -33 -34 -35 46 36 -38 42 -40 -41 -42 -43 -44 -45 45 58 47 -49 49 50 -52 52 -54 -55 -56 56 -58 -59 -60 60 -62 -63
leaf_value=-0.068300991030079181 0.14773732823273455 0.020730735380913107 0.04990567186751458 -0.048898027615640063 0.32512853979861533 -0.068802279850755668 0.0091741173152426053 -0.015928189229041375 0.57775991205388388 0.2766786806481204 0.1285031970349764 -0.081931503120185697 -0.0085969089661963212 -0.080639206376440578 0.26325635323172109 0.10606423387203492 -0.22332397686199959 -0.10131015904536145 -0.12747291413690645 0.29506145268409883 0.038070413658511208 -0.074356202340481667 0.1208925308308624 -0.020845513476653657 -0.086235713660859747 0.22724899355450581 0.92643660109151493 0.12921387187614949 0.093862934274731025 -0.00091615871570714571 0.058941878126844843 -0.13052369793910157 -0.0462275235766905 0.67424321912229068 0.033250487778319029 0.33570423195345001 0.076159576912431554 -0.13492372241926984 -0.038790922942354866 -0.071058583054846372 0.0095856738461722636 0.075023865912018858 -0.48014603493269536 0.84249700071646816 0.019080463797259677 0.045986612719297409 0.2963343933904104 -0.015613459968303538 1.2303085561601386 0.24971061394818328 -0.074835386590687877 0.11979953009586641 -0.12807028583740515 0.47479222632561796 0.006071715221184739 0.10209295030820698 -0.11987000623496978 0.074403168631887923 -0.17605241215229037 0.41888084945522924 1.4397905397583062 0.16076371584063764
leaf_weight=22417 14827 9830 1496 23317 505 5035 5543 35969 142 799 3001 26373 13745 10023 2087 5989 343 7125 1734 1386 3201 15754 3261 5228 3442 377 55 2080 10305 9888 7568 2107 8091 80 15979 485 4105 1214 3162 12122 8765 6462 320 94 3042 125 548 1655 62 1714 422 1419 925 472 24071 4961 978 4284 75 55 71 1924
leaf_count=22417 14827 9830 1496 23317 505 5035 5543 35969 142 799 3001 26373 13745 10023 2087 5989 343 7125 1734 1386 3201 15754 3261 5228 3442 377 55 2080 10305 9888 7568 2107 8091 80 15979 485 4105 1214 3162 12122 8765 6462 320 94 3042 125 548 1655 62 1714 422 1419 925 472 24071 4961 978 4284 75 55 71 1924
internal_value=-3.58338e-11 0.0216432 0.0615117 -0.00695904 0.0184886 0.0491394 0.100197 -0.0222326 -0.0218003 0.0382516 0.0312215 -0.0156323 -0.032488 -0.0489367 0.16548 0.010903 0.0447579 0.00312437 -0.0246492 0.167805 -0.058103 -0.0310285 -0.0136298 0.0589974 -0.0178446 -0.0256132 0.110216 0.0793086 0.0130449 0.047452 -0.00291359 -0.00816717 0.00481592 0.0186362 0.0751021 0.0342378 0.00380687 -0.0535195 0.0110117 -0.0620609 0.0399164 0.0181442 -0.206939 0.288221 -0.0361366 0.0522122 0.0686905 0.122611 0.163741 0.260975 0.185592 0.0739702 0.021984 0.562511 -0.00290199 0.12423 0.0655414 0.100842 0.361374 0.52196 0.994155 0.0469541
internal_weight=362634 183753 76759 106994 52008 29537 12648 178881 22471 55993 53111 156464 82408 62201 7025 16889 11854 74056 35828 2882 10326 54986 39232 31147 5865 22329 4844 2423 63730 20193 43537 21964 19857 5623 25919 12547 9286 5181 3647 12499 11766 20207 1534 2181 26685 3368 25120 7217 5562 2670 2136 2892 2344 534 25805 20766 5939 4789 326 251 126 17903
internal_count=362634 183753 76759 106994 52008 29537 12648 178881 22471 55993 53111 156464 82408 62201 7025 16889 11854 74056 35828 2882 10326 54986 39232 31147 5865 22329 4844 2423 63730 20193 43537 21964 19857 5623 25919 12547 9286 5181 3647 12499 11766 20207 1534 2181 26685 3368 25120 7217 5562 2670 2136 2892 2344 534 25805 20766 5939 4789 326 251 126 17903
is_linear=0
shrinkage=0.05


Tree=67
num_leaves=63
num_cat=0
split_feature=49 49 43 50 4 47 50 30 50 51 51 30 35 33 21 32 49 9 50 5 3 30 33 4 30 51 6 9 50 50 30 51 17 33 49 51 50 38 16 4 30 51 9 11 51 50 1 30 24 42 18 51 51 51 19 40 21 44 44 30 9 46
split_gain=63135.6 62666.8 32660 24808.4 21505.9 20924.8 24610.2 39846.7 35499.8 51735.5 37150.5 43024.1 39318.4 31527.2 24839.6 23847.2 23036.2 28704 20718.3 20051.6 19763.9 19743.5 19597.5 19532.3 17821.4 18120 17117.7 16670.3 16178.5 15856.5 15780.6 15687.2 16499.3 15489 15189.1 15118.6 36669.5 33963.8 25983 19220 19141.7 19491.2 16690.6 14696.6 14691.8 24282.4 14685.1 14594.2 14292.8 13696.6 13565.8 16552.3 13313.1 26578.5 14764.9 13237.3 13233.7 17137.7 13302.9 17530.5 13785.4 13169.4
threshold=10.500000000000002 17.500000000000004 0.22649999707937243 10.500000000000002 44.100000381469734 -11.162656784057615 5.5000000000000009 15.864999771118166 6.5000000000000009 4.5000000000000009 4.5000000000000009 21.615000724792484 38.95000076293946 -7.5656721591949454 22.150000572204593 25.005000114440922 13.500000000000002 23.105000495910648 5.5000000000000009 78.500000000000014 44.049999237060554 25.714999198913578 4.0145897865295419 12.050000190734865 27.755000114440922 5.5000000000000009 11.050000190734865 25.105000495910648 2.5000000000000004 7.5000000000000009 9.3249998092651385 4.5000000000000009 51.004999160766609 2.3965611457824711 16.500000000000004 3.5000000000000004 11.500000000000002 56.995000839233406 22.115000724792484 28.050000190734867 15.715000152587892 1.0000000180025095e-35 27.045000076293949 24.454999923706058 2.5000000000000004 6.5000000000000009 37.049999237060554 27.375000000000004 33.004999160766609 31.849999427795414 43.004999160766609 1.0000000180025095e-35 2.5000000000000004 4.5000000000000009 -1.4981687664985655 -14.299743652343748 26.250000000000004 19.925000190734867 34.315000534057624 24.634999275207523 38.305000305175788 34.004999160766609
decision_type=2 2 10 2 10 8 2 8 2 2 2 8 8 10 8 8 2 8 2 10 10 10 8 10 10 2 10 10 2 2 10 2 10 8 2 2 2 10 10 10 10 2 10 10 2 2 10 8 10 10 10 2 2 2 10 8 8 8 10 10 10 10
left_child=4 2 34 5 27 30 16 -8 9 50 11 12 22 -11 -13 -14 47 19 28 -18 44 -12 -10 26 25 -15 -16 52 -6 -20 -4 -22 -33 -30 -2 36 37 40 39 -38 -5 46 -39 -19 -3 48 -42 -7 61 56 -9 -52 -1 54 -54 -45 -32 -58 -59 -60 -61 -46
right_child=1 20 3 35 18 6 7 8 10 13 21 14 15 24 23 -17 17 43 29 -21 31 -23 -24 -25 -26 -27 -28 -29 33 -31 49 32 -34 -35 -36 -37 38 42 -40 -41 41 -43 -44 55 45 -47 -48 -49 -50 -51 51 -53 53 -55 -56 -57 57 58 59 60 -62 -63
leaf_value=-0.065400794372714913 0.10491816124178364 -0.062051481131787094 0.3138596075817226 -0.33631369231969876 -0.040564965826946825 -0.0458537698835619 0.60439536708858399 0.037954422166262852 0.075884661044033186 0.21555690612240347 -0.1687674292167369 -0.049042507919519536 0.44461764596402653 0.88260525653913491 -0.40088399455222218 1.3065918126213019 0.12372759386374364 0.039563809425599748 -0.079968215857997238 0.73770188478671983 0.035599502304593307 0.019188092628367393 0.55623002293007617 0.15067277235831994 1.2438789973931232 0.22744795872781057 0.022896765800332685 0.0054800372740440428 0.046890278941198231 0.002943032047835646 0.050727450223829122 0.019766941438604045 -0.098961692366942064 0.18656223388590698 0.029198292757870281 0.0261663556277935 -0.12371750342595494 -0.31381103476128624 0.24135344130897851 0.51237888186876701 0.25311995374189838 -0.044852311925210976 -0.73773754901291499 0.36828641776098975 0.10237849874064625 -0.052473054889612639 1.1804491581519445 -0.21986706205477391 0.01288403100904177 -0.094954611441895917 1.2200881296396258 0.22578980629894058 -0.023747239586241763 -0.062168204285748145 0.050346752680521606 -0.12175704524355553 -0.19325213907745439 0.20622122298352363 0.42457327850723781 -0.19328290200083798 0.57145632443519745 0.46343173219498557
leaf_weight=40033 25304 22600 722 356 4436 10331 326 2857 981 621 3262 5352 200 226 275 134 3656 4226 8447 138 27861 2444 271 4750 131 198 1785 21309 13436 18173 9233 6573 5274 2329 8971 3806 1829 1198 907 127 148 570 288 144 2665 15153 60 1364 11282 1105 50 257 16143 27707 11523 3204 345 4377 186 631 65 279
leaf_count=40033 25304 22600 722 356 4436 10331 326 2857 981 621 3262 5352 200 226 275 134 3656 4226 8447 138 27861 2444 271 4750 131 198 1785 21309 13436 18173 9233 6573 5274 2329 8971 3806 1829 1198 907 127 148 570 288 144 2665 15153 60 1364 11282 1105 50 257 16143 27707 11523 3204 345 4377 186 631 65 279
internal_value=3.01052e-11 0.018908 0.044825 0.0259505 -0.0230197 0.037058 0.0200471 0.0553576 0.0478353 0.177138 0.018989 0.0635028 0.308441 0.4603 0.0315612 0.79044 -0.0168817 0.0338029 0.00560789 0.14606 -0.0114537 -0.0882621 0.179857 0.094908 0.734147 0.576659 -0.0336759 -0.0345038 0.0437887 -0.0233662 0.0852233 0.0151063 -0.0330882 0.0675243 0.0850995 -0.0503961 -0.103542 -0.238709 0.0201538 -0.0824168 -0.0326321 0.106328 -0.395972 -0.0224293 -0.0317435 -0.00842882 0.520619 -0.0661491 0.0384854 0.0748685 0.0718926 0.387728 -0.0434343 -0.0275531 0.00711321 -0.10068 0.0875163 0.148128 0.170524 -0.00662837 -0.121863 0.136595
internal_weight=362634 199098 107411 73136 163536 63847 47183 24120 23794 4340 19454 13748 1586 1176 12162 334 23063 11368 46821 3794 91687 5706 1252 6810 555 424 2060 116715 20201 26620 16664 39708 11847 15765 34275 9289 5483 2620 2863 1956 1134 778 1486 7574 51979 29379 208 11695 14226 15942 3164 307 95406 55373 27666 3348 14837 5604 5259 882 696 2944
internal_count=362634 199098 107411 73136 163536 63847 47183 24120 23794 4340 19454 13748 1586 1176 12162 334 23063 11368 46821 3794 91687 5706 1252 6810 555 424 2060 116715 20201 26620 16664 39708 11847 15765 34275 9289 5483 2620 2863 1956 1134 778 1486 7574 51979 29379 208 11695 14226 15942 3164 307 95406 55373 27666 3348 14837 5604 5259 882 696 2944
is_linear=0
shrinkage=0.05


Tree=68
num_leaves=63
num_cat=0
split_feature=49 49 43 50 38 50 23 31 36 3 50 44 51 51 49 16 3 37 30 36 51 44 50 18 33 51 37 30 51 23 23 46 49 30 9 8 50 51 51 16 3 12 13 39 0 12 49 0 50 23 39 38 50 44 29 46 23 37 51 50 17 3
split_gain=57495 69337.9 36823.5 22271.9 23791.9 22404.1 19023.9 18503 18186.8 17650.4 17567.7 23950.2 17304.9 17236 19055.8 17907.4 17039.5 19256.6 18826.5 16352.6 16097.8 15908.9 15883.9 13917.1 13610.3 13154.7 18140.4 14315.8 15366.7 15360.5 13322.6 13211.7 12879.9 21814.7 26099 12471.2 12370.9 12256.3 15813.3 11461.2 11407.3 11402.9 11280.1 11270.4 10909.4 10829.2 10800.1 10792.7 10757.4 10978.5 10646.6 10605.2 17516.3 19817.2 15894.2 12207.8 11145 14939.8 10716.6 15286.5 17016.1 10495.4
threshold=11.500000000000002 16.500000000000004 0.22649999707937243 6.5000000000000009 44.995000839233406 1.5000000000000002 13.454999923706056 51.989999771118171 0.11850000172853471 30.050000190734867 6.5000000000000009 26.105000495910648 2.5000000000000004 3.5000000000000004 19.500000000000004 11.585000038146974 24.050000190734867 34.465000152587898 31.615000724792484 0.74549999833107006 5.5000000000000009 17.505000114440922 9.5000000000000018 17.925000190734867 -3.5850437879562373 2.5000000000000004 37.68499946594239 7.6649999618530282 4.5000000000000009 19.244999885559086 25.685000419616703 40.004999160766609 19.500000000000004 26.125000000000004 29.045000076293949 0.24350000172853473 3.5000000000000004 3.5000000000000004 4.5000000000000009 27.175000190734867 49.149999618530281 -2.2778364419937129 -4.4439370632171622 11.00500011444092 13.09999990463257 -7.8566074371337882 4.5000000000000009 67.049999237060561 11.500000000000002 32.135000228881843 23.214999198913578 59.995000839233406 1.5000000000000002 16.704999923706058 0.039499999955296523 33.995000839233406 10.434999942779543 28.664999961853031 4.5000000000000009 8.5000000000000018 62.995000839233406 41.049999237060554
decision_type=2 2 10 2 8 2 8 10 10 10 2 10 2 2 2 8 10 10 8 10 2 10 2 10 8 2 10 8 2 8 8 10 2 10 10 8 2 2 2 10 8 10 8 8 8 8 2 10 2 10 10 10 2 8 8 10 8 10 2 2 8 8
left_child=6 2 51 4 13 -6 -1 8 -4 39 20 12 -12 40 15 -15 17 44 24 -10 37 -22 -14 -11 -19 47 27 50 29 -29 31 -31 33 34 43 -21 -16 45 -39 -5 -3 -13 -24 -30 -9 -8 -40 61 -41 -50 -27 54 -53 -54 56 -55 -2 58 -58 -60 -61 -7
right_child=1 3 7 9 5 25 10 16 19 23 11 41 22 14 36 -17 -18 18 -20 35 21 -23 42 -25 -26 26 -28 28 32 30 -32 -33 -34 -35 -36 -37 -38 38 46 48 -42 -43 -44 -45 -46 -47 -48 -49 49 -51 -52 52 53 55 -56 -57 57 -59 59 60 -62 -63
leaf_value=-0.063256412737750997 -0.027628473955323193 -0.016383398488962145 0.17970024090017864 -0.042175468303676522 -0.094914606204036106 -0.088699294855988181 -0.056242131227075387 -0.1892336165218195 0.032521179387025541 0.012537326615631592 -0.076370789223552435 -0.0087917223107177051 -0.060419244113139703 0.75776450829763042 -0.047608302922539425 0.20057351152187103 0.10893880248163552 -0.31458833818061321 0.73479652266417239 0.59303667424824735 -0.16150478134490909 -0.018336248541119121 -0.090300069723677989 -0.050564767497009111 -0.046592715098162728 0.14245554556651993 -0.33222673347573783 -0.1021766174936249 -0.13815904005177423 0.20804647374530086 0.077136769755916323 0.82862978656371333 -0.067421285463282729 1.0075974354147912 -0.091508168030837667 0.12128868820052491 0.13078650999422761 0.088589270324833755 0.059049696492925789 -0.1495078209162721 0.09879909947882877 0.070759264820566714 0.021526322008850171 0.25113642278862097 0.0063688522062527193 0.0095569308846158094 -0.046226101353021409 0.15803371300008351 0.012644502820033019 0.76063267782069088 0.5708544617970881 -0.12694036802541392 0.27973740554841608 0.026113474133248549 0.27355064217175734 0.19851075058933421 0.21707493057382676 0.038181327996732392 0.22078564609381029 -0.23593943840191689 0.2620115231053915 0.0055089092243776503
leaf_weight=22417 1166 6152 2766 11201 5876 5551 7569 749 28543 24693 26162 14102 15670 153 1603 2507 2907 1064 56 145 2590 7736 2594 13523 854 490 321 980 217 1265 6192 92 4543 60 1663 4143 2468 10305 4349 5160 3304 6619 17261 1298 14766 35968 5539 742 352 57 206 995 1232 5112 1953 1285 4691 2700 819 567 246 6325
leaf_count=22417 1166 6152 2766 11201 5876 5551 7569 749 28543 24693 26162 14102 15670 153 1603 2507 2907 1064 56 145 2590 7736 2594 13523 854 490 321 980 217 1265 6192 92 4543 60 1663 4143 2468 10305 4349 5160 3304 6619 17261 1298 14766 35968 5539 742 352 57 206 995 1232 5112 1953 1285 4691 2700 819 567 246 6325
internal_value=-7.21034e-11 0.0196434 0.0559055 -0.00637159 0.0170847 -0.00564866 -0.0201784 0.0348154 0.056572 -0.0285575 -0.0140065 -0.0298888 -0.0455113 0.0673925 0.128546 0.232622 -0.00315611 -0.0217884 -0.168877 0.0461985 0.00366714 -0.0542462 -0.0227851 -0.00979179 -0.195262 0.0118677 0.0401479 0.0471767 0.0377001 0.0840556 0.108232 0.25012 -0.0131118 0.063086 0.0452538 0.137241 0.0605416 0.0130507 0.045247 -0.0713215 0.0238623 0.0166196 0.00691652 0.195376 -0.00307403 -0.00188238 7.69372e-05 -0.0269666 -0.129943 0.116887 0.269252 0.112772 0.0703744 0.0961089 0.142886 0.0607438 0.11784 0.136638 0.178681 0.0683215 -0.0852679 -0.0385253
internal_weight=362634 183753 76759 106994 52008 35821 178881 55993 35597 54986 156464 82408 61687 16187 6731 2660 20396 17489 1974 32831 74056 10326 35525 38216 1918 29945 17327 17006 16310 8529 7549 1357 7781 3238 3178 4288 4071 63730 20193 16770 9456 20721 19855 1515 15515 43537 9888 12618 5569 409 696 20766 8624 7629 12142 6397 10189 9023 6323 1632 813 11876
internal_count=362634 183753 76759 106994 52008 35821 178881 55993 35597 54986 156464 82408 61687 16187 6731 2660 20396 17489 1974 32831 74056 10326 35525 38216 1918 29945 17327 17006 16310 8529 7549 1357 7781 3238 3178 4288 4071 63730 20193 16770 9456 20721 19855 1515 15515 43537 9888 12618 5569 409 696 20766 8624 7629 12142 6397 10189 9023 6323 1632 813 11876
is_linear=0
shrinkage=0.05


Tree=69
num_leaves=63
num_cat=0
split_feature=0 0 19 31 47 50 9 18 30 51 51 49 50 50 51 51 46 30 50 37 42 21 2 51 30 30 3 17 9 37 50 51 18 28 37 30 45 33 46 0 5 24 22 38 49 50 24 37 49 12 50 37 50 51 36 36 30 15 45 21 0 50
split_gain=52134.8 21705.9 17757.5 17699.2 16390.3 17582.5 17089.5 15277.5 14761.5 14665.3 32356.1 17149.9 14468.5 27786.2 28137.8 27788.8 57883 25551.7 30009.5 37330.6 38315.4 22992.1 21405.2 19823.4 32240.3 19414.5 18378.8 17870.6 17030.2 16916.8 20243.1 21574.9 15510.8 14346 14052.1 22730.9 14050.3 13452 16097 13048.2 12975.6 12901.4 12896.7 12809.7 12540.8 12399.2 13262 13113.7 11955 12275.1 11833.2 27358.9 21048.3 15810.9 11552.7 11333 11272.2 11066.3 11039 13254.6 11035.9 11004.6
threshold=37.049999237060554 8.0500001907348651 -5.6190955638885489 55.010000228881843 -7.9746448993682852 10.500000000000002 29.675000190734867 37.995000839233406 8.1849999427795428 4.5000000000000009 3.5000000000000004 7.5000000000000009 4.5000000000000009 6.5000000000000009 4.5000000000000009 1.5000000000000002 20.704999923706058 21.615000724792484 10.500000000000002 20.954999923706058 48.049999237060554 21.750000000000004 61.500000000000007 3.5000000000000004 20.384999275207523 20.884999275207523 5.0999999046325692 73.014999389648452 27.425000190734867 19.494999885559086 5.5000000000000009 3.5000000000000004 14.25500011444092 9.7500000000000018 21.494999885559086 22.275000572204593 44.995000839233406 -10.037299633026121 33.385000228881843 112.50000000000001 50.149999618530281 56.004999160766609 1.0000000180025095e-35 162.19999694824222 3.5000000000000004 9.5000000000000018 32.004999160766609 27.384999275207523 13.500000000000002 4.6958320140838632 5.5000000000000009 36.204999923706062 6.5000000000000009 4.5000000000000009 0.17150000482797625 0.41850000619888311 11.454999923706056 0.60649999976158153 74.005001068115249 1.0000000180025095e-35 60.500000000000007 7.5000000000000009
decision_type=10 8 8 10 8 2 10 10 8 2 2 2 2 2 2 2 10 10 2 8 10 8 10 2 10 8 8 8 10 10 2 2 10 8 8 10 10 10 10 10 10 8 10 8 2 2 10 10 2 10 2 10 2 2 10 8 8 10 8 10 10 2
left_child=1 -1 42 8 5 -4 -7 40 43 10 -6 -12 48 15 17 16 34 18 19 -15 57 32 37 27 -25 29 36 -20 -29 -17 31 -31 61 -24 -14 54 -27 -18 -39 -28 -5 -32 -3 -2 -11 46 -16 -47 -10 -50 51 58 53 -52 -36 -23 -44 -21 59 -9 -55 -19
right_child=3 2 4 7 9 6 -8 50 12 44 11 -13 13 14 45 25 22 21 23 20 -22 55 33 24 -26 26 39 28 -30 30 41 -33 -34 -35 35 -37 -38 38 -40 -41 -42 -43 56 -45 -46 47 -48 -49 49 -51 52 -53 -54 60 -56 -57 -58 -59 -60 -61 -62 -63
leaf_value=-0.039322072186264601 0.19722109299096358 -0.046292007008185171 0.074556490615838217 -0.003706384162812828 -0.0028781155552846656 -0.10289503079779794 0.63249018977328042 0.49862182882130146 -0.10498582734837035 0.03904852910174994 0.012732781269430142 0.11255053784759306 0.46896815738850733 0.79968264506881437 0.17339217253926609 1.1027637470758669 -0.12221242718679726 -0.10513648650406136 0.092367548977617675 0.19170516328672405 -0.80328972973757318 0.0026275088127396418 1.5042529517283234 0.13190705886279402 1.2427240149863064 1.2672373877465726 0.130506832857124 -0.072672913285487237 -0.58117491106856534 -0.2852423337724424 0.5320748156090831 0.356887715270096 -0.10227906602342936 0.55044935841364728 -0.1317229038664833 -0.03064609111027999 0.34445057970782123 0.15849066459014036 0.72592362958577372 0.81167865930728511 0.072858284065414933 1.4407525738844507 -0.092917987348756226 0.93354616765938114 -0.039038837970378326 -0.051245727898183713 -0.038148589739016137 -0.28296876245727526 0.015653674932960243 0.34874949801517163 0.14584068461913163 -0.6471413981184545 -0.079444302532806099 0.32185640069571408 -0.51515345844871252 0.16404426803750238 -0.00067520789798383816 0.45063728992978025 -0.20143969614223087 -0.044540902517097414 1.3281151204749391 0.092991764224799614
leaf_weight=51860 946 32382 14302 17215 72301 2161 82 125 2146 6205 7217 10658 102 300 916 76 212 931 1117 1928 90 1593 52 356 80 60 7169 586 229 174 157 527 3492 163 344 1800 132 381 186 71 8155 52 3538 63 30004 1756 3876 936 9365 285 428 247 1585 55 458 3426 51836 525 1224 1107 54 2835
leaf_count=51860 946 32382 14302 17215 72301 2161 82 125 2146 6205 7217 10658 102 300 916 76 212 931 1117 1928 90 1593 52 356 80 60 7169 586 229 174 157 527 3492 163 344 1800 132 381 186 71 8155 52 3538 63 30004 1756 3876 936 9365 285 428 247 1585 55 458 3426 51836 525 1224 1107 54 2835
internal_value=-4.25606e-11 -0.0100934 -0.00352261 0.0356091 0.00734734 0.0541442 -0.0760107 0.00539459 0.0538947 0.00122119 0.0120139 0.0722493 0.0499874 0.0653283 0.0351829 0.12746 0.0132128 0.0699033 0.162671 0.272178 0.209947 0.030528 0.339479 0.0311976 0.335727 0.177649 0.149991 -0.0375263 -0.215553 0.386118 0.326267 0.1975 -0.0263721 0.781137 -0.106724 -0.129291 0.632821 0.217584 0.344633 0.137187 0.0209048 0.758157 -0.0212267 0.243196 -0.0256573 -0.0459491 0.00228783 -0.131815 0.00175404 0.0254912 -0.0761584 -0.145537 0.0122153 0.282756 -0.350689 0.112812 -0.00656886 0.247123 -0.0950901 0.010569 0.82037 0.0440121
internal_weight=362634 282546 230686 80088 142930 16545 2243 30195 49893 126385 90176 17875 48884 37088 24972 12116 3698 17488 5211 2843 2543 12277 994 2368 436 8418 7432 1932 815 986 910 701 7258 215 2704 2602 192 779 567 7240 25370 209 87756 1009 36209 7484 4792 2692 11796 9650 4825 2703 2122 537 802 5019 55374 2453 2456 1232 109 3766
internal_count=362634 282546 230686 80088 142930 16545 2243 30195 49893 126385 90176 17875 48884 37088 24972 12116 3698 17488 5211 2843 2543 12277 994 2368 436 8418 7432 1932 815 986 910 701 7258 215 2704 2602 192 779 567 7240 25370 209 87756 1009 36209 7484 4792 2692 11796 9650 4825 2703 2122 537 802 5019 55374 2453 2456 1232 109 3766
is_linear=0
shrinkage=0.05


Tree=70
num_leaves=63
num_cat=0
split_feature=49 49 43 50 38 50 49 19 30 31 51 51 3 49 2 3 37 50 51 49 16 30 50 44 44 37 6 44 25 11 22 47 49 47 0 5 50 44 37 50 51 51 24 30 30 37 21 29 4 17 47 50 16 46 23 34 11 47 50 50 44 51
split_gain=48141.3 60586.8 33834.2 19458 21161.4 19797.6 17524.5 17224.5 16849.2 16048 15922 36616.4 15677.1 15436 15400.6 15225.3 19805.5 15095.9 14990.9 16586.4 16361.5 14466.4 13158.3 18623.7 22794 15916.5 15567.9 14266.6 13323.6 13102.7 12878.6 12842.2 14177.8 12691.7 23114.6 12992.9 12474.3 22477.5 18338.2 19669 23268.2 22092.6 13728.3 13571.8 13497.7 13175.4 13317.7 17180.4 12338.1 12330.7 12088.8 11956.4 12984 11845.8 11622.1 11446.8 11256.9 11079.6 10875.7 10785 10676.8 10223.2
threshold=11.500000000000002 16.500000000000004 0.22649999707937243 6.5000000000000009 44.995000839233406 1.5000000000000002 2.5000000000000004 -5.2468898296356192 27.755000114440922 51.989999771118171 2.5000000000000004 4.5000000000000009 30.050000190734867 8.5000000000000018 104.50000000000001 19.10000038146973 34.465000152587898 5.5000000000000009 3.5000000000000004 19.500000000000004 11.585000038146974 31.384999275207523 10.500000000000002 19.295000076293949 26.035000801086429 15.864999771118166 72.500000000000014 36.194999694824226 13.904999732971193 17.994999885559086 0.18249999731779101 7.8809475898742685 14.500000000000002 -11.162656784057615 89.500000000000014 95.500000000000014 5.5000000000000009 30.664999961853031 20.244999885559086 6.5000000000000009 4.5000000000000009 2.5000000000000004 41.004999160766609 18.654999732971195 25.994999885559086 29.275000572204593 34.850000381469734 0.035499999299645431 41.100000381469734 117.01499938964845 -12.424241065979002 5.5000000000000009 26.175000190734867 29.595000267028812 16.82499980926514 8.9355483055114764 32.725000381469734 -11.162656784057615 3.5000000000000004 9.5000000000000018 29.045000076293949 2.5000000000000004
decision_type=2 2 10 2 8 2 2 8 10 10 2 2 10 2 10 10 10 2 2 2 8 8 2 8 10 8 8 10 8 10 10 8 2 8 8 8 2 10 8 2 2 2 8 8 10 8 8 10 10 8 10 2 10 10 8 8 10 10 2 2 10 2
left_child=6 2 -2 4 18 -6 51 -8 10 14 -9 -12 60 17 22 16 -11 -10 -3 20 -20 -18 25 -24 30 31 33 53 -26 -14 -25 32 -4 34 59 -36 45 38 -38 41 49 44 -43 -42 -40 46 47 54 57 -41 -7 52 -1 55 -35 -28 -34 -39 -21 -27 -5 -52
right_child=1 3 9 12 5 50 7 8 13 15 11 -13 29 -15 -16 -17 21 -19 19 58 -22 -23 23 24 28 26 27 -29 -30 -31 -32 -33 56 36 35 -37 37 48 39 40 43 42 -44 -45 -46 -47 -48 -49 -50 -51 61 -53 -54 -55 -56 -57 -58 -59 -60 -61 -62 -63
leaf_value=0.019423155019467533 0.106380963011916 0.022430157085528327 0.16157686885797454 -0.046487664435665516 -0.089771468881963037 0.055587851610828853 -0.059931364627465414 -0.06223460921649783 0.037805095103384374 -0.0089042580256696782 0.038068604007829521 -0.062426734816672096 0.011658485286157351 0.060572451434049934 0.7928209302467959 0.075621575225308671 -0.22947222514537305 -0.037452920585407175 0.71912023703646821 -0.044790709936665334 0.18652287163021933 0.58247763498833305 -0.27731006342480391 0.020741248111381144 0.049559649839581214 0.090049426633639393 0.055682462479430629 -0.12810374065631566 -0.29159566266501508 -0.050108095650064979 0.29952805778641695 -0.098966805419136938 0.38446149087483433 -0.035178871031593471 0.35418274860126903 1.1874685078317471 0.88454051864000016 -0.2129542003173214 -0.15211536031169426 0.12096854113074665 -0.67653115119748908 0.24821436720691167 0.79626850565202045 -0.069300070974267894 0.68153120929100475 -0.1356683700633653 -0.076590753963818065 -0.18869735334277216 0.58209873566229364 0.51858036929452922 -0.053801173521333845 -0.012711867517604711 0.1270503201929202 0.32716472571047167 0.20983685497299601 0.35800280011339392 1.0370223951898516 0.0067391266381262964 0.12247647235747933 -0.13193827588441528 -0.1435554914083203 0.018649129533031758
leaf_weight=14615 20766 9456 982 13160 5876 9966 31335 27431 10366 14214 18285 17974 25190 10341 70 4665 1460 18655 153 1603 2507 57 673 1060 479 7221 1525 396 711 13026 680 284 380 681 313 55 81 633 238 2306 103 196 274 863 61 2212 2410 482 88 213 8405 26412 3467 1042 1673 394 80 6146 2468 592 3610 11574
leaf_count=14615 20766 9456 982 13160 5876 9966 31335 27431 10366 14214 18285 17974 25190 10341 70 4665 1460 18655 153 1603 2507 57 673 1060 479 7221 1525 396 711 13026 680 284 380 681 313 55 81 633 238 2306 103 196 274 863 61 2212 2410 482 88 213 8405 26412 3467 1042 1673 394 80 6146 2468 592 3610 11574
internal_value=-1.54076e-12 0.0179746 0.0518713 -0.00634331 0.0155812 -0.00585864 -0.0184642 -0.0274692 -0.0175984 0.0316554 -0.0334924 -0.0117481 -0.0270804 0.00811908 0.0519172 -0.00370753 -0.0272324 -0.0105715 0.0630265 0.120058 0.217157 -0.198964 0.0504574 -0.0401194 0.0143616 0.0606801 0.0522396 0.153752 -0.154273 -0.00939478 0.129692 0.208354 0.26888 0.0395435 0.0914692 0.478723 0.016778 0.0501349 0.139277 0.125087 0.0745832 0.353963 0.567718 -0.134046 0.0179597 -0.0333245 0.00982928 0.083268 -0.00613902 0.15459 0.0106073 0.00873392 0.0400593 0.191447 0.138955 0.117753 0.49795 -0.0137751 0.0566132 0.0732292 -0.067383 -0.0118301
internal_weight=362634 183753 76759 106994 52008 35821 178881 134387 103052 55993 63690 36259 54986 39362 35597 20396 15731 29021 16187 6731 2660 1517 35527 3603 2930 31924 30198 3357 1190 38216 1740 1726 1442 26841 8181 368 18660 11202 4335 4254 3485 769 470 966 299 7458 5246 2836 6867 2519 29945 44494 18082 2961 2354 1919 460 6779 4071 7813 16770 19979
internal_count=362634 183753 76759 106994 52008 35821 178881 134387 103052 55993 63690 36259 54986 39362 35597 20396 15731 29021 16187 6731 2660 1517 35527 3603 2930 31924 30198 3357 1190 38216 1740 1726 1442 26841 8181 368 18660 11202 4335 4254 3485 769 470 966 299 7458 5246 2836 6867 2519 29945 44494 18082 2961 2354 1919 460 6779 4071 7813 16770 19979
is_linear=0
shrinkage=0.05


Tree=71
num_leaves=63
num_cat=0
split_feature=0 30 50 50 51 15 30 50 50 44 5 37 41 37 51 0 38 9 33 37 44 47 51 6 37 30 50 50 44 9 49 9 51 6 51 30 9 50 31 37 37 0 14 3 49 0 14 9 6 51 51 14 37 30 9 20 5 41 15 50 31 23
split_gain=43657.2 21878.5 32630.8 23801.9 29521.5 35685.3 25745.8 61752.1 23513.1 26357.6 23641.8 21399.3 21189 26614.4 20758.5 20322.5 20321 19696.9 19514.3 20869 18841.5 18700.5 17720.9 18715.2 19001.9 28342.1 16672 32701 19765.6 24976.2 19394 16636.5 15949.2 15727.1 15584.4 16013.9 15204.1 16198.4 22090.5 15156.4 14835 19989.7 19704 14513.4 14459.7 14141.6 15941.2 14915.9 13804.5 13758.8 18571 19557.5 13980.3 17942.8 13636.9 13633.1 13307.1 13238.7 20114 13110 13044.3 12944.6
threshold=26.050000190734867 7.6649999618530282 1.5000000000000002 9.5000000000000018 4.5000000000000009 0.65950000286102306 17.714999198913578 10.500000000000002 11.500000000000002 26.035000801086429 50.149999618530281 21.835000038146976 -8.028378486633299 27.765000343322757 1.0000000180025095e-35 59.149999618530281 81.005001068115249 19.714999198913578 2.1843458414077763 37.225000381469734 17.375000000000004 -13.455554008483885 1.0000000180025095e-35 39.100000381469734 24.945000648498539 16.564999580383304 10.500000000000002 11.500000000000002 26.105000495910648 22.345000267028812 6.5000000000000009 32.664999008178718 5.5000000000000009 64.500000000000014 5.5000000000000009 23.744999885559086 7.1250000000000009 6.5000000000000009 26.994999885559086 25.585000038146976 16.154999732971195 35.100000381469734 29.849999427795414 11.09999990463257 11.500000000000002 6.0499999523162851 30.750000000000004 8.3150000572204608 50.049999237060554 1.5000000000000002 4.5000000000000009 33.715000152587898 15.715000152587892 9.3249998092651385 13.50500011444092 0.5234256684780122 3.2000000476837163 8.2533559799194354 0.036499999463558204 2.5000000000000004 12.00500011444092 17.48499965667725
decision_type=10 8 2 2 2 10 10 2 2 10 10 10 10 10 2 10 8 8 10 10 10 8 2 8 10 8 2 2 8 10 2 10 2 10 2 10 8 2 10 10 8 10 10 10 2 10 10 10 10 2 2 10 8 8 8 10 10 10 10 2 10 8
left_child=36 -2 16 18 5 6 7 40 9 10 -9 20 13 -8 -15 39 -3 -11 19 21 -10 43 -13 -24 -25 -26 30 28 34 32 -6 -29 -30 61 -28 -36 -1 38 44 -12 41 -5 -42 -4 -38 47 -47 -39 -44 59 51 -51 53 -52 -23 -56 57 58 -49 -40 -14 -32
right_child=1 2 3 4 26 -7 12 8 11 17 15 22 60 14 -16 -17 -18 -19 -20 -21 -22 54 23 24 25 -27 27 31 29 -31 33 -33 -34 -35 35 -37 37 45 49 -41 42 -43 48 -45 -46 46 -48 56 -50 50 52 -53 -54 -55 55 -57 -58 -59 -60 -61 -62 -63
leaf_value=-0.095701106621718837 0.16935636909846233 -0.020477614409805903 0.19073913392292996 0.32689002892074659 0.10738712689619408 0.48738640357249929 -0.016020810726025191 -0.10733048830556985 0.14671741716679196 0.12179540482231942 0.28871125961927807 -0.15474872576174128 0.27964964734055686 -0.19252275120368045 0.56957731360539066 0.79942721400942129 -0.19040224144286322 -0.75735474130561375 0.09457921239867087 -0.088052213284241065 -0.13307777914307511 -0.096264170710152058 0.13204884208111328 0.24169380502447338 1.1974760106655473 0.17768214279277761 0.023378220330981164 -0.17537399010359034 0.72179254150839267 -0.48972870171663985 -0.634732659744905 0.7374394524331187 -0.13717959245464714 0.048046047548237054 0.26226150656983144 1.0571462493170711 0.01935057282980197 0.043993843684719369 -0.088716059972460667 -0.60403478091413332 0.18190550910549491 1.2714466787347891 0.46034036070584911 0.060713987609589938 0.13129382867858083 -0.027597590032190669 0.020582135815374651 -0.103559124888188 1.2433385780598556 0.006095652717450115 0.13815662566269146 0.087080821942609063 -0.0062483013566710351 -0.13420651729738206 0.045019488222970867 0.002047599279696308 -0.048833284602793819 0.39989213453918959 -0.35196369993106069 -0.011373078184537578 -0.082361212125129035 -0.22019153289355697
leaf_weight=5583 2447 4844 2618 129 576 397 1140 2167 1137 87 170 239 256 113 427 140 2763 238 12177 3762 1278 2351 659 301 179 110 832 2348 93 276 201 51 129 529 929 68 6735 3255 8227 66 937 99 258 11907 5046 65820 23227 4697 72 26390 694 10390 16246 4699 41775 33067 17900 113 986 16403 8896 2985
leaf_count=5583 2447 4844 2618 129 576 397 1140 2167 1137 87 170 239 256 113 427 140 2763 238 12177 3762 1278 2351 659 301 179 110 832 2348 93 276 201 51 129 529 929 68 6735 3255 8227 66 937 99 258 11907 5046 65820 23227 4697 72 26390 694 10390 16246 4699 41775 33067 17900 113 986 16403 8896 2985
internal_value=-2.89515e-11 0.0211055 0.0185823 0.0242123 -0.016408 0.0181935 0.0084401 0.0748964 0.0106805 -0.0980143 -0.0438265 0.0905515 -0.0422733 0.120947 0.410101 0.322166 -0.0821973 -0.522013 0.0349703 0.0273681 -0.00134812 0.0321023 0.239703 0.315183 0.519734 0.809319 -0.0912174 -0.0264337 0.107109 -0.172158 -0.162569 -0.155969 0.22266 -0.204424 0.183148 0.316476 -0.0142604 -0.0121038 0.00322454 0.039045 0.365736 0.737026 0.298922 0.0841498 0.0672977 -0.0246349 -0.0150304 -0.0563683 0.631176 -0.00586463 0.00734981 0.0289732 -0.0294037 -0.0991574 0.0223088 0.0260335 -0.0701545 -0.136002 -0.146657 -0.0372075 -0.072235 -0.246344
internal_weight=362634 146223 143776 136169 28512 19495 19098 8266 6771 2868 2543 3903 10832 1680 540 376 7607 325 107657 95480 2415 91718 1488 1249 590 289 9017 4726 2327 498 4291 2399 222 3715 1829 997 216411 210828 94830 236 1495 228 1267 14525 11781 115998 89047 26951 330 83049 58419 36780 21639 5393 77193 74842 23696 5796 5683 24630 9152 3186
internal_count=362634 146223 143776 136169 28512 19495 19098 8266 6771 2868 2543 3903 10832 1680 540 376 7607 325 107657 95480 2415 91718 1488 1249 590 289 9017 4726 2327 498 4291 2399 222 3715 1829 997 216411 210828 94830 236 1495 228 1267 14525 11781 115998 89047 26951 330 83049 58419 36780 21639 5393 77193 74842 23696 5796 5683 24630 9152 3186
is_linear=0
shrinkage=0.05


Tree=72
num_leaves=63
num_cat=0
split_feature=5 42 47 13 44 9 12 14 4 17 5 33 4 37 2 9 51 37 33 44 44 34 44 44 6 19 9 37 5 0 31 51 23 37 15 42 15 22 23 5 15 46 10 0 35 5 12 51 6 14 51 51 37 44 0 5 32 33 22 38 31 12
split_gain=40176.7 21443.4 16493.5 20738.3 20080.2 16279.5 13047.4 12658.4 13545.6 12667.5 12341.2 11880.9 11345.1 11821.5 18808.2 11147.7 15202 11178.6 10982.1 10866.5 10637.7 10502.8 10421.7 10330 9887.04 9818.21 9812.59 11756.1 16435.5 9649.85 10175.2 9478.23 11138.8 9381.81 9218.89 8925.48 8826.01 8822.68 9114.37 8797.16 8589.62 8471.32 10004.9 9203.21 9474.68 8453.51 8225.54 8215.36 7985.98 7956.55 8152.44 8766.79 7868.34 7820.69 7781.63 8750.19 7691.07 7688.16 7645.62 10449.3 7630.21 7535.11
threshold=25.050000190734867 36.250000000000007 -12.699152469635008 0.67943471670150768 26.954999923706058 7.1250000000000009 -11.157250404357908 24.44999980926514 16.10000038146973 20.994999885559086 5.0499999523162851 -11.357217311859129 47.250000000000007 33.475000381469734 82.500000000000014 14.944999694824221 3.5000000000000004 15.574999809265138 1.1370323300361636 18.015000343322757 30.664999961853031 -8.0296559333801252 39.18499946594239 27.724999427795414 47.299999237060554 15.067164897918703 39.295000076293952 35.694999694824226 107.50000000000001 8.0500001907348651 17.005000114440922 4.5000000000000009 11.545000076293947 15.25500011444092 0.63850000500679027 17.44999980926514 0.0054999999701976785 0.050499999895691879 21.894999504089359 75.500000000000014 0.056500000879168517 39.004999160766609 120.00500106811525 51.100000381469734 5.5499999523162851 5.0499999523162851 -1.9786821603775022 4.5000000000000009 96.500000000000014 37.250000000000007 4.5000000000000009 1.0000000180025095e-35 30.105000495910648 32.495000839233406 92.500000000000014 96.500000000000014 24.664999961853031 7.979816436767579 0.085500001907348647 59.995000839233406 82.005001068115249 -12.027481555938719
decision_type=10 10 8 10 8 8 8 8 10 8 8 8 8 10 8 8 2 10 10 10 8 10 10 10 8 8 10 10 10 10 10 2 8 8 10 8 8 8 8 8 10 10 8 10 8 10 8 2 10 10 2 2 10 10 10 10 10 10 10 8 10 10
left_child=5 2 6 4 54 47 26 9 35 -6 23 -12 29 57 -15 16 17 -3 20 -17 21 24 49 -7 -11 -22 27 28 41 45 33 32 36 -31 -10 -9 -18 -35 -39 -29 -19 43 -43 -2 -45 52 -42 -1 -32 -5 51 -51 -13 60 55 58 -28 -14 -4 -60 -21 -36
right_child=1 15 3 22 7 10 -8 8 34 18 11 12 13 14 -16 19 31 40 -20 53 25 -23 -24 -25 -26 -27 56 39 -30 30 48 -33 -34 37 61 -37 -38 38 -40 -41 46 42 -44 44 -46 -47 -48 -49 -50 50 -52 -53 -54 -55 -56 -57 -58 -59 59 -61 -62 -63
leaf_value=-0.048589091455091417 0.0039868470696966694 -0.050587720168086714 -0.01361617343194477 -0.009584725110969132 0.27037428243817568 -0.039541686745334627 0.11328852681962889 0.14806342546614767 0.12920047126357484 0.078675412082028662 -0.036638326113241484 -0.10055534872459844 0.020838488040863246 -0.05604987750886431 0.84464017208830444 0.078431376389908283 -0.054131449916296537 -0.22498865612186006 0.12474371509172882 -0.072852550307974995 0.0052756782231224196 0.032303885021616394 -0.23067484950133804 -0.23768088458995915 0.32011517107027815 -0.14626182098524873 0.071405464436038069 -0.052611735602840784 0.81697677792846302 -0.053213140371329543 -0.0048946920611179327 -0.11350919230369715 -0.050663677017452814 0.028691364777964707 0.68395049312785894 -0.0068561889387568839 0.53896320629842431 0.30780305392316332 0.091572346767021584 -0.40607710048336121 -0.74935546150925214 0.31563826116044891 -0.4290887945890427 -0.35856411641294311 0.11237199262150087 -0.024683679848126847 -0.25262882798717456 -0.17765717592628277 0.5977870486541228 -0.065070390709755441 -0.10854598208210127 0.14553207734180199 -0.57316588092963783 0.1027865533255755 -0.32730942583794514 0.42911007487695785 0.86581982752633468 0.23249721594342809 0.075433179549772966 -0.013085656587284535 0.023949103415100093 0.24577287767017478
leaf_weight=2933 7970 530 17453 44840 585 24445 8656 1301 6697 1100 29182 2733 26846 119 113 2584 90 612 2902 7757 9525 5499 512 676 690 1204 59 1325 69 1234 88340 976 375 1956 119 3258 207 808 1228 203 196 460 50 110 3674 25907 145 2127 55 626 549 2346 91 944 172 124 63 436 7573 5956 2760 559
leaf_count=2933 7970 530 17453 44840 585 24445 8656 1301 6697 1100 29182 2733 26846 119 113 2584 90 612 2902 7757 9525 5499 512 676 690 1204 59 1325 69 1234 88340 976 375 1956 119 3258 207 808 1228 203 196 460 50 110 3674 25907 145 2127 55 626 549 2346 91 944 172 124 63 436 7573 5956 2760 559
internal_value=-2.74e-11 0.0194363 0.0260741 0.0183071 0.0368729 -0.0142505 0.0650444 0.0638091 0.105105 0.0408923 -0.0120549 -0.00745035 -0.00176685 0.0272433 0.382648 -0.0332103 -0.118524 -0.234666 0.0344751 -0.0141916 0.0199363 0.0665471 -0.00627733 -0.0448736 0.171744 -0.0117297 0.0351794 0.0312499 0.0474579 -0.00829054 -0.000511721 -0.0140111 0.130498 0.0672811 0.146987 0.0373532 0.359238 0.104528 0.177385 -0.0995708 -0.337039 0.0431284 0.242626 0.0344723 0.098682 -0.0336381 -0.538137 -0.102844 -0.0045197 -0.00390163 0.0684727 0.101172 -0.115785 -0.0350744 0.00807554 0.00993004 0.481636 0.0242211 0.00825235 0.0364637 -0.0474487 0.32268
internal_weight=362634 153405 136229 113590 64717 209229 22639 33439 11934 21505 204169 179048 149866 27514 232 17176 3131 1483 20920 14045 18018 7289 48873 25121 1790 10729 13983 13861 12333 122352 93621 1648 672 5226 7375 4559 297 3992 2036 1528 953 12264 510 11754 3784 28731 341 5060 88395 48361 3521 2972 2824 11461 31278 31106 122 27282 30982 13529 10517 678
internal_count=362634 153405 136229 113590 64717 209229 22639 33439 11934 21505 204169 179048 149866 27514 232 17176 3131 1483 20920 14045 18018 7289 48873 25121 1790 10729 13983 13861 12333 122352 93621 1648 672 5226 7375 4559 297 3992 2036 1528 953 12264 510 11754 3784 28731 341 5060 88395 48361 3521 2972 2824 11461 31278 31106 122 27282 30982 13529 10517 678
is_linear=0
shrinkage=0.05


Tree=73
num_leaves=63
num_cat=0
split_feature=49 49 8 45 23 30 9 7 50 30 6 29 9 45 49 10 51 51 44 47 30 30 50 9 4 13 0 50 6 37 44 50 50 37 6 10 51 44 27 5 50 51 9 27 50 25 46 51 45 51 30 51 49 9 4 4 37 44 51 43 30 37
split_gain=36932.4 52082.5 25238.3 27206.1 18033.5 25087 24659.7 21055.4 19822.3 17612.1 16726.3 16575.4 15581.3 20391.5 15329.8 15816.5 18888.2 31888.3 14716.2 14594.5 18924.7 14286.3 19238.1 16386.3 21217 19910.5 19262.5 15164.8 30512.4 15112 15109.1 16200.7 19038.6 51328.7 23851.8 22079.3 19626.6 16619 16831.3 15069.8 14257.7 15437.1 15774 14126.9 13041.1 13005.4 14655.4 12913.7 13922.3 12471.4 12336.4 12120.8 27043 14223.2 12058.8 12008.1 11974.6 14662.9 11802.2 11657.1 11564.9 11507.4
threshold=11.500000000000002 17.500000000000004 0.18249999731779101 54.995000839233406 20.814999580383304 17.845000267028812 20.025000572204593 30.44999980926514 10.500000000000002 14.114999771118166 29.10000038146973 0.024500000290572647 16.035000801086429 84.009998321533217 2.5000000000000004 52.995000839233406 4.5000000000000009 3.5000000000000004 26.035000801086429 -5.7340643405914298 16.015000343322757 8.9849996566772479 1.5000000000000002 29.954999923706058 29.050000190734867 6.3003430366516122 69.500000000000014 11.500000000000002 47.299999237060554 18.935000419616703 39.18499946594239 10.500000000000002 4.5000000000000009 19.925000190734867 84.500000000000014 70.005001068115249 5.5000000000000009 35.475000381469734 -7.2825374603271475 58.250000000000007 10.500000000000002 1.5000000000000002 30.445000648498539 1.0000000180025095e-35 10.500000000000002 14.394999980926515 27.775000572204593 3.5000000000000004 38.004999160766609 5.5000000000000009 14.784999847412111 5.5000000000000009 14.500000000000002 25.435000419616703 20.050000190734867 18.050000190734867 30.304999351501468 31.755000114440922 1.5000000000000002 0.17150000482797625 31.615000724792484 15.25500011444092
decision_type=2 2 10 10 10 10 8 10 2 10 8 8 8 10 2 10 2 2 8 8 10 8 2 8 10 8 8 2 8 8 10 2 2 8 10 8 2 10 10 8 2 2 10 10 2 10 10 2 8 2 8 2 2 10 10 10 8 8 2 8 10 10
left_child=14 2 3 4 5 8 7 59 19 -10 61 -6 13 -5 -1 -16 17 44 -15 -2 -21 29 -23 26 25 27 30 60 -29 -4 31 32 34 36 37 -35 58 38 50 -39 43 -42 -43 -3 -17 -14 -47 -26 -49 -22 -24 56 53 -53 -31 -54 -40 -58 -34 -7 -25 -11
right_child=1 40 21 12 11 6 -8 -9 9 10 -12 -13 45 18 15 16 -18 -19 -20 20 49 22 23 24 47 -27 -28 28 -30 54 -32 -33 33 35 -36 -37 -38 39 51 -41 41 42 -44 -45 -46 46 -48 48 -50 -51 -52 52 55 -55 -56 -57 57 -59 -60 -61 -62 -63
leaf_value=0.0092656820290852836 0.43274478669679817 0.022501634985170559 0.19868127944136196 0.065773907872941337 0.034392550439209926 0.1019650491842321 0.23764989489885707 1.3059940151306764 -0.074359481881363904 -0.062256412530267563 -0.095868105623755875 0.24056159666156068 0.14008200409659252 -0.072428820518071133 -0.039144779512446548 0.0054057766204987628 -0.053257027665121595 0.096384669143450549 -0.40406936959742956 0.22968441506487994 -0.013810967609728917 -0.084055711567397384 0.32863500732972861 0.0094932067377359458 0.27207797448764737 -0.077648084056996747 0.19962706839699462 -0.1656677073260554 0.8193630790382006 -0.27191610612042721 -0.51421258596718811 -0.013793420473989191 0.31494366653374906 0.051451348294003496 0.44702808259101884 0.20388614330236088 0.062736123257169596 0.18470766931658966 -0.034603739168984196 1.0052477453065956 -0.13478072947924916 -0.027883044926262132 0.79883047031431365 -0.020933076142154537 -0.074434491901221603 -0.060780813542185091 0.11101189927770985 0.41344930681552594 -0.082057107758729236 -0.93373567451690809 0.053901081739509561 0.057744238224565481 0.67172373526717555 -0.44807287232623372 0.34988445756847369 0.14866115701937396 -0.34451592927838603 0.085900989584827225 1.0753749673716098 0.76890308859939938 0.67759922366875869 0.64443522007417275
leaf_weight=44494 791 33149 2122 1500 3972 107 579 119 1173 74 194 1292 3813 879 78154 26306 14622 8956 540 1253 101 3930 525 18518 1115 7715 2101 147 169 331 121 8522 67 9154 318 3208 95 296 6415 69 4329 11142 58 43009 6349 2724 2281 177 712 58 1843 533 231 188 102 209 699 276 214 169 65 260
leaf_count=44494 791 33149 2122 1500 3972 107 579 119 1173 74 194 1292 3813 879 78154 26306 14622 8956 540 1253 101 3930 525 18518 1115 7715 2101 147 169 331 121 8522 67 9154 318 3208 95 296 6415 69 4329 11142 58 43009 6349 2724 2281 177 712 58 1843 533 231 188 102 209 699 276 214 169 65 260
internal_value=2.09599e-11 0.0157436 0.0423082 0.0891965 0.149177 0.218437 0.445449 0.750046 0.1618 0.0335827 0.273386 0.0849948 0.0373675 -0.0627617 -0.0161724 -0.0245947 -0.00437258 0.0128053 -0.198635 0.260801 0.164478 0.027692 0.0233075 0.0299311 0.0018529 -0.0099608 0.0528345 0.0176707 0.361137 0.143752 0.0434838 0.0455373 0.0663104 0.108513 0.0199751 0.0910089 0.68402 0.0079401 -0.00315409 0.339823 -0.0109308 -0.054595 -0.0236018 -0.00202742 -0.0101173 0.070513 0.0175127 0.158744 0.0165983 -0.349381 0.114811 -0.0358218 0.114365 -0.074147 -0.125441 0.423269 -0.0594169 -0.222675 0.894062 0.510344 0.0118301 0.487863
internal_weight=362634 183753 92066 21879 10142 4878 974 395 3904 1701 528 5264 11737 2919 178881 134387 56233 41611 1419 2203 1412 70187 67632 63702 28618 26614 35084 18899 316 2555 32983 32862 24340 12738 11602 12362 376 11284 10919 365 91687 15529 11200 76158 32655 8818 5005 2004 889 159 2368 8551 1161 721 433 440 7390 975 281 276 18583 334
internal_count=362634 183753 92066 21879 10142 4878 974 395 3904 1701 528 5264 11737 2919 178881 134387 56233 41611 1419 2203 1412 70187 67632 63702 28618 26614 35084 18899 316 2555 32983 32862 24340 12738 11602 12362 376 11284 10919 365 91687 15529 11200 76158 32655 8818 5005 2004 889 159 2368 8551 1161 721 433 440 7390 975 281 276 18583 334
is_linear=0
shrinkage=0.05


Tree=74
num_leaves=63
num_cat=0
split_feature=49 49 36 50 38 4 50 38 50 51 31 51 30 30 28 31 3 6 51 50 12 48 37 50 51 10 37 5 37 23 2 40 37 49 50 2 13 23 37 51 40 30 50 50 51 30 51 37 45 9 51 15 51 9 16 38 26 29 19 51 50 51
split_gain=33533.7 39694.7 26010.7 18446.1 20320.3 16622.5 16331.1 15023.8 16171.2 22629.1 16498 15640.9 15396.2 36033.1 15945.9 15347.2 14589.8 14542.3 16167.5 14313.7 14666.5 13922.5 18527.9 13480.5 13475.6 15578.8 13203.8 13117.5 23414.9 21260.1 20028.8 15663.2 15032.8 22195.3 20569.8 25839.6 24645.6 18976.3 15212.9 22571.9 14648.4 13688.4 13602.2 12998.8 17917.2 12890.8 14556.6 12828.8 12784.3 12757.9 12685.8 12669.1 12610.8 12289.9 12282.4 12191.8 12139.9 12099 11606.8 11567.7 11496.6 11229.2
threshold=10.500000000000002 17.500000000000004 0.19449999928474429 1.5000000000000002 62.995000839233406 43.250000000000007 5.5000000000000009 61.989999771118171 6.5000000000000009 4.5000000000000009 31.005000114440922 3.5000000000000004 21.704999923706058 13.375000000000002 30.849999427795414 41.004999160766609 44.049999237060554 33.100000381469734 1.0000000180025095e-35 2.5000000000000004 -0.99204325675964344 -9.1789231300353986 16.015000343322757 7.5000000000000009 4.5000000000000009 44.004999160766609 17.765000343322757 60.299999237060554 35.944999694824226 33.07500076293946 115.50000000000001 -11.775014400482176 29.634999275207523 13.500000000000002 5.5000000000000009 35.149999618530281 0.46885004639625555 19.675000190734867 34.835000991821296 3.5000000000000004 -14.117434501647947 30.73499965667725 8.5000000000000018 4.5000000000000009 3.5000000000000004 22.894999504089359 5.5000000000000009 20.244999885559086 58.98500061035157 9.8350000381469744 4.5000000000000009 0.31350000202655798 2.5000000000000004 24.744999885559086 24.845000267028812 60.010000228881843 -0.64473935961723317 0.22450000047683719 -14.312329292297362 1.5000000000000002 10.500000000000002 2.5000000000000004
decision_type=2 2 10 2 10 10 2 10 2 2 8 2 8 10 8 10 10 8 2 2 8 10 8 2 2 10 10 8 10 10 10 10 8 2 2 10 8 8 10 2 8 8 2 2 2 10 2 10 10 8 2 8 2 10 8 10 8 8 10 2 2 2
left_child=5 2 7 4 -4 53 19 8 11 12 -11 -2 13 60 17 21 61 18 47 -7 -21 22 -13 -8 -18 -26 51 30 31 41 32 -29 33 37 35 -34 -36 -5 -37 40 -40 54 43 -39 -45 46 -46 -15 -17 -6 56 -19 -20 -1 -30 -56 -44 -23 -33 -57 -10 -3
right_child=1 16 3 27 49 6 23 -9 9 10 -12 15 -14 14 -16 48 24 26 52 20 -22 57 -24 -25 25 -27 -28 28 29 -31 -32 58 34 -35 36 38 -38 42 39 -41 -42 -43 50 44 45 -47 -48 -49 -50 -51 -52 -53 -54 -55 55 59 -58 -59 -60 -61 -62 -63
leaf_value=-0.035782715374289689 0.093100050017246638 -0.054313860053800136 0.058864218608779439 -0.045504273842357723 -0.57149697933026722 -0.035946683549149282 -0.068599119524002647 0.026194470404383427 0.41591601551995733 -0.21418231202143542 0.029257877503564719 -0.25655308146624173 0.021107818287611119 -0.2867296989696721 0.10221464988275758 0.22822787352416204 0.031429508161855274 0.31423417024314404 0.79584116938095251 0.024349087813717391 0.12039522423944296 0.33715365709818201 0.28875873147709563 0.0059048673554045463 0.03316246962535075 -0.082504075952748501 0.12718861308304749 0.16930984657266449 0.4804483886063099 0.15866581234053534 0.82035424541923918 0.27568889067656249 -0.19265371756575253 0.087094425580477933 0.075406545870350797 -0.060684269687724827 -0.038644349449136743 -0.0046915406948748548 1.1109647060508159 -0.09992239783204146 0.31140512726234298 0.23408729487452018 -0.11063497141760947 0.050777133516395095 0.83344761631376041 0.19889522865920889 0.14764083350546434 0.48573427246622397 -0.10782173313397486 -0.13129007392931483 -0.20875142908965053 1.2890085462331773 0.39820695012604812 0.0044016595206641434 -0.076829738221061761 -0.74025277841518822 0.13196623741066035 0.91350920445596184 0.03443451396429844 -0.29803381539321161 -0.052994588732600538 -0.0074340680788673634
leaf_weight=89906 5195 22600 1720 10029 175 4783 8883 11051 142 1085 1941 235 3392 108 955 621 27861 100 378 10088 6559 1768 462 19182 5149 6698 785 4332 50 533 77 535 3221 12832 8212 1942 11193 2243 67 362 395 145 910 2360 185 1647 133 107 520 2767 785 50 422 24135 335 223 1190 96 7316 439 1645 29379
leaf_count=89906 5195 22600 1720 10029 175 4783 8883 11051 142 1085 1941 235 3392 108 955 621 27861 100 378 10088 6559 1768 462 19182 5149 6698 785 4332 50 533 77 535 3221 12832 8212 1942 11193 2243 67 362 395 145 910 2360 185 1647 133 107 520 2767 785 50 422 24135 335 223 1190 96 7316 439 1645 29379
internal_value=-7.92706e-12 0.01378 0.0344068 0.0187142 -0.0776588 -0.0167766 0.00742043 0.0729856 0.098831 0.0586043 -0.0580298 0.149064 0.102263 0.160932 0.269608 0.227597 -0.0103842 0.351587 0.482638 0.040288 0.0621917 0.295549 0.104902 -0.0176768 0.0124358 -0.0322325 0.209323 0.0249813 0.0685756 -0.103836 0.0144884 0.0929875 0.0134131 0.0360352 -0.015376 -0.0963953 0.00962084 0.00240454 0.0156974 0.195713 0.427359 -0.221213 0.0532326 0.0929835 0.143639 0.255168 0.546616 0.0977059 0.0750764 -0.157475 -0.0372644 0.639159 0.586089 -0.0272783 -0.284268 -0.322619 0.026839 0.366837 0.0508746 -0.446999 -0.0157336 -0.027817
internal_weight=362634 199098 107411 76353 4662 163536 49495 31058 20007 11110 3026 8897 8084 4692 2905 3702 91687 1950 1015 21430 16647 2561 697 28065 39708 11847 935 71691 13908 1725 57783 12183 57706 32314 25392 5987 19405 19482 2766 824 462 1192 9453 6568 4325 1965 318 215 1141 2942 2885 150 800 114041 1047 997 2100 1864 7851 662 1787 51979
internal_count=362634 199098 107411 76353 4662 163536 49495 31058 20007 11110 3026 8897 8084 4692 2905 3702 91687 1950 1015 21430 16647 2561 697 28065 39708 11847 935 71691 13908 1725 57783 12183 57706 32314 25392 5987 19405 19482 2766 824 462 1192 9453 6568 4325 1965 318 215 1141 2942 2885 150 800 114041 1047 997 2100 1864 7851 662 1787 51979
is_linear=0
shrinkage=0.05


Tree=75
num_leaves=63
num_cat=0
split_feature=5 50 15 47 51 50 50 51 38 30 16 51 37 20 1 10 20 16 6 6 51 30 6 30 51 10 1 10 38 16 35 51 5 30 51 2 23 37 9 30 20 9 9 18 50 45 42 5 23 16 46 37 38 5 42 51 50 51 9 7 30 50
split_gain=30701.2 20012.9 19841.2 19548.9 18174.2 18851.8 23218.5 67361.7 53793.5 52886.8 31619.8 30633.3 27659.3 24878.7 24690.5 24247.8 21406.1 21001.3 22909.4 19749.5 19564.8 42644.1 20152.2 25167.3 19138.2 19018 18838.2 17913 17801.2 16274.3 19308.9 15761.8 19483.6 15244.5 25042.1 19939.9 20350.9 18206.1 14390.9 17717.3 15067.9 14100.6 14041.4 13817.1 13722.1 13567.3 13420.4 13215.5 12941 12819.4 12570.5 12443.3 12157.8 12041.9 12891.6 12511.6 11904.7 22284.7 17362.3 12615.2 17476.3 27931
threshold=23.050000190734867 9.5000000000000018 0.65950000286102306 -13.455554008483885 5.5000000000000009 11.500000000000002 10.500000000000002 3.5000000000000004 57.004999160766609 19.545000076293949 23.105000495910648 3.5000000000000004 21.835000038146976 -7.8476343154907218 14.050000190734865 80.009998321533217 -9.2201609611511213 23.935000419616703 27.10000038146973 46.100000381469734 1.0000000180025095e-35 13.744999885559084 53.500000000000007 18.765000343322757 1.0000000180025095e-35 50.004999160766609 33.100000381469734 311.79499816894537 59.004999160766609 23.314999580383304 10.949999809265138 1.0000000180025095e-35 56.399999618530281 16.285000801086429 2.5000000000000004 47.250000000000007 26.595000267028812 25.064999580383304 12.744999885559084 8.6050000190734881 0.62780857086181652 18.835000038146976 7.1250000000000009 24.654999732971195 10.500000000000002 26.010000228881839 49.250000000000007 77.500000000000014 17.48499965667725 28.595000267028812 46.98500061035157 26.494999885559086 22.994999885559086 79.500000000000014 17.849999427795414 4.5000000000000009 2.5000000000000004 2.5000000000000004 18.494999885559086 20.750000000000004 22.664999961853031 5.5000000000000009
decision_type=10 2 10 8 2 2 2 2 10 10 8 2 10 10 10 8 10 10 8 10 2 8 10 10 2 8 10 8 8 10 10 2 10 8 2 8 10 10 8 8 10 10 8 10 2 8 8 10 8 10 10 10 8 10 10 2 2 2 8 8 8 2
left_child=42 3 4 -2 5 6 9 8 20 11 -10 15 -9 -13 19 -3 31 52 -19 -14 21 46 -23 -24 -12 -20 -18 44 49 41 -31 -11 -33 37 35 36 -35 -27 50 -40 56 -22 -1 -39 48 -43 -8 -15 -6 -16 -5 -30 -7 55 -55 -4 57 58 -41 60 61 -58
right_child=1 2 53 38 27 17 7 12 10 16 24 13 14 47 28 -17 26 18 25 -21 29 22 23 -25 -26 33 -28 -29 51 30 -32 32 -34 34 -36 -37 -38 43 39 40 -42 45 -44 -45 -46 -47 -48 -49 -50 -51 -52 -53 -54 54 -56 -57 59 -59 -60 -61 -62 -63
leaf_value=-0.097796663055568861 0.071189238750734324 0.20674967077005851 0.32885492661693472 -0.038106928521301597 -0.53660085710700245 0.29143959782632217 -0.66371236171965542 -0.061802692312120024 -0.19785148385774345 -0.2032667136570411 -0.22820626544849121 0.42653023657246919 0.13035381572054966 -0.19789874955597173 0.53389045101938248 0.62492407274352157 -0.021371322804076054 -0.10386857532695229 0.71447102940479013 -0.85941327897210928 -0.17239077216860985 0.19362857607771378 1.7437483287155631 0.157328672349453 -0.69561435465830612 0.20001085091284232 -0.18463547376121833 0.44303167189100867 0.43209205747555246 0.083300574560617582 -0.53830417613278125 0.11677747004334851 0.66841499257035819 0.33866588930839198 -0.085888418251954576 -0.28096566531393263 1.281773526812422 0.46657430713845272 0.18950433220896573 0.058413601576099518 -0.0040351044214953979 0.53777965440408049 -0.011427747455683942 1.3349350984184407 -0.049135674352903669 -0.0018795361959326299 0.25694163267314435 0.6016913270950317 -0.17211279888440933 1.3547504532668326 -0.29463017770985389 -0.02669714204617776 -0.010923994196879521 1.2071488168504505 0.13190501201152802 -0.21783918231284538 0.041958251408351493 0.053990601677309881 -0.16881041855773801 0.072445376416701554 0.0010218628455036199 0.2733273676512451
leaf_weight=4826 19065 1806 336 4828 277 354 190 980 1250 268 303 236 168 855 399 429 4421 510 218 72 1431 729 50 50 790 304 2943 142 313 174 443 786 201 167 633 72 87 111 1528 1172 45120 137 188981 78 2653 777 50 55 2015 54 530 280 5463 63 50 152 7412 4759 2974 21395 24136 1583
leaf_count=4826 19065 1806 336 4828 277 354 190 980 1250 268 303 236 168 855 399 429 4421 510 218 72 1431 729 50 50 790 304 2943 142 313 174 443 786 201 167 633 72 87 111 1528 1172 45120 137 188981 78 2653 777 50 55 2015 54 530 280 5463 63 50 152 7412 4759 2974 21395 24136 1583
internal_value=1.64584e-11 0.0155875 -0.0184897 0.024284 -0.0235644 -0.00809424 -0.033346 -0.095844 -0.179086 0.0116526 -0.36961 0.179247 0.138307 -0.030933 0.290801 0.287017 -0.05409 0.0570797 0.189438 -0.166576 -0.0683452 0.115015 0.284933 0.950539 -0.56604 0.27901 -0.0866193 -0.110653 0.395744 -0.134521 -0.363006 0.136783 0.229117 0.213631 0.0974709 0.453503 0.661699 0.43959 0.0165374 0.0204323 0.0180523 -0.0744033 -0.0135784 0.824945 -0.126553 0.0790103 -0.471909 -0.149572 -0.216163 0.631741 -0.0634816 0.215463 0.00747668 0.266272 0.731377 0.158573 0.0337637 -0.0198361 -0.104578 0.0425174 0.0231908 0.0826761
internal_weight=362634 168827 34325 134502 33724 28637 20640 8640 6374 12000 2343 3381 2266 1146 1286 2235 8619 7997 2180 240 4031 1069 829 100 1093 1670 7364 5087 1046 2962 617 1255 987 1452 959 326 254 493 115437 110079 108551 2345 193807 189 4945 914 240 910 2292 453 5358 593 5817 601 113 488 63431 8905 4146 54526 33131 8995
internal_count=362634 168827 34325 134502 33724 28637 20640 8640 6374 12000 2343 3381 2266 1146 1286 2235 8619 7997 2180 240 4031 1069 829 100 1093 1670 7364 5087 1046 2962 617 1255 987 1452 959 326 254 493 115437 110079 108551 2345 193807 189 4945 914 240 910 2292 453 5358 593 5817 601 113 488 63431 8905 4146 54526 33131 8995
is_linear=0
shrinkage=0.05


Tree=76
num_leaves=63
num_cat=0
split_feature=0 51 51 30 0 45 37 9 30 15 15 15 38 3 28 5 16 44 16 16 5 11 3 44 11 4 51 5 9 39 11 22 30 26 37 30 30 37 38 46 31 44 44 36 18 28 35 14 7 11 37 28 35 14 37 7 51 7 44 37 9 48
split_gain=29119.2 16515.7 35883.6 54591.4 28485.9 23705.3 23688.9 24853.8 24991 23091.8 18450.6 18002.6 15950.5 19008.3 16349.5 15464.7 22117.7 14492.3 27282.6 14591.5 17133.4 14380.8 17222.5 14358.8 13528.3 12181.7 23924.3 31189.1 19836.6 13322.1 12614.7 11913.3 11655.8 11551.3 13512.6 11227.4 12025.8 13006.6 11454.5 19996.7 16678.3 14077 11212.8 15573.3 18177.1 15507.4 12676.7 11142.3 11002.9 10998.3 13910.3 10692.3 10629.1 10527.9 10260.7 11459.6 10165.3 13525.8 16289.2 14595.6 12975.9 10147.4
threshold=17.35000038146973 4.5000000000000009 3.5000000000000004 23.464999198913578 53.049999237060554 49.995000839233406 37.68499946594239 39.295000076293952 27.054999351501468 0.56949999928474437 0.61050000786781322 0.012500000186264517 101.00500106811525 8.0500001907348651 22.349999427795414 66.500000000000014 20.035000801086429 35.045000076293952 25.964999198913578 11.84500026702881 41.100000381469734 15.944999694824221 10.050000190734865 20.744999885559086 40.664999008178718 29.050000190734867 1.5000000000000002 71.500000000000014 32.014999389648445 27.795000076293949 15.00500011444092 0.040500000119209296 24.224999427795414 15.129213809967043 30.105000495910648 19.644999504089359 9.6649999618530291 15.25500011444092 87.020000457763686 34.004999160766609 32.995000839233406 22.48499965667725 34.315000534057624 0.47249999642372137 31.005000114440922 21.349999427795414 14.144999980926515 5.4500000476837167 15.150000095367433 20.904999732971195 25.32499980926514 9.9499998092651385 25.94999980926514 23.650000572204593 21.494999885559086 27.44999980926514 1.0000000180025095e-35 37.549999237060554 14.585000038146974 21.314999580383304 21.865000724792484 4.6691291332244882
decision_type=10 2 2 8 10 10 10 10 10 8 10 10 10 8 10 10 10 10 8 8 10 8 10 10 10 10 2 8 10 8 10 10 10 10 10 10 10 8 10 10 10 10 10 8 10 10 8 8 8 10 10 10 8 8 8 10 2 8 8 10 8 8
left_child=21 2 4 11 12 10 7 15 -9 48 -3 -4 13 14 -2 24 -17 19 -19 20 -13 22 31 -18 -7 29 28 -28 54 30 -6 -1 47 34 35 36 -21 -38 39 41 -41 49 43 -34 52 -44 -46 -31 -5 -37 -51 61 -45 -30 -27 -56 60 59 -59 -58 -23 -43
right_child=1 5 3 9 25 6 -8 8 -10 -11 -12 17 -14 -15 -16 16 23 18 -20 33 -22 56 -24 -25 -26 26 27 -29 53 32 -32 -33 42 -35 -36 38 37 -39 -40 40 -42 51 45 44 46 -47 -48 -49 -50 50 -52 -53 -54 -55 55 -57 57 58 -60 -61 -62 -63
leaf_value=-0.068956963711731961 0.11506103184873342 0.013230249361084669 0.045350466172358044 -0.0098127649929693819 0.10348620932478632 -0.032353697561739128 -0.34210646931858363 0.0024608332121914085 1.5469700559824706 -0.13544707437734488 0.16049713994346082 0.3058079321785564 -0.065645882341333214 -0.0027635484794365432 -0.018403747584290406 0.58348098457036979 0.72807864977701298 1.0557130026997943 0.16402450618106035 0.34260041476483205 1.208694530330729 -0.091718831867168504 -0.022569093494061054 0.018517918034460366 -0.15849948428954438 -0.64871949247188043 0.20393471413183037 0.84766173690165347 0.14792838022112847 0.57697695326805121 -0.020780583282136389 -0.20047533538762644 0.054421502853846587 0.78908173724253117 -0.0010683072177443027 0.2617212606112248 -0.18778985893875361 0.11926603311351053 0.0063708820248439442 1.37952244099887 0.45604869496805228 0.53281318821762447 -0.06089582620333861 0.36981427779472537 1.2515093337744476 0.38832810143406582 0.53723462810951539 0.039783050413787865 0.081109312001368866 0.48275895521234446 1.3825345544587999 0.099884968160578472 -0.35165352134919559 0.85287309955948831 -0.14532705590636893 0.61162694065408285 0.01447450728114595 -0.030284810605714502 0.037985577566491693 -0.047949487250173041 0.006132216662541338 0.091544289877286786
leaf_weight=9864 6703 25309 3816 7464 2981 32521 619 55 50 2475 2322 672 8770 87833 3489 210 74 132 245 546 57 7307 35707 1953 2274 90 1077 228 165 100 6485 2086 326 69 1446 232 375 4294 438 68 174 338 577 313 96 288 176 2780 6004 135 63 1305 61 78 550 55 16285 12044 31823 22033 6317 212
leaf_count=9864 6703 25309 3816 7464 2981 32521 619 55 50 2475 2322 672 8770 87833 3489 210 74 132 245 546 57 7307 35707 1953 2274 90 1077 228 165 100 6485 2086 326 69 1446 232 375 4294 438 68 174 338 577 313 96 288 176 2780 6004 135 63 1305 61 78 550 55 16285 12044 31823 22033 6317 212
internal_value=-2.4544e-11 0.0114633 0.0204134 0.0689123 0.00838515 -0.00958584 -0.0353403 -0.0302271 0.737941 0.00492419 0.025606 0.138705 -0.00104314 0.00473668 0.0693724 -0.0324052 0.0950265 0.171688 0.476234 0.160673 0.376404 -0.0175122 -0.0399576 0.044422 -0.0405979 0.069684 0.177959 0.316402 -0.0146512 0.0525606 0.0183531 -0.0919149 0.121208 0.144452 0.139831 0.164738 0.120569 0.0946042 0.242425 0.28334 0.715537 0.237567 0.21962 0.336153 0.478327 0.0886724 0.789332 0.0584356 0.0307201 0.495329 0.769051 0.177816 0.252142 0.374207 -0.150612 -0.0765131 -0.00634743 0.000283641 0.0192415 -0.0214195 -0.0463485 0.362724
internal_weight=362634 219168 153781 30560 123221 65387 37756 37137 105 15943 27631 14617 106795 98025 10192 37032 2237 10801 377 10424 729 143466 47657 2027 34795 16426 2243 1305 938 14183 9466 11950 4717 9695 9626 8180 5215 4669 2965 2527 242 2285 1837 972 646 865 272 2880 13468 430 198 1855 374 243 695 605 95809 82185 43867 38318 13624 550
internal_count=362634 219168 153781 30560 123221 65387 37756 37137 105 15943 27631 14617 106795 98025 10192 37032 2237 10801 377 10424 729 143466 47657 2027 34795 16426 2243 1305 938 14183 9466 11950 4717 9695 9626 8180 5215 4669 2965 2527 242 2285 1837 972 646 865 272 2880 13468 430 198 1855 374 243 695 605 95809 82185 43867 38318 13624 550
is_linear=0
shrinkage=0.05


Tree=77
num_leaves=63
num_cat=0
split_feature=49 49 49 4 50 51 15 36 49 0 30 50 23 50 24 41 51 6 49 50 10 50 23 45 37 49 47 5 47 37 51 36 6 19 4 14 50 49 40 30 30 16 3 37 41 1 5 51 22 30 16 30 37 50 30 19 35 1 49 16 35 50
split_gain=27205.1 31041.7 28205.1 22296.3 22233.6 40941.9 31972.6 24348 19778 19469.9 18136.4 45067.7 31142.9 22946 17361.2 15591.1 15376.5 15832.1 15372 14855 14553.4 14128.1 15447.4 14043.4 14352.9 19461.4 13593 13580.1 13484.3 13268.2 13261.5 12838.5 12587.8 12295.8 11998.4 11670.1 22265 19456.7 13707.1 12282 11615 12279.9 11590.1 11749.3 10973.5 10867.9 10744.2 10700.1 10690 10687.6 15915.1 11227.5 18391.5 19158.5 16727.9 15503.1 21210.9 14923.8 14459.9 13209.9 15788.3 13739.9
threshold=8.5000000000000018 5.5000000000000009 19.500000000000004 17.149999618530277 9.5000000000000018 4.5000000000000009 0.61950001120567333 0.18349999934434894 11.500000000000002 17.35000038146973 19.755000114440922 10.500000000000002 15.684999942779543 11.500000000000002 74.009998321533217 -8.2840228080749494 1.0000000180025095e-35 48.20000076293946 13.500000000000002 1.5000000000000002 46.004999160766609 5.5000000000000009 26.175000190734867 31.005000114440922 22.564999580383304 12.500000000000002 -2.80456531047821 69.500000000000014 -0.35257802903652186 26.144999504089359 3.5000000000000004 0.20750000327825549 82.500000000000014 -6.6259562969207755 34.049999237060554 21.849999427795414 5.5000000000000009 11.500000000000002 -16.432191848754879 21.435000419616703 14.114999771118166 24.204999923706058 53.049999237060554 30.105000495910648 -7.8237969875335684 101.50000000000001 37.049999237060554 2.5000000000000004 0.0025000000605359678 7.0650000572204599 6.3250000476837167 13.925000190734865 28.085000038146976 2.5000000000000004 17.964999198913578 -4.9817907810211173 13.949999809265138 110.50000000000001 12.500000000000002 17.894999504089359 19.550000190734867 10.500000000000002
decision_type=2 2 2 10 2 2 10 10 2 8 10 2 10 2 8 8 2 10 2 2 10 2 10 10 10 2 8 10 8 10 2 10 10 8 10 8 2 2 8 8 8 10 10 8 10 10 10 2 10 8 8 8 8 2 8 8 8 8 2 10 10 2
left_child=1 21 3 23 7 6 10 8 -5 -7 11 16 -13 29 -12 -15 17 18 -6 -9 26 22 33 24 25 -2 32 -8 49 -14 -16 48 -10 -1 -11 42 38 -38 39 -37 46 -42 43 -21 -32 -39 -27 -34 -4 50 -25 59 53 54 -53 56 -56 -54 -55 61 -61 -51
right_child=2 -3 31 4 5 9 27 19 20 34 14 12 13 15 30 -17 -18 -19 -20 35 -22 -23 -24 28 -26 40 -28 -29 -30 -31 44 -33 47 -35 -36 36 37 45 -40 -41 41 -43 -44 -45 -46 -47 -48 -49 -50 51 -52 52 57 58 55 -57 -58 -59 -60 60 -62 -63
leaf_value=-0.053246475958829156 0.0062163032554523202 -0.052286124781698584 -0.062240156396008599 0.040463578963037483 -0.2307595156045521 0.047734138894003651 0.37023238982897971 -0.098610710636855781 0.24708009231961628 -0.16467456370849659 -0.10669798042961212 -0.10314660558262312 0.10943288301336047 1.2265195113089351 0.05491573591590318 0.33864237743115161 0.49318077551239298 -0.70126626858753827 0.69027402821121764 0.048663192986838619 0.094107155744252144 -0.017476694404046256 0.082791110066821147 -0.12267134213217296 0.0075777080764456682 0.039172785891000428 0.089151175390846035 1.1790031110698527 -0.041764753771908608 -0.38411983559775797 1.1790593590222154 -0.17652113597324229 0.07951804451378329 0.024120271862408709 -0.43452895938734637 0.11011730418895327 0.063648181703220869 0.20646487942201272 0.0071103593009942141 0.75293499314266699 0.40524798634132131 0.13409325997090074 0.27342778943359941 -0.026658397227749604 0.27780778031237424 0.94146339698128545 0.31735003274436413 0.89898430754201142 -0.0058302795197725382 0.1050954970435045 0.2518806601640674 -0.14558436203491371 -0.019063649651055108 0.011700706365841751 1.1580717347788088 -0.024219810350464513 0.17541879805179444 0.15549826470778841 0.099833307364880608 0.0063735257949387352 -0.18502112022856143 -0.086024255194624519
leaf_weight=6798 2795 44109 10108 6816 85 993 243 1984 3053 2702 3143 2380 883 54 567 586 778 56 97 10399 5326 52757 8339 397 8704 1578 1482 66 17457 161 51 1262 56 21000 486 210 4770 3631 9093 115 892 785 430 10311 100 51 445 138 49664 2088 993 2203 30274 7536 66 1128 327 1276 12170 1807 2669 1711
leaf_count=6798 2795 44109 10108 6816 85 993 243 1984 3053 2702 3143 2380 883 54 567 586 778 56 97 10399 5326 52757 8339 397 8704 1578 1482 66 17457 161 51 1262 56 21000 486 210 4770 3631 9093 115 892 785 430 10311 100 51 445 138 49664 2088 993 2203 30274 7536 66 1128 327 1276 12170 1807 2669 1711
internal_value=-5.90776e-12 -0.0179947 0.0104226 0.020966 0.0422076 -0.0157482 0.0429425 0.0556597 0.106217 -0.145595 0.0256613 0.0877439 0.0132809 0.177828 -0.0560222 0.413557 0.385596 0.0339122 0.260121 0.0348529 0.150789 -0.000979444 0.0231052 0.0054015 0.04955 0.105797 0.214627 0.54298 -0.00277143 0.0333199 0.165808 -0.0187018 0.271897 0.00520024 -0.205813 0.0416407 0.0713854 0.130299 0.0185142 0.337576 0.181022 0.278321 0.0164971 0.0111624 0.582204 0.216645 0.100364 0.662437 -0.0153697 0.00775849 0.144904 0.00474477 0.0129171 0.0464746 -0.0575316 0.0700031 0.340444 -0.0120037 0.0661295 -0.0495532 -0.107753 0.0190187
internal_weight=362634 133003 229631 168597 71296 13431 9250 57865 16871 4181 8941 5080 4064 1684 3861 640 1016 238 182 40994 10055 88894 36137 97301 15199 6495 4729 309 82102 1044 718 61034 3247 27798 3188 39010 17870 8452 9418 325 3700 1677 21140 20710 151 3682 2023 194 59772 64645 1390 63255 54980 23430 3724 1521 393 31550 19706 8275 4476 3799
internal_count=362634 133003 229631 168597 71296 13431 9250 57865 16871 4181 8941 5080 4064 1684 3861 640 1016 238 182 40994 10055 88894 36137 97301 15199 6495 4729 309 82102 1044 718 61034 3247 27798 3188 39010 17870 8452 9418 325 3700 1677 21140 20710 151 3682 2023 194 59772 64645 1390 63255 54980 23430 3724 1521 393 31550 19706 8275 4476 3799
is_linear=0
shrinkage=0.05


Tree=78
num_leaves=63
num_cat=0
split_feature=49 49 49 43 4 30 51 30 9 36 18 40 44 5 23 32 5 9 48 51 5 12 47 30 36 36 33 6 17 49 4 3 1 2 1 1 45 51 51 5 30 45 22 3 5 27 9 33 51 49 44 51 22 7 46 2 26 44 30 28 29 45
split_gain=24552.6 28015.2 25455.1 20489.5 19757 18582 18169.6 19411.3 16538.9 21394.2 16456.3 15723.6 17084.3 15332.6 15834.6 14855 14656.1 14499.5 13783 13456.4 15569 13398.4 12282.2 11685.5 11904.7 11586.7 11474.1 18012.9 11306.6 15204.5 11229.2 11069.4 11024.2 11004.9 10235 11848.7 10229.5 13112.9 24980.2 15762.4 9856.25 9743.84 9673.09 9664.07 9627.02 11585.7 9592.33 9552.07 9458.56 10168.2 9395.77 15835.2 9384.04 9342.88 9220.71 12332.2 9025.63 9936.55 13746.6 10691.7 8972.71 9444.9
threshold=8.5000000000000018 5.5000000000000009 19.500000000000004 0.78049999475479137 13.050000190734865 22.894999504089359 2.5000000000000004 18.994999885559086 13.50500011444092 0.18349999934434894 15.784999847412111 -9.5992693901061994 27.804999351501468 61.500000000000007 18.57499980926514 19.685000419616703 21.050000190734867 28.295000076293949 -8.5296244621276838 4.5000000000000009 61.500000000000007 -0.5984915792942046 -14.499194622039793 9.3249998092651385 0.78249999880790722 0.20750000327825549 1.3007786273956301 63.500000000000007 42.004999160766609 13.500000000000002 44.100000381469734 7.0499999523162851 36.100000381469734 28.050000190734867 49.149999618530281 88.500000000000014 100.02999877929689 4.5000000000000009 3.5000000000000004 41.100000381469734 11.944999694824221 45.004999160766609 0.0015000000712461772 59.149999618530281 86.500000000000014 -7.2825374603271475 32.014999389648445 8.9879522323608416 5.5000000000000009 14.500000000000002 23.515000343322757 2.5000000000000004 0.19649999588727954 21.94999980926514 1.0000000180025095e-35 8.0999999046325701 15.129213809967043 23.445000648498539 11.694999694824221 2.0499999523162846 0.15750000625848773 66.009998321533217
decision_type=2 2 2 8 10 10 2 10 8 10 10 8 10 8 10 8 8 10 8 2 10 8 8 8 10 10 8 8 10 2 10 10 10 10 10 10 10 2 2 10 8 8 10 10 8 10 10 10 2 2 10 2 8 8 10 10 8 10 8 8 10 10
left_child=1 21 3 4 5 6 7 28 36 60 33 18 19 14 -9 -15 40 22 -8 34 -21 52 -18 -11 43 42 -16 31 29 -2 -23 -28 -29 -7 -13 46 37 38 50 -40 -14 -5 -4 47 45 -24 -36 -25 49 -39 -6 -52 -1 -22 -31 -56 57 -20 -59 -60 -10 -62
right_child=2 -3 25 41 8 10 11 13 9 23 -12 12 16 15 26 -17 17 -19 56 20 53 30 44 24 -26 -27 27 32 -30 54 -32 -33 -34 -35 35 -37 -38 48 39 -41 -42 -43 -44 -45 -46 -47 -48 -49 -50 -51 51 -53 -54 -55 55 -57 -58 58 59 -61 61 -63
leaf_value=-0.011137484303402886 -0.099385902797157727 -0.049671818518181164 -0.060799561999669738 0.19977871604729702 -0.081765989067727696 -0.055671393765570211 0.42160883225548895 -0.075697539950399129 0.067303187123947977 0.2464175668949348 -0.078554218496904693 0.061281460369281976 -0.78318858629181276 -0.43204237571389409 0.061793563525900042 -0.013361053536221655 0.82286923281089575 -0.12022025607076253 0.1806871236564502 -0.014624350523129315 0.55053091021863065 -0.00073078494987322776 0.31748712203838036 0.011430619881336064 0.19181261735099059 -0.16769507934763495 0.41183331945863294 1.3381685815173709 -0.077447428561117346 0.35408578945274377 0.058404189926444819 0.10551984545859423 0.36573506253621274 0.054396635647832974 0.27758197474918739 -0.32772220198554225 -0.14466357283451281 -0.13142975875629295 0.19639748492687534 0.87648282677252254 -0.20670866147523653 0.068084540523454418 -0.0058437071869090577 0.24297655801254592 -0.27029801243069501 0.0072650921109944895 -0.17404754651753709 0.22376788568600281 -0.0088761446465881466 -0.51209624232103435 0.24772037727733204 -0.27257569308594332 -0.10577170813254194 0.03088266786820943 -0.21511534146236208 0.13480022230840349 0.42161900730547952 -0.47343653515554396 -0.63918806306340481 0.064334927871864275 0.25095565861750146 0.030578643420646243
leaf_weight=53298 1388 44109 9525 1823 2185 3879 347 1308 23476 569 12744 7926 84 291 2989 779 54 1924 1673 8575 199 18868 433 52916 975 1262 390 55 11335 339 13973 1210 62 5478 1327 99 1752 652 910 94 632 6119 50247 463 198 987 129 535 981 240 594 194 2755 153 312 1305 204 130 55 2984 1396 746
leaf_count=53298 1388 44109 9525 1823 2185 3879 347 1308 23476 569 12744 7926 84 291 2989 779 54 1924 1673 8575 199 18868 433 52916 975 1262 390 55 11335 339 13973 1210 62 5478 1327 99 1752 652 910 94 632 6119 50247 463 198 987 129 535 981 240 594 194 2755 153 312 1305 204 130 55 2984 1396 746
internal_value=-5.56526e-11 -0.017095 0.00990148 0.0199177 0.0160422 -0.0034201 0.0134913 -0.0208085 0.0318391 0.0384511 -0.0415845 0.0400436 0.0218255 0.0471661 0.0781938 -0.127227 -0.0677581 -0.0266255 0.116794 0.0428101 -0.00124601 -0.000930472 0.0810757 0.0209944 0.0186575 -0.0177667 0.120967 0.223977 -0.0536127 0.0271788 0.0244296 0.180184 0.822862 0.00876728 0.0842919 0.201579 -0.0386786 -0.00693746 0.0444352 0.260071 -0.27434 0.0983135 -0.0146012 0.0155261 0.0563186 0.101861 0.237568 0.0135559 -0.116019 -0.233851 -0.0283863 0.119627 -0.0157887 0.324661 0.11699 0.067284 0.095833 0.0821072 0.0300642 0.0516025 0.0762415 0.174204
internal_weight=362634 133003 229631 168597 160655 71977 49876 21763 88678 81076 22101 28113 22720 7084 6014 1070 4312 3596 5393 18408 8927 88894 1672 55458 54889 61034 4706 1717 14679 3344 32841 1600 117 9357 9481 1555 7602 5850 3977 1004 716 7942 59772 53914 1618 1420 1456 53451 1873 892 2973 788 56053 352 1956 1617 5046 4842 3169 3039 25618 2142
internal_count=362634 133003 229631 168597 160655 71977 49876 21763 88678 81076 22101 28113 22720 7084 6014 1070 4312 3596 5393 18408 8927 88894 1672 55458 54889 61034 4706 1717 14679 3344 32841 1600 117 9357 9481 1555 7602 5850 3977 1004 716 7942 59772 53914 1618 1420 1456 53451 1873 892 2973 788 56053 352 1956 1617 5046 4842 3169 3039 25618 2142
is_linear=0
shrinkage=0.05


Tree=79
num_leaves=63
num_cat=0
split_feature=49 49 43 24 40 3 12 9 27 38 50 44 47 4 38 44 50 34 2 6 33 44 1 3 16 51 51 9 23 9 7 33 51 51 49 50 50 44 11 32 44 15 0 40 31 50 51 50 51 46 47 16 44 51 15 33 3 31 5 25 46 50
split_gain=22460.7 37632.9 27823.7 16439 14613 14019.7 18685.2 13488.5 12006 11571.9 13111 18001.6 12692 11292.2 14370.9 11778 11067.1 10436.1 11484.8 10242.1 11564.7 10213.3 10145.3 10048.7 12010.6 11400.9 11226.9 9706.2 9605.4 11087.5 9584.9 9022.32 8896.31 8873.37 12634.5 12623.3 8783.08 10659.7 10505.9 12708.4 10340.6 9355.73 14838.5 13727.5 8808.72 10317.1 8652.94 8417.5 9845.9 15210.9 17762.9 15705.1 9710.17 8330.94 10124.2 8553.52 8101.27 8030.54 8028.09 8183.11 9753.22 8094.95
threshold=11.500000000000002 16.500000000000004 0.31749999523162847 42.995000839233406 -5.6731388568878165 7.0499999523162851 -2.5815585851669307 17.515000343322757 1.0000000180025095e-35 56.995000839233406 1.5000000000000002 16.704999923706058 -2.80456531047821 40.049999237060554 74.009998321533217 28.525000572204593 4.5000000000000009 -6.1205523014068595 75.500000000000014 52.20000076293946 -2.6844615936279292 26.454999923706058 54.399999618530281 31.050000190734867 28.105000495910648 4.5000000000000009 2.5000000000000004 25.644999504089359 17.365000724792484 19.164999961853031 12.250000000000002 -3.8357139825820918 4.5000000000000009 5.5000000000000009 6.5000000000000009 2.5000000000000004 9.5000000000000018 37.215000152587898 10.00500011444092 21.365000724792484 33.645000457763679 0.49449999630451208 72.500000000000014 -13.765554904937742 53.995000839233406 5.5000000000000009 1.5000000000000002 6.5000000000000009 3.5000000000000004 33.004999160766609 -3.3094801902770992 21.595000267028812 32.114999771118171 1.0000000180025095e-35 0.44550000131130224 -0.81346619129180897 18.050000190734867 33.004999160766609 106.50000000000001 14.394999980926515 27.775000572204593 9.5000000000000018
decision_type=2 2 10 10 8 10 8 10 10 10 2 8 10 10 8 8 2 8 8 8 8 10 10 10 8 2 2 8 10 8 8 8 2 2 2 2 2 10 8 10 8 10 10 10 10 2 2 2 2 10 8 10 8 2 10 10 10 8 8 10 8 2
left_child=5 2 9 22 13 -1 27 -8 23 12 31 28 -2 17 15 -15 33 -4 36 -6 -21 -18 47 24 -5 26 -25 -7 -12 -30 -17 -11 53 35 -35 46 37 41 -38 40 -40 42 44 -44 -19 -46 -9 48 -3 -50 51 52 -51 -14 55 -55 -49 -34 59 -13 -61 -60
right_child=1 3 4 8 19 6 7 16 -10 10 11 58 32 14 -16 30 21 18 -20 20 -22 -23 -24 25 -26 -27 -28 -29 29 -31 -32 -33 57 34 -36 -37 38 -39 39 -41 -42 -43 43 -45 45 -47 -48 56 49 50 -52 -53 -54 54 -56 -57 -58 -59 61 60 -62 -63
leaf_value=-0.043530861322556867 0.13889477355097329 0.0032730646405928483 0.1481854178132048 -0.0020722810788552596 -0.038975180252516964 -0.037971463518450099 -0.017915544150069723 -0.11664516759978344 -0.037709321911861 -0.35154372037993409 0.12409195851813043 0.093544408732191983 -0.061600535086276491 0.050962007151906977 -0.092325843054695655 0.25087802687122779 -0.0016731546970571228 0.10852147801600212 0.17703999669906018 -0.071447939941478203 0.07802968079301674 0.059663612440422523 0.11629912519531667 0.0096680895032748692 -0.11653815112274293 -0.036712632577330068 0.095653415705471728 0.0024878902453242644 1.0425209551134653 0.30903079500838893 0.7685933263313891 -0.035644967996552847 -0.23518371078101075 0.075449761043280925 -0.21353186863982399 0.11087971999114835 0.14933709039367882 -0.13101146676332695 -0.17389061961636376 0.059177490295882096 0.4196441373444702 0.012045555931700522 1.2180445453634969 0.19859235845944462 -0.080798459112713633 0.15351219305929134 0.064733610125350172 -0.088615946403882165 0.064733452534293953 0.59885496583907571 -0.011619676813043121 0.025347301240940142 1.3649068060458875 0.11216265922470646 -0.042253232786688473 0.35393501782541026 0.0062017517687166469 0.034124658709380092 0.45715524340135477 -0.059136407925067871 0.067180781090870459 -0.12205843911284493
leaf_weight=30427 10493 6679 1878 7693 14329 47399 27698 1156 41632 274 970 3332 772 193 247 163 30261 5268 1201 1787 4690 8749 2654 9272 3264 5888 6428 21569 57 536 198 1291 495 897 654 8546 557 962 2131 1031 76 12074 54 85 1556 673 1525 2659 5467 219 237 106 51 1077 626 554 14745 628 214 3476 2727 84
leaf_count=30427 10493 6679 1878 7693 14329 47399 27698 1156 41632 274 970 3332 772 193 247 163 30261 5268 1201 1787 4690 8749 2654 9272 3264 5888 6428 21569 57 536 198 1291 495 897 654 8546 557 962 2131 1031 76 12074 54 85 1556 673 1525 2659 5467 219 237 106 51 1077 626 554 14745 628 214 3476 2727 84
internal_value=-1.36224e-11 0.0122776 0.0389923 -0.006888 0.0164323 -0.0126119 -0.00627483 0.0102487 -0.0199239 0.0791609 0.04475 0.0633859 0.109615 0.0397887 0.224851 0.366264 0.0253118 0.0344073 0.0260828 -0.0153895 0.0367889 0.0120832 0.0225774 0.00282735 -0.0361707 0.0226208 0.0448728 -0.0253182 0.221007 0.379535 0.534833 -0.0909525 0.0356184 0.0656976 -0.0464032 0.0811842 0.0186728 0.0315084 -0.0512451 -0.0857492 -0.153452 0.0394407 0.0827576 0.594639 0.073267 -0.0100533 -0.0134737 0.014331 0.04518 0.0912155 0.327394 0.541081 0.743554 0.0801826 0.128679 0.194285 -0.00828459 -0.0845821 0.0383313 0.0303444 -0.00360409 0.293887
internal_weight=362634 183753 76759 106994 49153 178881 148454 79486 74177 27606 12961 11396 14645 28347 801 554 51788 27546 25668 20806 6477 39010 32817 32545 10957 21588 15700 68968 1563 593 361 1565 4152 12778 1551 11227 24467 20672 3795 3238 2207 19710 7636 139 7497 2229 2681 30163 12759 6080 613 376 270 3029 2257 1631 17404 1123 9833 9535 6203 298
internal_count=362634 183753 76759 106994 49153 178881 148454 79486 74177 27606 12961 11396 14645 28347 801 554 51788 27546 25668 20806 6477 39010 32817 32545 10957 21588 15700 68968 1563 593 361 1565 4152 12778 1551 11227 24467 20672 3795 3238 2207 19710 7636 139 7497 2229 2681 30163 12759 6080 613 376 270 3029 2257 1631 17404 1123 9833 9535 6203 298
is_linear=0
shrinkage=0.05


Tree=80
num_leaves=63
num_cat=0
split_feature=47 50 51 51 7 37 49 50 44 50 9 0 50 15 37 49 3 11 38 6 37 16 16 44 31 6 16 0 44 6 43 2 41 44 35 5 49 51 44 7 29 21 35 16 0 0 39 22 50 2 50 45 44 9 51 18 6 37 50 50 50 5
split_gain=21052.4 19942.8 17235.5 46987.9 25454.7 18976.1 26804.9 17857.2 24813.3 27883 31853.8 31281.2 24129.9 26317.5 27956.6 48874.6 26267.7 18425 17569.8 16372.8 15685.1 15484.6 15866.2 14445.3 14324.7 14255.9 14209.6 21930.8 18657.5 18367.1 14194.2 13870 13790.7 13658.8 13281.7 13218.2 13192.9 13044 12739.4 12074.8 11801.1 11604.7 11264.2 11132.8 11084.2 11057.5 10975 10812 10752.8 10743.1 10650.7 18316.9 11724.9 13125.6 13330.4 10531.6 16806.3 10526.3 11755.4 11407.8 15766.9 10356.2
threshold=-11.397787094116209 6.5000000000000009 4.5000000000000009 3.5000000000000004 21.750000000000004 29.904999732971195 7.5000000000000009 10.500000000000002 26.035000801086429 11.500000000000002 30.355000495910648 33.049999237060554 8.5000000000000018 0.0035000001080334191 22.085000038146976 10.500000000000002 43.100000381469734 31.005000114440922 1.0000000180025095e-35 75.500000000000014 13.694999694824221 20.244999885559086 34.475000381469734 33.975000381469734 50.995000839233406 62.500000000000007 29.914999961853031 68.500000000000014 19.925000190734867 35.100000381469734 0.72749999165534984 5.0499999523162851 -2.4724028110504146 29.32499980926514 41.350000381469734 59.149999618530281 3.5000000000000004 1.0000000180025095e-35 26.525000572204593 14.750000000000002 0.057499999180436141 42.649999618530281 33.315000534057624 16.585000038146976 104.50000000000001 113.50000000000001 22.005000114440922 0.27950000762939459 2.5000000000000004 91.500000000000014 1.5000000000000002 100.02999877929689 25.07499980926514 11.855000019073488 1.0000000180025095e-35 14.385000228881838 53.500000000000007 36.204999923706062 2.5000000000000004 6.5000000000000009 5.5000000000000009 65.500000000000014
decision_type=8 2 2 2 10 8 2 2 10 2 8 8 2 8 10 2 10 8 10 10 10 10 10 10 10 10 10 10 8 10 10 10 8 10 10 8 2 2 8 8 8 10 8 8 10 10 8 8 2 10 2 10 10 8 2 10 10 8 2 2 2 10
left_child=1 24 3 7 5 6 -5 12 31 11 33 39 16 42 15 -15 17 50 37 36 -6 -21 57 25 44 35 27 41 -28 -29 55 -9 -27 -11 -17 38 -4 -16 -8 -10 -22 43 -14 -20 -1 -19 -36 -43 -26 -33 51 52 -2 -54 -55 56 -3 58 -23 60 -60 -53
right_child=2 30 19 4 20 -7 23 8 9 10 -12 -13 13 14 18 34 -18 45 26 21 40 22 -24 -25 48 32 28 29 -30 -31 -32 49 -34 -35 46 -37 -38 -39 -40 -41 -42 47 -44 -45 -46 -47 -48 -49 -50 -51 -52 61 53 54 -56 -57 -58 -59 59 -61 -62 -63
leaf_value=0.088848880533742125 -0.074550517113161782 -0.00048046467694916393 0.016093069323235138 -0.018734524050644991 -0.01470070915898187 -0.06518730397074407 0.12656836571906438 -0.097920611918220699 0.24718147388510628 0.049139227565020732 0.6717019700319381 -0.62278433325778337 0.017589278408355138 -0.0034064756835189961 0.84846093634224451 0.34040592828767502 0.046149274976196406 0.011441620668510981 0.36948975437774889 0.55563681117717678 0.14371255628102578 -0.63863204330205914 0.64329409965014628 0.47708802997053479 -0.096509296235359629 0.70373525984669483 -0.97088813658030537 -0.34689252984290031 -0.026086464813235295 0.70191225219760911 0.15436391420144613 -0.012495795342132616 0.14143554332967798 -0.38376633670443722 0.38155931997433551 -0.16578965882913477 -0.034908371008572796 0.16525678541720584 0.0013683779354323633 -0.25280418457115517 0.051706218087079196 0.13695850553882144 -0.078149176923033914 0.024303134525835962 0.54570207102641244 0.61938775110244748 1.0303122585000737 0.53255205339398881 0.038595334247462212 -0.7251280737443353 -0.028017310580875233 -0.21140444631084107 -0.35117292652937993 0.63744821289222542 0.098527248228731601 -0.051084365386265998 0.20791274989241815 -0.47090916889905937 0.13198043759195852 -0.017912362631585195 0.93686828175451353 -0.92789797645348782
leaf_weight=14432 6072 10280 15366 10317 2845 5566 6404 6165 169 438 148 598 11219 1350 115 1403 16637 27250 242 201 10415 55 112 241 1715 177 53 51 3708 230 1331 24497 284 312 122 548 72537 178 2976 423 5238 1158 4231 6713 134 75 140 203 10425 53 62450 1674 121 146 536 10087 1068 100 208 554 86 52
leaf_count=14432 6072 10280 15366 10317 2845 5566 6404 6165 169 438 148 598 11219 1350 115 1403 16637 27250 242 201 10415 55 112 241 1715 177 53 51 3708 230 1331 24497 284 312 122 548 72537 178 2976 423 5238 1158 4231 6713 134 75 140 203 10425 53 62450 1674 121 146 536 10087 1068 100 208 554 86 52
internal_value=-1.48643e-11 0.0303104 -0.00478831 0.00261554 0.0482801 0.016873 0.0386779 -0.00887154 -0.0422098 -0.208998 0.00133605 -0.367721 -0.00138777 0.0376748 0.0833401 0.220161 -0.0119559 -0.0217824 0.0507328 -0.0233722 0.0932955 0.151683 0.0788632 0.0943999 0.0596208 0.0855224 0.0416598 0.077122 -0.0394006 0.51156 -0.00407265 -0.0308716 0.357329 -0.130949 0.401432 0.0729012 -0.025993 0.433409 0.0868461 -0.110072 0.112924 0.0624422 -0.00862881 0.0363139 0.0930517 0.0131103 0.728221 0.195963 0.0195093 -0.0140343 -0.0352016 -0.087365 -0.050805 0.12875 0.213897 -0.0139107 0.0191322 0.015836 0.0697391 0.115683 0.367424 -0.232991
internal_weight=362634 49472 313162 223943 45011 26513 20947 178932 32803 2088 898 1190 146129 31116 15666 3015 115013 98376 12651 89219 18498 1316 1115 10630 26706 10389 12358 8597 3761 281 22766 30715 461 750 1665 9928 87903 293 9380 592 15653 8316 15450 6955 14566 27325 262 1361 12140 24550 71051 8601 6875 803 682 21435 11348 1003 903 848 294 1726
internal_count=362634 49472 313162 223943 45011 26513 20947 178932 32803 2088 898 1190 146129 31116 15666 3015 115013 98376 12651 89219 18498 1316 1115 10630 26706 10389 12358 8597 3761 281 22766 30715 461 750 1665 9928 87903 293 9380 592 15653 8316 15450 6955 14566 27325 262 1361 12140 24550 71051 8601 6875 803 682 21435 11348 1003 903 848 294 1726
is_linear=0
shrinkage=0.05


Tree=81
num_leaves=63
num_cat=0
split_feature=0 50 50 38 33 51 8 30 50 51 50 22 28 31 50 5 37 11 35 47 37 37 50 50 49 16 50 37 2 5 12 38 37 46 29 49 37 2 16 50 2 49 9 8 37 51 9 11 8 30 42 50 50 47 47 30 30 9 16 30 5 46
split_gain=19645.9 16182.1 20502.7 25129.4 23039.7 18736.4 21554.4 19554.5 47763 19065.6 28664.6 29759.8 22102 20537.3 16862.2 29879.4 18078.9 22121.3 20506.2 17228.6 16800.6 16421.2 17749 26967.1 17289.7 17020.8 14848.8 28261.1 18903.8 14483.5 14292.9 14010.2 15958.4 20596 13200.4 16055.8 22811.9 20652.6 20437 18673.9 35045.8 25722.6 22483.4 20606.6 16160.7 16921.2 17765.2 15365.5 14730.9 14350.3 13102.1 13075.2 17672.2 12937.7 12877.1 12750.7 12744.3 14227.8 12733.3 12610.3 12558.1 12504.1
threshold=17.35000038146973 9.5000000000000018 1.5000000000000002 81.005001068115249 2.1843458414077763 4.5000000000000009 0.66950002312660228 17.595000267028812 10.500000000000002 3.5000000000000004 11.500000000000002 0.17349999397993091 14.949999809265138 8.0149998664855975 11.500000000000002 26.149999618530277 22.935000419616703 13.635000228881838 9.1500000953674334 -7.8160834312438956 37.68499946594239 27.384999275207523 11.500000000000002 10.500000000000002 6.5000000000000009 18.615000724792484 11.500000000000002 25.195000648498539 60.299999237060554 31.050000190734867 -7.2452127933502188 105.02500152587892 21.585000038146976 20.525000572204593 0.004500000039115549 8.5000000000000018 30.105000495910648 114.50000000000001 29.115000724792484 5.5000000000000009 31.050000190734867 14.500000000000002 39.295000076293952 0.75049999356269848 33.635000228881843 4.5000000000000009 24.48499965667725 15.00500011444092 0.51850000023841869 21.345000267028812 69.350002288818374 5.5000000000000009 4.5000000000000009 -3.5670952796936031 -10.720637798309324 16.154999732971195 20.175000190734867 19.814999580383304 20.035000801086429 28.835000038146976 77.500000000000014 30.625000000000004
decision_type=10 2 2 8 10 2 10 10 2 2 2 10 10 10 2 10 10 10 10 8 10 10 2 2 2 8 2 10 10 10 8 10 10 10 10 2 10 10 10 2 8 2 10 8 10 2 8 10 10 8 10 2 2 8 8 8 10 10 8 10 10 10
left_child=30 2 3 50 20 6 7 8 55 13 11 -11 61 -9 16 -16 56 -18 -19 -17 34 22 23 24 -7 29 -10 -28 -29 -26 -1 32 -25 53 35 -4 38 39 54 40 -38 -41 47 44 -42 -46 -47 -43 -36 -49 -2 52 -22 -34 -37 -3 57 -15 -5 -53 -27 -13
right_child=1 5 4 58 -6 21 -8 9 26 10 -12 12 -14 14 15 19 17 18 -20 -21 51 -23 -24 31 25 60 27 28 -30 -31 -32 -33 33 -35 48 36 37 -39 -40 41 43 42 -44 -45 45 46 -48 49 -50 -51 -52 59 -54 -55 -56 -57 -58 -59 -60 -61 -62 -63
leaf_value=-0.055539360788795435 0.024167566256628081 0.36584805294105244 -0.065064026355562493 -0.053670318810828122 0.078908972732063168 0.070977706622346773 0.4039751576482804 0.34375410465857925 -0.062658898296170412 0.0089246630241657365 -0.26117652344334896 0.51355107665846222 0.19536190152421745 -0.073368444224429688 -0.078848121440640934 0.76449153081357835 -0.034357290213134543 0.033804076515924431 -0.25580857990931716 0.18996348302871019 0.14532734446063941 -0.17714281460237455 -0.13051385503523272 -0.0024715587980028678 -0.17466923041391547 -0.12547998919235795 0.016692619152013043 0.42126020078270898 -0.46482537439883204 -0.91588704309125601 -0.008332367105028651 0.38461289494429068 0.65116121745516176 -0.043961366958819428 0.0067704688034326667 0.15036501653651696 -0.20957663436594265 0.71180448119815154 -0.01756748241046658 0.082714906289685419 -0.098501018763972589 0.024967596252606802 0.75781174179004596 0.27622880312007864 0.19963596995139776 0.72631300330162052 -0.27389296916445172 0.71832067933949562 -0.11605408708106178 -0.093111984041852836 -0.21040004161424763 -0.090446357604470062 -0.49248376434358465 0.1776879382043422 0.067497345423163935 0.11025359554700154 -0.0661352880169849 0.23467259631221646 -0.22451625852529522 0.30932125480281653 0.67421897506713879 1.2506835392316182
leaf_weight=18392 7728 1271 3940 2113 15653 1290 334 312 4626 1839 546 247 808 645 1205 173 3126 732 3704 531 148 2638 3638 2327 137 2703 5671 684 66 127 125074 392 306 385 69526 5942 2636 104 5871 11275 2716 6731 92 659 1183 50 396 55 2530 5848 645 2074 408 273 22214 792 3611 895 2254 218 50 75
leaf_count=18392 7728 1271 3940 2113 15653 1290 334 312 4626 1839 546 247 808 645 1205 173 3126 732 3704 531 148 2638 3638 2327 137 2703 5671 684 66 127 125074 392 306 385 69526 5942 2636 104 5871 11275 2716 6731 92 659 1183 50 396 55 2530 5848 645 2074 408 273 22214 792 3611 895 2254 218 50 75
internal_value=1.81379e-11 0.0094158 0.0164335 -0.0446159 0.0212864 -0.0168871 0.00441821 0.00018956 0.0468788 -0.0329882 0.0717812 0.133012 0.334956 -0.0576476 -0.0662126 0.0723497 -0.0870193 -0.13623 -0.208019 0.331147 0.0150494 -0.0645173 -0.0389664 0.00271695 -0.082226 -0.147732 0.00563658 0.05484 0.343285 -0.53124 -0.0143842 0.102052 0.0683949 0.23946 0.0174649 0.0329764 0.0388494 0.00836314 0.0672912 0.00605102 -0.0620307 0.0277228 -0.0209992 0.0156933 -0.0238217 0.10069 -0.161762 -0.0266704 0.0024579 -0.0855516 0.00609804 -0.105189 -0.322707 0.427917 0.0849856 0.267724 -0.0147748 0.105655 -0.141851 -0.0524231 -0.110956 0.685243
internal_weight=362634 219168 173009 12740 160269 46159 31893 31559 13110 18449 3515 2969 1130 14934 14622 1909 12713 7562 4436 704 144616 14266 11628 7990 4307 3017 11047 6421 750 264 143466 3683 3291 964 141768 69712 65772 31745 34027 31641 7640 24001 12726 5004 4345 1629 446 12634 72056 5903 8373 2848 556 579 28156 2063 5151 1540 4367 2292 2753 322
internal_count=362634 219168 173009 12740 160269 46159 31893 31559 13110 18449 3515 2969 1130 14934 14622 1909 12713 7562 4436 704 144616 14266 11628 7990 4307 3017 11047 6421 750 264 143466 3683 3291 964 141768 69712 65772 31745 34027 31641 7640 24001 12726 5004 4345 1629 446 12634 72056 5903 8373 2848 556 579 28156 2063 5151 1540 4367 2292 2753 322
is_linear=0
shrinkage=0.05


Tree=82
num_leaves=63
num_cat=0
split_feature=47 50 33 0 31 42 16 22 30 42 49 49 9 4 44 25 51 5 23 30 9 30 50 26 48 44 30 51 51 17 5 7 13 50 50 51 32 44 46 44 51 18 40 44 51 51 49 9 50 37 44 5 42 9 4 44 32 51 40 38 12 50
split_gain=18102 17318.3 15603 14497.4 13059.8 12232.6 12220.2 12003.9 13377.7 14426.3 11143 14581.4 24945.4 21248.4 13689.9 16344 13816.6 13489.1 13263.6 12410.8 13952.3 12073.9 16183.1 10945.7 10819.4 10482.9 12275.2 10474.1 15613.9 10321.4 10279.9 10263.1 9939.8 10740.9 17641.7 38527.1 25438.6 16146.9 14780.2 18308.3 9954.67 11268.6 10974.8 9779.47 9768.26 21516.8 9672.02 9402.39 9402.34 14717.3 13860.9 10729.8 10344.1 9947.89 9523.59 9426.2 9300.17 9269.62 9206.32 10568.3 9043.05 13373.6
threshold=-11.397787094116209 6.5000000000000009 -7.7139785289764395 5.0999999046325692 67.005001068115249 3.0499999523162846 12.72499990463257 1.0000000180025095e-35 8.6050000190734881 33.049999237060554 17.500000000000004 12.500000000000002 28.125000000000004 27.050000190734867 16.285000801086429 32.995000839233406 1.5000000000000002 40.149999618530281 30.345000267028812 27.445000648498539 32.524999618530281 15.114999771118166 1.5000000000000002 -3.7900384664535518 -5.2619383335113517 33.18499946594239 18.314999580383304 5.5000000000000009 2.5000000000000004 43.995000839233406 64.250000000000014 22.94999980926514 5.0923767958011023e-07 5.5000000000000009 6.5000000000000009 4.5000000000000009 18.954999923706058 34.315000534057624 30.005000114440922 35.475000381469734 2.5000000000000004 14.644999980926515 -2.5802315473556514 24.115000724792484 4.5000000000000009 2.5000000000000004 13.500000000000002 25.435000419616703 7.5000000000000009 31.724999427795414 29.685000419616703 63.500000000000007 19.44999980926514 7.7950000762939462 2.5000000000000004 12.515000343322756 23.994999885559086 5.5000000000000009 -11.887760639190672 117.01499938964845 -13.782589912414549 4.5000000000000009
decision_type=8 2 8 10 10 8 8 8 8 10 2 2 8 10 10 10 2 10 10 10 10 10 2 10 8 10 8 2 2 10 8 10 8 2 2 2 10 10 8 8 2 10 10 10 2 2 2 10 2 10 10 8 8 8 10 8 8 2 8 10 8 2
left_child=1 4 6 48 7 30 -2 -1 46 60 11 19 14 32 17 24 -17 21 -15 27 31 -13 -23 -8 25 26 -16 28 -5 -12 -3 -21 33 57 35 38 37 -37 -35 -40 41 42 -36 47 45 -31 -9 -18 49 53 54 -51 -53 -4 56 -56 -50 58 -14 -60 -10 -62
right_child=2 5 3 10 -6 -7 23 8 9 -11 29 12 13 18 15 16 43 -19 -20 20 -22 22 -24 -25 -26 -27 -28 -29 -30 44 -32 -33 -34 34 40 36 -38 -39 39 -41 -42 -43 -44 -45 -46 -47 -48 -49 50 51 -52 52 -54 -55 55 -57 -58 -59 59 -61 61 -63
leaf_value=-0.022827772179896729 -0.089976823037413209 0.11060906781230945 -0.157353463168494 -0.03039318119126825 -0.0048012568794089079 -0.0072878867174750442 -0.030543294509309982 -0.2274666856496762 0.043316903480316381 -0.09353214711454505 0.016879696322785628 0.057413193067317791 0.27339491992237724 0.076937657453032396 0.05056499358520327 -0.19050914578729039 0.027034158752619691 0.27874481286557895 0.36399910849427558 0.0078861112799838394 0.30644104479940909 -0.40633730083704001 0.37182927657359316 0.010663326641487059 0.050725725022051305 0.39559562545058402 0.25046395894271334 -0.061737699180770628 0.025623501241894615 -0.046522882927572368 0.87202965633969909 0.073443680315995907 -0.04964275368820717 -0.068258216666797752 0.14617617048542417 0.81485051332002001 1.4966680738468503 -0.26375419787385246 0.94405494744840424 0.027876732184085998 -0.038720241826598889 0.0074097222741616358 0.57203372833389921 -0.080993165818986565 -0.067410450335624414 0.039279945320072361 0.36124517517277072 0.31251202475426021 -0.2740700295466032 0.10069441440898706 -0.30272283001470129 1.010247184210513 0.14851853638887405 0.0044830136768108445 -0.1324892572574935 -0.01405048643903499 -0.058226076239527629 -0.3052561701350921 -0.021627395891172248 -0.38985614070242325 0.060607166551397709 0.17728992098318574
leaf_weight=2676 6334 118 1037 24753 6733 22577 51517 78 5593 1097 21925 3463 235 1791 2261 1119 990 1323 519 25329 441 75 612 23452 13659 379 1163 8689 25008 17788 71 7811 11345 521 652 94 86 55 95 128 2871 1211 197 1283 10428 12400 661 407 859 238 557 83 60 11260 1991 10752 1191 333 2178 214 4600 5268
leaf_count=2676 6334 118 1037 24753 6733 22577 51517 78 5593 1097 21925 3463 235 1791 2261 1119 990 1323 519 25329 441 75 612 23452 13659 379 1163 8689 25008 17788 71 7811 11345 521 652 94 86 55 95 128 2871 1211 197 1283 10428 12400 661 407 859 238 557 83 60 11260 1991 10752 1191 333 2178 214 4600 5268
internal_value=-6.21116e-11 0.0281063 -0.00444012 0.00216881 0.0554201 -0.00393449 -0.0232874 0.075721 0.0909674 0.0816779 0.00680503 0.0145829 0.0365382 -0.00222524 0.0691987 0.0510452 -0.0429423 0.13972 0.141433 0.00283152 0.0270557 0.0953991 0.286877 -0.0176529 0.071493 0.146081 0.118463 -0.0110859 -0.00224131 -0.0107665 0.396645 0.0233378 -0.0186413 0.0210104 0.059949 0.253824 0.811927 0.416708 0.0775415 0.418177 0.0214571 0.105326 0.244991 0.0186724 -0.0256902 -0.0112786 0.299108 0.110205 -0.0315476 0.000317881 -0.0578663 0.30637 0.648683 -0.00916458 -0.0486467 -0.0325557 -0.14867 -0.0567352 -0.0252325 -0.0545709 0.0941095 0.122898
internal_weight=362634 49472 313162 231859 26706 22766 81303 19973 17297 16558 203831 141290 49259 22525 26734 21261 3799 5473 2310 92031 33581 4150 687 74969 17462 3803 3424 58450 49761 62541 189 33140 20215 8870 5910 979 235 149 744 223 4931 2060 849 2680 40616 30188 739 1397 28028 12678 15350 381 143 12297 14793 12743 2050 2960 2627 2392 15461 9868
internal_count=362634 49472 313162 231859 26706 22766 81303 19973 17297 16558 203831 141290 49259 22525 26734 21261 3799 5473 2310 92031 33581 4150 687 74969 17462 3803 3424 58450 49761 62541 189 33140 20215 8870 5910 979 235 149 744 223 4931 2060 849 2680 40616 30188 739 1397 28028 12678 15350 381 143 12297 14793 12743 2050 2960 2627 2392 15461 9868
is_linear=0
shrinkage=0.05


Tree=83
num_leaves=63
num_cat=0
split_feature=0 50 38 50 33 51 0 8 30 50 51 50 44 16 37 38 31 37 11 23 5 30 16 8 6 6 28 51 37 37 50 50 23 44 5 16 12 3 50 30 37 40 4 36 44 37 6 46 38 11 6 51 50 50 46 6 44 42 6 4 3 10
split_gain=16523 14292.1 22260.1 18244.9 20003 15987 19267.1 20123.2 17636.4 66802.7 22722.1 21997.1 31333.7 39581.5 21397.1 21203.2 20733.2 20227.1 22416.7 21406.7 18520.6 18054.5 18878.6 17399.9 16652.6 16452.2 16389.5 15522.1 15102.9 14517.2 15830.9 24211.2 17732.8 15324.1 14139.7 14002.5 13902.8 13864.1 19109.9 18414.6 14559.9 16785.6 14350.6 13720.6 13628.5 19362.9 20835.2 16307.6 15881.5 13626 13529.5 18479.7 20729.5 32773.2 13154.7 12954.1 12897.3 14773.8 22497.2 12820.8 12561.5 13921.8
threshold=16.10000038146973 1.5000000000000002 81.005001068115249 9.5000000000000018 2.1843458414077763 4.5000000000000009 101.50000000000001 0.65950000286102306 19.964999198913578 10.500000000000002 3.5000000000000004 11.500000000000002 26.035000801086429 19.285000801086429 23.704999923706058 75.014999389648452 8.0149998664855975 21.675000190734867 25.224999427795414 23.554999351501468 51.100000381469734 16.015000343322757 22.435000419616703 0.26749999821186071 23.050000190734867 61.500000000000007 13.050000190734865 1.5000000000000002 37.68499946594239 27.384999275207523 11.500000000000002 10.500000000000002 18.795000076293949 28.204999923706058 33.049999237060554 27.015000343322757 -6.4610059261322013 9.0999999046325701 5.5000000000000009 22.275000572204593 25.525000572204593 -13.436486244201658 24.050000190734867 0.38650000095367437 29.23499965667725 21.835000038146976 34.049999237060554 24.884999275207523 105.02500152587892 14.125000000000002 82.500000000000014 2.5000000000000004 8.5000000000000018 6.5000000000000009 20.005000114440922 71.500000000000014 22.005000114440922 19.650000572204593 41.049999237060554 26.19999980926514 6.0499999523162851 52.995000839233406
decision_type=10 2 8 2 10 2 10 10 10 2 2 2 10 8 8 10 10 10 8 10 10 8 10 8 8 10 10 2 10 10 2 2 8 10 10 8 8 10 2 8 8 8 10 10 10 10 10 10 10 10 10 2 2 2 8 10 8 8 10 10 8 8
left_child=36 2 -2 4 28 6 7 8 9 23 16 12 15 -14 -12 20 -10 -13 19 59 -11 22 -20 -5 -17 -22 56 43 37 30 31 32 34 -32 -7 -21 -1 38 40 -40 -3 42 -42 -25 45 48 -47 -48 -33 -18 -39 -52 53 -53 -24 -31 -16 -58 -59 -19 -38 -62
right_child=1 3 -4 5 -6 29 -8 -9 10 11 14 17 13 -15 26 24 49 18 21 35 25 -23 54 27 -26 -27 -28 -29 -30 55 33 44 -34 -35 -36 -37 60 50 39 -41 41 -43 -44 -45 -46 46 47 -49 -50 -51 51 52 -54 -55 -56 -57 57 58 -60 -61 61 -63
leaf_value=-0.052743711927165808 0.0045486885579732687 0.06588568025647773 -0.13218429425625947 0.1404919354702486 0.072381427783988109 -0.11231554330485623 -0.62374296030525855 0.35825745790638031 0.3853716652206613 -0.020009401719105199 -0.10007027476792213 -0.016101945553118249 0.17458865118995309 -0.56981775122821332 1.1501179231330754 -0.024616187924576441 -0.032005355816417967 0.079208197752525036 -0.083406294259882774 0.86602024506032471 0.18776009811554106 -0.11801645253716504 0.95107267178526078 0.31604906459511217 -0.39762447996613531 1.0429742035658465 0.096653696984685525 0.48718824391756732 -0.10053674053642579 -0.2066902565311185 -0.13544029150288669 0.0055730132688118581 -0.032925639671545423 0.51428971539742208 -0.56146843242124211 0.34211082987974145 -0.046219279705065647 0.0078934869160650605 0.38722671484966276 0.088407214122059999 0.079079493171499149 -0.097094116945509526 0.74521773410390835 -0.26779360801969865 -0.35603505294330373 0.11897710342005702 0.77863921036615091 -0.0021786612940245666 0.39253207196211853 -0.14435205327599424 -0.049672298971930241 0.32908893425382824 0.75886309184674283 -0.37216965144089131 0.25865889899432659 0.12117906610852894 0.06886064829385799 0.21618174531243067 1.2812541284376668 0.72714208779590472 -0.02163028647751418 0.016474183657638992
leaf_weight=19665 8695 4689 4526 2267 15958 410 122 400 241 4723 988 5238 250 625 56 553 5888 838 243 200 304 966 108 319 652 69 1295 903 2848 2330 3752 2473 3785 93 306 352 17522 127135 547 8972 462 3898 98 147 161 573 289 87 297 4983 762 765 181 213 188 346 230 121 84 84 42686 54673
leaf_count=19665 8695 4689 4526 2267 15958 410 122 400 241 4723 988 5238 250 625 56 553 5888 838 243 200 304 966 108 319 652 69 1295 903 2848 2330 3752 2473 3785 93 306 352 17522 127135 547 8972 462 3898 98 147 161 573 289 87 297 4983 762 765 181 213 188 346 230 121 84 84 42686 54673
internal_value=-5.63352e-12 0.00819717 -0.0422597 0.0113018 0.0191517 -0.0157409 0.00345524 0.00575205 0.00146822 0.0327332 -0.0413765 -0.012798 -0.0767577 -0.35713 0.0866348 -0.0378232 -0.0733333 0.0430587 0.147081 0.285674 0.00677784 0.0113436 0.243184 0.22549 -0.226443 0.345963 0.189918 0.366242 0.0135102 -0.0588131 -0.0357248 0.00281246 -0.0760903 -0.119725 -0.304272 0.531933 -0.0138962 0.0157089 0.0559859 0.105579 0.00437642 -0.0603201 0.195654 0.131876 0.0943437 0.113841 0.308758 0.597971 0.0470628 -0.0835023 0.00988349 0.141585 0.26733 0.176361 0.511296 -0.164298 0.435902 0.343957 0.652602 0.138239 -0.00724638 -0.000232309
internal_weight=362634 228088 13221 214867 166528 48339 33437 33315 32915 19029 13886 15393 7176 875 2774 6301 11112 8217 2979 1474 5096 1505 539 3636 1205 373 1786 1369 150570 14902 12226 8381 4501 3845 716 552 134546 147722 18666 9519 9147 4458 560 466 3880 3719 949 376 2770 10871 129056 1921 1159 978 296 2676 491 435 205 922 114881 97359
internal_count=362634 228088 13221 214867 166528 48339 33437 33315 32915 19029 13886 15393 7176 875 2774 6301 11112 8217 2979 1474 5096 1505 539 3636 1205 373 1786 1369 150570 14902 12226 8381 4501 3845 716 552 134546 147722 18666 9519 9147 4458 560 466 3880 3719 949 376 2770 10871 129056 1921 1159 978 296 2676 491 435 205 922 114881 97359
is_linear=0
shrinkage=0.05


Tree=84
num_leaves=63
num_cat=0
split_feature=47 50 19 0 50 46 31 42 22 30 42 44 9 49 10 49 44 8 49 37 0 30 21 6 50 50 9 49 49 41 45 41 31 5 17 45 42 31 50 4 30 9 28 36 9 12 50 3 37 30 1 32 11 1 6 31 6 46 30 45 35 36
split_gain=15654.2 15481.1 12239.9 16561.4 13679.1 14122 11764.9 11039.5 10668.7 12154 12940.1 10136.1 16644.8 9955.91 12934.9 11341.4 9721.97 11661.9 9714.42 12880.2 10223.5 9407.66 11223 9473.23 11720.4 14874 10023.2 13135.4 16730.8 10426.7 10251 9951.73 9776.83 9243.58 9126.57 9021.53 8917.47 8731.32 10776.6 10026.8 10086.1 18848.6 9204.8 8720.63 9162.46 8176.88 12044.8 16607.3 12084.7 19372.2 13521.2 10628.7 9919.01 11188.8 9956.37 9778.74 9631.13 9475.81 8991.62 8790.74 8023.46 8394.66
threshold=-11.397787094116209 6.5000000000000009 -3.89654529094696 5.0999999046325692 1.5000000000000002 44.864999771118171 67.005001068115249 3.0499999523162846 1.0000000180025095e-35 8.6050000190734881 33.049999237060554 23.23499965667725 9.8350000381469744 11.500000000000002 44.995000839233406 15.500000000000002 23.515000343322757 0.18450000137090686 20.500000000000004 26.704999923706058 56.399999618530281 27.755000114440922 20.750000000000004 75.500000000000014 11.500000000000002 10.500000000000002 29.954999923706058 13.500000000000002 17.500000000000004 -1.2715918421745298 25.994999885559086 0.47102431952953344 50.995000839233406 64.250000000000014 76.005001068115249 70.005001068115249 7.4500000476837167 55.010000228881843 11.500000000000002 6.0499999523162851 20.884999275207523 26.974999427795414 12.550000190734865 0.7305000126361848 inf -13.782589912414549 4.5000000000000009 9.0999999046325701 27.224999427795414 23.814999580383304 72.500000000000014 5.7950000762939462 33.995000839233406 80.500000000000014 47.299999237060554 22.994999885559086 88.500000000000014 16.285000801086429 24.704999923706058 46.995000839233406 33.95000076293946 0.72550001740455639
decision_type=8 2 8 10 2 10 10 8 8 8 10 10 8 2 10 2 8 10 2 10 8 10 10 10 2 2 8 2 2 8 10 8 10 8 10 8 10 8 2 10 8 10 8 10 8 8 2 10 8 8 8 8 10 8 10 10 8 8 10 8 10 10
left_child=1 6 4 37 5 11 8 33 -1 34 45 -2 -13 -6 18 16 17 -16 19 -15 -21 23 -23 26 25 31 27 29 30 -5 -29 32 -25 -3 -10 -14 -30 39 -39 40 41 -4 -42 44 -9 56 55 51 49 50 -49 -48 54 -54 59 57 -11 -47 -58 -50 61 -8
right_child=2 7 3 21 13 -7 60 43 9 10 -12 12 35 14 15 -17 -18 -19 -20 20 -22 22 -24 24 -26 -27 -28 28 36 -31 -32 -33 -34 -35 -36 -37 -38 38 -40 -41 42 -43 -44 -45 -46 46 47 48 52 -51 -52 -53 53 -55 -56 -57 58 -59 -60 -61 -62 -63
leaf_value=-0.021676804275424288 -0.094258869456618086 0.10514970539074581 -0.083202991048845099 -0.029848778286990497 -0.027699248058560451 -0.28385598249035543 0.025110756870013847 -0.019779697776172424 0.19162798529822181 0.026270348866724497 -0.089191089624983885 -0.49996332066544036 0.27545362632767439 0.10373159643262005 0.32236908344246928 -0.031563092237644634 0.001823900300842767 0.057827299067414087 -0.0164337847676371 -0.0090945066421826478 0.13067025132924234 0.014643234183755453 0.073026736728883254 0.395311896454134 0.80851267740130428 -0.48147191424907831 -0.037287578798790612 0.20310122479113413 0.073113081197458032 0.01159599921667257 0.062001635215464146 -0.0025439411044899368 0.037864408887232456 0.82717235938868905 0.6182534514227882 -0.0051189152073860171 -0.012165957311252765 0.01559246539662773 -0.074509383230834822 -0.036901726240525727 0.075500512230993799 0.89623708093867593 -0.28906440317766008 0.12504320434092026 0.19350115428200398 -0.020646408295032597 1.0908116340637208 0.39437302319203932 0.21974507951391509 0.072204989047203461 1.237046229839325 0.3407473702368462 0.16998208631037781 0.81402039173576568 -0.084533003851167535 0.025689117789576221 0.60670082365156075 0.36243291614589351 -0.011353120160759381 0.012969365755939453 -0.15675481600376065 -0.31616050767642201
leaf_weight=2676 4483 118 1333 25836 56068 794 5774 20882 579 5351 1097 118 529 6934 513 31494 10695 2217 7598 7903 1568 27022 11837 492 60 104 14111 1450 3809 36779 11467 689 313 71 160 625 15704 13955 4354 10843 202 51 1212 1179 516 249 51 563 1006 637 52 639 269 90 910 3892 141 459 101 1051 773 186
leaf_count=2676 4483 118 1333 25836 56068 794 5774 20882 579 5351 1097 118 529 6934 513 31494 10695 2217 7598 7903 1568 27022 11837 492 60 104 14111 1450 3809 36779 11467 689 313 71 160 625 15704 13955 4354 10843 202 51 1212 1179 516 249 51 563 1006 637 52 639 269 90 910 3892 141 459 101 1051 773 186
internal_value=-3.30306e-12 0.0261371 -0.00412902 0.00428331 -0.0157444 -0.0861848 0.0519614 -0.00415665 0.0712297 0.0856031 0.0767487 -0.0589127 0.0656604 -0.0120536 0.000674169 -0.0151598 0.023321 0.107538 0.0303057 0.0519532 0.0140447 0.0112592 0.0324277 0.00383602 0.122455 0.0966953 0.00203428 0.00787226 0.0337004 -0.00550481 0.0778408 0.136943 0.256329 0.376386 0.283996 0.123497 0.00448078 -0.0283957 -0.00583434 -0.0586777 -0.143065 -0.0471109 -0.236984 -0.0073423 -0.0146366 0.0885225 0.115897 0.167517 0.133051 0.265458 0.465623 0.396187 0.08321 0.33144 0.0531747 0.0567821 0.0402236 0.227706 0.348753 0.114095 -0.00519647 0.0144603
internal_weight=362634 49472 313162 181623 131539 6549 26706 22766 19973 17297 16558 5755 1272 124990 68922 44919 13425 2730 24003 16405 9471 149673 38859 110814 1658 1598 109156 95045 32430 62615 12917 1494 805 189 739 1154 19513 31950 18309 13641 2798 1384 1414 22577 21398 15461 9868 5268 4578 1252 615 690 3326 359 2967 4600 5593 708 242 2057 6733 5960
internal_count=362634 49472 313162 181623 131539 6549 26706 22766 19973 17297 16558 5755 1272 124990 68922 44919 13425 2730 24003 16405 9471 149673 38859 110814 1658 1598 109156 95045 32430 62615 12917 1494 805 189 739 1154 19513 31950 18309 13641 2798 1384 1414 22577 21398 15461 9868 5268 4578 1252 615 690 3326 359 2967 4600 5593 708 242 2057 6733 5960
is_linear=0
shrinkage=0.05


Tree=85
num_leaves=63
num_cat=0
split_feature=49 49 49 38 43 29 44 4 47 44 11 30 23 27 45 12 37 36 28 14 49 6 4 5 2 30 45 5 5 2 4 4 30 40 44 30 44 29 9 37 2 10 37 36 14 5 43 9 37 32 28 28 9 5 38 37 3 24 37 9 5 19
split_gain=14333.8 24008 18714.6 16853.2 11582.9 11123.6 11565.2 19932.7 15007.8 13867.1 11656.5 10980.6 12772.8 12657.5 12283.6 10661.4 10644.2 10521.4 10361 9993.98 9723.93 9719.29 21937.1 16534.1 10854 10948.2 11042.4 10016.8 9583.28 14624.3 9260.21 9008.73 8968.09 11537.1 8775.87 8771.32 12490.1 8506.83 8453.85 8396.69 9943 9478.55 8291.3 8289.75 8160.62 7864.18 7854.91 13568.8 8939.4 10235.6 7875.51 7685.58 12255.5 10259.2 7627.19 7606.67 7602.56 8296.68 7515.64 13814.5 7458.31 7245.94
threshold=8.5000000000000018 5.5000000000000009 19.500000000000004 39.004999160766609 0.76649999618530285 0.053500000387430198 29.505000114440922 39.100000381469734 -5.023923158645629 33.18499946594239 19.494999885559086 28.005000114440922 33.07500076293946 -7.8476343154907218 31.005000114440922 -0.5984915792942046 39.174999237060554 0.20750000327825549 10.750000000000002 0.94999998807907116 12.500000000000002 69.500000000000014 12.050000190734865 114.50000000000001 22.19999980926514 14.784999847412111 103.00500106811525 92.500000000000014 62.049999237060554 88.500000000000014 47.250000000000007 26.19999980926514 8.6050000190734881 -11.775014400482176 38.254999160766609 24.634999275207523 26.384999275207523 1.0000000180025095e-35 23.314999580383304 27.384999275207523 18.050000190734867 41.995000839233406 35.944999694824226 0.7305000126361848 13.750000000000002 30.050000190734867 0.59349998831748974 29.855000495910648 34.284999847412116 11.47499990463257 9.0500001907348651 9.3099999427795428 22.505000114440922 72.500000000000014 88.014999389648452 14.765000343322756 44.049999237060554 164.0100021362305 16.98499965667725 7.1250000000000009 80.500000000000014 -2.883574247360229
decision_type=2 2 2 10 8 8 10 10 10 10 8 10 10 8 8 8 10 10 10 10 2 8 8 10 8 8 8 8 10 8 10 10 8 8 10 8 8 10 10 10 10 10 8 10 8 10 10 8 10 10 10 8 10 8 10 10 10 10 8 8 10 10
left_child=1 15 3 5 11 6 8 9 10 61 19 13 46 35 54 -1 21 37 -12 -2 -7 23 27 32 38 55 31 -23 29 -18 -17 42 33 -16 44 36 60 -4 -24 40 -21 -42 -27 -28 -14 -3 47 -13 -48 -50 -49 52 -22 -54 -15 -26 -39 -58 59 -35 -5 -8
right_child=2 45 17 4 -6 20 7 -9 -10 -11 18 12 34 14 16 30 28 -19 -20 39 51 22 24 -25 25 26 43 -29 -30 -31 -32 -33 -34 58 -36 -37 -38 56 -40 -41 41 -43 -44 -45 -46 -47 48 50 49 -51 -52 -53 53 -55 -56 -57 57 -59 -60 -61 -62 -63
leaf_value=-0.011351882113733544 -0.08724055339083811 -0.039379590462884903 -0.067315569992001056 -0.00092489055605150024 0.070107080019180229 0.011337225855360506 -0.088167220452805034 0.42220981154007031 0.014701934563289561 0.050470702481529697 0.22326993235639439 0.031506989619050546 1.2054163928031922 0.079862701662899799 0.32599490293722322 0.0042436835122299883 -0.22327757282672744 -0.15902825254960407 0.089185671049130111 0.020388932947234258 0.58782238927884745 -0.044464850354681361 -0.20002056311839708 0.74263370633384007 -0.15509623875383471 0.14429950789730148 -0.084587212510983889 -0.36217429859294809 -0.51567503885617338 0.55629538416045987 0.059283082467376062 0.28884930264793607 -0.018493549947549908 -0.16534682333371584 0.044997213615311518 -0.056689241333268817 0.14963863671956865 -0.023973741670837125 0.10200545876858789 -0.022078967827565178 0.25810202739743904 0.061015835059540613 -0.1320953705684936 0.53363264947808509 0.36130047537275217 -0.15931413894563404 0.018220487000695833 0.055403266975964718 -0.0020506534628246145 -0.38977232441594384 0.25493919076206589 0.11921813152397479 0.27041616077249003 -0.27712297351325604 -0.088477467908127286 0.44362987219069971 0.011125769142910177 0.31750338199306194 -0.13456256619968507 0.1450813473599907 0.38816124806762675 0.028289596813728814
leaf_weight=56053 1136 42697 6463 3261 6911 1295 5280 268 12014 4942 2423 8442 50 5696 383 20740 342 1262 3554 1757 260 1962 471 72 61 1548 833 284 189 73 12101 892 81631 462 81 1381 3377 28829 456 1622 1456 1050 329 58 67 1412 1871 827 345 336 1230 1790 505 103 763 407 24257 223 537 1598 128 1788
leaf_count=56053 1136 42697 6463 3261 6911 1295 5280 268 12014 4942 2423 8442 50 5696 383 20740 342 1262 3554 1757 260 1962 471 72 61 1548 833 284 189 73 12101 892 81631 462 81 1381 3377 28829 456 1622 1456 1050 329 58 67 1412 1871 827 345 336 1230 1790 505 103 763 407 24257 223 537 1598 128 1788
internal_value=9.26566e-12 -0.0130617 0.0075654 0.0161537 0.00715757 0.0439327 0.0354783 -0.00426476 0.0549875 -0.0137814 0.0922233 0.00354554 0.0464879 -0.00176206 -0.00668968 0.00190217 -0.0113404 -0.0161584 0.143542 0.0485357 0.123686 -0.00996661 0.045386 -0.0147389 0.103157 0.137877 0.108759 -0.0846383 -0.220553 -0.0861479 0.0245242 0.158024 -0.0153834 0.069814 0.445064 0.0581454 0.0815841 -0.0131419 -0.0514511 0.074745 0.111585 0.175524 0.0958531 -0.0443439 0.722034 -0.0432189 0.040441 0.0595653 -0.0382369 -0.193349 0.174717 0.178424 0.300519 0.177659 0.0599767 0.365591 -0.00657409 0.0139167 0.032033 0.075461 0.0137706 -0.058707
internal_weight=362634 133003 229631 168597 127354 41243 37290 12278 25012 12010 12998 120443 13249 107194 99047 88894 92588 61034 5977 7021 3953 91984 7301 84683 5055 4128 3660 2246 604 415 32841 2769 84611 2980 198 8147 6766 59772 927 5885 4263 2506 1877 891 117 44109 13051 10499 2552 681 2057 2658 868 608 6459 468 53309 24480 2597 2060 3389 7068
internal_count=362634 133003 229631 168597 127354 41243 37290 12278 25012 12010 12998 120443 13249 107194 99047 88894 92588 61034 5977 7021 3953 91984 7301 84683 5055 4128 3660 2246 604 415 32841 2769 84611 2980 198 8147 6766 59772 927 5885 4263 2506 1877 891 117 44109 13051 10499 2552 681 2057 2658 868 608 6459 468 53309 24480 2597 2060 3389 7068
is_linear=0
shrinkage=0.05


Tree=86
num_leaves=63
num_cat=0
split_feature=50 50 30 33 9 37 51 11 44 37 50 30 51 37 9 5 44 28 17 9 0 51 0 32 37 3 33 9 5 0 1 18 5 51 3 37 51 5 44 50 50 44 9 35 51 0 44 14 48 44 46 50 50 30 51 30 29 22 9 10 47 42
split_gain=14591.8 30869.9 27150.2 27030.9 24121.5 29263.1 20080.7 35668.5 17513 16955.6 16562.8 52064.6 38654.2 48865.1 43703.6 39478.5 37367.9 24760.9 22487.5 31754.6 19979.2 18061.8 35012.3 41158.5 22690.2 18251.8 17492.4 17198 17135.4 17122.6 16144.6 16097.1 23884.2 18122.2 15948.3 20153.1 15712.2 21836.6 19246.8 18871.8 38512.3 30249.9 22043 18997.6 24456.5 23429.8 18961.3 18593.6 17492.7 17115.3 19042.5 16424.3 20867.3 43169.3 19760.3 21787.1 23059.4 17751.6 17473.2 17461.5 16858.2 15917.3
threshold=6.5000000000000009 2.5000000000000004 9.3249998092651385 3.7192190885543828 7.1250000000000009 17.384999275207523 2.5000000000000004 31.005000114440922 32.495000839233406 32.335000991821296 5.5000000000000009 23.394999504089359 4.5000000000000009 31.964999198913578 23.035000801086429 62.049999237060554 35.475000381469734 13.34999990463257 56.004999160766609 30.554999351501468 33.049999237060554 4.5000000000000009 52.500000000000007 18.625000000000004 34.114999771118171 30.050000190734867 -3.8997031450271602 31.894999504089359 43.350000381469734 54.500000000000007 104.50000000000001 22.005000114440922 29.149999618530277 4.5000000000000009 50.049999237060554 28.244999885559086 4.5000000000000009 41.100000381469734 17.884999275207523 10.500000000000002 11.500000000000002 26.035000801086429 23.875000000000004 20.94999980926514 1.0000000180025095e-35 42.049999237060554 30.355000495910648 30.44999980926514 1.0000000180025095e-35 26.384999275207523 20.005000114440922 8.5000000000000018 9.5000000000000018 21.615000724792484 3.5000000000000004 13.375000000000002 0.0025000000605359678 0.079500000923872008 20.445000648498539 44.004999160766609 -10.720637798309324 11.519999980926515
decision_type=2 2 8 8 10 10 2 10 10 10 2 8 2 10 10 10 10 10 8 10 10 2 10 8 10 10 10 10 10 10 10 10 10 2 10 8 2 10 10 2 2 10 10 8 2 10 10 8 10 10 8 2 2 8 2 10 8 10 10 10 8 10
left_child=1 2 4 6 -1 31 7 34 -7 -4 12 18 16 15 -15 -14 -8 29 -12 20 -20 -13 -23 24 25 -24 -16 -19 -25 -17 -9 -6 -33 -34 35 -3 37 51 61 47 41 43 -42 44 45 -41 49 -40 -47 50 -44 -2 53 -53 59 58 57 -57 -56 -54 -61 -39
right_child=36 3 9 -5 5 8 10 30 -10 -11 11 21 13 14 26 17 -18 27 19 -21 -22 22 23 28 -26 -27 -28 -29 -30 -31 -32 32 33 -35 -36 -37 -38 38 39 40 42 -43 46 -45 -46 48 -48 -49 -50 -51 -52 52 54 -55 55 56 -58 -59 -60 60 -62 -63
leaf_value=-0.059315076087910014 -0.036069900422336508 -0.019649654433415691 -0.034366462467145149 0.078973114739226857 0.10776959729031557 -0.083339266030860129 0.055180483656807645 0.072317302718907295 -1.0219284111598754 -0.3272165174931288 0.22833398335477512 -0.0085498913280323743 -0.017306233492030358 0.38502831740989391 -0.50107596407126109 0.43199457304487976 0.54279034368786971 0.90646961627654188 0.50964892458702837 0.17723644331483371 1.3973845315714406 0.068084853703845455 0.6155594785267553 0.099133162404976646 -0.5025471335874413 -0.28400115725360336 -0.19388262450607072 0.051856014442940558 1.1163310739939865 -0.34753927668950857 0.55766182451801638 0.17738762741980887 0.88386722667235529 0.25990900255384902 0.058186965633854275 -0.1069638110343466 -0.032747175402763479 0.014087268892472511 0.028129441748547014 0.041553341917623984 -0.12369276732414627 -0.48469725730560936 0.56952564574712439 -0.26199820369480858 -0.10835941780424901 0.42880249394505632 -0.32196393250525002 0.15703878379010902 1.7200551884041895 0.69725408267276556 -0.00030840830832431858 0.34345082856495818 0.014749857853711485 0.031046908168059995 -0.046326415016414269 0.10536659529616442 0.0098123589644640019 0.33938074669298235 -0.48440957264172452 -0.20105021694799988 -0.039319431599115211 0.38056683006028591
leaf_weight=2648 37796 24367 43112 18780 2800 798 22170 8200 53 500 1111 7148 19794 234 884 145 400 240 112 204 146 6001 197 51 106 79 974 78 220 137 175 1054 261 210 4375 9068 53176 486 11952 107 626 695 227 633 379 51 125 3652 54 239 414 1187 17204 16168 1543 3176 5445 1088 267 1715 26638 759
leaf_count=2648 37796 24367 43112 18780 2800 798 22170 8200 53 500 1111 7148 19794 234 884 145 400 240 112 204 146 6001 197 51 106 79 974 78 220 137 175 1054 261 210 4375 9068 53176 486 11952 107 626 695 227 633 379 51 125 3652 54 239 414 1187 17204 16168 1543 3176 5445 1088 267 1715 26638 759
internal_value=2.72919e-12 0.010281 -0.0223376 0.0236608 0.0634277 0.126222 0.0139177 -0.0109038 -0.141794 -0.0377239 0.0328878 0.0776979 0.0175967 -0.0288016 -0.258937 -0.00519446 0.0638222 0.394373 0.350244 0.643409 1.01201 0.046636 0.105919 0.453611 0.119265 0.358077 -0.340039 0.696847 0.924903 0.0532849 0.0824588 0.178958 0.309663 0.605669 -0.0315838 -0.0433304 -0.00978465 -0.000577897 0.0470095 0.0346273 -0.0694249 -0.22125 0.10921 -0.0716626 0.132199 0.562255 0.254281 0.0582997 1.09288 0.336135 0.201489 -0.00922765 0.00440283 0.0524139 -0.0101958 0.0483115 0.0780017 0.165078 -0.11095 -0.0249893 -0.0491021 0.237507
internal_weight=362634 176832 51436 125396 7824 5176 106616 46185 851 43612 60431 15375 45056 22486 2092 20394 22570 600 1573 462 258 13802 6654 653 382 276 1858 318 271 282 8375 4325 1525 471 37810 33435 185802 132626 20399 19154 3550 1919 1631 1224 591 212 1005 15604 105 880 641 112227 74431 17355 57076 11519 9709 4264 1810 45557 28353 1245
internal_count=362634 176832 51436 125396 7824 5176 106616 46185 851 43612 60431 15375 45056 22486 2092 20394 22570 600 1573 462 258 13802 6654 653 382 276 1858 318 271 282 8375 4325 1525 471 37810 33435 185802 132626 20399 19154 3550 1919 1631 1224 591 212 1005 15604 105 880 641 112227 74431 17355 57076 11519 9709 4264 1810 45557 28353 1245
is_linear=0
shrinkage=0.05


Tree=87
num_leaves=63
num_cat=0
split_feature=47 46 51 51 37 49 49 3 19 0 4 30 6 16 16 30 50 49 51 50 8 50 50 30 49 49 7 31 9 10 51 16 42 10 50 37 22 31 19 50 12 50 51 13 9 45 24 7 16 37 30 51 30 19 9 50 42 37 18 32 27 7
split_gain=13550.3 13436.5 12602.8 37383.1 23683.3 31083.2 15541.9 14195.1 13350 12522.4 12173.2 13213.2 11974.6 13955.4 12509.6 14632 11929.2 11835.3 11536.4 11393.6 10938.2 10894.7 16710.1 50301.6 31454.6 18351.8 17876.5 18676.3 15409.5 13846.5 13101.6 13426.9 13395.1 11868.2 16394.2 13229.6 12399.3 11356.7 11785.4 11032.4 10719.4 10603.3 12383.3 10587.8 11012.5 24057.4 10509.6 10491.1 10303.5 17054.2 11184 10279.2 10214.1 10056.9 10021.6 19909.3 10001.4 9905.1 9673 9585.47 9430.19 9927.44
threshold=-11.397787094116209 36.48500061035157 4.5000000000000009 3.5000000000000004 29.904999732971195 7.5000000000000009 20.500000000000004 50.049999237060554 -7.5096509456634513 57.500000000000007 25.050000190734867 10.925000190734865 75.500000000000014 20.244999885559086 34.475000381469734 26.974999427795414 9.5000000000000018 4.5000000000000009 1.5000000000000002 1.5000000000000002 0.76750001311302196 10.500000000000002 8.5000000000000018 21.164999961853031 10.500000000000002 19.500000000000004 51.850000381469734 72.005001068115249 32.145000457763679 73.009998321533217 1.0000000180025095e-35 21.134999275207523 54.45000076293946 80.009998321533217 2.5000000000000004 18.255000114440922 0.20250000059604648 4.1099998950958261 1.268261790275574 9.5000000000000018 -10.939780235290526 10.500000000000002 2.5000000000000004 -4.2017102241516104 18.835000038146976 26.010000228881839 108.04000091552736 46.649999618530281 13.484999656677248 19.605000495910648 31.275000572204593 1.0000000180025095e-35 16.154999732971195 7.922570228576661 27.275000572204593 11.500000000000002 36.649999618530281 16.57499980926514 41.004999160766609 23.005000114440922 2.2966017723083501 25.150000572204593
decision_type=8 10 2 2 8 2 2 10 8 8 10 8 10 10 10 10 2 2 2 2 10 2 2 8 2 2 8 8 10 8 2 10 10 10 2 8 8 10 10 2 10 2 2 8 10 8 10 8 8 10 10 2 10 10 10 2 10 10 10 8 8 10
left_child=1 9 3 7 5 48 10 8 -2 16 -7 -12 17 -14 58 -16 40 -4 -18 -11 -19 22 33 24 -24 26 28 -28 30 43 31 52 60 36 35 51 56 39 -39 -25 -1 -9 -43 -23 -45 -46 -3 -36 -5 50 -50 -35 -26 -6 -31 -56 -10 -21 -15 -55 61 -32
right_child=2 46 12 4 53 6 -8 41 21 19 11 -13 13 14 15 -17 18 20 -20 57 -22 29 23 37 25 -27 27 -29 -30 54 32 -33 -34 34 47 -37 -38 38 -40 -41 -42 42 -44 44 45 -47 -48 -49 49 -51 -52 -53 -54 59 55 -57 -58 -59 -60 -61 -62 -63
leaf_value=-0.0070593743515002735 -0.0409019085599545 0.16658908297849431 0.012426383378795341 -0.10406643594208963 -0.047078448726696448 0.097090865481760005 0.015388588295746148 0.052077309109911221 0.0018866631747629999 -0.43157596247339697 0.55122427000183494 0.17364847652168128 0.51346497023987836 0.065853623553930471 0.010589273190446969 1.1543092213295123 -0.19562185730727855 -0.033691808406065116 -0.016773688246506772 0.32262485791714146 0.17495841546944851 -0.087816405174360512 -0.022341696082537423 0.032251626591947601 0.32290972795393041 0.015001225514563522 0.44214172788501327 1.1910404466830933 -0.43959061122602883 -0.063877323004144268 0.3737677660814156 0.33565884800169798 -0.40780399265125972 -0.12676504999550006 0.038176945330273181 -0.09775345115646672 -0.063426512983290967 -0.024363693592004593 0.076889225433650843 0.37068006350946281 0.048962441824332591 -0.18014899453071362 0.12631081762340141 -0.014809880765826448 0.41620256685866758 0.039967784915564165 -0.11767761880422341 0.15226962385949752 0.081275485827421473 -0.019005409634785621 0.42063496150942736 0.082760377453647116 -0.41042671860909902 0.69276384883456765 -0.54491669762171691 0.016880617349618866 -0.059555255738646277 0.071234539171109168 -0.39053928569626456 0.020433752810539205 0.21439078183788243 0.70593466257069559
leaf_weight=20560 32243 2489 19466 1903 7391 13754 4570 13824 43557 108 248 3527 201 869 58 54 1317 67803 2859 416 634 3008 1159 594 67 519 333 111 72 10730 611 244 52 741 7463 3572 12256 14155 3606 405 14604 1072 476 9002 481 3642 374 2760 4116 9025 258 2787 163 90 321 310 7811 6745 134 129 429 356
leaf_count=20560 32243 2489 19466 1903 7391 13754 4570 13824 43557 108 248 3527 201 869 58 54 1317 67803 2859 416 634 3008 1159 594 67 519 333 111 72 10730 611 244 52 741 7463 3572 12256 14155 3606 405 14604 1072 476 9002 481 3642 374 2760 4116 9025 258 2787 163 90 321 310 7811 6745 134 129 429 356
internal_value=6.03863e-12 0.0243173 -0.00384154 0.00248955 0.0432204 0.0595804 0.0975101 -0.00775645 -0.0120738 0.0178591 0.11892 0.198453 -0.0197328 0.129976 0.0608443 0.562026 0.00671878 -0.0219741 -0.0731777 0.0781509 -0.0317589 -0.00499553 0.0024157 0.0401489 0.198437 0.284972 0.342443 0.629366 0.278555 -0.0329819 0.305457 0.0772915 0.380147 -0.00824787 0.0284433 -0.0299232 -0.0182378 0.0054199 -0.0038064 0.169452 0.0162071 0.0381812 -0.0859146 -0.00320549 0.0161857 0.0838603 0.129455 0.0689796 0.00480274 0.0202649 0.101293 0.0387529 -0.196803 -0.0371842 -0.0752653 -0.268915 -0.00745617 0.0858384 0.00487989 0.296734 0.409497 0.496055
internal_weight=362634 49472 313162 223943 45011 37401 22099 178932 163560 46609 17529 3775 89219 1316 1115 112 39340 87903 4176 7269 68437 131317 103823 22876 4116 2957 2438 444 1994 27494 1922 474 1448 80947 17323 7100 63624 18760 17761 999 35164 15372 1548 16133 13125 4123 2863 10223 15302 13399 4374 3528 230 7610 11361 631 51368 7161 1003 219 1396 967
internal_count=362634 49472 313162 223943 45011 37401 22099 178932 163560 46609 17529 3775 89219 1316 1115 112 39340 87903 4176 7269 68437 131317 103823 22876 4116 2957 2438 444 1994 27494 1922 474 1448 80947 17323 7100 63624 18760 17761 999 35164 15372 1548 16133 13125 4123 2863 10223 15302 13399 4374 3528 230 7610 11361 631 51368 7161 1003 219 1396 967
is_linear=0
shrinkage=0.05


Tree=88
num_leaves=63
num_cat=0
split_feature=0 44 47 26 9 51 51 30 15 5 30 40 2 44 23 5 50 5 9 28 50 38 50 9 51 25 37 6 37 37 45 31 10 44 45 50 37 50 44 50 44 6 13 0 10 33 50 30 43 51 21 44 31 5 30 44 6 25 50 13 5 5
split_gain=12819.3 12818.1 11662.8 11646 10912.4 10868.1 17656 16298.4 12509.8 11423.4 11323.9 10369.4 9895.05 9732.79 9587.39 15324.7 9355.88 17638.1 26910 25967 17226 15355.5 14833.8 14352.9 13727.8 17683.5 12379.1 10819.8 10739.5 10372.9 9876.83 11275.4 9415.84 9194.16 9144.92 9137.59 25670.5 13584.5 15336.6 33952.8 21238.9 26315.9 16466.2 13906.9 13528.4 13434.4 12757.4 33757 17255.2 12853.5 19628.7 13961.1 12659.4 11952.2 12996.7 11204.7 11012.5 11879.3 10190.2 9276.21 9143.52 9135.6
threshold=9.0999999046325701 28.954999923706058 -12.699152469635008 -5.1967782974243155 13.50500011444092 4.5000000000000009 3.5000000000000004 23.394999504089359 0.50850000977516185 8.0500001907348651 25.644999504089359 -14.704456329345701 103.50000000000001 36.48500061035157 20.414999961853031 78.500000000000014 6.5000000000000009 63.500000000000007 32.014999389648445 8.5500001907348651 5.5000000000000009 47.004999160766609 10.500000000000002 29.304999351501468 5.5000000000000009 48.004999160766609 32.465000152587898 32.100000381469734 27.605000495910648 18.015000343322757 40.965000152587898 19.005000114440922 55.98500061035157 33.18499946594239 91.005001068115249 2.5000000000000004 18.714999198913578 10.500000000000002 26.035000801086429 11.500000000000002 29.32499980926514 50.049999237060554 -3.3599094152450557 33.049999237060554 78.034999847412124 -1.0000000180025095e-35 8.5000000000000018 21.615000724792484 0.047499999403953559 1.0000000180025095e-35 11.34999990463257 32.905000686645515 82.005001068115249 33.049999237060554 11.694999694824221 14.404999732971193 42.049999237060554 15.00500011444092 1.5000000000000002 -12.949323654174803 38.049999237060554 48.250000000000007
decision_type=8 10 8 8 8 2 2 8 10 10 8 8 8 10 10 10 2 10 10 10 2 8 2 10 2 8 10 10 10 8 8 8 10 10 8 2 8 2 10 2 10 10 8 8 10 8 2 8 8 2 10 10 10 10 10 10 10 10 2 10 10 10
left_child=1 -1 12 4 34 6 11 9 -9 -8 16 -5 -2 -11 15 -6 17 20 19 21 23 -19 29 28 25 26 27 -22 30 -18 -7 -32 -25 -31 61 36 53 44 42 43 41 -41 -39 59 46 -46 52 48 -48 50 -50 -51 -37 -13 55 58 -38 -58 -55 -40 -47 -4
right_child=2 -3 3 5 14 10 7 8 -10 13 -12 35 -14 -15 -16 -17 22 18 -20 -21 24 -23 -24 32 -26 -27 -28 -29 -30 33 31 -33 -34 -35 -36 37 56 38 39 40 -42 -43 -44 -45 45 60 47 -49 49 51 -52 -53 -54 54 -56 -57 57 -59 -60 -61 -62 -63
leaf_value=-0.017360074808802441 0.027119196839042872 -0.16419348112618376 -0.050958718209172166 0.17555930344176648 0.026370610313492377 0.054712469143556708 -0.02581877134054918 0.033499831383070056 -0.12877186929094758 0.1130522848311255 0.021887612771581778 0.01116777343360734 0.19592310894828388 0.55532013169593275 -0.014333470731908344 0.65709005255136921 0.15781291745922071 -0.67098444610834118 -0.26326055240545737 0.72823773257014968 0.50252013081262092 0.27366998400048992 -0.014828448073213575 -0.013256706747914029 -0.027937368057554465 -0.20226568820886315 -0.010355798298852486 1.2202036993776231 0.13765679967083683 -0.15817480469445352 0.21190273068008986 -0.062539255763537333 -0.28070935681045645 0.013556795218709214 -0.18467733317708568 -0.013894471273533229 -0.063141995109944893 -0.09673606986040062 0.47717488569021227 0.06422383612508957 -0.26146689509592391 0.93871471438652443 0.018743679913989657 -0.56036043564478566 0.033822260833191488 0.080737277733567522 0.067764368526713012 0.0093154023265480303 0.74342031997318081 0.40771172503087166 -0.12733921936672668 -0.26086706859340153 0.089669451981178205 0.94501332457350429 -0.035743145876804515 0.12096422707538777 -0.049682615647572037 -0.31602609134630127 0.33239237635451208 -0.25334665833871406 0.23454498795394485 0.52429455599614561
leaf_weight=58616 33847 1525 4917 910 13489 3034 1587 9987 1348 9772 16685 6446 891 126 85758 97 327 60 192 302 119 152 8467 535 262 80 57 94 1143 5009 392 8269 855 923 1473 30660 5266 4159 50 325 279 117 11975 489 7445 2205 1518 10594 81 1318 322 83 3265 113 337 257 703 1035 170 332 1720 70
leaf_count=58616 33847 1525 4917 910 13489 3034 1587 9987 1348 9772 16685 6446 891 126 85758 97 327 60 192 302 119 152 8467 535 262 80 57 94 1143 5009 392 8269 855 923 1473 30660 5266 4159 50 325 279 117 11975 489 7445 2205 1518 10594 81 1318 322 83 3265 113 337 257 703 1035 170 332 1720 70
internal_value=-7.52753e-12 -0.0210833 0.00419174 0.000655458 -0.0122458 0.00908395 0.0173609 0.0567362 0.0142019 0.0987151 -0.0111855 0.00761248 0.0314489 0.118682 -0.00815106 0.0308738 -0.0294145 -0.00236088 0.241814 0.43048 -0.0139773 0.00631496 -0.0579745 -0.0251498 0.245765 0.45065 0.644107 0.819244 -0.00862532 -0.116341 -0.0229221 -0.0501179 -0.177769 -0.131454 -0.0752157 0.00593787 -0.030725 0.0127651 -0.0256338 -0.173691 0.0801014 0.295707 -0.0110245 -0.383776 0.0242606 0.0732849 0.0126094 0.0529232 0.19199 0.296522 0.047677 0.368103 -0.0039273 0.0347294 0.207908 0.359965 -0.0991604 -0.208293 0.577008 -0.157729 0.148138 -0.0428842
internal_weight=362634 60141 302493 267755 105804 161951 114994 22820 11335 11485 46957 92174 34738 9898 99344 13586 30272 15546 706 514 14840 212 14726 14228 612 350 270 213 12838 6259 11695 8661 1390 5932 6460 91264 14327 76937 17726 1592 721 442 16134 871 59211 11370 47841 13916 3322 1804 403 1401 33925 7323 877 540 7004 1738 283 382 3925 4987
internal_count=362634 60141 302493 267755 105804 161951 114994 22820 11335 11485 46957 92174 34738 9898 99344 13586 30272 15546 706 514 14840 212 14726 14228 612 350 270 213 12838 6259 11695 8661 1390 5932 6460 91264 14327 76937 17726 1592 721 442 16134 871 59211 11370 47841 13916 3322 1804 403 1401 33925 7323 877 540 7004 1738 283 382 3925 4987
is_linear=0
shrinkage=0.05


Tree=89
num_leaves=63
num_cat=0
split_feature=50 50 51 11 6 30 10 3 45 51 9 37 49 50 9 5 30 37 28 37 46 37 6 11 49 50 37 3 51 4 41 0 21 50 30 51 4 15 4 9 48 9 31 3 7 28 35 30 23 5 33 50 32 5 47 5 47 51 50 5 51 0
split_gain=12458.1 25632 23978.1 35130.5 25986.5 23369.8 22209.2 22106.6 21607.1 27169.6 21304.8 26160.5 25156.2 21029.6 38535.2 33509 21522.1 19902.2 17840.5 16699.3 16070.8 15204.9 14805.6 15307.3 14391.7 21103.5 18646.5 15635.9 13495.5 16724.9 13298.8 12980.7 16043.6 15170.7 32780.5 19521.7 16242.4 14313.8 12898.8 12365.3 12362.9 12469.3 12157.4 12150.6 13024.4 11931.8 11906.5 11839.1 12087.8 14232.1 11793.8 11613.6 11479.3 11446.3 11431 11360 12956.7 11131.6 11658.8 11076.3 11009.7 13919.6
threshold=6.5000000000000009 2.5000000000000004 2.5000000000000004 31.005000114440922 67.500000000000014 9.3249998092651385 45.004999160766609 49.149999618530281 41.989999771118171 4.5000000000000009 7.1250000000000009 17.384999275207523 18.500000000000004 5.5000000000000009 30.154999732971195 60.299999237060554 24.954999923706058 27.845000267028812 58.45000076293946 11.09500026702881 21.925000190734867 32.215000152587898 48.20000076293946 22.964999198913578 8.5000000000000018 4.5000000000000009 23.704999923706058 5.0999999046325692 1.5000000000000002 4.0499999523162851 -8.2840228080749494 4.0499999523162851 20.750000000000004 9.5000000000000018 22.435000419616703 2.5000000000000004 12.050000190734865 0.040500000119209296 92.500000000000014 12.09500026702881 5.9045629501342782 18.494999885559086 20.994999885559086 29.050000190734867 20.349999427795414 12.750000000000002 13.650000095367433 16.954999923706058 21.005000114440922 59.149999618530281 1.3007786273956301 7.5000000000000009 12.994999885559084 71.500000000000014 -12.031441211700438 88.500000000000014 -13.292843341827391 3.5000000000000004 1.5000000000000002 44.049999237060554 5.5000000000000009 56.399999618530281
decision_type=2 2 2 10 10 8 10 10 10 2 10 10 2 2 10 10 10 8 10 8 8 10 10 10 2 2 10 8 2 10 10 10 10 2 8 2 10 10 8 8 10 10 8 8 10 10 10 8 8 8 10 2 10 10 8 10 10 2 2 10 2 10
left_child=1 5 3 7 8 10 55 17 19 18 57 12 30 14 15 38 45 39 43 -4 -16 28 -15 -24 -21 53 60 52 29 -7 -12 37 -33 34 35 -34 -36 -2 42 -3 41 -39 -11 44 -10 -17 -5 -19 49 -49 -8 -37 -28 -26 -41 56 -6 -1 -59 -32 61 -27
right_child=31 2 4 46 6 21 50 -9 9 13 11 -13 -14 22 20 16 -18 47 -20 24 -22 -23 23 -25 25 26 27 -29 -30 -31 59 32 33 -35 36 51 -38 40 -40 54 -42 -43 -44 -45 -46 -47 -48 48 -50 -51 -52 -53 -54 -55 -56 -57 -58 58 -60 -61 -62 -63
leaf_value=0.062721304131744246 -0.033034491142080062 -0.20442758189693869 0.48058536922257294 0.14936407435341587 0.13337350277385365 -0.20615745376167732 0.056196857149866233 0.066245876699872253 -0.030285438536632514 0.17997160146176816 0.072211676243882375 -0.13504891880098721 0.010852936426381347 0.045431676166331321 -0.067231133212474745 0.28954998706044122 -0.17229297054665429 0.28700827416577718 0.25344985435626627 0.030842165646693787 -0.30765560766245637 -0.30404013698115384 0.12397942335449791 0.72722011038553935 0.010083046484282069 0.3933954326153648 1.0512949509899829 0.11832784918909645 -0.012917213111546703 -0.049531383586876698 0.2921182503178244 -0.017163117889785105 0.52120701724478791 -0.0014284859939350475 -0.048965282175602906 0.47904391258461293 0.06024885151493127 -0.05732214294285292 0.21081906126533384 0.089385354773074202 0.17354425008292809 -0.31660373810225212 -0.045159935571688313 0.087263932568462599 0.073294801529691644 0.83986440426765052 0.03532916963762027 -0.4739914559391003 -0.083756580435723857 0.012600997461256012 0.382246555010955 -0.0052296710403318646 0.094656461226538979 0.56852966041323982 -0.017341129731999128 -0.26575162577188832 0.61822742015871479 -0.31262260344522591 -0.030224184396935597 0.73589391155462525 0.076487457256553176 1.1790463232114667
leaf_weight=1131 15428 809 253 4070 192 2019 1796 6196 7367 625 697 851 1600 4074 1153 198 133 205 1074 10521 1750 517 284 167 3846 744 79 5095 30137 10939 1876 102296 555 45801 4453 166 14456 777 548 2808 233 1150 14793 9546 5161 196 5231 430 10934 231 328 487 52 94 23553 55 488 614 903 152 256 61
leaf_count=1131 15428 809 253 4070 192 2019 1796 6196 7367 625 697 851 1600 4074 1153 198 133 205 1074 10521 1750 517 284 167 3846 744 79 5095 30137 10939 1876 102296 555 45801 4453 166 14456 777 548 2808 233 1150 14793 9546 5161 196 5231 430 10934 231 328 487 52 94 23553 55 488 614 903 152 256 61
internal_value=2.29042e-11 0.00949963 0.0216916 -0.00325901 0.0408513 -0.0202231 0.188525 -0.0214814 0.0346489 0.0158322 0.0593474 0.118362 0.168223 -0.0215368 -0.0441805 -0.0146129 0.377665 -0.0354295 0.0544491 0.0768222 -0.212165 -0.0344981 0.0755237 0.347352 0.0718987 0.114136 0.170995 0.132196 -0.0312645 -0.0739355 0.260624 -0.00904102 -0.00476765 0.0144685 0.0506616 0.303182 0.0345293 -0.0499121 -0.0275611 -0.0118816 -0.170462 -0.212057 -0.0360338 0.0447668 0.0123852 0.56331 0.0852294 -0.0896494 -0.0963087 -0.303942 0.106547 0.117878 0.671561 0.0234064 -0.00597252 0.425424 0.481327 -0.0560064 -0.144524 0.32538 0.362101 0.452929
internal_weight=362634 176832 125396 54467 70929 51436 2859 45166 68070 47069 7824 5176 4325 23921 19396 16493 527 38970 23148 21001 2903 43612 4525 451 20748 10227 6287 5226 43095 12958 2725 185802 168214 65918 20117 1208 18909 17588 15966 27170 2160 1927 15418 22074 12528 394 9301 11800 11595 661 2124 653 131 3940 26361 735 680 2648 1517 2028 1061 805
internal_count=362634 176832 125396 54467 70929 51436 2859 45166 68070 47069 7824 5176 4325 23921 19396 16493 527 38970 23148 21001 2903 43612 4525 451 20748 10227 6287 5226 43095 12958 2725 185802 168214 65918 20117 1208 18909 17588 15966 27170 2160 1927 15418 22074 12528 394 9301 11800 11595 661 2124 653 131 3940 26361 735 680 2648 1517 2028 1061 805
is_linear=0
shrinkage=0.05


Tree=90
num_leaves=63
num_cat=0
split_feature=6 50 47 31 50 37 28 21 0 50 38 21 50 30 44 26 9 28 45 24 30 35 9 48 13 22 30 44 30 42 50 28 6 13 9 42 24 50 1 37 17 47 44 7 44 24 50 30 44 0 4 48 15 44 37 2 23 27 5 5 37 5
split_gain=11357.4 10525.7 18765.9 16618.3 12818.3 12819.9 12565.1 15876.7 12299.9 16073.9 12879.7 12293.1 14955 32111.4 22492.2 13680.8 13667.3 12160.4 12038.5 11895.3 13343.7 11827.8 11722.4 11670.2 11472.8 10693.2 10906.3 10680.7 10523.4 10324.7 9884.19 9740.78 11262.7 13427.9 9644.35 9427.82 9386.39 8906.09 9961.29 12021.5 9621.45 12382 8843.39 10204.2 9556.92 13995.9 8774.66 29095.3 9796.72 11600 8953.06 8591.8 8726.59 10240.9 9474.67 8587.48 8533.13 8473.85 8402.79 8350.51 10525.6 8250.31
threshold=5.0999999046325692 6.5000000000000009 -5.1501905918121329 41.995000839233406 2.5000000000000004 36.204999923706062 10.019999980926515 13.750000000000002 70.500000000000014 4.5000000000000009 101.00500106811525 21.550000190734867 10.500000000000002 15.275000095367433 29.414999961853031 -5.4650490283966056 30.974999427795414 11.150000095367433 96.044998168945327 87.005001068115249 13.744999885559084 20.94999980926514 20.23499965667725 -4.0493206977844229 -4.1313128471374503 0.060499999672174461 17.845000267028812 31.875000000000004 26.125000000000004 19.250000000000004 5.5000000000000009 19.550000190734867 58.20000076293946 -1.9768024086952207 30.355000495910648 11.829999923706056 126.11500167846681 5.5000000000000009 93.500000000000014 34.835000991821296 61.989999771118171 -15.110623836517332 7.1050000190734872 53.45000076293946 32.354999542236335 35.004999160766609 9.5000000000000018 22.664999961853031 33.18499946594239 46.149999618530281 2.5000000000000004 -20.889808654785153 0.44949999451637274 30.884999275207523 26.98499965667725 80.500000000000014 17.23499965667725 8.2393712997436541 103.50000000000001 45.049999237060554 17.115000724792484 133.50000000000003
decision_type=8 2 10 10 2 10 8 10 10 2 10 10 2 8 10 8 10 8 10 8 10 8 8 10 8 10 10 10 8 8 2 10 10 8 8 8 10 2 8 10 10 8 10 8 10 8 2 10 10 10 10 8 10 10 8 10 10 8 10 10 8 8
left_child=-1 2 3 6 22 8 7 -2 23 17 29 31 13 -13 16 58 19 -10 42 20 -14 -18 27 36 -22 -26 -27 59 46 -11 -12 51 -33 -34 -30 -25 56 -9 39 40 -39 -42 -4 -44 -45 -46 47 -17 -48 -50 -49 52 -3 54 -54 -21 -6 -36 -15 -5 -61 -7
right_child=1 11 18 4 5 61 -8 37 9 10 30 12 14 15 -16 28 21 -19 -20 55 24 -23 -24 35 25 26 -28 -29 34 -31 -32 32 33 -35 57 -37 -38 38 -40 -41 41 -43 43 44 45 -47 48 50 49 -51 -52 -53 53 -55 -56 -57 -58 -59 -60 60 -62 -63
leaf_value=-0.031897120121367466 0.055443322514500286 -0.030732369673075029 -0.089184484836451347 0.0030601091202221717 -0.038152701961290503 -0.11132945659798628 0.034913603647309464 0.13373829419441405 -0.32180499290896059 0.14050582552594798 1.3377779839231687 0.3655536210184267 -0.050225384105720465 -0.030744593364266368 -0.29955441282313372 0.29765197818572131 1.0162237644052277 0.11417386570873743 -0.055372964096882984 -0.045745828097820684 -0.062662632478135777 0.18506048077886755 -0.083747443013005907 0.041986271257251753 0.030783790326210942 0.22090101549114502 0.03103238381379422 -0.68940821499736227 0.04967064563460237 0.61209678501808773 0.39101493341227372 0.0021186944913070735 0.46247886872219879 0.041952423034952238 0.17151879251552679 -0.015752400663527077 0.22871186261527551 0.23723302321272124 0.99550457847118379 -0.24546623548658766 1.2784408764737958 0.4100293906765049 -0.0051994103511582498 0.03847998804745742 0.95747187647855636 0.15275814182956349 -0.027213279655427903 -0.55996912632669715 0.0030589001192319618 0.8048198408041245 0.011177092020952968 -0.027713909348858368 0.083528164116775286 -0.078128515000212687 0.91684225323130786 -0.41125194702777396 0.074088879898022666 -0.095540275888094703 0.60076525582457485 0.75585403581020205 0.11079762476123284 0.48319931648671627
leaf_weight=25913 6326 223 2596 6569 2079 2126 23127 2351 203 525 51 716 5956 8586 672 1068 52 754 11077 11390 2331 242 6086 11607 8903 1750 1332 54 7890 149 60 29022 291 546 3343 18087 818 717 50 101 53 182 48140 11601 66 298 7500 70 107 78 3467 74980 51 73 103 163 9128 326 53 79 317 60
leaf_count=25913 6326 223 2596 6569 2079 2126 23127 2351 203 525 51 716 5956 8586 672 1068 52 754 11077 11390 2331 242 6086 11607 8903 1750 1332 54 7890 149 60 29022 291 546 3343 18087 818 717 50 101 53 182 48140 11601 66 298 7500 70 107 78 3467 74980 51 73 103 163 9128 326 53 79 317 60
internal_value=1.61924e-11 0.0024547 0.0114497 0.026558 0.0106246 0.0231383 0.0550054 0.102517 0.029081 0.159252 0.32695 -0.00623327 0.0106859 0.0343391 -0.0132652 0.0270395 -0.00727544 0.0216935 -0.00732017 -0.0104103 0.0126663 0.332069 -0.0329628 0.0236456 0.0388316 0.0585715 0.138842 0.0110713 0.0465676 0.24476 0.826014 -0.0168382 0.00733367 0.188157 0.0808152 0.0068169 0.0652017 0.188732 0.305949 0.273207 0.328234 0.605884 0.00116902 0.00507149 0.0463954 0.298668 0.0143571 0.068935 -0.018347 0.341099 -0.000126339 -0.0264066 0.191418 0.409653 0.640875 -0.0509027 0.053267 0.14779 -0.0268703 0.0165021 0.239483 -0.0950112
internal_weight=362634 336721 165437 91659 58752 45647 32907 9780 43461 1742 785 171284 65995 33204 32791 32488 32119 957 73778 31825 20272 294 13105 41719 14316 11985 3082 7019 23849 674 111 105289 29859 837 11559 29694 12025 3454 1103 1053 952 235 62701 60105 11965 364 12290 4605 7685 185 3537 75430 450 227 154 11553 11207 3669 8639 6965 396 2186
internal_count=362634 336721 165437 91659 58752 45647 32907 9780 43461 1742 785 171284 65995 33204 32791 32488 32119 957 73778 31825 20272 294 13105 41719 14316 11985 3082 7019 23849 674 111 105289 29859 837 11559 29694 12025 3454 1103 1053 952 235 62701 60105 11965 364 12290 4605 7685 185 3537 75430 450 227 154 11553 11207 3669 8639 6965 396 2186
is_linear=0
shrinkage=0.05


Tree=91
num_leaves=63
num_cat=0
split_feature=1 33 16 49 49 8 23 26 45 51 32 23 51 6 9 44 3 22 2 41 49 27 51 51 27 0 43 30 50 3 14 28 25 38 44 39 30 14 34 1 51 30 6 50 16 50 37 5 49 50 6 50 44 51 50 49 27 10 30 48 50 51
split_gain=10890.5 10604.3 11872.3 10009.9 16572.9 24042.8 15328.1 16248 13938.9 13964.7 13752.8 12062.9 12029.9 11833.8 11576.8 14098.1 11390.2 10157.2 9976.99 11434.9 9853 10892.1 10578.5 28718 9438.36 9423.08 9364.86 9361.35 15942.4 11765.7 9274.91 12497.5 9128.27 10333.9 9079.5 9055.89 8757.63 8657.12 8363.93 7809.96 7774.75 7676.18 7666.19 7629.92 7509.13 7409.15 13679.4 20653 11400.6 10167.2 11605.3 9942.04 9723.26 9580.35 9930.9 9225.75 8638.39 9068.67 9606.93 8634.4 8949.46 24365.8
threshold=6.0499999523162851 -8.1201348304748517 12.72499990463257 17.500000000000004 12.500000000000002 0.18249999731779101 22.384999275207523 -10.959767818450926 44.995000839233406 5.5000000000000009 9.5349998474121112 24.23499965667725 4.5000000000000009 59.500000000000007 11.855000019073488 30.154999732971195 30.050000190734867 0.63650000095367443 111.50000000000001 8.597715377807619 5.5000000000000009 -3.8643530607223506 2.5000000000000004 4.5000000000000009 1.0000000180025095e-35 47.250000000000007 0.5834999978542329 20.285000801086429 3.5000000000000004 19.10000038146973 21.650000572204593 10.315000057220461 10.734999656677248 33.004999160766609 29.045000076293949 22.005000114440922 13.925000190734865 31.650000572204593 -1.3819718360900877 17.050000190734867 1.0000000180025095e-35 8.9849996566772479 2.4500000476837163 6.5000000000000009 15.734999656677248 4.5000000000000009 17.515000343322757 31.050000190734867 15.500000000000002 1.5000000000000002 43.299999237060554 2.5000000000000004 29.775000572204593 5.5000000000000009 3.5000000000000004 14.500000000000002 -5.0463235378265372 113.03499984741212 24.224999427795414 -20.889808654785153 6.5000000000000009 2.5000000000000004
decision_type=8 8 8 2 2 10 10 8 10 2 8 10 2 10 8 10 8 8 8 10 2 8 2 2 10 8 8 8 2 10 10 10 10 10 10 8 8 10 8 10 2 8 10 2 8 2 8 8 2 2 10 2 10 2 2 2 10 8 8 8 2 2
left_child=34 2 -2 4 11 6 7 -6 10 14 12 20 -9 -11 -10 -16 17 45 -18 35 21 -3 -22 -24 -5 32 -12 28 -17 -29 41 -32 -8 -34 40 -20 -26 39 -37 -13 -1 44 -42 -14 -4 46 47 49 59 -7 53 55 -50 54 -51 -49 57 -48 -59 -47 61 -61
right_child=1 3 30 24 5 16 25 8 9 13 26 37 43 -15 15 27 18 -19 19 -21 22 -23 23 -25 36 -27 -28 29 -30 -31 31 -33 33 -35 -36 38 -38 -39 -40 -41 42 -43 -44 -45 -46 48 56 51 52 50 -52 -53 -54 -55 -56 -57 -58 58 -60 60 -62 -63
leaf_value=-0.081221460141536833 -0.085281192648843596 -0.058544641894409416 0.78429318620365551 0.012539773796391021 0.52913940217817135 -0.19363101928386922 0.10104884661967838 0.18231359520030763 -0.14787080577320422 0.18465870451369193 0.25263376063043214 -0.014827039859113614 0.047145846848467128 0.70261753564558305 0.11521639692879643 0.15114915267478268 0.052588227306792759 -0.063152893861489964 -0.049795164601712294 0.8663965553558175 -0.052422749492964174 0.030021966843981021 0.049895906658533759 -0.055369305768009219 -0.079033600643585195 0.093348733237101189 0.62125605097971859 -0.15960958813248718 -0.56388862576104903 0.54253521004484762 0.099092415117628285 0.0010485016607909734 0.16164943384853278 -0.12047738709687257 -0.17895413248725392 0.75142367112205222 -0.013162054418806602 0.10441586374852135 0.19004309342242778 0.041114844018057345 -0.087806293626736198 -0.018259246405989922 -0.0037229756121861407 -0.47987320348882756 -0.016864176210144473 0.45214963474207459 -0.02009810185977369 0.17094722829400311 0.02033196306258921 0.022739735575555968 0.60080309818343569 -0.077551722314674415 -0.11792053617283281 0.4009260178487184 -0.52166730333672895 0.52269860231800924 -0.073522459142546015 0.23210693352208153 -0.33041560123948494 -0.021875493102161601 0.031377440720778992 0.24831378968188603
leaf_weight=4810 5267 4141 59 36596 253 550 1032 532 674 697 1679 10196 133 131 3443 119 9362 4721 237 69 18263 21470 12958 12959 5797 3393 192 177 226 90 4183 14577 385 2068 952 95 38939 3380 220 16076 3029 58839 25806 142 58 135 2730 353 3549 491 96 160 1982 132 101 395 6709 709 85 1554 12676 1802
leaf_count=4810 5267 4141 59 36596 253 550 1032 532 674 697 1679 10196 133 131 3443 119 9362 4721 237 69 18263 21470 12958 12959 5797 3393 192 177 226 90 4183 14577 385 2068 952 95 38939 3380 220 16076 3029 58839 25806 142 58 135 2730 353 3549 491 96 160 1982 132 101 395 6709 709 85 1554 12676 1802
internal_value=-5.4286e-11 0.00281395 -0.0126345 0.00804528 0.0151678 0.0349543 0.0895124 0.134466 0.12234 0.077182 0.216046 0.00237798 0.0435183 0.266606 0.0440157 0.07591 0.0178148 0.00559651 0.0654618 0.25954 -0.00897305 0.0157018 -0.023277 -0.00273873 -0.00629235 0.0340364 0.290461 -0.14522 -0.317252 0.0770684 -0.00771106 0.0229098 -0.0237101 -0.0761974 -0.0266809 0.183683 -0.0216979 0.0290945 0.359348 0.0194041 -0.0223723 -0.0174547 -0.0125556 -0.224988 0.387138 0.0150842 -0.0155599 0.0952507 0.0327536 -0.0273145 0.0842392 0.280178 -0.02921 0.0157445 -0.0701405 0.356698 -0.0402278 0.0231585 0.171887 0.0539523 0.0505993 0.123202
internal_weight=362634 328037 82983 245054 163722 64279 15366 8488 8235 5557 2678 99443 807 828 4729 4055 48913 38930 9983 621 69791 25611 44180 25917 81332 6878 1871 612 345 267 77716 18760 3485 2453 34597 552 44736 29652 315 26272 33645 58956 28835 275 117 34209 12511 2278 21698 1370 820 908 5531 724 592 748 10233 3524 794 16167 16032 3356
internal_count=362634 328037 82983 245054 163722 64279 15366 8488 8235 5557 2678 99443 807 828 4729 4055 48913 38930 9983 621 69791 25611 44180 25917 81332 6878 1871 612 345 267 77716 18760 3485 2453 34597 552 44736 29652 315 26272 33645 58956 28835 275 117 34209 12511 2278 21698 1370 820 908 5531 724 592 748 10233 3524 794 16167 16032 3356
is_linear=0
shrinkage=0.05


Tree=92
num_leaves=63
num_cat=0
split_feature=50 50 33 30 9 37 49 51 11 37 6 51 25 50 30 5 36 51 37 8 44 44 1 37 35 44 8 30 6 18 5 51 30 30 37 30 44 51 5 44 50 50 38 51 16 37 51 20 0 16 44 2 44 33 41 0 46 50 50 30 51 30
split_gain=10239.3 21017.8 22106.9 20419.2 18757.3 23060.2 21627 15649.1 28053 15193 23155.8 18174.3 16094.4 15767.5 36055.7 20544.4 21338.6 17376.4 21071.3 39159.4 15096.1 14442.9 14179.8 13711.3 12824.5 12795.3 12153.1 11963.7 17832.6 13331.1 12603.7 15744.5 11927.3 11851.1 20863.2 18431.2 17718.5 11769.5 16527.1 15254.2 16380 27594.8 29187.4 29059.2 23667.4 22663.8 21707.2 21435.5 19085.8 16400.3 15491.3 15453.2 21033.5 14717.1 16986.6 14862.4 14679 14525.9 18733.4 36577.1 15480.3 21689.6
threshold=6.5000000000000009 2.5000000000000004 3.7192190885543828 9.3249998092651385 7.1250000000000009 17.384999275207523 18.500000000000004 2.5000000000000004 31.005000114440922 37.225000381469734 71.500000000000014 3.5000000000000004 9.2849998474121112 4.5000000000000009 24.085000038146976 63.500000000000007 0.35449999570846563 5.5000000000000009 27.384999275207523 0.043500000610947616 32.495000839233406 35.475000381469734 114.50000000000001 32.335000991821296 2.1499999761581425 30.255000114440922 0.17050000280141833 4.1250000000000009 36.049999237060554 22.005000114440922 28.050000190734867 4.5000000000000009 23.605000495910648 13.744999885559084 10.164999961853029 8.6050000190734881 16.704999923706058 4.5000000000000009 43.350000381469734 18.494999885559086 10.500000000000002 11.500000000000002 56.995000839233406 1.0000000180025095e-35 23.804999351501468 28.244999885559086 3.5000000000000004 -6.1282236576080313 47.250000000000007 23.935000419616703 30.355000495910648 65.500000000000014 26.384999275207523 2.5002691745758061 -14.656589984893797 65.500000000000014 20.005000114440922 8.5000000000000018 9.5000000000000018 21.615000724792484 2.5000000000000004 13.375000000000002
decision_type=2 2 8 8 10 10 2 2 10 10 10 2 8 2 8 8 8 2 10 8 10 10 10 10 10 10 10 10 10 10 10 2 10 10 8 8 10 2 10 10 2 2 8 2 8 10 2 10 10 10 10 10 10 8 10 10 8 2 2 8 2 10
left_child=1 3 7 4 -1 6 27 8 21 10 13 -11 -12 15 17 16 33 18 19 -15 -7 -3 -10 -5 -18 -21 -16 28 -6 -29 -31 -32 -23 35 -35 36 -9 38 57 -40 53 42 43 45 -44 47 -46 -42 -49 -43 51 52 56 54 55 -41 -51 -2 59 -59 -60 -62
right_child=37 2 -4 23 5 20 -8 9 22 11 12 -13 -14 14 26 -17 24 -19 -20 25 -22 32 -24 -25 -26 -27 -28 29 -30 30 31 -33 -34 34 -36 -37 -38 -39 39 40 41 49 44 -45 46 -47 -48 48 -50 50 -52 -53 -54 -55 -56 -57 -58 58 60 -61 61 -63
leaf_value=-0.05216248811191318 -0.032150503688703952 -0.023049445117548206 0.0696737728621529 -0.028626802748020725 -0.22046213026432429 -0.072200112274023981 0.012348413142783102 -0.18983647270458881 0.064361267777904338 0.13013818797426754 0.7453535313384414 -0.32523307271237423 0.17200810735474859 0.07383721912851203 -0.0014785273848400438 0.16631446319468768 -0.40812283594069287 0.019981045060268848 0.11150102255229961 0.57806792681057795 -0.94361985224597866 0.046132768636002686 0.646354282056948 -0.29197417697533967 -0.082991921835989302 0.17141263073465476 0.085753085324443257 0.18906326237481552 0.81223262012004849 0.27902180067152199 0.92135944136088477 0.25618057889310092 -0.26550282548195936 0.58297216625111858 0.016702109434338745 -0.17030336179760239 0.66612022190803677 -0.028070246288965924 0.22049018946323931 0.1526719298677417 -0.028668774098303974 -0.1278425810141651 -0.036038996184104555 -0.19976325405988493 -0.63221408922384636 -0.36508668155040386 0.18223168291151526 0.57991466042348894 1.8746180284023286 0.56808331324900996 -0.31242933993538224 -0.47629019024275376 0.83183703281702526 0.15605240983569479 0.017706085340584498 0.86035464842010434 -0.0012678058388606683 0.31296360024018594 -0.029505671249582279 0.030796567355259537 -0.085179538752631928 0.044453903635100815
leaf_weight=2648 38710 36273 18780 43112 255 798 1600 107 8269 334 134 637 1414 962 16634 1732 324 1951 3157 997 53 424 106 500 4746 240 5254 1498 50 551 223 148 1113 164 19865 1640 139 53176 1150 237 51 517 372 353 631 53 94 59 55 179 114 57 187 2874 10612 108 308 1234 34640 16579 3863 19589
leaf_count=2648 38710 36273 18780 43112 255 798 1600 107 8269 334 134 637 1414 962 16634 1732 324 1951 3157 997 53 424 106 500 4746 240 5254 1498 50 551 223 148 1113 164 19865 1640 139 53176 1150 237 51 517 372 353 631 53 94 59 55 179 114 57 187 2874 10612 108 308 1234 34640 16579 3863 19589
internal_value=-3.30052e-11 0.00861224 0.0196524 -0.0183026 0.0560753 0.111449 0.158263 0.0108413 -0.0110707 0.0275878 0.0307916 -0.168597 0.221639 0.0256902 0.0515653 -0.000615638 -0.0113298 0.147734 0.194271 0.313099 -0.126472 -0.0294107 0.0717274 -0.031646 -0.10377 0.49917 0.0194606 0.243937 -0.0511679 0.28113 0.430715 0.656005 -0.179534 0.0100559 0.0213388 -0.109766 0.293814 -0.00819647 -0.000228133 0.044297 0.0322798 -0.0730109 -0.20936 0.0805444 -0.360259 0.534437 -0.526617 0.823375 1.20455 0.093972 0.229686 0.314229 0.381083 0.0553462 0.0289311 0.374207 0.208001 -0.00722497 0.00548654 0.0503438 -0.00826822 0.0231008
internal_weight=362634 176832 125396 51436 7824 5176 4325 106616 46185 60431 59460 971 1548 57912 29195 28717 26985 7307 5356 2199 851 37810 8375 43612 5070 1237 21888 2725 305 2420 922 371 1537 21915 20029 1886 246 185802 132626 18011 16861 3030 1668 571 1097 218 725 165 114 1362 845 731 674 13831 10957 345 487 114615 75905 17813 58092 23452
internal_count=362634 176832 125396 51436 7824 5176 4325 106616 46185 60431 59460 971 1548 57912 29195 28717 26985 7307 5356 2199 851 37810 8375 43612 5070 1237 21888 2725 305 2420 922 371 1537 21915 20029 1886 246 185802 132626 18011 16861 3030 1668 571 1097 218 725 165 114 1362 845 731 674 13831 10957 345 487 114615 75905 17813 58092 23452
is_linear=0
shrinkage=0.05


Tree=93
num_leaves=63
num_cat=0
split_feature=5 51 51 30 15 6 9 9 0 15 11 50 44 9 19 44 9 9 50 44 6 50 9 5 6 50 9 30 27 42 44 30 50 7 39 14 2 50 11 51 3 42 16 5 40 6 15 30 12 44 40 50 50 6 16 46 38 5 25 9 50 30
split_gain=9710.33 9345.14 26384.6 32831.2 23848.7 16225 22451.2 23524.3 15577.7 15524.9 14893.5 14844.9 14165.1 13430.8 12713.1 12780.8 17002.9 23681.4 22019.9 26154.7 19341.6 16118.7 23312.1 15755.2 17191.5 14195.5 29991.1 21373.7 13886 12552.4 14411.3 14046.3 11444.1 14180.9 11150.9 17092.5 12842.7 11669.9 15694.1 13531.7 13350.8 13345.6 13585.7 13283.3 11544.6 12971.6 11153.2 11025 10881.5 10815.1 10782.5 10609.4 18268.3 32991.2 28835.2 17930.9 17086.4 15858 15345.6 16200.6 14845.2 31986.4
threshold=5.0499999523162851 4.5000000000000009 3.5000000000000004 23.814999580383304 0.56949999928474437 67.500000000000014 38.305000305175788 20.755000114440922 53.049999237060554 0.012500000186264517 45.905000686645515 2.5000000000000004 33.795000076293952 23.035000801086429 11.934367179870607 22.564999580383304 16.035000801086429 27.125000000000004 3.5000000000000004 33.18499946594239 71.500000000000014 3.5000000000000004 8.3150000572204608 57.20000076293946 48.20000076293946 6.5000000000000009 29.394999504089359 11.454999923706056 -3.4641737937927242 9.7500000000000018 17.634999275207523 20.884999275207523 2.5000000000000004 18.150000572204593 22.175000190734867 5.4500000476837167 114.50000000000001 7.5000000000000009 14.534999847412111 1.5000000000000002 30.050000190734867 12.449999809265138 27.474999427795414 36.049999237060554 -17.133230209350582 62.500000000000007 0.52949997782707225 21.704999923706058 -8.245266914367674 26.73499965667725 -6.2110011577606192 10.500000000000002 11.500000000000002 60.500000000000007 27.095000267028812 29.595000267028812 75.014999389648452 16.10000038146973 19.474999427795414 24.214999198913578 8.5000000000000018 15.425000190734865
decision_type=8 2 2 8 10 10 10 10 10 8 10 2 10 8 10 8 8 10 2 10 10 2 10 10 10 2 10 10 10 8 10 8 2 8 8 8 10 2 10 2 10 10 10 10 8 8 10 10 8 10 8 2 2 10 10 10 10 10 8 10 2 8
left_child=-1 2 8 9 32 29 7 -7 51 -4 -9 13 -12 -10 15 25 21 18 -18 20 23 22 -17 24 -20 27 -27 -11 -21 30 -3 48 -5 -34 37 -36 -37 39 -39 44 -41 -40 43 -43 45 -13 -38 -26 -32 -23 -28 60 54 58 56 -55 -53 -58 59 -54 -2 -62
right_child=1 5 3 4 -6 6 -8 10 11 14 12 34 -14 -15 -16 16 17 -19 19 28 -22 49 -24 -25 47 26 50 -29 -30 -31 31 -33 33 -35 35 36 46 38 41 40 -42 42 -44 -45 -46 -47 -48 -49 -50 -51 -52 52 53 55 -56 -57 57 -59 -60 -61 61 -63
leaf_value=-0.029456367971101762 -0.0074963018511294208 -0.092287257255274244 0.027278086188642744 -0.18189248315968953 -0.16389124824658979 0.40584605947468372 1.031733837463553 0.059264665012826991 0.18463051927911622 0.44602264000526309 -0.59286486219917967 -0.025321475825214809 0.2687868359414014 -0.18332342634086959 0.53707521175886297 -0.45964646565368761 0.010581150774180885 0.017471847829248113 0.17097697098113593 1.1903490024610102 0.98416674971580509 -0.090116882972264056 0.26334598783603042 -0.20929510454949179 0.3754038737523695 0.035492902247715986 1.3379186839397466 0.15847852450184607 0.44268476521215611 -0.023648595062445533 0.34441758679415169 0.021992303663556246 -0.016146457780992461 0.063162774048004064 0.54984991580877507 0.084380402254718989 0.14050456810304349 0.20381423154867015 -0.1238100911128204 -0.060991118816244944 0.1938187374008552 -0.15925590225523062 -0.015895890367646066 0.49651850138637582 -0.1458644858265257 0.90530648630478283 1.0638844541140966 1.0130613738388727 0.090546843144953759 -0.55613217214384236 0.4209795141071081 -0.030276494141812445 0.045562563682103603 0.086683211142631028 -0.39716707531639578 1.108986765318192 -0.054329630612455153 -0.29771284547282073 -0.039218446539825674 0.39154567095919268 0.2885675510150198 0.021630322428157347
leaf_weight=25974 118006 2326 7742 709 2003 472 63 2608 315 882 172 113 66 1166 176 153 1135 4233 1561 107 80 249 411 219 215 2336 56 2418 148 75404 586 12925 11682 10891 213 6292 68 1627 1105 1080 981 101 693 328 2188 56 63 99 1509 249 75 11975 4478 73 646 104 1410 1274 8751 366 1169 28059
leaf_count=25974 118006 2326 7742 709 2003 472 63 2608 315 882 172 113 66 1166 176 153 1135 4233 1561 107 80 249 411 219 215 2336 56 2418 148 75404 586 12925 11682 10891 213 6292 68 1627 1105 1080 981 101 693 328 2188 56 63 99 1509 249 75 11975 4478 73 646 104 1410 1274 8751 366 1169 28059
internal_value=2.70045e-11 0.00227262 0.00753903 0.0407787 0.00166292 -0.0109045 0.0966838 0.0789297 -0.000711198 0.0846503 0.0247117 0.0459165 -0.353919 -0.105062 0.114658 0.109575 0.071864 0.0974285 0.192394 0.27735 0.221158 -0.115826 0.0672151 0.192008 0.23888 0.167505 0.0767768 0.235331 0.756411 -0.0148264 0.0235244 0.041459 0.0159059 0.0221186 0.0609151 0.109195 0.0945821 0.0221836 0.0857688 -0.0332843 0.0602939 -0.000472735 0.120996 0.342129 -0.115111 0.283052 0.584573 0.576449 0.161558 -0.323125 0.812954 -0.00504548 -0.0326452 0.00913424 -0.0702399 0.687359 -0.0558327 -0.169855 0.000304101 0.0717041 0.000405152 0.0323067
internal_weight=362634 336660 240529 47829 25285 96131 3381 3318 192700 22544 2846 16389 238 1481 14802 14626 8859 7797 3564 2429 2174 1062 564 2094 1875 5767 2467 3300 255 92750 17346 15020 23282 22573 14908 6636 6423 8272 3854 4418 2061 2227 1122 429 2357 169 131 314 2095 498 131 176311 29077 13772 15305 177 14659 2684 13595 4844 147234 29228
internal_count=362634 336660 240529 47829 25285 96131 3381 3318 192700 22544 2846 16389 238 1481 14802 14626 8859 7797 3564 2429 2174 1062 564 2094 1875 5767 2467 3300 255 92750 17346 15020 23282 22573 14908 6636 6423 8272 3854 4418 2061 2227 1122 429 2357 169 131 314 2095 498 131 176311 29077 13772 15305 177 14659 2684 13595 4844 147234 29228
is_linear=0
shrinkage=0.05


Tree=94
num_leaves=63
num_cat=0
split_feature=47 35 0 26 0 9 51 51 9 49 44 16 49 46 12 0 43 30 20 2 33 45 47 23 5 15 3 0 2 9 11 15 38 19 24 38 25 21 6 44 9 43 16 3 22 42 20 15 49 10 15 45 6 3 1 28 0 3 44 11 12 10
split_gain=9285.41 15144.2 11431.9 10036.3 10599.4 9642.84 9104.12 13959.8 15035.7 12331.6 10209.3 10891.5 9328.57 8990.67 8664.42 8342.82 8695.18 10924.4 9105.22 8471.43 20322.9 8335.67 13163.3 8273.86 14650.5 10969.4 10820.5 8206.16 12286.6 7840.29 7809.57 10072 7775.04 7710.43 7640.02 7601.25 7549.75 7461.02 8166.71 7419.92 13831.5 10530.3 9040.65 8838.39 9927.52 6923.65 6896.37 6891.13 6845.68 6844.49 6776.27 6943.25 6374.2 7727.03 6723.91 7903.15 9714.85 9040.55 8242.29 7636.77 6297.98 5987.46
threshold=-13.455554008483885 34.549999237060554 117.50000000000001 -5.1967782974243155 5.0999999046325692 12.944999694824221 4.5000000000000009 3.5000000000000004 31.195000648498539 5.5000000000000009 36.48500061035157 26.105000495910648 3.5000000000000004 38.995000839233406 -11.754893779754637 59.149999618530281 0.34149999916553503 23.954999923706058 -3.636689186096191 101.50000000000001 -1.2491404414176939 49.995000839233406 -5.2099382877349845 19.994999885559086 73.500000000000014 0.25650000572204595 19.10000038146973 66.500000000000014 81.500000000000014 24.355000495910648 13.125000000000002 0.042500000447034843 80.005001068115249 7.922570228576661 66.014999389648452 95.009998321533217 25.925000190734867 102.45000076293947 46.100000381469734 20.345000267028812 28.704999923706058 0.40150000154972082 29.914999961853031 36.100000381469734 0.40649999678134924 25.050000190734867 -0.7325734794139861 0.64849999547004711 13.500000000000002 19.98499965667725 0.16950000077486041 86.009998321533217 88.500000000000014 17.050000190734867 55.500000000000007 11.250000000000002 80.500000000000014 31.050000190734867 27.644999504089359 16.144999504089359 3.532824039459229 102.00999832153322
decision_type=8 10 8 8 10 8 2 2 8 2 10 8 2 10 10 10 10 10 8 10 8 8 10 10 10 8 8 8 10 8 8 10 10 10 8 10 10 8 10 8 8 10 8 10 8 10 8 8 2 10 10 8 10 8 10 10 10 8 10 8 10 8
left_child=1 2 13 5 30 36 7 15 9 61 37 -12 -8 14 -1 16 18 49 35 32 -21 22 46 24 -7 -26 -25 -28 -29 -24 31 -5 39 -10 -4 -6 50 -11 -39 40 41 45 -41 44 -44 -17 47 -14 -35 -18 51 -2 54 -54 -23 59 -57 58 -58 -56 -51 -9
right_child=3 -3 34 4 6 23 12 8 33 10 11 -13 21 -15 -16 19 17 -19 -20 20 -22 52 29 26 25 -27 27 28 -30 -31 -32 -33 -34 48 -36 -37 -38 38 -40 42 -42 -43 43 -45 -46 -47 -48 -49 -50 60 -52 -53 53 -55 55 56 57 -59 -60 -61 -62 -63
leaf_value=0.0020481460240461594 -0.035285295030335985 -0.11028335987846133 0.048981615214397874 -0.057737841548885407 -0.0059447966763572615 0.01969591267979208 0.046474320198167496 -0.022787747318497267 -0.077016631407969216 0.068206792050858681 1.1091962641477584 0.12429963031099761 0.10521420130541659 0.17072373403723384 0.060890697257932482 -0.028570118607657641 0.1167743230094762 0.016164740460728442 0.02253874353137611 1.2488799706393598 0.024437546051374756 -0.029399833031700878 -0.058966972304719728 -0.044413682223941799 0.88858069682822516 -0.044744823157787328 -0.0098779022681397023 0.11989393434366268 -0.077621094862397572 0.037859642768678661 -0.013179191219386537 -0.2977956672169505 0.17143902294713154 -0.28608017067114511 0.40085669571399252 -0.10335885825721498 0.078508275183935383 0.1283809023087514 0.40656099872583962 0.14880591186137679 -0.6620124196580478 -0.52376643159371972 0.073671975667256057 0.18133612057139559 -0.16061279230797909 0.48634772831641765 0.027501204793573354 0.38620230179019427 0.37097354627757539 -0.075061134011085842 -0.22572604093761517 -0.15743742141660408 -0.075144069727047597 0.4100336386399912 0.026682949741765605 -0.12055491277466551 0.86192698064194606 -0.17805236659589269 0.12605268663567742 -0.35193405639982633 0.045355901285670672 0.14404267138034588
leaf_weight=15865 4388 1889 274 3284 14878 14998 6641 4601 2825 14477 50 64 2138 1107 10329 271 557 9878 56051 51 101 26100 6205 24235 85 50 73172 2809 1094 3153 27975 504 1166 51 353 2314 782 1997 304 1451 105 85 793 478 1052 86 4228 243 178 10506 765 1583 153 177 177 913 71 84 82 538 1211 609
leaf_count=15865 4388 1889 274 3284 14878 14998 6641 4601 2825 14477 50 64 2138 1107 10329 271 557 9878 56051 51 101 26100 6205 24235 85 50 73172 2809 1094 3153 27975 504 1166 51 353 2314 782 1997 304 1451 105 85 793 478 1052 86 4228 243 178 10506 765 1583 153 177 177 913 71 84 82 538 1211 609
internal_value=-5.6845e-12 0.0267305 0.0359979 -0.00239478 0.00429442 -0.0136651 0.00906474 0.016265 0.049593 0.0639622 0.0847038 0.556272 -0.00878488 0.03115 0.0252513 0.00796679 0.00447353 -0.0229752 0.0127753 0.0670623 0.43527 -0.0170759 0.0118088 -0.0101217 0.0243634 0.542905 -0.0152728 -0.00610991 0.064531 -0.0263431 -0.0223023 -0.089678 0.0568622 -0.0543971 0.247087 -0.0190565 -0.0685478 0.0814996 0.165133 0.0259443 -0.146157 -0.0236125 0.0508885 -0.010273 -0.0599148 0.0954717 0.06583 0.133891 0.224643 -0.0544747 -0.0856199 -0.0676696 -0.0333757 0.185088 -0.0359536 -0.127672 -0.046513 0.23872 0.467537 -0.258206 -0.0626155 -0.00328684
internal_weight=362634 29817 27928 332817 208856 123961 177093 126190 25156 22102 16892 114 50903 27301 26194 101034 95395 22152 73243 5639 152 44262 15967 116443 15133 135 101310 77075 3903 9358 31763 3788 5487 3054 627 17192 7518 16778 2301 4321 547 442 3774 2323 1845 357 6609 2381 229 12274 6736 5971 28295 330 27965 1865 1150 237 153 715 11717 5210
internal_count=362634 29817 27928 332817 208856 123961 177093 126190 25156 22102 16892 114 50903 27301 26194 101034 95395 22152 73243 5639 152 44262 15967 116443 15133 135 101310 77075 3903 9358 31763 3788 5487 3054 627 17192 7518 16778 2301 4321 547 442 3774 2323 1845 357 6609 2381 229 12274 6736 5971 28295 330 27965 1865 1150 237 153 715 11717 5210
is_linear=0
shrinkage=0.05


Tree=95
num_leaves=63
num_cat=0
split_feature=50 47 51 42 46 2 37 50 30 9 5 46 32 47 45 50 0 10 51 5 3 51 25 37 51 15 30 2 37 0 15 13 7 30 50 51 9 51 30 51 16 28 0 32 9 8 5 5 51 4 30 9 30 11 45 32 10 37 25 37 5 43
split_gain=9227.82 19399.5 19390.6 20493 20241 15268.9 14871.7 14817.2 25319.7 18561.3 25043.4 17415.6 16055.1 14105.4 13654.5 13615.4 17149.7 27016.3 18539 17041.2 12833.4 12188.3 11964.8 11612.8 11610.8 10943.2 11797.3 14847.4 10824.9 10479.1 13015.9 13807 12426.5 15073.3 21725.8 18364.6 17073 12461.3 14946.4 16670.4 26719.9 18018 16605 15010.2 14133.3 12264 12176.6 12355.1 11633 11053.8 16848.9 11811.4 36304.9 11011.8 10471.6 10313.7 10309.7 13183.6 14227 11524.9 10278.7 14684.6
threshold=6.5000000000000009 -5.1501905918121329 2.5000000000000004 17.849999427795414 14.914999961853029 93.500000000000014 37.225000381469734 4.5000000000000009 23.675000190734867 28.865000724792484 65.500000000000014 27.005000114440922 28.57499980926514 -8.0523786544799787 96.044998168945327 5.5000000000000009 46.149999618530281 77.005001068115249 5.5000000000000009 50.149999618530281 20.050000190734867 5.5000000000000009 31.994999885559086 32.73500061035157 3.5000000000000004 0.0015000000712461772 19.545000076293949 56.399999618530281 16.285000801086429 4.0499999523162851 0.040500000119209296 6.9627921581268319 14.34999990463257 13.375000000000002 10.500000000000002 1.0000000180025095e-35 24.144999504089359 4.5000000000000009 16.695000648498539 1.5000000000000002 16.445000648498539 9.7500000000000018 61.500000000000007 25.925000190734867 24.144999504089359 0.30650000274181372 30.050000190734867 101.50000000000001 1.0000000180025095e-35 26.19999980926514 19.545000076293949 17.515000343322757 18.314999580383304 22.164999961853031 53.995000839233406 13.394999980926515 45.995000839233406 25.064999580383304 8.4449996948242205 29.275000572204593 68.500000000000014 0.12550000101327899
decision_type=2 10 2 10 8 10 10 2 10 10 10 10 8 8 10 2 8 10 2 10 8 2 10 10 2 8 8 10 8 10 10 10 10 8 2 2 10 2 8 2 8 10 10 10 10 10 10 10 2 8 8 8 10 8 8 10 10 8 8 10 10 8
left_child=1 2 3 4 -1 -6 7 9 15 10 11 54 -12 56 -3 19 -17 18 -18 25 -11 23 -14 -21 -8 -9 27 -27 -5 30 -2 53 48 34 -34 36 -36 38 39 41 -41 -35 44 -42 -43 -40 -39 49 -31 51 55 52 -48 -32 -4 -51 57 -13 -59 -58 61 -7
right_child=29 14 6 28 5 60 24 8 -10 20 12 13 22 -15 -16 16 17 -19 -20 21 -22 -23 -24 -25 -26 26 -28 -29 -30 32 31 -33 33 37 35 -37 -38 46 45 40 43 42 -44 -45 -46 -47 47 -49 -50 50 -52 -53 -54 -55 -56 -57 59 58 -60 -61 -62 -63
leaf_value=-0.032127099168880867 -0.028409103370343275 -0.00050399066928802252 0.046656933543860427 0.052509636057270818 0.046997306640507754 -0.017915688888936104 0.10661539792589901 -0.0010525082852953086 0.0437065862617389 -0.20814447043614398 0.10842134078458242 0.18957581727386719 0.74988446962599664 0.0427536954241821 -0.055386121130344239 0.1708108821227817 0.53530091748494435 1.5512258953518339 -0.12496653983666413 -0.28729277908900253 -0.016652813188568132 0.20452806455222705 0.1113617048309483 0.45784237867799304 -0.29775451691905119 0.33837204175444763 0.16748508369325346 1.2136540910784612 -0.079141344822693221 0.02939317665351553 -0.33511784331038486 0.35721382630385889 0.27668421500135637 0.52854960468431977 -0.18348015823810768 -0.035366728193801232 -0.92458782712133925 0.0066191796331553469 0.004984489186024379 0.0033302702988698822 0.33209312166987714 -0.02316980806150451 0.52951203965892402 0.099298009156139178 -0.38083591749023948 0.06246521520653732 -0.3137538310171159 0.56683599795844108 -0.027193961730976129 -0.59445214976502492 -0.087634713693463373 -0.058845712259885191 0.90856111477144441 -0.097054714109422388 -0.024661847729969807 -0.1618000443555227 0.18728027760735078 1.1834982301180179 0.40249642636223792 -0.15382605120539666 -0.048395398399322345 0.80335417101997886
leaf_weight=11270 15428 69039 10028 1856 17270 79 261 783 14883 1232 412 536 255 3590 13559 1424 463 54 138 531 3019 247 103 58 555 323 2153 57 9837 10584 799 122 487 146 1486 8140 82 15646 42128 1933 1806 1942 120 1123 322 11901 121 74 64014 327 1368 4104 122 1239 10574 238 1355 78 231 303 101 175
leaf_count=11270 15428 69039 10028 1856 17270 79 261 783 14883 1232 412 536 255 3590 13559 1424 463 54 138 531 3019 247 103 58 555 323 2153 57 9837 10584 799 122 487 146 1486 8140 82 15646 42128 1933 1806 1942 120 1123 322 11901 121 74 64014 327 1368 4104 122 1239 10574 238 1355 78 231 303 101 175
internal_value=2.15729e-12 0.0081758 0.0236806 -0.00239481 0.0202061 0.0536696 0.043409 0.0466808 0.0791347 0.0250756 0.040124 0.0320152 0.321247 0.106277 -0.00951325 0.163756 0.268206 0.479947 0.383692 0.111456 -0.0721498 -0.0902861 0.566175 -0.213918 -0.168416 0.162317 0.212818 0.469664 -0.0582447 -0.00778109 -0.0445034 -0.159458 -0.00394151 0.00818962 -0.0492013 -0.0655493 -0.222237 0.0152035 0.026769 0.0934516 0.147616 -0.0106384 -0.0436592 0.242838 -0.0740393 0.0176458 -0.017086 -0.0754572 -0.0191654 -0.0830257 -0.182503 -0.0387906 0.299919 -0.190388 0.0100525 -0.412202 0.197386 0.339529 0.599643 0.124943 0.378264 0.54792
internal_weight=362634 176832 94234 40588 28895 17625 53646 52830 21114 31716 27465 26695 770 6093 82598 6231 2079 655 601 4152 4251 836 358 589 816 3316 2533 380 11693 185802 17588 2160 168214 93616 10195 9708 1568 83421 61421 7392 4862 2530 2384 2929 2264 54029 22000 6354 74598 6280 1933 4347 243 2038 20602 565 2503 845 309 1658 355 254
internal_count=362634 176832 94234 40588 28895 17625 53646 52830 21114 31716 27465 26695 770 6093 82598 6231 2079 655 601 4152 4251 836 358 589 816 3316 2533 380 11693 185802 17588 2160 168214 93616 10195 9708 1568 83421 61421 7392 4862 2530 2384 2929 2264 54029 22000 6354 74598 6280 1933 4347 243 2038 20602 565 2503 845 309 1658 355 254
is_linear=0
shrinkage=0.05


Tree=96
num_leaves=63
num_cat=0
split_feature=9 30 50 50 50 9 42 51 44 51 23 44 51 51 5 37 51 50 23 9 9 23 5 50 1 51 9 9 37 8 23 37 38 44 51 31 39 39 5 45 11 48 42 15 28 37 9 38 5 26 4 41 44 30 51 9 30 51 23 50 30 48
split_gain=8682.93 12376.6 19575.2 11723.1 17803.3 16186.4 15207.9 13792 24881.1 13761.4 13344 13326.8 12701.9 15820.3 25077.2 30340 25637.3 22111.6 16893.4 16175.1 13658 13484.3 12782.9 12541.2 12111 12346.5 12007.5 12728.3 18399.4 15945.6 11691.9 11314.3 13111.5 11164.6 16259.3 11294.4 11949.3 10946.9 10942.9 12142.8 10605.6 10535.9 10475.6 9857.25 11774.7 9798.57 16782 9515.45 11913.8 10439.4 10196.6 12404.9 10374.2 10184.3 11051.8 10455.2 10280.5 14329.6 12509.1 11755.5 11580.4 11617.2
threshold=7.1250000000000009 8.6050000190734881 10.500000000000002 2.5000000000000004 6.5000000000000009 19.714999198913578 13.750000000000002 5.5000000000000009 27.105000495910648 5.5000000000000009 25.025000572204593 38.254999160766609 2.5000000000000004 4.5000000000000009 51.100000381469734 37.68499946594239 5.5000000000000009 3.5000000000000004 25.085000038146976 39.295000076293952 31.894999504089359 23.835000038146976 65.500000000000014 5.5000000000000009 114.50000000000001 3.5000000000000004 37.274999618530281 17.765000343322757 26.634999275207523 0.049499999731779105 31.884999275207523 31.255000114440922 46.004999160766609 28.785000801086429 2.5000000000000004 57.995000839233406 23.814999580383304 17.904999732971195 54.399999618530281 91.005001068115249 38.004999160766609 -9.945394039154051 13.750000000000002 0.44150000810623174 32.649999618530281 28.664999961853031 13.315000057220461 558.50000000000011 4.0499999523162851 -5.127276897430419 13.050000190734865 3.4979265928268437 27.404999732971195 13.744999885559084 1.0000000180025095e-35 23.454999923706058 17.345000267028812 5.5000000000000009 15.534999847412111 10.500000000000002 26.974999427795414 -20.889808654785153
decision_type=8 8 2 2 2 8 10 2 10 2 8 10 2 2 10 10 2 2 10 8 8 10 10 2 10 2 10 8 10 10 10 10 8 8 2 8 10 10 10 8 10 10 10 10 8 10 10 8 10 10 10 10 10 8 2 10 8 2 8 2 8 8
left_child=-1 2 33 5 6 9 11 37 -9 38 -10 24 40 17 23 16 18 30 -16 21 22 -18 -20 31 -5 -26 27 28 -19 -29 -14 -15 -33 35 -35 36 -2 41 45 -40 -8 43 -38 -7 -45 -3 -47 48 50 -50 51 52 -6 54 55 -51 57 58 -55 -59 61 -58
right_child=1 3 -4 4 47 7 12 8 10 -11 -12 -13 13 14 15 -17 19 26 20 -21 -22 -23 -24 -25 25 -27 -28 29 -30 -31 -32 32 -34 34 -36 -37 42 -39 39 -41 -42 -43 -44 44 -46 46 -48 -49 49 53 -52 -53 -54 56 -56 -57 60 59 -60 -61 -62 -63
leaf_value=-0.058710965253044936 0.15151831382077016 0.01135951588193373 -0.073251983249789598 0.036021842539271896 -0.10480392173644033 0.025102003269726697 -0.039710455944371024 0.0093916733918148858 1.37873425507078 -0.090546172689172089 0.22924876475334166 -0.16813097458746051 0.11422941287386777 -0.043533876492587747 0.14326946343429359 -0.54122770256430341 0.31537910177019141 -0.052331244333442363 0.50514713715423232 0.89625782258105735 0.25899352941557136 -0.13712383263053107 1.1841062385537853 0.055412247011513677 0.67165328663524615 -0.24196130774915217 -0.33164648063860991 -0.015655347069200177 -0.61057364783067813 0.1029772632088128 0.39361691489045758 0.25532896330668814 -0.29117565812556989 0.21457002645993437 -0.36166066836052835 0.011365726811734374 -0.035991792461954719 -0.12367633775673051 0.43122609789590122 -0.16793495785986257 0.065343388138523056 -0.067537002840714108 0.53491562726177544 -0.16505847519470587 0.59031309033488177 -0.99108692109584817 -0.037200419029245285 0.05242191757358218 -0.017944442596766082 -0.15630156018964325 -0.020582239215565304 0.11053812955189546 -0.31671325517239701 0.017395272331590522 -0.025025586047088377 -0.74034429788589484 0.45717673066043951 -0.43287501478368801 0.14126001596912127 -0.025751582573387506 0.032528738935054785 -0.012678269687857988
leaf_weight=6190 2807 23065 1803 63235 3966 939 21733 2529 51 3730 50 800 5122 11619 257 138 232 973 132 53 142 567 146 3071 142 50 245 6299 174 5147 404 126 851 220 276 1183 101 7748 305 117 2701 4434 393 72 182 66 153 6539 80104 873 8950 575 676 3652 6209 84 132 206 4613 1273 24786 39223
leaf_count=6190 2807 23065 1803 63235 3966 939 21733 2529 51 3730 50 800 5122 11619 257 138 232 973 132 53 142 567 146 3071 142 50 245 6299 174 5147 404 126 851 220 276 1183 101 7748 305 117 2701 4434 393 72 182 66 153 6539 80104 873 8950 575 676 3652 6209 84 132 206 4613 1273 24786 39223
internal_value=3.92401e-12 0.00101957 0.0679136 -0.00027809 0.00317018 -0.0245853 0.0177494 -0.0645455 0.0401253 -0.00127416 0.809682 0.0346679 -0.00032116 0.0186908 -0.0155695 0.168799 0.232882 0.0510294 0.462565 0.0503761 0.657943 -0.00573374 0.861723 -0.0351866 0.0372258 0.433733 0.0150335 0.0217782 -0.137017 0.037691 0.134655 -0.0572753 -0.220695 0.119022 -0.106074 0.143922 0.191426 -0.0851275 0.0127723 0.265108 -0.0280975 -0.0320483 0.418192 0.0998521 0.376192 0.00819893 -0.324673 -0.00679931 -0.00900809 -0.00514359 -0.0529683 -0.108528 -0.135664 0.0075077 -0.0494033 -0.207565 0.0130274 0.0608791 0.0865287 -0.0824571 0.00575802 -0.0111023
internal_weight=362634 356444 6783 349661 306220 43441 124359 16005 2630 27436 101 64227 60132 35698 17334 1667 1529 18364 677 852 420 799 278 15667 63427 192 12838 12593 1147 11446 5526 12596 977 4980 496 4484 3301 13375 23706 422 24434 5627 494 1193 254 23284 219 181861 175322 161155 14167 5217 4642 81051 7166 957 73885 9744 8265 1479 64141 39355
internal_count=362634 356444 6783 349661 306220 43441 124359 16005 2630 27436 101 64227 60132 35698 17334 1667 1529 18364 677 852 420 799 278 15667 63427 192 12838 12593 1147 11446 5526 12596 977 4980 496 4484 3301 13375 23706 422 24434 5627 494 1193 254 23284 219 181861 175322 161155 14167 5217 4642 81051 7166 957 73885 9744 8265 1479 64141 39355
is_linear=0
shrinkage=0.05


Tree=97
num_leaves=63
num_cat=0
split_feature=13 49 49 36 27 49 10 6 3 22 3 37 46 47 28 26 38 40 50 32 31 0 37 45 38 16 17 2 5 17 4 40 50 41 5 10 3 23 2 12 5 50 4 35 37 26 6 23 19 37 45 10 0 47 28 46 19 0 6 4 22 44
split_gain=8547.74 10285 17131.5 21490.2 11556.5 10890 10545.9 10520 9876.39 12135.3 9635.21 15110.4 10557 11868.4 10537.6 9540.94 9310.34 9175.59 11305.6 9469.74 8994.27 11519.9 8895.18 9625.39 9047.83 8999.46 8846.69 11104 8679.22 8603.91 8723.22 8696.42 8519.63 8376.42 8027.54 7964.02 7881.39 7845.9 8073.27 7778.96 7525.83 7510.46 8180.46 7475.03 7474.61 8429 8201.82 7679.93 7440.67 7398.08 7287.5 9645.42 9548.76 9011.16 7184.03 7540.53 7483.26 7876.67 7759.8 7094.31 6919.71 8644.26
threshold=7.5081732273101816 11.500000000000002 16.500000000000004 0.19449999928474429 -6.5248141288757315 2.5000000000000004 44.995000839233406 118.50000000000001 33.049999237060554 0.035499999299645431 31.050000190734867 30.304999351501468 21.365000724792484 -5.2099382877349845 31.750000000000004 5.2013778686523446 59.004999160766609 -5.5474746227264395 5.5000000000000009 11.364999771118166 52.995000839233406 109.50000000000001 33.164999008178718 107.00999832153322 123.04000091552736 33.045000076293952 41.004999160766609 113.50000000000001 92.500000000000014 26.005000114440922 17.149999618530277 -1.6253094673156736 6.5000000000000009 -3.8412271738052364 107.50000000000001 32.004999160766609 17.050000190734867 15.045000076293947 33.049999237060554 -22.145819664001461 51.100000381469734 5.5000000000000009 43.250000000000007 3.0499999523162846 29.634999275207523 -12.297309398651121 53.500000000000007 18.57499980926514 -16.178046226501461 36.204999923706062 42.995000839233406 22.994999885559086 4.0499999523162851 -11.162656784057615 5.1499998569488534 29.005000114440922 -9.2293958663940412 73.500000000000014 3.0499999523162846 5.0999999046325692 0.66650000214576732 36.194999694824226
decision_type=10 2 2 10 8 2 10 10 10 10 10 10 8 10 10 10 10 10 2 8 10 10 10 10 8 8 8 8 10 8 10 8 2 8 8 10 8 8 10 10 8 2 8 8 8 10 8 10 8 10 10 10 10 10 10 8 8 10 10 8 10 10
left_child=1 4 3 7 -1 41 -7 16 17 -10 11 12 37 14 32 35 29 19 44 33 21 48 24 25 34 28 -2 -28 -24 31 50 -3 -14 -5 -22 -12 -13 38 -4 -20 -29 42 -6 -32 46 47 -19 -46 -21 -27 51 53 -53 -31 56 -56 -18 58 -58 -11 -37 -62
right_child=26 2 10 8 5 6 -8 -9 9 59 15 36 13 -15 -16 -17 54 18 39 20 22 -23 23 -25 -26 49 27 40 -30 30 43 -33 -34 -35 -36 60 -38 -39 -40 -41 -42 -43 -44 -45 45 -47 -48 -49 -50 -51 -52 52 -54 -55 55 -57 57 -59 -60 -61 61 -63
leaf_value=-0.05359842874823563 0.016665338158380179 0.09660713503738616 0.01204367891056576 0.078064654877104039 0.016996474341768961 -0.025685684993321758 0.0037664811835031002 0.6934058897089268 -0.24514140195526601 0.5317754532664043 0.045983245430380598 -0.27853364513816803 0.17213587209544864 -0.030244729082248196 -0.037996132735781132 0.1161554334452259 -0.42945689478494825 -0.06306464451029048 0.22224841257771863 0.27421848558196144 0.042997171758925035 0.67100448545681524 -0.18392121016518936 0.17832955800184458 -0.10327383185270039 0.16119990209271859 -0.046439771497901912 0.028828181655398594 -0.67154954984491955 0.76237287266274634 0.74035541849621278 -0.128068546731407 0.031802490096209883 -0.039531688780577001 0.50569540858268736 -0.0095011384785683873 -0.086220427979490435 -0.05859509014908091 0.36689207694986292 0.0053967640893838129 0.47594135132662602 0.0023510148810813821 0.091220137497249998 0.17298231250424057 -0.36845836748351468 -0.18373846480563497 0.10759938817970427 0.32820280548901515 0.058537143355170219 -0.19312637340894981 0.036634768493062235 -0.55291020393085022 0.1333663037456275 0.16317929813235221 0.010579491385601702 0.13362694572206929 0.36622208645266874 0.52960834621355457 -0.11272402664308118 0.12805901517553886 0.083492504645682863 -0.1217689069369855
leaf_weight=11934 9102 1019 2806 1873 8870 56298 66057 69 214 115 9814 634 2523 5338 1594 1995 137 4516 434 413 7070 79 866 278 1127 347 21999 214 102 118 59 746 1893 7907 95 43580 3336 11721 170 8780 168 21873 6384 3612 53 1819 834 156 12585 256 3392 52 2006 134 3634 1894 93 58 933 2024 3840 592
leaf_count=11934 9102 1019 2806 1873 8870 56298 66057 69 214 115 9814 634 2523 5338 1594 1995 137 4516 434 413 7070 79 866 278 1127 347 21999 214 102 118 59 746 1893 7907 95 43580 3336 11721 170 8780 168 21873 6384 3612 53 1819 834 156 12585 256 3392 52 2006 134 3634 1894 93 58 933 2024 3840 592
internal_value=-9.22956e-12 0.00236694 0.0114951 0.0300585 -0.00613923 -0.00258787 -0.00978505 0.077212 0.0137582 0.113848 -0.00294855 -0.0260656 -0.0122149 0.024012 0.0722022 0.00865037 0.074835 0.00900902 -0.0213218 0.0242599 0.041644 0.0690488 0.00630503 -0.0928622 0.0284179 -0.140852 -0.0248964 -0.0417989 -0.235304 0.102915 0.121985 0.00164506 0.111979 -0.0170104 0.049132 0.00494144 -0.116932 -0.0401869 0.0323139 0.015611 0.225464 0.021131 0.0480601 0.182101 -0.0674452 -0.149186 -0.0364602 0.151538 0.0653902 0.0107728 0.0832818 0.151778 0.116026 0.443754 0.0284937 0.0527379 -0.0812704 -0.0372653 -0.0693108 0.149764 -0.0034478 0.0560749
internal_weight=362634 331151 159735 69899 171416 159482 122355 17956 51943 2353 89836 30015 26045 11348 6010 59821 17887 49590 16592 32998 23218 13077 10141 1849 8292 1571 31483 22381 968 11138 9373 1765 4416 9780 7165 57826 3970 14697 2976 9214 382 37127 15254 3671 7378 2028 5350 209 12998 603 5702 2310 2058 252 6749 5528 1221 1084 1026 2139 48012 4432
internal_count=362634 331151 159735 69899 171416 159482 122355 17956 51943 2353 89836 30015 26045 11348 6010 59821 17887 49590 16592 32998 23218 13077 10141 1849 8292 1571 31483 22381 968 11138 9373 1765 4416 9780 7165 57826 3970 14697 2976 9214 382 37127 15254 3671 7378 2028 5350 209 12998 603 5702 2310 2058 252 6749 5528 1221 1084 1026 2139 48012 4432
is_linear=0
shrinkage=0.05


Tree=98
num_leaves=63
num_cat=0
split_feature=50 12 44 9 50 51 44 15 50 30 16 51 0 51 6 11 17 14 33 4 46 42 5 1 9 51 37 45 50 44 23 6 11 50 5 33 45 9 30 50 44 9 5 21 6 30 43 3 51 23 18 6 1 30 5 46 7 44 9 15 46 1
split_gain=8046.01 13889.3 15559.9 17408.5 13314.6 21958.6 22971.1 15754.9 16732 47858.2 21423.1 19842 35260.7 17712.7 20402.9 26719.1 16191.8 15307.6 14828.1 14818.5 14566.5 19666.8 17679.6 16990.3 14060.9 24174.8 35446.6 31637 24015 22734.2 14007 13998.2 13479.5 13347.2 13030.2 12992 12704.5 12521.9 12484.2 12367 16551.5 15470.6 12800.1 11957.5 11913 11826 11502.5 11386.7 11123.8 10611.1 10420.3 11786.9 10266.4 10247.8 11296.2 10191 10061.7 10040.5 9919.06 9893.41 9855.42 12966.1
threshold=1.5000000000000002 -5.7208094596862784 24.644999504089359 12.944999694824221 6.5000000000000009 1.5000000000000002 35.254999160766609 1.0000000180025095e-35 5.5000000000000009 23.394999504089359 38.295000076293952 5.5000000000000009 44.149999618530281 4.5000000000000009 60.500000000000007 33.995000839233406 65.990001678466811 44.049999237060554 -5.3120112419128409 34.049999237060554 14.00500011444092 17.250000000000004 54.399999618530281 116.50000000000001 28.375000000000004 4.5000000000000009 33.954999923706062 49.995000839233406 4.5000000000000009 36.194999694824226 33.375000000000007 64.500000000000014 29.875000000000004 2.5000000000000004 47.299999237060554 -7.4893174171447745 56.004999160766609 18.375000000000004 27.515000343322757 2.5000000000000004 27.175000190734867 24.355000495910648 67.500000000000014 46.45000076293946 58.20000076293946 29.644999504089359 0.31049999594688421 13.050000190734865 4.5000000000000009 24.775000572204593 18.154999732971195 55.149999618530281 63.500000000000007 14.954999923706056 42.100000381469734 43.82500076293946 34.649999618530281 34.864999771118171 32.944999694824226 0.48149999976158148 24.005000114440922 46.100000381469734
decision_type=2 8 10 10 2 2 10 10 2 8 8 2 10 2 10 10 10 10 8 10 8 10 10 10 10 2 10 8 2 8 10 10 10 2 8 8 8 10 10 2 10 8 10 8 10 10 10 8 2 8 10 10 10 8 8 10 10 10 10 10 10 8
left_child=1 2 55 -4 5 6 20 17 10 11 24 12 49 43 -15 18 57 31 -16 47 22 23 45 39 60 26 30 -27 33 52 35 -7 44 -28 -13 -26 -5 -24 -20 40 41 53 -43 -11 -29 -2 -23 -8 -33 -10 51 -41 -30 54 -22 -1 -48 -14 -58 -37 61 -9
right_child=4 -3 3 36 -6 7 19 8 9 13 -12 34 16 14 15 -17 -18 -19 38 -21 21 46 37 -25 25 27 28 32 29 -31 -32 48 -34 -35 -36 59 -38 -39 -40 50 -42 42 -44 -45 -46 -47 56 -49 -50 -51 -52 -53 -54 -55 -56 -57 58 -59 -60 -61 -62 -63
leaf_value=-0.11077197635374914 -0.062581960836978479 -0.008175768252258039 -0.32884970728549751 0.54789041680258677 -0.0069073220414958905 -0.01506515245731796 -0.4928655706020682 0.015368972278634872 0.41712592144294058 -0.023703303548032472 -0.19481897424703995 0.14487654325140992 0.58231294526217081 0.092741942920368706 -0.13816044940095809 1.1287265983385009 1.1486405033077445 0.099327091405410489 0.16432876238489855 -0.85189010912463781 0.013816630632983166 -0.011873652840070871 0.40912274959017386 0.87785852386494023 0.13201829711015703 0.11581450020922597 -0.56754739846914048 -0.1492459479394492 0.23996079294010997 1.4138565004865331 0.14552992466563994 0.059216306118030082 -0.299397940297771 0.2052061869135923 -0.57059864448185305 -0.0028549028446063483 0.074958054914936401 -0.30388311395873607 1.1879768855166886 0.036474346221111786 0.52887678533322635 -0.22476984503439176 -1.0117497605936867 0.19361631008105851 0.17497636146686815 0.051343463792845268 -0.20923476326844914 -0.10901702261902091 0.51859081628628911 0.094584406255836778 0.10188918524973532 -0.18971093101840883 0.87431914935148858 -0.071658676361317633 0.63794854261865053 -0.34134009214068717 -0.046399231926872064 -0.15654158675670626 0.66768253761179308 -0.14240638858541976 0.080597947377064619 0.11478410988911719
leaf_weight=3772 9874 20375 208 185 185802 33755 229 24321 363 6354 1067 197 572 4126 144 111 124 3463 68 84 188 8437 66 61 1014 1239 62 1899 203 75 1362 338 1386 566 94 2911 611 919 53 6718 111 668 56 703 333 2961 1622 1236 216 857 7143 630 93 1131 118 549 1047 50 51 2253 13619 3791
leaf_count=3772 9874 20375 208 185 185802 33755 229 24321 363 6354 1067 197 572 4126 144 111 124 3463 68 84 188 8437 66 61 1014 1239 62 1899 203 75 1362 338 1386 566 94 2911 611 919 53 6718 111 668 56 703 333 2961 1622 1236 216 857 7143 630 93 1131 118 549 1047 50 51 2253 13619 3791
internal_value=-4.33091e-12 -0.0269669 -0.0988675 0.0784446 0.00205693 0.0130776 -0.0169743 0.0251645 0.0392059 0.0885027 0.0270857 0.299099 0.356136 0.0473817 0.124874 0.477475 0.626927 -0.000861055 0.204687 -0.206049 -0.00996786 0.0107754 -0.0519662 0.0449115 0.0313807 -0.0131886 0.037469 -0.102249 0.317339 0.636288 0.000388076 -0.0109736 -0.176926 0.128915 -0.0862392 -0.0316099 0.184873 -0.256108 0.612704 0.0418804 -0.0665799 -0.0971655 -0.285641 -0.00205449 -0.100874 -0.0362997 -0.0406996 -0.169018 0.238323 0.190554 0.0588856 0.0170818 0.439269 -0.00220634 0.254495 -0.140067 -0.130113 0.522919 -0.0132315 -0.0637398 0.0456878 0.0287754
internal_weight=362634 25700 5325 1004 336934 151132 43350 107782 70010 13816 56194 2257 1966 11559 4502 376 746 37772 265 1549 41801 27981 13820 16824 55127 13396 8539 4857 999 371 7540 34309 3618 628 291 6178 796 985 121 16763 2272 2161 724 7057 2232 12835 11157 1465 554 1220 14491 7348 296 1437 306 4321 2720 622 1098 5164 41731 28112
internal_count=362634 25700 5325 1004 336934 151132 43350 107782 70010 13816 56194 2257 1966 11559 4502 376 746 37772 265 1549 41801 27981 13820 16824 55127 13396 8539 4857 999 371 7540 34309 3618 628 291 6178 796 985 121 16763 2272 2161 724 7057 2232 12835 11157 1465 554 1220 14491 7348 296 1437 306 4321 2720 622 1098 5164 41731 28112
is_linear=0
shrinkage=0.05


Tree=99
num_leaves=63
num_cat=0
split_feature=1 13 46 40 50 37 9 37 14 28 17 0 44 31 30 5 40 43 35 17 12 5 44 39 45 9 0 44 35 1 30 37 15 6 50 30 22 5 9 1 30 50 44 31 37 15 41 6 35 32 4 28 4 50 37 0 50 45 30 45 9 30
split_gain=7928.58 8658.41 8331.96 10094.9 10021.5 9947.94 9938.2 12323.6 8112.45 10346.4 7916.11 9671.86 7786.9 7443.83 7359.45 9227.69 8705.36 11765.4 7931.86 7081.79 7002.42 6612.15 6602.98 6427.33 6406.08 6662.25 6366.01 6189.7 6078.85 5928.22 5941.02 5923.66 5941.88 5772.38 5616.17 8475.51 8990.34 9158.28 8848.65 8265.7 7707.6 14330.4 9041.47 8224.23 9250.98 9360.41 9912.36 7794.01 13910.4 7698.91 7377.38 7206.34 6883.78 7324.29 10481.5 6726.23 6646.48 10744.6 9888.05 8055.49 7722.87 6609.38
threshold=6.0499999523162851 7.5081732273101816 26.005000114440922 -11.651016235351561 1.5000000000000002 7.1549999713897714 12.944999694824221 23.775000572204593 21.849999427795414 7.5499999523162851 41.004999160766609 150.50000000000003 29.045000076293949 29.994999885559086 27.595000267028812 105.50000000000001 -15.375662803649901 0.78049999475479137 16.349999427795414 130.01499938964847 -6.9539363384246817 67.500000000000014 35.704999923706062 34.465000152587898 82.009998321533217 14.605000019073488 38.100000381469734 37.664999008178718 17.94999980926514 23.050000190734867 21.615000724792484 30.835000038146976 0.59250000119209301 2.4500000476837163 6.5000000000000009 17.474999427795414 1.0000000180025095e-35 55.500000000000007 19.714999198913578 86.500000000000014 21.615000724792484 9.5000000000000018 33.045000076293952 38.995000839233406 33.635000228881843 0.03849999979138375 -17.755080223083493 58.20000076293946 6.5499999523162851 7.6349999904632577 33.049999237060554 2.0499999523162846 58.250000000000007 3.5000000000000004 35.465000152587898 77.500000000000014 4.5000000000000009 48.995000839233406 22.435000419616703 43.004999160766609 29.494999885559086 18.994999885559086
decision_type=8 10 8 10 2 8 10 8 10 8 8 8 10 10 8 10 10 10 8 10 8 10 8 10 10 8 10 8 8 10 8 10 8 10 2 10 10 10 8 10 8 2 8 8 10 10 8 10 8 8 8 10 10 2 10 10 2 10 10 8 8 10
left_child=12 2 8 -4 5 13 7 -7 19 -10 -3 28 33 -5 15 16 17 21 -19 24 27 -11 31 -8 34 -26 -25 -16 -12 -21 -31 32 -18 -1 35 -2 39 -38 -39 -37 41 42 50 44 45 -42 -47 -43 -49 -50 61 -48 53 -40 56 -45 57 60 59 -58 -55 -36
right_child=1 10 3 4 -6 6 23 -9 9 14 11 -13 -14 -15 20 -17 22 18 -20 29 -22 -23 -24 26 25 -27 -28 -29 -30 30 -32 -33 -34 -35 40 36 37 38 52 -41 43 47 -44 55 -46 46 51 48 49 -51 -52 -53 -54 54 -56 -57 58 -59 -60 -61 -62 -63
leaf_value=-0.080263532871269611 -0.029980529195873087 0.01680710413496329 0.045174483419857116 0.59303466895222667 0.013387850509020289 -0.10237157225307483 0.019476127835904314 -0.44889116250225253 0.12239799021932735 0.040271302903997774 -0.01836235371678006 0.36809081488642204 -0.1637835601438864 0.039015543605382376 -0.047687587305360345 0.56661998805486502 -0.0095935289365222613 1.0356933507849189 0.15385822230109983 -0.048436631426413766 0.063453481481674998 0.34841476836555652 0.16506247017651771 -0.065568505411476907 -0.15211344035986965 -0.032008428609865927 -0.36674337883881641 0.48935916423120285 -0.071541320874755093 0.22288878078958063 0.038015340624281663 -0.087771208521546684 0.082497612244058216 -0.011799637424155345 -0.063950940403116857 -0.014550636206370419 0.044148604797713362 0.47127038576180419 -0.23137864541889727 0.57333697631955149 -0.03884416569540998 -0.0082871042588333523 -0.21873962203782749 -0.0091687724033767404 0.028421397266752371 0.30081364089178286 -0.31371834571353902 0.84997051382687561 0.51297003801750107 0.016903762758702354 -0.13528427396814866 -0.11505970307934077 -0.62438328067461657 0.090328958090132402 -0.26243434421648848 -0.22761398044969428 -0.37729035854076548 -0.010253584593051842 0.066740259545864447 0.063117156432737118 0.75924736647104674 0.33579235873698565
leaf_weight=3428 13228 8975 23630 100 73235 1706 3117 302 2133 4561 12287 145 952 154 2189 72 35680 51 51 680 9734 181 547 1254 1340 8346 204 55 9551 826 917 2298 1842 30217 119 17108 23678 79 481 60 8615 11314 123 34773 2825 134 507 67 92 522 119 4583 54 71 363 356 283 247 1010 164 110 789
leaf_count=3428 13228 8975 23630 100 73235 1706 3117 302 2133 4561 12287 145 952 154 2189 72 35680 51 51 680 9734 181 547 1254 1340 8346 204 55 9551 826 917 2298 1842 30217 119 17108 23678 79 481 60 8615 11314 123 34773 2825 134 507 67 92 522 119 4583 54 71 363 356 283 247 1010 164 110 789
internal_value=-6.07916e-12 0.00240099 0.00502327 0.0164578 0.00798317 -0.0499094 -0.0617564 -0.154488 -0.00110869 0.0142728 -0.0227629 -0.0389181 -0.0227654 0.257133 0.010245 0.00102596 0.000125236 0.0634615 0.594776 -0.0079272 0.0450979 0.052033 -0.00747506 -0.0210561 -0.00948723 -0.0486242 -0.107708 -0.0345247 -0.0416205 0.0767764 0.125626 -0.00984517 -0.00507266 -0.0187752 -0.0063768 0.005086 0.0156987 0.0339371 -0.0505449 -0.012496 -0.0164271 0.0177658 0.186371 -0.0251052 -0.0540337 -0.0708655 -0.123672 0.00160106 0.165881 0.0912329 0.234889 -0.134848 -0.0653575 -0.0542958 -0.0164057 -0.0113825 0.0309728 0.204201 -0.0199137 -0.215709 0.496854 0.283403
internal_weight=362634 328037 297079 103702 80072 6837 6583 2008 193377 59394 30958 21983 34597 254 57261 45283 45211 4844 102 133983 11978 4742 40367 4575 131560 9686 1458 2244 21838 2423 1743 39820 37522 33645 121874 56936 43708 26540 2862 17168 64938 13145 1150 51793 16664 13839 5224 11995 681 614 1027 5090 2783 2729 2248 35129 1885 428 1457 447 181 908
internal_count=362634 328037 297079 103702 80072 6837 6583 2008 193377 59394 30958 21983 34597 254 57261 45283 45211 4844 102 133983 11978 4742 40367 4575 131560 9686 1458 2244 21838 2423 1743 39820 37522 33645 121874 56936 43708 26540 2862 17168 64938 13145 1150 51793 16664 13839 5224 11995 681 614 1027 5090 2783 2729 2248 35129 1885 428 1457 447 181 908
is_linear=0
shrinkage=0.05


Tree=100
num_leaves=63
num_cat=0
split_feature=51 51 7 50 3 50 30 1 16 50 30 51 16 11 1 38 51 14 16 23 30 17 16 50 50 30 38 42 43 36 15 13 13 29 14 47 23 30 8 30 50 46 49 19 8 8 47 30 30 3 4 30 39 49 35 51 23 42 49 10 50 23
split_gain=7639.14 23299.2 24477.2 14451.9 16147.9 19469.1 52775.9 20195.3 22505.6 19105.7 31404.4 25666.8 31504.6 17717.5 19174.1 16137.8 14149.6 23083 15688.4 15642.6 14060.8 13882 14221.5 24242.5 13220.1 13128.2 12699 12527.6 12428 11887.6 11787.9 11507.8 11199.7 10370.6 10325.2 10245.6 9947.15 9941.88 9825.15 10210.2 15483.8 11435.4 10097.5 9707.17 9558.51 9466.58 9138.71 8878.56 9494.94 8655.71 8471.21 8821.76 8433.51 8392.92 8386.06 8362.13 9607.43 8325.18 8889.9 11421.4 14668.1 14556.8
threshold=4.5000000000000009 3.5000000000000004 16.94999980926514 10.500000000000002 49.149999618530281 8.5000000000000018 19.545000076293949 41.049999237060554 20.945000648498539 9.5000000000000018 21.615000724792484 2.5000000000000004 25.425000190734867 31.005000114440922 114.50000000000001 318.29499816894537 1.0000000180025095e-35 42.049999237060554 18.144999504089359 13.265000343322756 25.505000114440922 74.005001068115249 27.095000267028812 11.500000000000002 6.5000000000000009 7.6649999618530282 38.004999160766609 26.94999980926514 0.16749999672174457 0.34749999642372137 0.06450000032782556 -3.6963375806808467 -6.9424092769622794 0.032500000670552261 21.849999427795414 -13.292843341827391 31.644999504089359 27.375000000000004 0.70949998497962963 21.615000724792484 8.5000000000000018 18.775000572204593 3.5000000000000004 1.3571716547012331 0.58149999380111705 0.004500000039115549 -14.890857219696043 11.194999694824221 9.3249998092651385 34.20000076293946 24.050000190734867 10.925000190734865 21.005000114440922 18.500000000000004 7.4500000476837167 1.0000000180025095e-35 20.714999198913578 23.849999427795414 8.5000000000000018 48.004999160766609 6.5000000000000009 14.715000152587892
decision_type=2 2 10 2 10 2 10 10 8 2 10 2 8 10 10 8 2 10 10 10 10 8 10 2 2 8 10 10 10 10 10 8 10 8 10 8 10 10 10 10 2 10 2 10 10 8 8 10 8 8 10 8 8 2 8 2 8 8 2 10 2 8
left_child=1 3 24 4 5 13 7 16 -9 10 11 12 -8 27 -15 20 19 -18 -19 -7 32 25 -23 -24 26 -5 28 34 -3 -21 -29 -27 -11 50 -1 -12 -33 -32 42 40 -40 54 -2 -37 -26 -20 -36 48 -30 -14 -4 -52 -47 -6 -41 -34 -57 58 -44 60 61 -60
right_child=38 2 33 21 53 6 9 8 -10 15 35 -13 49 14 -16 -17 17 18 45 29 -22 22 23 -25 44 31 -28 30 47 -31 37 36 55 -35 46 43 -38 -39 39 41 -42 -43 57 -45 -46 52 -48 -49 -50 -51 51 -53 -54 -55 -56 56 -58 -59 59 -61 -62 -63
leaf_value=-0.019455510822903716 0.021062554603697735 0.061723064768754665 0.073609060539061757 -0.25960101444500078 0.099432127866960374 0.27790637010871844 0.17325255983651508 1.3629255673715048 0.33235914836201919 0.059208952203012061 0.1856012876249846 -0.17431109691875979 0.99658225027796554 0.030267272146837707 0.73875425244526316 0.25837863152889123 0.11806724335800589 0.19744530389630377 0.15386577915722649 -0.07814544811123858 0.014960664258681637 -0.058159511950823431 -0.51667044851607802 -0.0061085159502635702 -0.024010944995988579 -0.078458221294396988 0.0016656024930091402 -0.028754164036594521 0.25021984848109158 -0.68666228346843672 -0.13556839522364056 0.014350559844206809 -0.023713009852975135 0.030689939189122606 0.1725353650024315 -0.0028055423926148892 0.59928075397667824 0.032142495175891801 0.41734885295399149 -0.18323904903324531 -0.36631370552380882 -0.071278116560220428 -0.047508010686641601 0.12685220221699461 -0.18226787507659484 0.65363588832093011 0.015187688831117103 0.21407338387671304 1.2022362139243634 0.40228470365505625 0.55167192811335342 0.14459331347679935 1.2899423836622128 0.025734458285222396 0.19555410639179199 -0.050471594398145608 -0.20974697190652944 -0.038127569990522386 -0.071058136107138792 -0.023853221063050906 -0.0074604390377463088 0.11370405412721329
leaf_weight=65533 16968 3357 11489 503 5333 285 399 56 981 992 942 198 234 18241 96 439 1823 229 52 549 4837 12476 464 466 11197 3899 9413 15086 55 94 5550 16719 1575 10492 979 10770 73 1051 395 169 75 1214 10203 1667 1043 132 16073 787 50 83 138 3739 86 14017 1079 1399 2929 38977 1269 16828 9721 6666
leaf_count=65533 16968 3357 11489 503 5333 285 399 56 981 992 942 198 234 18241 96 439 1823 229 52 549 4837 12476 464 466 11197 3899 9413 15086 55 94 5550 16719 1575 10492 979 10770 73 1051 395 169 75 1214 10203 1667 1043 132 16073 787 50 83 138 3739 86 14017 1079 1399 2929 38977 1269 16828 9721 6666
internal_value=2.5024e-12 0.00458832 0.0345969 -0.00290405 0.00300478 -0.0024259 0.0331469 0.195892 0.388012 0.00678314 0.0459867 0.329545 0.468879 -0.0113478 0.0339764 -0.0392555 0.134592 0.200546 0.501866 -0.0304362 -0.0503927 -0.0323986 -0.0722199 -0.26084 0.000242312 -0.00721022 0.034053 -0.0193183 0.105802 -0.167104 -0.0531382 -0.00107458 -0.0962395 0.0690099 -0.0104372 0.0266151 0.0168934 -0.108866 -0.0114779 0.0787459 0.292296 0.0379788 -0.0141066 0.0145732 -0.0374964 0.760059 0.0242214 0.271692 0.703561 0.840978 0.095175 0.159083 0.904656 0.0460461 0.144259 -0.122363 -0.158262 -0.0212394 -0.00650907 0.00562155 0.0337141 0.0841561
internal_weight=362634 259070 51760 207310 172710 153360 30751 4287 1037 26464 14293 914 716 122609 18337 12171 3250 2322 499 928 11732 34600 13406 930 25902 21194 13662 104272 4249 643 21687 20691 6895 25858 82585 13379 16792 6601 103564 2932 470 2462 100632 12437 12240 270 17052 892 105 317 15366 3877 218 19350 1248 5903 4328 83664 44687 34484 17656 7935
internal_count=362634 259070 51760 207310 172710 153360 30751 4287 1037 26464 14293 914 716 122609 18337 12171 3250 2322 499 928 11732 34600 13406 930 25902 21194 13662 104272 4249 643 21687 20691 6895 25858 82585 13379 16792 6601 103564 2932 470 2462 100632 12437 12240 270 17052 892 105 317 15366 3877 218 19350 1248 5903 4328 83664 44687 34484 17656 7935
is_linear=0
shrinkage=0.05


Tree=101
num_leaves=63
num_cat=0
split_feature=33 16 4 30 51 47 30 6 0 51 40 5 37 16 33 46 31 37 32 49 50 50 5 44 6 16 24 14 5 27 31 15 51 6 1 47 49 0 16 48 39 22 5 23 16 49 44 46 50 51 39 51 44 44 2 51 25 50 24 46 36 50
split_gain=7509 10461.3 9266.64 11710.7 15977.2 11764.3 11150.6 11143.1 10220.3 11597.8 10338.6 10083.1 10038.3 11154.9 10473.4 9209.87 8953.23 8840.66 13755.3 11012.3 8781.51 8688.04 17937.7 16587.8 13435.5 11112.5 9690.96 10486.6 8965.8 9232.03 8663.81 10365.4 8640.3 8628.15 8612.38 13107.7 8958.28 8488.88 18230.2 13940.6 9984.53 8443.08 9438.86 8313.23 11594.8 15902.2 9277.07 8196.15 8072.61 9734.76 11766.2 10071.9 8048.78 7975.25 10390.6 19249.3 8379.41 11005.5 11381.8 8312.49 8763.88 11354.6
threshold=-7.7139785289764395 12.72499990463257 11.050000190734865 21.704999923706058 2.5000000000000004 inf 18.994999885559086 75.500000000000014 15.050000190734865 2.5000000000000004 2.5018601417541508 114.50000000000001 22.865000724792484 27.015000343322757 -1.6851900815963743 29.595000267028812 25.994999885559086 34.114999771118171 22.954999923706058 8.5000000000000018 5.5000000000000009 8.5000000000000018 27.050000190734867 27.804999351501468 65.500000000000014 27.175000190734867 212.10500335693362 2.1499999761581425 13.050000190734865 -7.2825374603271475 62.010000228881843 0.72450000047683727 4.5000000000000009 48.20000076293946 53.049999237060554 -4.6490328311920157 17.500000000000004 55.149999618530281 31.154999732971195 -7.9873869419097892 47.004999160766609 0.17850000411272052 13.050000190734865 9.7950000762939471 7.1150000095367441 12.500000000000002 20.244999885559086 30.005000114440922 3.5000000000000004 5.5000000000000009 15.934999942779543 1.5000000000000002 25.625000000000004 32.905000686645515 104.50000000000001 2.5000000000000004 14.994999885559084 3.5000000000000004 126.11500167846681 8.7349996566772479 0.32850000262260443 5.5000000000000009
decision_type=8 8 10 10 2 8 10 10 10 2 8 10 10 8 10 10 8 10 10 2 2 2 8 10 10 10 8 10 10 8 8 8 2 8 10 8 2 8 8 8 10 10 8 8 10 2 10 10 2 2 10 2 8 10 10 2 10 2 10 8 8 2
left_child=1 52 3 4 6 32 12 11 -9 10 15 53 -2 14 -14 20 41 19 -19 48 -10 22 24 34 43 28 27 -24 -25 -30 31 -17 -5 -28 -23 36 47 -29 39 -39 -41 -8 -43 44 -6 -46 -47 -36 49 50 -3 -52 -1 59 56 -56 -55 58 -58 -4 -61 -62
right_child=2 17 7 5 21 -7 16 8 9 -11 -12 -13 13 -15 -16 30 -18 18 -20 -21 -22 23 26 25 -26 -27 33 37 29 -31 -32 -33 -34 -35 35 -37 -38 38 -40 40 -42 42 -44 -45 45 46 -48 -49 -50 -51 51 -53 -54 54 55 -57 57 -59 -60 60 61 -63
leaf_value=-0.054414772531557604 -0.020587056099594984 0.14533185260431861 -0.02144291959615955 -0.0061344121585084777 -0.026346642727352827 -0.12087870155598109 0.012217783542803012 -0.40891904182111222 0.21184625047989969 0.19492218900955302 -0.26296704701725132 0.52693454234841031 -0.046946806812179762 -0.032342039015316952 -0.24885510174469397 0.26058421852507374 0.021218333070499355 -0.032488213860592391 -0.25918896168339711 0.018132675582043928 -0.15478077381132888 0.0055615354125358764 -0.051355611387154332 -0.33863995555939891 -0.6581526552768131 -0.26335269316954574 0.1316230025915342 0.080545398749213543 0.55260283551671929 -0.0027344485959253859 -0.1468037150138044 1.03036667114267 -0.073156498188280253 0.44085929946699304 0.49875690487813185 -0.022522023927844213 0.10728272161161892 0.81001457895223927 -0.099004247056337091 0.30462903285781551 -0.30826769731938841 1.0537845446613798 0.27339809031710643 -0.014769648915736686 0.058327702828095997 0.62179743885046179 -0.093357733333552337 -0.13443677152617503 -0.025617639743898669 -0.11807043106404208 -0.11313552366977869 0.060454448134528084 -0.25134503952133247 0.088494745209551029 0.88473134252308605 -0.19410267398679551 -0.36582189571778012 0.022237647840435866 0.26517924384524422 0.016568696651347831 -0.050709058504511489 0.017461951827286947
leaf_weight=6617 14321 2272 23802 19002 770 3499 148 96 244 1919 284 94 1036 2996 1690 275 5242 3274 841 34585 494 13328 1104 172 76 915 535 3969 85 626 101 52 6438 390 382 835 517 130 333 862 72 57 121 6662 476 283 54 59 46349 931 1273 2432 563 5460 99 71 347 7522 90 110929 12176 12257
leaf_count=6617 14321 2272 23802 19002 770 3499 148 96 244 1919 284 94 1036 2996 1690 275 5242 3274 841 34585 494 13328 1104 172 76 915 535 3969 85 626 101 52 6438 390 382 835 517 130 333 862 72 57 121 6662 476 283 54 59 46349 931 1273 2432 563 5460 99 71 347 7522 90 110929 12176 12257
internal_value=3.71335e-12 -0.01173 0.00441323 -0.00892085 0.00399577 -0.0349184 -0.025565 0.0110068 0.0997859 0.114282 0.00755772 0.00922712 -0.0429539 -0.0989337 -0.172121 0.0734488 0.0370297 -0.00719144 -0.07882 -0.00383597 -0.0335653 0.0271942 0.0539615 0.00233007 0.00360407 -0.141243 0.110625 0.0889825 -0.0147074 0.0636561 0.257973 0.382996 -0.0230954 0.262004 0.0194019 0.122283 0.248495 0.117856 0.223857 0.324903 0.257382 0.291273 0.523297 0.00970395 0.1127 0.244393 0.507203 0.414044 -0.0181024 0.0323211 0.0557466 0.000810714 -0.0698565 0.00894542 0.0457124 0.434159 0.0407913 0.00806603 -0.235867 0.00580635 0.0105979 -0.0165106
internal_weight=362634 99137 263497 87185 58246 28939 25611 176312 3465 3369 1450 172847 20043 5722 2726 1166 5568 91957 4115 87842 738 32635 15716 16919 8321 1798 7395 6470 883 711 428 327 25440 925 15121 1793 958 5366 1397 1064 934 326 178 8245 1583 813 337 441 53257 6908 5977 3705 7180 172753 13589 170 13419 7959 437 159164 135362 24433
internal_count=362634 99137 263497 87185 58246 28939 25611 176312 3465 3369 1450 172847 20043 5722 2726 1166 5568 91957 4115 87842 738 32635 15716 16919 8321 1798 7395 6470 883 711 428 327 25440 925 15121 1793 958 5366 1397 1064 934 326 178 8245 1583 813 337 441 53257 6908 5977 3705 7180 172753 13589 170 13419 7959 437 159164 135362 24433
is_linear=0
shrinkage=0.05


Tree=102
num_leaves=63
num_cat=0
split_feature=44 33 46 51 24 30 50 38 50 44 51 15 30 50 37 47 51 37 22 41 10 30 50 51 18 0 44 51 31 37 16 23 24 50 51 37 16 3 48 37 44 46 0 22 1 23 33 31 47 46 11 1 46 16 16 37 18 26 21 49 46 37
split_gain=7438.67 7150.97 8105.7 12265.1 11143.8 9923.46 8056.1 12563.5 11024.3 10852.6 10250 9692.86 9657.25 9957.78 12140.1 10760.1 10411.8 9592.71 9260.22 15781.7 10186 18879.1 12855.9 19312.4 12967.9 12931.8 10431.2 10342.9 14407.9 11762.7 10159.3 13789.4 10976.3 10548.3 14446.7 9831.38 9786.21 9768.03 9300.86 13744.3 9214.15 9200.07 9141.01 9565.34 10234.8 9221.89 9125.31 9469.07 12628.7 10259.3 9097.53 9819.97 9068.37 9003.63 8768.53 12485 8555.87 8527.38 8483.55 8399.2 8154.12 8091.81
threshold=4.1349999904632577 -8.1201348304748517 12.244999885559084 1.5000000000000002 62.004999160766609 7.6649999618530282 1.5000000000000002 88.014999389648452 6.5000000000000009 7.7550001144409189 4.5000000000000009 0.035499999299645431 7.0650000572204599 2.5000000000000004 32.094999313354499 11.867362022399904 4.5000000000000009 27.064999580383304 0.068500000983476653 -8.8871598243713361 100.02999877929689 22.035000801086429 9.5000000000000018 1.5000000000000002 31.994999885559086 57.500000000000007 29.775000572204593 1.0000000180025095e-35 80.005001068115249 34.645000457763679 15.734999656677248 27.494999885559086 53.995000839233406 11.500000000000002 2.5000000000000004 28.585000038146976 24.134999275207523 13.050000190734865 -12.789843559265135 26.98499965667725 31.875000000000004 37.995000839233406 112.50000000000001 0.44249999523162847 40.149999618530281 14.715000152587892 5.4862370491027841 41.995000839233406 -4.216446876525878 35.004999160766609 43.764999389648445 113.50000000000001 28.835000038146976 8.7249999046325701 13.105000019073488 23.894999504089359 17.595000267028812 -5.127276897430419 11.050000190734865 12.500000000000002 31.994999885559086 29.365000724792484
decision_type=8 8 8 2 10 8 2 10 2 8 2 8 8 2 8 10 2 10 10 8 10 10 2 2 10 10 8 2 8 8 10 8 8 2 2 10 10 8 10 10 10 8 8 10 8 8 8 8 8 10 8 8 8 10 10 10 10 8 10 2 8 8
left_child=-1 -2 3 4 -3 -6 7 9 12 53 18 -12 -8 14 -14 42 -16 -17 -10 41 21 22 24 25 26 36 37 28 -23 -30 -25 32 58 38 -35 -27 61 -21 39 -33 54 -20 43 45 -45 -15 47 48 49 -47 -46 -52 -26 -4 55 -11 -43 -58 -32 -44 -29 -24
right_child=1 2 6 -5 5 -7 8 -9 10 40 11 -13 13 15 16 17 -18 -19 19 20 -22 27 23 30 52 35 -28 60 29 -31 31 33 -34 34 -36 -37 -38 -39 -40 -41 -42 56 59 44 50 46 -48 -49 -50 -51 51 -53 -54 -55 -56 -57 57 -59 -60 -61 -62 -63
leaf_value=-0.09556284369899673 -0.011470241701725236 -0.016434051511806491 0.36363017227146127 0.0035949596176320119 0.36514895449809992 -0.10123531565776088 0.14885313523826652 -0.085570592642916055 -0.0041069657347868396 -0.046195724901660039 0.0056917467479924407 -0.053251915991899337 -0.0021235502439637269 -0.048901213265711369 -0.29320681425129513 -0.0071703238639889699 0.17002693960070611 -0.57398567276286216 0.11970684876428572 0.57386506133037007 -0.06044354772920614 0.03735590159528257 -0.012222526723951832 -0.051603601152307089 1.1193138666835334 0.3740767233499942 0.029447311736789723 -0.053125283105270885 0.22618925172437288 0.91858065272926503 0.034095329386958237 -0.22903407941374818 0.12893969543442721 0.71941227111043327 0.015536604007663391 -0.30224825720374404 -0.16845143684265529 0.18105010999486584 -0.19387880906048102 0.80770417552801865 0.63879266940734603 0.17439661231377007 0.032450381532286542 -0.071349662170550485 0.04403170144764143 0.10099506061997915 0.095048880383513612 0.020594578145934087 0.018328174730020231 0.29324327799437205 -0.11280791327739528 0.48866271865619737 0.31043609412653106 0.029535083586439189 0.02310687962571379 -0.3943318043992351 1.1870235016323487 0.43109438690164731 0.36201172505832235 0.23240691817827017 0.035922514087560135 0.46570854211307094
leaf_weight=2025 92275 14665 373 53045 116 6803 1596 5433 38820 3347 14020 13879 13336 2648 634 164 150 137 1144 226 3159 2878 2371 762 63 310 687 7952 318 76 240 66 2709 101 262 65 1201 528 638 62 55 192 1005 4142 8114 4455 8122 26175 4713 822 1535 71 77 439 6877 279 53 126 1107 1100 3799 92
leaf_count=2025 92275 14665 373 53045 116 6803 1596 5433 38820 3347 14020 13879 13336 2648 634 164 150 137 1144 226 3159 2878 2371 762 63 310 687 7952 318 76 240 66 2709 101 262 65 1201 528 638 62 55 192 1005 4142 8114 4455 8122 26175 4713 822 1535 71 77 439 6877 279 53 126 1107 1100 3799 92
internal_value=-2.48755e-11 0.000536633 0.00466557 -0.00933494 -0.0411116 -0.0934162 0.0100596 -0.0230257 0.0132022 0.0068605 0.00200018 -0.0236311 0.0271102 0.0245973 -0.0133646 0.0330783 -0.204578 -0.265156 0.0122035 0.0324559 0.0244392 0.0345236 0.0825378 0.0615638 0.215015 -0.0228093 0.17038 -0.00244505 0.0761768 0.359747 0.118867 0.14392 0.18694 -0.0106307 0.211381 0.256847 -0.0514314 0.29879 -0.11584 0.273136 -0.0066865 0.189874 0.0345054 0.0309587 -0.00553471 0.0417369 0.0471563 0.0364005 0.0778138 0.130942 0.0225111 -0.0862174 0.674431 0.183005 -0.0100666 -0.0729828 0.406238 0.654917 0.303586 0.136941 -0.0243369 0.00562955
internal_weight=362634 360609 268334 74629 21584 6919 193705 16803 176902 11370 97983 27899 78919 77323 14120 63203 784 301 70084 31264 29749 26590 11567 9986 1581 4039 1441 15023 3272 394 5947 5185 4056 1129 363 375 3664 754 766 128 10558 1515 62902 60797 13862 46935 44287 36165 9990 5277 9720 1606 140 812 10503 3626 371 179 1347 2105 11751 2463
internal_count=362634 360609 268334 74629 21584 6919 193705 16803 176902 11370 97983 27899 78919 77323 14120 63203 784 301 70084 31264 29749 26590 11567 9986 1581 4039 1441 15023 3272 394 5947 5185 4056 1129 363 375 3664 754 766 128 10558 1515 62902 60797 13862 46935 44287 36165 9990 5277 9720 1606 140 812 10503 3626 371 179 1347 2105 11751 2463
is_linear=0
shrinkage=0.05


Tree=103
num_leaves=63
num_cat=0
split_feature=9 30 50 44 51 28 39 5 50 9 51 44 51 50 33 44 2 51 44 18 30 51 51 47 44 9 37 28 44 9 38 47 14 50 30 16 18 46 5 44 32 5 3 37 28 35 49 23 18 44 5 50 49 3 9 23 49 50 37 39 5 10
split_gain=7123.98 10243.8 16040.4 9973.87 14458.9 10529.4 10025.7 9176.63 8353.3 14046 12017.9 22664 11963 11762 16862 10661.4 10529.3 11655.1 21389.6 19353.6 16443.8 13985.9 12038.7 17097.2 13533.3 28999.2 12830 12279.9 11788.1 14982.3 11763.8 9910.37 9645.49 12542.7 16286 14021.2 13598.6 13233.9 13078.9 12332.3 16530.5 9618.73 9615.79 9470.54 9348.86 9189.03 9134.85 15530.4 16311.6 10417.3 18024.2 10775.2 15372.1 13575.3 11587.9 9016.04 26226.7 12219.4 16716.1 16356.1 13981.6 10651.3
threshold=7.1250000000000009 8.6050000190734881 10.500000000000002 28.365000724792484 2.5000000000000004 36.350000381469734 24.005000114440922 34.049999237060554 2.5000000000000004 19.714999198913578 5.5000000000000009 27.32499980926514 5.5000000000000009 6.5000000000000009 3.7192190885543828 39.18499946594239 67.500000000000014 2.5000000000000004 35.475000381469734 38.004999160766609 13.744999885559084 5.5000000000000009 5.5000000000000009 10.143094539642336 34.315000534057624 27.964999198913578 10.815000057220461 2.0499999523162846 29.414999961853031 17.125000000000004 41.004999160766609 -8.7014641761779767 8.3499999046325701 5.5000000000000009 21.525000572204593 37.73500061035157 26.935000419616703 23.005000114440922 104.50000000000001 35.944999694824226 25.005000114440922 54.399999618530281 13.050000190734865 24.425000190734867 4.7500000000000009 11.650000095367433 8.5000000000000018 14.885000228881838 43.835000991821296 21.224999427795414 69.500000000000014 4.5000000000000009 15.500000000000002 20.050000190734867 21.224999427795414 20.515000343322757 11.500000000000002 5.5000000000000009 31.48499965667725 27.275000572204593 54.399999618530281 83.020000457763686
decision_type=8 8 2 8 2 8 10 10 2 8 2 10 2 2 8 10 8 2 10 10 10 2 2 10 10 10 8 8 10 8 8 8 10 2 8 8 8 10 8 10 8 10 10 10 8 8 2 8 10 10 10 2 2 8 10 10 2 2 10 10 10 10
left_child=7 2 3 5 -5 6 -2 -1 9 12 31 -12 41 14 15 16 17 18 19 -10 21 28 24 55 26 -26 -22 -28 43 -30 -23 -11 -18 35 -35 38 -36 -38 39 -34 -41 -3 -20 -19 -21 -39 -29 -48 49 50 -49 53 54 -51 -53 56 -24 58 60 -60 -57 -58
right_child=1 8 -4 4 -6 -7 -8 -9 13 10 11 -13 -14 -15 -16 -17 32 20 42 44 22 30 23 -25 25 -27 27 46 29 -31 -32 -33 33 34 36 -37 37 45 -40 40 -42 -43 -44 -45 -46 -47 47 48 -50 51 -52 52 -54 -55 -56 57 61 -59 59 -61 -62 -63
leaf_value=-0.068595879588710981 0.15483673187105679 0.0097486209140018581 -0.066004542458699939 0.19449640441275504 -0.3309713646953254 0.040991544258910648 0.42443886468218861 0.18723506446897825 -0.019653922934454365 -0.1705561404795384 0.012558403784528924 0.83325599925271399 -0.082295015590033188 -0.0054495783674607425 0.058301145727736453 -0.17518748387429767 -0.028585508583206257 -0.17355509776225464 -0.44611809259081414 0.50159495273310184 0.44040521800966631 0.46173119247548783 -0.050259541483785586 -0.47817520149560133 0.52770851460354318 0.0627496988139295 -0.32844608137149273 0.0033802107817092566 -0.75878350644083747 0.12330455205111363 -0.057267261994272761 -0.057367577955375275 0.030545644188505722 0.986386705679553 0.021760281187792621 -0.33668412071608361 0.14725034809699564 1.010656279946367 0.43915059032745635 0.96708753657777136 -0.1533446036685597 0.25061325981652466 -0.13564867421783866 0.25260268225495158 0.08376936593509933 0.41048483565449723 -0.16230126944553611 0.13973286875965982 -0.093592017956252313 -0.081325351417754113 0.92481994708379112 0.4795492151579831 0.027329097899000176 0.065032914274379391 0.13384195876806318 -0.059589941636893386 0.21900595626131025 0.047809374053644875 -0.065356051775364618 -0.5174229009167931 0.28417328965599437 0.84031428112774287
leaf_weight=5817 2198 23284 1803 236 294 1843 409 373 37474 2345 2543 87 3730 181861 18676 799 1728 1292 318 139 191 166 1778 198 433 1487 238 16273 171 67 319 11030 2598 70 555 210 330 96 241 82 55 422 1156 145 3633 190 809 2897 1582 2572 75 255 4909 4126 4905 5692 1017 3225 412 389 312 74
leaf_count=5817 2198 23284 1803 236 294 1843 409 373 37474 2345 2543 87 3730 181861 18676 799 1728 1292 318 139 191 166 1778 198 433 1487 238 16273 171 67 319 11030 2598 70 555 210 330 96 241 82 55 422 1156 145 3633 190 809 2897 1582 2572 75 255 4909 4126 4905 5692 1017 3225 412 389 312 74
internal_value=4.09895e-11 0.000923521 0.0617814 0.108046 -0.0969895 0.132466 0.197133 -0.0531799 -0.000257049 -0.0207754 -0.058 0.039707 0.000939834 0.00265373 0.0145039 0.00676417 0.00815027 0.00419472 -0.0154759 -0.00878765 0.0191982 -0.116073 0.0246242 -0.017078 0.0380266 0.167608 0.0316196 0.029599 -0.184535 -0.510465 0.120369 -0.0772126 0.0715991 0.110704 0.245553 0.0581784 0.201268 0.363 0.0860417 0.0549268 0.517279 0.0140363 -0.202629 -0.130554 0.0991664 0.611941 0.031818 0.0527293 0.0608883 0.0732693 0.159545 0.0579767 0.0906682 0.00883204 0.150926 -0.0100002 0.0681599 -0.0323572 -0.0703495 -0.284899 -0.0417262 0.261148
internal_weight=362634 356444 6783 4980 530 4450 2607 6190 349661 43441 16005 2630 27436 306220 124359 105683 104884 98729 42720 41246 56009 2160 53849 13097 40752 1920 38832 38641 1675 238 485 13375 6155 4427 1241 3186 1171 616 2976 2735 137 23706 1474 1437 3772 286 38403 22130 21321 19739 2972 16767 10069 6698 5160 12899 2869 10030 6805 801 6004 1091
internal_count=362634 356444 6783 4980 530 4450 2607 6190 349661 43441 16005 2630 27436 306220 124359 105683 104884 98729 42720 41246 56009 2160 53849 13097 40752 1920 38832 38641 1675 238 485 13375 6155 4427 1241 3186 1171 616 2976 2735 137 23706 1474 1437 3772 286 38403 22130 21321 19739 2972 16767 10069 6698 5160 12899 2869 10030 6805 801 6004 1091
is_linear=0
shrinkage=0.05


Tree=104
num_leaves=63
num_cat=0
split_feature=13 1 18 22 32 3 24 2 46 47 25 50 12 7 5 9 23 50 5 50 38 49 49 40 37 22 50 6 5 9 9 30 47 26 40 36 42 50 22 19 9 18 42 12 37 9 30 35 18 25 45 43 40 22 37 38 46 20 9 37 27 30
split_gain=6964.79 7820.3 8456.3 11843.9 7144.81 9045.87 6940.03 9142.7 6443.86 14504.5 8355.29 7914.3 9231.67 7719.27 7420.3 6592.16 6804.85 7188.58 6542.54 7504.03 7841.67 7891 8948.26 8677.09 10430.6 6602.68 6582.3 6408.47 6321.28 6309.33 6285.28 10764.7 6250.93 6148.04 6611.24 5985.64 5984.61 6541.43 8030.44 10071.7 7023.52 5970.86 5965.69 5849.09 5845 9364.57 8796.59 8327.5 9311.56 6955.93 5793.25 5760.75 8492.56 7214.5 6216.29 6711.26 7636.55 6692.5 5753.15 5728.3 7535.1 6137.3
threshold=7.5081732273101816 6.0499999523162851 13.625000000000002 0.017500000074505809 26.704999923706058 7.0499999523162851 41.004999160766609 113.50000000000001 26.005000114440922 -6.6929676532745352 51.010000228881843 1.5000000000000002 -7.2452127933502188 41.549999237060554 68.500000000000014 39.295000076293952 28.214999198913578 11.500000000000002 25.050000190734867 10.500000000000002 55.010000228881843 12.500000000000002 18.500000000000004 -5.877391815185546 24.224999427795414 0.35850000381469732 11.500000000000002 49.250000000000007 51.100000381469734 16.32499980926514 22.425000190734867 16.015000343322757 14.977221488952638 15.129213809967043 -7.4203541278839102 0.31049999594688421 3.0499999523162846 4.5000000000000009 0.18450000137090686 -7.7406413555145255 6.3250000476837167 36.975000381469734 9.0500001907348651 -9.3897290229797346 35.944999694824226 34.524999618530281 27.835000038146976 21.349999427795414 24.654999732971195 15.425000190734865 91.005001068115249 0.78749999403953563 -14.704456329345701 0.6055000126361848 29.904999732971195 57.995000839233406 11.00500011444092 -2.2897192239761348 15.875000000000002 20.134999275207523 -7.4564149379730216 13.925000190734865
decision_type=10 10 8 10 10 10 8 8 8 10 10 2 8 10 8 10 10 2 10 2 8 2 2 8 10 10 2 10 8 10 10 10 10 10 8 10 8 2 10 8 10 10 10 10 10 8 8 8 8 8 10 10 8 10 8 10 10 8 10 8 8 10
left_child=1 2 3 -1 5 -5 -2 -8 13 10 14 12 -11 33 15 16 -10 42 25 20 21 -20 23 24 -23 -15 29 -19 -9 -21 -28 41 59 50 43 -30 -4 38 40 -40 -38 -32 -18 -35 45 -16 -46 48 -47 -49 51 -3 -53 54 55 -54 -57 -58 -52 60 -13 -62
right_child=6 8 36 4 -6 -7 7 28 9 11 -12 32 -14 18 44 -17 17 27 19 26 -22 22 -24 -25 -26 -27 30 -29 35 -31 31 -33 -34 34 -36 -37 37 -39 39 -41 -42 -43 -44 -45 46 47 -48 49 -50 -51 58 52 53 -55 -56 56 57 -59 -60 -61 61 -63
leaf_value=-0.038247530191279334 0.017067682456768145 -0.0028846997042356434 -0.1248038125750197 -0.35702699835183721 0.17746646692193002 -0.050598110946948119 -0.040647761898686609 0.029502197812996372 0.048789162163299711 -0.21998464519570282 -0.076441293951444222 -0.10227633816035625 -0.031661208900308956 0.018339495499374057 0.099233082498915548 0.43719093905140954 0.043811313187152479 0.015162476530032498 0.078617577828288987 0.16322787788113674 0.047179966848472019 0.79907574257766356 0.087087091562632279 0.18436885403076517 0.25141295835315702 -0.14512836274910901 -0.041257325072995205 0.6893467328550531 0.1807055509577577 -0.21429766001467959 0.3207747838834179 -0.0080780279880027627 -0.24484712724055677 -0.17114960125901482 -0.018711365214389219 0.77376567054953849 -0.076104452293757674 -0.020328534241428858 0.66636372080871042 0.11080182049645651 0.026763605990629498 0.96973575376114762 -0.035545942231209597 0.39171614103564401 -0.26361272505438721 0.1156010463833809 0.18683799997927286 0.64460616449600661 0.87464423390298052 0.020904784762802033 -0.11791174720270173 0.36766417535957152 0.055716599983167019 -0.29238981495683014 0.0024508816702346219 0.96778501283663987 -0.0050544267397496729 0.67517665068308519 -0.02210822053029219 -0.0045632809072886993 -0.012551691535966088 0.058613418055095269
leaf_weight=6006 8205 155230 1063 697 107 368 22860 242 24712 754 1518 995 4752 11751 3047 102 3860 70 964 139 2466 198 380 276 155 652 536 71 104 543 107 211 248 55 306 72 1927 24668 91 788 11946 53 6128 287 244 62 195 58 116 195 1982 237 243 143 849 52 91 60 7485 35405 4129 11378
leaf_count=6006 8205 155230 1063 697 107 368 22860 242 24712 754 1518 995 4752 11751 3047 102 3860 70 964 139 2466 198 380 276 155 652 536 71 104 543 107 211 248 55 306 72 1927 24668 91 788 11946 53 6128 287 244 62 195 58 116 195 1982 237 243 143 849 52 91 60 7485 35405 4129 11378
internal_value=1.94187e-11 0.00213656 -0.0166029 -0.0666193 -0.212013 -0.251144 -0.0224732 -0.0364105 0.00528707 0.0156549 0.0386371 -0.000438684 -0.0574505 -0.000193917 0.0431325 0.0358173 0.0346422 0.000127468 0.0305142 0.0732455 0.106623 0.180919 0.278657 0.394391 0.558601 0.00974633 -0.0199965 0.354645 0.195321 -0.137353 0.0682475 0.226454 0.00558005 -0.00358262 0.150129 0.423321 -0.00773448 -0.00457759 0.0217608 0.168317 0.0124749 0.535743 -0.00487724 0.301197 0.10839 0.13009 -0.0635264 0.348236 0.610258 0.163888 -0.00418131 -0.0018895 0.0903403 0.044634 0.0818497 0.232992 0.445199 0.265236 -0.0421655 0.00677654 0.0311061 0.0396645
internal_weight=362634 331151 47661 7178 1172 1065 31483 23278 283490 98039 40378 57661 5506 185451 38860 34943 34841 10129 18431 6028 4439 1973 1009 629 353 12403 1589 141 418 682 907 371 52155 167020 648 176 40483 39420 14752 879 13873 160 9988 342 3917 3478 439 431 178 253 166372 156905 1675 1438 1295 446 203 151 9467 51907 16502 15507
internal_count=362634 331151 47661 7178 1172 1065 31483 23278 283490 98039 40378 57661 5506 185451 38860 34943 34841 10129 18431 6028 4439 1973 1009 629 353 12403 1589 141 418 682 907 371 52155 167020 648 176 40483 39420 14752 879 13873 160 9988 342 3917 3478 439 431 178 253 166372 156905 1675 1438 1295 446 203 151 9467 51907 16502 15507
is_linear=0
shrinkage=0.05


Tree=105
num_leaves=63
num_cat=0
split_feature=51 51 7 50 44 10 50 30 0 51 3 50 30 0 9 50 30 31 51 9 44 11 1 37 30 14 8 30 37 6 9 9 11 50 11 6 44 6 42 51 7 6 9 6 22 45 44 0 32 44 10 0 51 40 20 49 29 14 44 51 38 42
split_gain=6727.31 19855.1 21937.4 12478.5 16467.4 19588.3 26758.7 17827.2 14949.8 17798.7 14049.1 17537.7 46790.5 24971.3 17828.8 17203.6 26689.4 26619.4 22444.9 27068.1 19261.3 15195.5 15350 13823.7 12819.4 12672.6 12442 15089.7 11732.6 16793 28223.9 18272 13097.2 12125.9 11607.9 13566.5 11592.1 15158.8 10871.6 10859 17624.6 17139.3 16214.6 11080.1 10387.1 10042.3 10024.1 10248.1 11841.3 9977.46 9487.59 19699.6 11369.7 14460.7 10758.8 9354.55 9333.17 9280.62 9185.22 9169.12 9160.53 9141.67
threshold=4.5000000000000009 3.5000000000000004 16.94999980926514 10.500000000000002 26.035000801086429 48.004999160766609 11.500000000000002 16.954999923706058 28.10000038146973 2.5000000000000004 49.149999618530281 8.5000000000000018 19.545000076293949 41.049999237060554 20.755000114440922 9.5000000000000018 21.615000724792484 4.1099998950958261 2.5000000000000004 25.375000000000004 29.595000267028812 31.005000114440922 114.50000000000001 12.09500026702881 25.505000114440922 38.049999237060554 0.58149999380111705 14.784999847412111 37.225000381469734 67.500000000000014 37.274999618530281 20.445000648498539 45.905000686645515 5.5000000000000009 13.765000343322756 58.20000076293946 29.595000267028812 59.500000000000007 26.94999980926514 1.0000000180025095e-35 36.850000381469734 53.500000000000007 18.134999275207523 24.050000190734867 0.10350000113248826 35.989999771118171 33.795000076293952 42.049999237060554 24.23499965667725 32.905000686645515 90.009998321533217 57.500000000000007 1.0000000180025095e-35 -3.7035980224609371 -4.133370876312255 4.5000000000000009 1.0000000180025095e-35 21.849999427795414 31.095000267028812 1.0000000180025095e-35 36.995000839233406 10.539999961853029
decision_type=2 2 10 2 10 8 2 10 8 2 10 2 10 10 8 2 10 10 2 8 10 10 10 10 10 10 10 8 10 10 10 10 10 2 10 10 10 10 10 2 10 10 10 8 10 8 10 8 8 10 8 10 2 8 8 2 8 10 10 2 10 8
left_child=1 3 26 10 50 60 8 23 9 -7 11 21 13 39 -15 16 18 -17 19 -14 -21 38 -23 -8 34 58 -3 -28 29 55 31 -31 -33 -30 35 -19 37 -9 57 41 -41 -13 -42 -44 -40 -18 47 -36 -49 -34 51 54 53 -53 -5 -2 -4 -1 -16 -10 -6 -57
right_child=28 2 56 4 5 6 7 36 59 -11 -12 12 15 14 25 17 45 24 -20 20 -22 22 -24 -25 -26 -27 27 -29 33 30 -32 32 49 -35 46 -37 -38 -39 44 40 42 -43 43 -45 -46 -47 -48 48 -50 -51 -52 52 -54 -55 -56 61 -58 -59 -60 -61 -62 -63
leaf_value=-0.018311446652545037 0.016809144771134679 0.0099631411951597165 0.099108815598405967 -0.085807742577977006 0.49031161155368458 -0.4179726444933165 0.54809009982090373 0.17083742847106209 -0.14215252533933873 0.30551826186532521 0.043026701338032158 0.031770274943435949 0.14657533422431077 1.2994268949125329 0.34486689089620098 0.4449432066232632 -0.033442076145483474 -0.042679277291328505 -0.1658113865661576 1.0249210919085316 0.21627965260707183 0.028002460938148316 0.66191458009804294 -0.32352998318933746 0.013322779232926166 0.78499492824288974 0.68051787037723543 -0.13696579030877207 -0.39527003599737354 0.37763714673018761 0.99736972121998324 0.061924918612306257 -0.55791704014873467 -0.049729468890776236 -0.1121591164338343 0.39407408982515335 -0.13019672895249512 1.0259065480804759 -0.030571695825818548 0.089229407490735338 0.12049499820946281 -0.75725763622919728 0.32374854805480158 0.9228371033531636 -0.11266507089925688 0.057613464999673014 0.51402764888194374 -0.43026409606082905 -0.043138862846001075 0.23811402264631021 -0.064750325776137443 1.0977957017803461 0.1420900920083448 0.041831351144641059 0.0056745360374310409 0.015809562239612187 0.038448385394074594 0.02309723482154712 -0.080609846796026299 -0.62757814553421709 -0.0016072977251501233 -0.02867760136800146
leaf_weight=65533 21193 23732 11142 3863 122 224 51 163 118 137 19350 836 380 51 793 280 4631 2573 198 227 109 18241 96 421 4938 141 58 2112 394 440 86 2460 153 714 3236 191 140 76 16676 1666 262 75 140 172 5011 8748 57 602 294 53 8812 89 231 51 19126 14091 14716 17052 151 554 422 63980
leaf_count=65533 21193 23732 11142 3863 122 224 51 163 118 137 19350 836 380 51 793 280 4631 2573 198 227 109 18241 96 421 4938 141 58 2112 394 440 86 2460 153 714 3236 191 140 76 16676 1666 262 75 140 172 5011 8748 57 602 294 53 8812 89 231 51 19126 14091 14716 17052 151 554 422 63980
internal_value=2.69375e-12 0.00430578 0.0320077 -0.00261069 -0.0300177 -0.15558 -0.231894 -0.024284 -0.402926 -0.143407 0.00287992 -0.00218555 0.0315767 0.184816 0.385794 0.00675291 0.0439538 -0.0369339 0.305361 0.435657 0.762594 -0.0106533 0.0313212 -0.229351 -0.0482808 0.342849 -0.000515653 -0.115116 -0.0107711 -0.009021 0.103862 0.0791225 0.0298552 -0.172602 -0.0920315 -0.0124984 0.231103 0.442742 -0.0180348 0.112359 0.171553 -0.0331881 0.410492 0.654015 -0.0495402 0.0260955 -0.144509 -0.153594 -0.303239 -0.353113 -0.0205416 -0.0038649 0.357574 0.713123 -0.00969786 -0.012651 0.0645865 -0.00976146 0.276809 -0.54234 0.108713 -0.0206481
internal_weight=362634 259070 51760 207310 34600 2428 1884 851 1033 361 172710 153360 30751 4287 1136 26464 14293 12171 914 716 336 122609 18337 472 11891 1085 25902 2170 103564 102456 3192 3106 2666 1108 6953 2764 379 239 104272 3151 2240 911 574 312 21687 13379 4189 4132 896 206 32172 23360 371 140 22989 99264 25858 82585 944 672 544 78071
internal_count=362634 259070 51760 207310 34600 2428 1884 851 1033 361 172710 153360 30751 4287 1136 26464 14293 12171 914 716 336 122609 18337 472 11891 1085 25902 2170 103564 102456 3192 3106 2666 1108 6953 2764 379 239 104272 3151 2240 911 574 312 21687 13379 4189 4132 896 206 32172 23360 371 140 22989 99264 25858 82585 944 672 544 78071
is_linear=0
shrinkage=0.05


Tree=106
num_leaves=63
num_cat=0
split_feature=49 49 16 11 50 30 37 50 44 51 37 37 6 44 6 42 30 16 30 37 30 16 44 50 37 51 44 26 16 7 5 19 51 30 5 51 51 16 50 38 46 16 3 51 37 3 16 12 0 16 6 4 30 50 38 28 3 42 0 51 7 42
split_gain=6455.23 12218.6 26328.9 18649.1 16433.8 24532.2 17849.7 16000.8 34303 28915.8 25750.4 28157.9 22004 20223.1 15998.1 14982.7 14892.7 14331.1 30248.5 22589.4 17127.6 19040.4 15936.2 15404.5 41143.9 21107.9 14282.4 14111.5 13917.1 13151.7 12866.6 12391.3 12341.8 13831.5 12291.6 12263.5 12147.1 12104.8 12025.5 13422.7 13062.4 11817.9 11711.6 11383 17077 11718.7 11211.3 13862.7 11557.9 11036.1 14299.4 10990.2 11553.6 13121.8 13546.4 11928.9 13968.7 11341.7 10358.1 11334 10289 9995.8
threshold=20.500000000000004 12.500000000000002 23.105000495910648 13.635000228881838 10.500000000000002 14.954999923706056 18.494999885559086 8.5000000000000018 19.82499980926514 5.5000000000000009 19.714999198913578 25.195000648498539 58.20000076293946 29.32499980926514 83.500000000000014 13.750000000000002 14.954999923706056 16.98499965667725 15.275000095367433 23.564999580383304 13.194999694824221 7.1150000095367441 7.1050000190734872 1.5000000000000002 15.09500026702881 1.0000000180025095e-35 7.1050000190734872 -1.1396266818046568 20.355000495910648 57.95000076293946 9.0999999046325701 2.4989981651306157 4.5000000000000009 5.4349999427795419 71.500000000000014 3.5000000000000004 4.5000000000000009 9.8249998092651385 2.5000000000000004 55.989999771118171 13.125000000000002 15.105000019073488 17.050000190734867 3.5000000000000004 19.384999275207523 27.10000038146973 25.82499980926514 -5.8526802062988272 13.09999990463257 10.795000076293947 40.149999618530281 23.050000190734867 23.464999198913578 8.5000000000000018 86.034999847412124 9.6100001335144061 9.0999999046325701 3.6499999761581425 44.149999618530281 4.5000000000000009 20.150000572204593 0.94999998807907116
decision_type=2 2 10 10 2 10 8 2 10 2 8 8 10 10 10 8 8 8 10 8 10 10 8 2 10 2 10 10 8 10 8 8 2 8 8 2 2 10 2 8 8 8 10 2 10 10 10 8 8 10 10 10 10 2 10 8 8 8 10 2 10 8
left_child=1 46 4 -4 7 26 36 9 29 13 -10 16 30 17 -8 -15 -12 20 31 27 21 35 -23 24 25 -24 -6 -20 -18 -9 -11 38 33 -27 -22 -3 -7 -26 39 -19 -40 -14 -13 45 -45 -17 47 -1 -48 -25 -51 -5 57 54 55 56 -54 -53 -21 -60 -50 -49
right_child=-2 2 3 51 5 6 14 8 10 12 11 42 41 15 -16 43 28 18 19 58 34 22 23 49 37 32 -28 -29 -30 -31 -32 -33 -34 -35 -36 -37 -38 -39 40 -41 -42 -43 -44 44 -46 -47 48 61 60 50 -52 52 53 -55 -56 -57 -58 -59 59 -61 -62 -63
leaf_value=-0.042888631743761063 -0.017573102622563837 0.12064369455106179 0.030305571659523595 -0.027081138360106918 0.20201491675635583 0.47516194435954096 0.071458484797287516 0.47388405670404588 0.43243784553334114 0.52426689617585331 0.43551245845597369 0.038446006466212691 0.088647964996872122 0.04126394239639225 -0.75869003958621273 -0.37706888362600982 -0.59518689329011576 0.091050365180845041 0.36366130974989364 0.067154530822118849 -0.098343682641446203 -0.17179434057985818 -0.5514377912831685 0.56386416924949312 -0.55463833247686367 -0.21795508602490796 -0.062447207751100776 0.021043479083535061 -0.12238431844117932 1.2380932188395297 0.11756895848355516 0.068732461434985972 0.0024584336736888598 0.54475951486005847 0.38941585804297502 -0.34304829577888379 0.0047596997702059971 -0.055595091748303585 -0.41319310387496699 -0.1463289809929442 -0.089821754404552756 0.698603291656822 0.35937529252875755 -0.41832394067845913 0.14887442293835162 -0.032358047509742853 -0.038855799467473369 -0.15014976412978789 0.015593509554930454 0.17237538175925307 0.51179755695624496 0.5189028341440779 0.51753688915793239 -0.068038339951517673 -0.06957719627335586 0.33394128231327191 0.033646746563825089 -0.033965844207819944 -0.038708122149109847 -0.69243113702277137 0.082071120426589095 -0.0028853019464330412
leaf_weight=28426 45676 295 31633 46746 546 475 3551 383 500 209 87 585 108 1442 59 792 216 1057 1141 1702 1120 261 63 399 154 65 7857 408 557 66 2798 1357 165 695 146 276 193 576 560 1364 706 300 553 184 476 358 7188 1163 24732 1095 433 95 174 868 543 1030 1044 3939 205 98 7612 125129
leaf_count=28426 45676 295 31633 46746 546 475 3551 383 500 209 87 585 108 1442 59 792 216 1057 1141 1702 1120 261 63 399 154 65 7857 408 557 66 2798 1357 165 695 146 276 193 576 560 1364 706 300 553 184 476 358 7188 1163 24732 1095 433 95 174 868 543 1030 1044 3939 205 98 7612 125129
internal_value=-1.10148e-11 0.00253241 0.014884 -0.000226252 0.0503839 0.00435765 0.101825 0.0747488 0.183854 0.0594435 0.111531 0.0312245 0.192587 0.0335988 0.057891 -0.0789752 -0.184696 0.0591264 0.0182766 0.130002 0.120284 0.166201 0.205625 0.23265 0.123789 0.334115 -0.0452633 0.273417 -0.2545 0.586218 0.145836 -0.0604451 0.394429 0.479527 -0.0420934 -0.103488 0.339252 -0.160873 -0.107989 -0.04269 -0.232861 0.537145 0.194398 -0.174768 -0.00925361 -0.269759 -0.00527013 -0.011342 0.0184936 0.329705 0.26856 -0.0179675 0.0374113 0.101749 0.154553 0.208691 0.102774 -0.0209459 0.0192038 -0.250143 0.0312387 -0.00424143
internal_weight=362634 316958 122708 86072 36636 12681 4278 23955 2947 21008 2498 1998 3415 17593 3610 3252 860 14341 8598 3554 5743 4477 3906 3645 1718 988 8403 1549 773 449 3007 5044 925 760 1266 571 668 730 3687 2421 1266 408 1138 1810 660 1150 194250 154718 39532 1927 1528 54439 7693 3659 2791 2248 1218 4034 2005 303 32344 126292
internal_count=362634 316958 122708 86072 36636 12681 4278 23955 2947 21008 2498 1998 3415 17593 3610 3252 860 14341 8598 3554 5743 4477 3906 3645 1718 988 8403 1549 773 449 3007 5044 925 760 1266 571 668 730 3687 2421 1266 408 1138 1810 660 1150 194250 154718 39532 1927 1528 54439 7693 3659 2791 2248 1218 4034 2005 303 32344 126292
is_linear=0
shrinkage=0.05


Tree=107
num_leaves=63
num_cat=0
split_feature=44 12 50 44 9 51 45 51 38 51 40 30 20 1 6 9 41 6 49 0 16 44 30 9 46 6 31 40 50 23 51 44 51 1 8 50 44 30 6 7 50 0 0 24 13 30 30 46 21 43 51 2 44 38 50 50 1 15 44 6 6 50
split_gain=6425.22 6432.29 11786.1 12052.8 21658.3 12336.4 14622.3 11066.7 11045 10752.6 8773.61 8675.29 10130.9 8450.52 8007.29 7982.69 9794.15 8274.33 7875.44 7644.26 8903.2 7635.87 7476.37 7731.06 7247.24 11318.8 9736.2 9293.61 7387.15 13342.5 12827.9 17250.3 13172.7 17815.6 13484.5 15576.8 13459.6 13185.9 13652.2 11954.1 11209.2 10704.6 10611.1 10273.5 9767.75 9136.18 10126.8 8953.84 9297.33 8898.44 8806.41 11287.6 9388.01 8565.24 9134.25 8555.36 8550.47 8393.15 8339.67 11393.6 8110.81 8004.49
threshold=4.1349999904632577 -3.4731613397598262 1.5000000000000002 23.304999351501468 12.944999694824221 1.5000000000000002 71.005001068115249 5.5000000000000009 61.004999160766609 4.5000000000000009 -11.284454822540281 28.085000038146976 -7.1113383769989005 23.050000190734867 32.100000381469734 30.445000648498539 -1.1681599617004392 94.500000000000014 10.500000000000002 16.10000038146973 20.244999885559086 39.18499946594239 23.32499980926514 37.745000839233406 33.385000228881843 90.500000000000014 10.019999980926515 -3.6440285444259639 9.5000000000000018 27.654999732971195 1.5000000000000002 10.465000152587892 4.5000000000000009 45.049999237060554 0.17449999600648883 11.500000000000002 20.744999885559086 19.105000495910648 45.049999237060554 22.750000000000004 10.500000000000002 77.500000000000014 71.500000000000014 62.004999160766609 -7.8515167236328116 12.815000057220461 17.714999198913578 21.925000190734867 43.149999618530281 0.17650000005960467 1.0000000180025095e-35 32.049999237060554 29.685000419616703 46.004999160766609 10.500000000000002 11.500000000000002 50.049999237060554 0.54450002312660228 31.414999961853031 34.049999237060554 39.100000381469734 10.500000000000002
decision_type=8 8 2 10 10 2 10 2 8 2 8 10 10 8 10 10 8 10 2 8 10 10 10 10 10 8 8 8 2 10 2 10 2 10 8 2 10 10 8 8 2 10 10 10 10 10 10 10 10 8 2 10 10 10 2 2 10 10 10 8 8 2
left_child=-1 2 3 8 -5 6 14 9 -2 -7 13 15 -13 -3 -6 16 17 -12 -14 20 -4 24 -15 -24 28 26 -26 -27 -21 30 31 -30 33 36 35 -34 -32 38 41 -39 44 61 43 50 -36 -38 -47 48 -40 -44 56 52 -52 54 -48 57 -33 -31 59 -46 -57 -35
right_child=1 10 19 4 5 7 -8 -9 -10 -11 11 12 18 22 -16 -17 -18 -19 -20 21 -22 -23 23 -25 25 27 -28 -29 29 55 32 42 34 37 40 -37 45 39 47 -41 -42 -43 49 -45 58 46 53 -49 -50 -51 51 -53 -54 -55 -56 60 -58 -59 -60 -61 -62 -63
leaf_value=-0.088814817807579674 -0.030849345956660668 -0.005471230636866266 0.018572208380122562 -0.27328347658733965 0.16986223348613941 0.076939385924564549 -0.028770686634851779 0.46111800634405675 -0.16541638575068407 -0.34426570776167342 -0.017007588893786972 -0.019695264629457955 0.028688749296918 0.19337666098347062 0.82321930919532427 -0.043844953681759606 0.013448935981184428 0.45011681937857678 0.10264745981852447 0.0047286427981921668 -0.038404692936449235 -0.14286546038831502 0.064756579722561158 -0.48863063328193895 0.59600916388067038 0.28432357895093802 0.020968728169846379 -0.064966422287145942 0.27003610722924604 -0.16279537231452584 -0.060439765385183891 0.005453743231734599 0.093805719796378251 0.50397198082506656 0.45049148702621467 -0.16810800430440453 -0.18004744185851687 0.16948587733625187 0.48759985582634285 -0.46392556776497829 -0.016807550535699274 -0.51530974444513233 0.87849961378995123 -0.19214049294383323 -0.068784602953348789 0.28844804661792928 0.076631210635715277 -0.02171402622352947 1.1063106493360695 -0.060180125117301947 -0.068004058018383204 -0.30355666118950864 0.56623250140297798 -0.022522506327602713 0.40963610193297523 -0.044237219029630237 0.47258727221261893 0.097625298064633798 0.06898114714382983 -0.42955954839158778 0.40623517925223562 0.13405105469948253
leaf_weight=2025 2988 2207 9201 411 66 733 131 144 3114 191 45010 9963 29483 1704 162 10119 75158 95 4100 98994 26905 904 1443 66 74 761 13941 254 347 3158 2597 1461 2316 200 50 752 278 202 201 118 1150 51 51 2014 319 681 682 55 87 50 990 592 62 1192 295 343 105 343 163 697 141 544
leaf_count=2025 2988 2207 9201 411 66 733 131 144 3114 191 45010 9963 29483 1704 162 10119 75158 95 4100 98994 26905 904 1443 66 74 761 13941 254 347 3158 2597 1461 2316 200 50 752 278 202 201 118 1150 51 51 2014 319 681 682 55 87 50 990 592 62 1192 295 343 105 343 163 697 141 544
internal_value=5.6038e-12 0.00049874 -0.00614375 -0.0657126 0.0465325 0.138645 0.39221 0.0534109 -0.0995222 -0.0101279 0.00721208 0.00525987 0.0245823 0.0698585 0.63409 -0.00119359 0.00239512 -0.0160237 0.037718 -0.00341484 -0.0238851 0.00197159 0.121602 0.0405528 0.00293213 0.0356819 0.024005 0.196915 -0.00112645 -0.0271335 -0.00908138 -0.0715458 0.0189707 0.0634371 -0.0396675 0.0296078 0.0236989 0.219474 0.299209 -0.0640846 -0.129006 0.185456 -0.0938047 -0.103619 -0.233993 0.0935544 0.120243 0.562864 0.674502 0.413807 -0.048079 -0.128907 -0.0306251 0.0674312 0.17718 -0.110042 0.036775 -0.137281 -0.263021 -0.316285 0.0869954 0.233492
internal_weight=362634 360609 181261 7940 1838 1427 359 1068 6102 924 179348 173928 43546 5420 228 130382 120263 45105 33583 173321 36106 137215 3213 1509 136311 15030 14015 1015 121281 22287 18302 5672 12630 7183 5447 3068 5725 1458 1138 320 2379 795 5325 5224 1229 3128 2850 343 288 101 3210 1644 1052 2169 977 3985 1566 3501 1179 1016 484 744
internal_count=362634 360609 181261 7940 1838 1427 359 1068 6102 924 179348 173928 43546 5420 228 130382 120263 45105 33583 173321 36106 137215 3213 1509 136311 15030 14015 1015 121281 22287 18302 5672 12630 7183 5447 3068 5725 1458 1138 320 2379 795 5325 5224 1229 3128 2850 343 288 101 3210 1644 1052 2169 977 3985 1566 3501 1179 1016 484 744
is_linear=0
shrinkage=0.05


Tree=108
num_leaves=63
num_cat=0
split_feature=13 1 3 44 14 30 27 22 40 10 28 42 46 37 23 10 30 9 41 8 37 47 2 30 50 47 9 22 35 2 1 16 50 47 44 15 34 40 23 26 44 9 30 48 4 18 30 26 11 8 1 11 37 8 47 35 22 47 30 30 33 16
split_gain=6214.16 6829.57 7640.34 9857.7 6668.74 11354.2 9909.15 9642.25 11931.8 9792.46 9449.23 8175.13 9319.76 8090.82 17078.7 10913.3 9782.18 9657.36 7715.06 9404.75 7405.48 9645.77 7172.37 6891.43 10710.2 14817.1 7329.81 7224.89 6620.87 8122.52 6992.19 6606.36 7326.63 7590.16 10253.1 7027.46 7482.09 6789.97 7042.67 6489.5 6265.66 8064.01 7667.11 6207.48 6162.25 5909.74 5865.24 5862.19 5785.82 5773.51 5769.54 7224.36 8019.76 9601.44 7445.45 9600.21 7116.21 8129.84 7681.36 6951.24 8294.24 6602.77
threshold=7.5081732273101816 6.0499999523162851 8.0500001907348651 29.595000267028812 31.650000572204593 29.105000495910648 -8.9304885864257795 0.23750000447034839 -18.024362564086911 95.009998321533217 9.2350001335144061 10.539999961853029 25.005000114440922 18.714999198913578 17.48499965667725 129.05999755859378 9.3249998092651385 16.605000495910648 -1.1681599617004392 0.55149999260902416 22.164999961853031 -14.692327976226805 35.149999618530281 13.744999885559084 11.500000000000002 -5.4770722389221183 30.654999732971195 0.51350000500679027 28.250000000000004 115.50000000000001 59.149999618530281 17.634999275207523 5.5000000000000009 7.8809475898742685 20.445000648498539 0.30249999463558203 -9.5730824470520002 5.1351988315582284 32.004999160766609 -5.3926818370819083 16.845000267028812 25.375000000000004 10.324999809265138 -20.889808654785153 5.0999999046325692 21.535000801086429 7.6649999618530282 6.6985352039337167 10.125000000000002 0.42149999737739569 18.050000190734867 12.614999771118166 30.105000495910648 0.69449999928474437 -9.6996121406555158 10.750000000000002 0.072499997913837447 14.977221488952638 15.275000095367433 27.214999198913578 4.3493669033050546 23.105000495910648
decision_type=10 10 8 10 10 10 10 10 10 10 8 10 8 10 8 10 8 10 10 8 10 10 10 8 2 8 10 8 8 8 8 10 2 8 10 10 8 10 10 10 8 8 10 10 8 10 10 8 8 10 10 8 10 10 10 10 10 10 8 8 10 10
left_child=1 2 3 48 11 6 -6 10 20 -10 -8 12 18 -13 15 16 17 22 31 -20 -9 -22 -15 40 50 26 27 -26 29 -2 -31 -3 35 43 -35 -33 -37 38 39 -38 42 -42 -16 -34 -4 -27 -11 -21 -1 -32 -25 56 53 -53 55 -55 -52 58 -58 -54 -61 -60
right_child=28 4 44 -5 5 -7 7 8 9 46 -12 13 -14 14 23 -17 -18 -19 19 47 21 -23 -24 24 25 45 -28 -29 -30 30 49 32 33 34 -36 36 37 -39 -40 -41 41 -43 -44 -45 -46 -47 -48 -49 -50 -51 51 52 59 54 -56 -57 57 -59 61 60 -62 -63
leaf_value=-0.13429889162951283 -0.012746794307717753 -0.066237094721558129 -0.078460330048103294 -0.2522330448523053 0.073791815401116456 0.084989134476499029 0.13798152355641122 0.029177403313129447 -0.013917819376750374 0.25222916488349439 0.010780773868991974 0.015696744844133758 0.036941327569296356 0.18024363885048647 -0.29409285682312208 0.24929017630263661 -0.10890651375455938 -0.30131296818425141 0.031851021572258199 -0.060830800383985029 0.14741000251898778 0.88720394016860371 0.82531885900280688 -0.026526344504436417 0.1559767988011507 0.076049013744961466 0.595188209287418 0.75262428273757298 -0.064367053360963974 -0.012593097587966402 0.22277431853322521 0.056819688937683237 0.20301764079353266 0.14223273444614096 -0.12355596483311052 0.39493570464352767 -0.055594207443513725 0.33801212547502169 0.24431992196018848 -0.26905687398677386 -0.23047245881902412 0.015439447461053579 0.14877767584392063 -0.012959092363778691 0.0065031368374127187 -0.12096500489405559 -0.1369709677760805 0.14237798087038295 -0.026438224090937403 0.76862924229353669 -0.0024776763437817251 -0.00049415721239020054 -0.059250943435103322 -0.22650915232219107 0.021323386087390817 0.3967701150878189 -0.19625206115349328 0.64728912855016774 0.16619066626135115 -0.0071281112558940251 0.2376455516835054 0.044079163365185303
leaf_weight=1349 24147 5356 2313 538 5805 6112 1532 215 5562 100 31072 32488 28138 199 127 236 6963 83 25634 4406 103 77 55 29644 840 976 129 54 6935 184 144 6644 342 413 2988 90 1134 96 142 519 1021 495 424 12223 27592 624 3026 386 15869 73 10842 29239 11843 73 477 402 298 58 1295 4489 375 7626
leaf_count=1349 24147 5356 2313 538 5805 6112 1532 215 5562 100 31072 32488 28138 199 127 236 6963 83 25634 4406 103 77 55 29644 840 976 129 54 6935 184 144 6644 342 413 2988 90 1134 96 142 519 1021 495 424 12223 27592 624 3026 386 15869 73 10842 29239 11843 73 477 402 298 58 1295 4489 375 7626
internal_value=4.47543e-12 0.00201814 -0.0154941 -0.0414744 0.00496234 0.0208434 0.0125882 0.00406546 -0.0414941 -0.0537134 0.0167577 0.00125924 0.0131757 -0.00620136 -0.012735 -0.0853545 -0.0961732 0.16692 0.00209933 0.0198319 0.227269 0.463877 0.319925 -0.00733531 -0.00545409 0.0942368 0.242856 0.192016 -0.0212276 -0.00904043 0.214145 -0.0159169 -0.004957 -0.0250163 -0.0912799 0.0321754 -0.0504783 -0.0716773 -0.0935883 -0.122616 -0.0976961 -0.150178 0.0467004 -0.00708054 -6.83562e-05 -0.000786454 -0.124521 -0.0444621 -0.0348889 0.406403 -0.0081593 -3.49109e-05 -0.0107873 0.00459372 0.160859 0.300982 0.0250291 0.0571763 0.0534637 -0.038582 0.0117432 0.0618052
internal_weight=362634 331151 47661 17756 283490 53604 47492 41687 9083 8688 32604 229886 88511 141375 108887 7536 7300 337 60373 30426 395 180 254 101351 99284 2623 1023 894 31483 24548 401 29947 24591 15966 3401 8625 1981 1891 1795 1653 2067 1516 551 12565 29905 1600 3126 4792 17218 217 96661 67017 46898 30191 952 475 20119 9277 9219 16707 4864 8921
internal_count=362634 331151 47661 17756 283490 53604 47492 41687 9083 8688 32604 229886 88511 141375 108887 7536 7300 337 60373 30426 395 180 254 101351 99284 2623 1023 894 31483 24548 401 29947 24591 15966 3401 8625 1981 1891 1795 1653 2067 1516 551 12565 29905 1600 3126 4792 17218 217 96661 67017 46898 30191 952 475 20119 9277 9219 16707 4864 8921
is_linear=0
shrinkage=0.05


Tree=109
num_leaves=63
num_cat=0
split_feature=46 51 33 37 32 4 30 3 51 42 42 5 31 50 19 47 14 40 30 3 5 23 42 6 9 5 30 28 51 23 37 2 40 12 46 48 9 50 5 50 46 17 44 6 30 2 14 12 51 38 50 11 15 6 30 23 36 11 37 9 50 51
split_gain=6039.46 11322.7 6773.64 8348.38 10775.6 8000.66 10635.5 15202.1 11555.3 11747.6 10345.3 10287.8 8240.12 9709.22 8265.42 7915.47 9167.44 7832.79 7737.32 8884.96 12179.8 9953.73 7713.23 7611.75 12921.4 9798.65 9474.3 12667.6 11119 9472.62 8982.16 7692.75 7592.16 7502.23 7466.84 7154.67 7099.01 7008.36 6986.15 8259.29 8077.84 7635.65 7044.99 8748.71 8261.74 6892.23 6732.07 6604.5 7990.77 8603.89 8527.32 8353.18 6552.23 6443.93 6410.25 6403.88 7264.32 7901.98 6398.01 15859.8 17807 13847
threshold=8.7349996566772479 1.5000000000000002 -7.5656721591949454 34.114999771118171 22.954999923706058 11.050000190734865 21.704999923706058 32.100000381469734 2.5000000000000004 17.849999427795414 5.9500000476837167 79.500000000000014 1.0000000180025095e-35 9.5000000000000018 -13.294562339782713 -11.397787094116209 17.44999980926514 -2.5802315473556514 19.214999198913578 6.0499999523162851 43.350000381469734 23.835000038146976 147.55000305175784 75.500000000000014 15.434999942779543 109.50000000000001 25.785000801086429 13.34999990463257 4.5000000000000009 31.295000076293949 34.645000457763679 46.100000381469734 8.946416378021242 -4.6875135898590079 10.625000000000002 7.9229958057403573 24.144999504089359 4.5000000000000009 68.500000000000014 6.5000000000000009 33.004999160766609 106.00500106811525 27.724999427795414 50.049999237060554 18.195000648498539 85.500000000000014 0.84999999403953563 -18.024362564086911 1.0000000180025095e-35 48.004999160766609 10.500000000000002 50.004999160766609 0.57250002026557933 28.050000190734867 15.574999809265138 16.125000000000004 0.47249999642372137 13.25500011444092 24.095000267028812 27.355000495910648 11.500000000000002 1.5000000000000002
decision_type=8 2 8 10 10 10 10 10 2 10 8 8 10 2 10 8 10 10 10 8 8 10 8 10 10 10 10 10 2 10 10 10 8 10 10 10 10 2 8 2 8 8 10 10 8 10 10 8 2 8 2 8 10 8 10 8 10 8 10 8 2 2
left_child=1 52 3 15 -5 6 8 12 9 10 11 -4 13 -8 -14 16 -2 22 -12 20 21 -20 35 25 54 55 47 28 30 -30 -28 -27 -29 -17 -24 38 -9 -6 45 41 42 -40 43 -41 -45 -10 -44 -26 49 -49 51 -50 -1 -43 -25 56 57 -7 -11 -60 -61 -62
right_child=2 -3 5 4 37 23 7 36 17 58 18 -13 14 -15 -16 33 -18 -19 19 -21 -22 -23 34 24 26 31 27 32 29 -31 -32 -33 -34 -35 -36 -37 -38 -39 39 40 -42 53 46 44 -46 -47 -48 48 50 -51 -52 -53 -54 -55 -56 -57 -58 -59 59 60 61 -63
leaf_value=-0.044227110905024236 -0.0018629916486252657 -0.00055720961878118116 -0.063337255400260001 -0.037333022595650182 0.20881237302069802 -0.043735899135376143 0.029688509658207091 0.16664117131768663 0.063439571260405739 -0.030826825399181551 0.012913111882013124 -0.50602082598667886 -0.13467496969669457 0.63642288190477037 -0.048455577978272275 -0.028153993961174156 0.083923043834380262 -0.0087262341662721274 0.38402496049124185 0.082591198948913272 -0.10448123629917117 1.1898403939273623 0.1008480333704273 0.059504010746876404 0.68750787997832064 -0.05165199871156731 -0.028116692209304291 0.27690457168555871 -0.066191582089023926 0.74002780539018143 -0.47685031533089073 0.72341082844623306 -0.35151840537786483 0.0045771678677542539 -0.077435557093412807 -0.062509587879307146 0.0035662623559551869 -0.28602891474881253 0.16868528786445117 0.10781130194796573 -0.20943898521452012 0.0569627267580766 0.31476585270548374 0.95339516004597824 0.17431918881715291 -0.17706214872272841 -0.27946877558426614 -0.39373868412428326 0.28067220901502021 0.12924381494348824 -0.18187968420027051 -0.068470727367212589 -0.19044568672470003 0.62509376351136803 -0.52789066087027059 0.016626971661288598 -0.10087812047868894 0.01799897001825906 -0.22016808568241034 -0.060903548946289326 0.087605045232231976 0.95550564762204893
leaf_weight=14471 8576 35804 827 3105 79 7870 294 720 12788 8854 7022 156 3727 85 10936 36750 4890 9458 132 1660 85 54 815 75 61 51 197 381 112 54 257 86 55 33434 2102 1094 9129 759 514 281 211 65 71 74 63 305 145 124 1360 215 132 196 809 215 122 120190 2069 15184 1676 1420 108 80
leaf_count=14471 8576 35804 827 3105 79 7870 294 720 12788 8854 7022 156 3727 85 10936 36750 4890 9458 132 1660 85 54 815 75 61 51 197 381 112 54 257 86 55 33434 2102 1094 9129 759 514 281 211 65 71 74 63 305 145 124 1360 215 132 196 809 215 122 120190 2069 15184 1676 1420 108 80
internal_value=-7.23195e-12 -0.0159352 0.00261284 -0.00917583 -0.0802736 0.00722357 -0.00607264 -0.0328023 0.00716111 -0.0199331 0.0203824 -0.13359 -0.0644209 0.165764 -0.0703706 -0.0058245 0.0292891 0.0283688 0.037288 0.125926 0.391372 0.617971 0.0470875 0.0139405 0.0885583 0.0122266 0.113172 -0.00887722 -0.154099 0.196073 -0.282136 0.434884 0.197631 -0.0125616 -0.0276237 0.0608581 0.0154877 -0.239379 0.0700194 0.167336 0.058535 0.283126 0.147719 0.267532 0.595134 0.0578371 -0.0841417 0.174898 0.159472 -0.0620536 0.203961 0.236693 -0.0519687 0.493206 -0.304263 0.0118281 -0.0111301 -0.00307561 -0.0529349 -0.11254 -0.000361469 0.456924
internal_weight=362634 51084 311550 87593 3943 223957 75166 24891 50275 22074 9936 983 15042 379 14663 83650 13466 28201 8953 1931 271 186 18743 148791 3341 145450 3144 1056 620 166 454 137 436 70184 2917 15826 9849 838 14732 1639 845 794 634 418 137 13093 216 2088 2027 339 1688 1556 15280 280 197 145313 25123 23054 12138 3284 1608 188
internal_count=362634 51084 311550 87593 3943 223957 75166 24891 50275 22074 9936 983 15042 379 14663 83650 13466 28201 8953 1931 271 186 18743 148791 3341 145450 3144 1056 620 166 454 137 436 70184 2917 15826 9849 838 14732 1639 845 794 634 418 137 13093 216 2088 2027 339 1688 1556 15280 280 197 145313 25123 23054 12138 3284 1608 188
is_linear=0
shrinkage=0.05


Tree=110
num_leaves=63
num_cat=0
split_feature=49 49 16 11 50 30 37 38 47 6 50 14 37 37 30 3 34 49 50 3 30 9 12 39 37 5 10 9 9 6 5 30 9 28 7 2 35 27 49 1 22 31 40 32 11 1 29 0 3 31 35 11 1 37 50 25 10 12 9 0 7 22
split_gain=6238.7 11182.1 23503.1 16252.8 14438.7 21796.6 15976.1 14494 15856.9 14040.8 13301.5 22101.8 17789.9 11642.6 13428.7 12551 11204.9 10331.4 14297.2 13729.8 15054.9 10216.2 11026 10188 10118.7 14652 12765.2 12393.8 12733.5 10685.3 9984.34 9532.55 13886.5 9489.2 9532.72 9440.09 8909.22 8899.66 10632.3 8721.4 8655.57 8625.38 8560.58 10325.1 8521.48 8388.8 8383.19 8382.37 8375.58 8289.54 8158.62 7952.58 7735.92 7690.37 14353.7 11063 8164.31 8309.68 11440.4 7759.63 7687.58 7563.36
threshold=20.500000000000004 12.500000000000002 23.105000495910648 10.994999885559084 10.500000000000002 14.954999923706056 18.494999885559086 35.98500061035157 -15.110623836517332 80.500000000000014 8.5000000000000018 52.750000000000007 20.554999351501468 30.505000114440922 17.845000267028812 30.050000190734867 -6.7603142261505118 14.500000000000002 3.5000000000000004 19.10000038146973 21.704999923706058 26.265000343322757 -3.8602805137634273 27.994999885559086 16.015000343322757 32.049999237060554 71.005001068115249 19.914999961853031 7.1250000000000009 82.500000000000014 30.050000190734867 19.105000495910648 15.434999942779543 33.549999237060554 27.150000572204593 55.149999618530281 19.349999427795414 -4.0787043571472159 5.5000000000000009 59.149999618530281 0.10649999976158143 72.005001068115249 2.0653040409088139 3.935000061988831 16.005000114440922 103.50000000000001 0.091499999165534987 13.09999990463257 24.050000190734867 33.995000839233406 27.150000572204593 45.905000686645515 16.10000038146973 32.335000991821296 8.5000000000000018 28.005000114440922 143.004997253418 -10.285945892333983 27.425000190734867 112.50000000000001 20.750000000000004 0.3275000005960465
decision_type=2 2 10 10 2 10 8 10 8 10 2 10 8 8 8 10 10 2 2 8 10 10 8 8 10 10 10 10 8 8 10 8 8 8 10 10 8 8 2 8 10 8 8 10 8 10 10 8 8 10 10 10 8 10 2 8 10 8 10 8 10 8
left_child=1 21 4 61 7 42 33 8 -3 36 13 12 -12 14 24 23 -14 18 39 20 -19 22 30 -15 25 27 -27 28 49 -26 -1 32 -18 34 -7 53 -8 -24 -39 -5 -30 -13 43 -6 -10 -22 -2 -23 -34 -9 -42 -21 -31 54 55 -20 57 58 -57 -55 -49 -4
right_child=46 2 3 17 5 6 9 10 44 -11 11 41 16 15 -16 -17 31 19 35 51 45 47 37 -25 29 26 -28 -29 40 52 -32 -33 48 -35 -36 -37 -38 38 -40 -41 50 -43 -44 -45 -46 -47 -48 60 -50 -51 -52 -53 -54 59 -56 56 -58 -59 -60 -61 -62 -63
leaf_value=-0.020765012618461594 -0.056146079423590969 0.47839910563109189 0.074807960957474592 -0.1359519513154929 -0.185350905857361 0.21457351688527468 0.19617710256001739 0.024501625661934995 0.050499201926387877 -0.65138657561678825 0.44393984980113005 0.45729775763609831 0.30486226424764462 -0.22125632776512685 0.15391574703766076 0.10858859430259499 0.41118876119325692 -0.017266187647391514 0.067143827575902662 -0.0046275765498464422 -0.13976224381856239 -0.037683000902233643 -0.034193088983965871 0.029229950554469981 -0.02014054989702313 0.15037074054470692 0.55412538280641588 -0.22008078461559261 0.29284993648146446 -0.28922867140422265 -0.084894914299520119 0.092075924842104251 -0.4762709006050872 0.015557752407925285 0.65837575138581028 0.25034185941444331 0.019404737746601577 0.02437877531643377 -0.0099289172672925655 0.42245721134216824 -0.033620455096481074 1.2565156123467855 0.064809011189630575 -0.03444821881913266 0.17813677947145859 0.46482647023452767 -0.0054714439640840837 0.013640246079161653 0.0383113297966442 -0.47737111387914349 0.20644529175478965 -0.11692110739915161 0.3230489025955372 -0.026052363563539255 -0.017841200840881609 0.90096261712908743 -0.36489768187430771 0.16778046118699341 0.29906507150828843 0.5461866705616315 0.069794698794542767 0.014812312763698519
leaf_weight=42336 10640 328 8127 1659 1432 241 989 178 2398 69 354 85 334 1183 2639 746 77 5832 3394 35017 5321 5413 17522 618 6997 712 270 402 567 60 7085 701 269 184 243 514 2552 39319 53057 73 880 56 1532 5439 2876 58 35036 20917 112 153 592 1651 368 4686 3385 100 55 910 375 60 8601 14855
leaf_count=42336 10640 328 8127 1659 1432 241 989 178 2398 69 354 85 334 1183 2639 746 77 5832 3394 35017 5321 5413 17522 618 6997 712 270 402 567 60 7085 701 269 184 243 514 2552 39319 53057 73 880 56 1532 5439 2876 58 35036 20917 112 153 592 1651 368 4686 3385 100 55 910 375 60 8601 14855
internal_value=8.28811e-12 0.00248958 0.0143057 2.92786e-05 0.0478464 0.00470433 0.0965766 0.0706844 0.141081 0.0550123 0.049197 0.171325 0.125262 0.034361 0.0524673 -0.0638693 0.0497018 -0.0130842 0.0228132 -0.0244886 -0.0729115 -0.00497467 -0.0103438 -0.135304 0.0285186 0.0954194 0.261383 0.0366257 0.0801684 -0.00530574 -0.0299587 -0.0238302 -0.201232 0.321198 0.437392 0.0401896 0.0687772 -0.00152306 0.00467384 -0.112416 0.126864 0.774718 -0.0420682 -0.0658982 0.120102 -0.133243 -0.0172759 0.0195139 -0.325003 -0.207482 0.0629277 -0.00968366 0.237216 0.0318581 0.0611206 0.116413 0.232539 0.256264 0.42578 -0.018818 0.0300026 0.0360282
internal_weight=362634 316958 122708 86072 36636 12681 4278 23955 5602 3610 18353 1988 1847 16365 13818 2547 1493 63090 15211 47879 11211 194250 159319 1801 11179 3754 982 2772 2370 7425 49421 1159 458 668 484 13479 3541 109898 92376 1732 2039 141 8403 6871 5274 5379 45676 34931 381 331 1472 36668 428 12965 8219 4834 1440 1385 475 4746 29518 22982
internal_count=362634 316958 122708 86072 36636 12681 4278 23955 5602 3610 18353 1988 1847 16365 13818 2547 1493 63090 15211 47879 11211 194250 159319 1801 11179 3754 982 2772 2370 7425 49421 1159 458 668 484 13479 3541 109898 92376 1732 2039 141 8403 6871 5274 5379 45676 34931 381 331 1472 36668 428 12965 8219 4834 1440 1385 475 4746 29518 22982
is_linear=0
shrinkage=0.05


Tree=111
num_leaves=63
num_cat=0
split_feature=51 51 37 49 44 0 19 45 44 9 3 49 49 43 0 39 36 9 37 9 6 5 44 9 6 49 6 26 30 32 6 16 10 30 9 37 28 17 9 11 44 7 49 36 37 10 5 16 16 44 5 4 49 16 23 36 7 37 30 9 39 49
split_gain=6326.27 17469.5 20547.2 23162.7 17419.7 11689.9 14733 13559.4 17481.9 11420.2 10529.2 10574.2 13624.6 26077.4 12909.1 18099.5 20492.9 10710.1 10347.7 13251.9 17879.5 10286.3 11599.6 16105.2 16042.7 13521.9 10650.2 14391.1 11978.6 16585.9 9363.44 14357.2 10311.3 11484.5 9318.56 14525.1 9313.44 8987.24 8921.78 9532.33 8754.37 13915.1 8556.79 8396.89 8380.87 14821.6 16833.6 8191.2 8160.92 8133.76 8129.58 8123.62 8979.59 11118.2 8043.87 7984.68 7763.45 7752.19 35124.3 15423 14666 12755.4
threshold=4.5000000000000009 3.5000000000000004 29.185000419616703 7.5000000000000009 33.335000991821296 57.500000000000007 8.9187922477722186 43.004999160766609 33.18499946594239 34.335000991821296 50.049999237060554 16.500000000000004 12.500000000000002 0.31749999523162847 80.500000000000014 22.57499980926514 0.41449999809265142 26.685000419616703 37.225000381469734 39.295000076293952 58.20000076293946 62.049999237060554 26.954999923706058 15.875000000000002 58.20000076293946 20.500000000000004 43.299999237060554 -5.3254539966583243 20.585000038146976 17.914999961853031 67.500000000000014 20.244999885559086 100.02999877929689 24.154999732971195 13.50500011444092 20.454999923706058 18.94999980926514 34.995000839233406 30.154999732971195 31.335000038146976 14.585000038146974 31.94999980926514 4.5000000000000009 0.74549999833107006 35.944999694824226 48.995000839233406 63.500000000000007 31.045000076293949 33.645000457763679 20.945000648498539 39.100000381469734 25.050000190734867 11.500000000000002 11.84500026702881 19.785000801086429 0.40250000357627874 16.94999980926514 23.894999504089359 16.425000190734867 21.945000648498539 38.004999160766609 13.500000000000002
decision_type=2 2 8 2 10 10 10 10 10 10 10 2 2 10 8 8 8 10 10 10 8 8 8 10 10 2 8 8 10 8 10 10 10 10 8 10 10 10 8 8 10 10 2 10 8 10 8 8 8 10 8 10 2 8 10 8 8 10 10 8 10 2
left_child=1 10 3 34 21 6 56 8 9 -7 11 12 17 57 37 47 -17 55 19 30 -21 22 25 -24 -25 26 51 28 49 -30 42 -32 -33 -34 -3 40 -10 -15 39 -9 54 -42 -2 -39 45 -18 -47 -16 -46 -28 -6 -5 -53 -54 -36 -1 -4 58 -14 61 -61 -60
right_child=18 2 5 4 50 7 -8 38 36 -11 -12 -13 13 14 15 16 44 -19 -20 20 -22 -23 23 24 -26 -27 27 -29 29 -31 31 32 33 -35 35 -37 -38 43 -40 -41 41 -43 -44 -45 48 46 -48 -49 -50 -51 -52 52 53 -55 -56 -57 -58 -59 59 60 -62 -63
leaf_value=-0.0098939822944478662 0.01600476231499556 -0.094832550830946216 -0.055542459012554793 0.087156887187642279 0.18050613805627785 0.018105258798679792 0.37337860737517481 -0.13807968160653691 0.24681892005621264 -0.62768903768488338 0.032381830438858644 -0.027376798471747284 0.053738788882466887 0.07387050882234282 0.12963856494745371 -0.17149891343309687 0.085688301948080428 0.028479462174949954 -0.1624247455159589 0.051753716352913121 1.2235464405487566 -0.08066203229581953 -0.22803765031573586 0.01787540821631825 0.34935697462689136 0.01992486173114081 0.64275736493653945 0.14885631722817114 1.4277608358684708 0.31509368092273227 0.33548816040072116 0.063415651991827998 -0.51341933366354731 0.18401137190860706 -0.065070235358755765 -0.021671583767619212 1.0746647402048113 -0.040692111142825588 -0.2876133714029549 0.597270419690758 0.062253342467959938 0.28446279233087818 -0.0198248437511757 0.06745347810420127 -0.41978536337614064 1.270922811759843 0.48204925729985598 -0.20850718918983349 0.29548463797962604 0.12806397579983778 0.63591003806098623 0.13442580331247631 0.74736148608808828 0.23867397354817649 0.19141671121054771 -0.058600210191096416 0.034385371237377942 0.050272661052152202 0.29617724213041841 0.18754186668753681 0.78818349946801247 0.90345138071485209
leaf_weight=82207 21193 2185 5372 9204 195 370 250 166 106 84 19782 44123 4129 2435 318 207 149 16865 1108 90 51 1037 603 4172 400 4009 122 1098 68 66 454 2442 168 91 1329 8997 50 15919 1106 60 2202 1036 77967 2023 50 90 272 410 197 207 197 1742 141 451 397 9374 4338 7288 158 1010 113 191
leaf_count=82207 21193 2185 5372 9204 195 370 250 166 106 84 19782 44123 4129 2435 318 207 149 16865 1108 90 51 1037 603 4172 400 4009 122 1098 68 66 454 2442 168 91 1329 8997 50 15919 1106 60 2202 1036 77967 2023 50 90 272 410 197 207 197 1742 141 451 397 9374 4338 7288 158 1010 113 191
internal_value=1.04712e-11 0.00417547 0.03016 0.0473748 0.0788273 -0.0274897 -0.00560901 -0.13971 0.0555231 -0.101381 -0.0023122 -0.00597202 0.000613831 0.027758 -0.00524325 0.127422 0.269419 -0.00813646 -0.0104451 -0.00880156 0.475594 0.073271 0.0804347 0.014843 0.0468764 0.100276 0.124867 0.24744 0.48123 0.879731 -0.0094691 0.0753291 0.0316 -0.268376 0.00118364 0.0162109 0.512154 -0.0162656 -0.229118 0.057146 0.084871 0.133349 -0.0121672 -0.0284985 0.389827 0.505417 0.678178 -0.0608007 0.150693 0.318923 0.40937 0.108284 0.191598 0.359831 -0.00607527 -0.0148794 -0.0153667 0.0842666 0.128499 0.338205 0.24798 0.628525
internal_weight=362634 259070 51760 39858 23712 11902 9960 1942 610 454 207310 187528 143405 34959 22070 1693 965 108446 103564 102456 141 23320 22283 5175 4572 17108 13099 1561 463 134 102315 3155 2701 259 16146 13961 156 20377 1332 226 4964 3238 99160 17942 758 511 362 728 247 329 392 11538 2334 592 1726 91581 9710 12889 5601 1472 1123 349
internal_count=362634 259070 51760 39858 23712 11902 9960 1942 610 454 207310 187528 143405 34959 22070 1693 965 108446 103564 102456 141 23320 22283 5175 4572 17108 13099 1561 463 134 102315 3155 2701 259 16146 13961 156 20377 1332 226 4964 3238 99160 17942 758 511 362 728 247 329 392 11538 2334 592 1726 91581 9710 12889 5601 1472 1123 349
is_linear=0
shrinkage=0.05


Tree=112
num_leaves=63
num_cat=0
split_feature=44 37 50 18 44 33 50 47 38 47 6 46 42 2 38 37 2 49 16 18 43 35 50 37 37 21 37 49 49 37 2 4 9 0 37 36 6 0 2 0 15 13 9 7 30 50 50 30 0 37 4 16 15 30 50 6 2 42 37 30 44 38
split_gain=5699.25 5495.78 5650.82 8614.81 7843.94 7380.54 5596.69 12615.3 9649.52 8872.3 8858.5 8618.18 10090.6 10836.7 8582.12 8353.17 10003.7 8156.16 9960.02 9827.94 9667.62 9564.48 8708.94 13384.7 10829.4 9112.88 7996.35 11346 11474.2 10748.6 10291.3 10968.9 7786.11 13733.7 13320.5 11021.2 11007.7 7651.82 7772.82 7725.99 11068.1 10327.7 10352.2 9527.22 10517.5 15871.1 8258.56 15716.7 13114.1 10918.9 11606.8 9048.1 8479.85 8830.61 12334.7 11538 9844.32 10690.3 10778.8 10965.8 17961.5 8941.92
threshold=4.1349999904632577 39.174999237060554 5.5000000000000009 26.005000114440922 37.664999008178718 -3.7707719802856441 6.5000000000000009 -4.9634449481964102 49.995000839233406 7.8809475898742685 118.50000000000001 12.125000000000002 12.449999809265138 109.50000000000001 102.00999832153322 30.404999732971195 35.149999618530281 9.5000000000000018 24.595000267028812 19.175000190734867 0.0075000002980232247 27.650000572204593 3.5000000000000004 14.605000019073488 30.505000114440922 10.750000000000002 23.835000038146976 20.500000000000004 13.500000000000002 9.4749999046325701 37.049999237060554 25.050000190734867 28.785000801086429 49.149999618530281 31.845000267028812 0.1604999974370003 54.45000076293946 113.50000000000001 113.50000000000001 4.0499999523162851 0.040500000119209296 4.9873585700988778 17.884999275207523 12.750000000000002 13.375000000000002 10.500000000000002 7.5000000000000009 21.704999923706058 36.049999237060554 33.475000381469734 58.250000000000007 32.604999542236335 0.64849999547004711 17.595000267028812 11.500000000000002 41.049999237060554 61.500000000000007 46.850000381469734 21.925000190734867 16.564999580383304 22.804999351501468 34.965000152587898
decision_type=8 10 2 8 8 10 2 10 8 10 8 8 8 8 8 10 8 2 8 8 8 8 2 8 10 10 8 2 2 10 10 8 8 10 8 10 10 10 10 10 10 10 10 10 8 2 2 8 10 8 10 10 10 8 2 10 10 10 10 10 10 10
left_child=-1 6 3 -3 5 -4 7 8 17 -9 32 -10 13 -13 -15 -14 -17 20 19 22 -2 -20 24 -24 25 -19 27 28 -21 -30 31 -31 33 36 35 -34 -11 38 39 40 -8 42 -42 -41 45 -45 47 48 -46 50 52 -52 53 54 -48 61 57 58 -57 60 -60 -56
right_child=1 2 4 -5 -6 -7 37 9 11 10 -12 12 15 14 -16 16 -18 18 21 26 -22 -23 23 -25 -26 -27 -28 -29 29 30 -32 -33 34 -35 -36 -37 -38 -39 -40 43 41 -43 -44 44 46 -47 49 -49 -50 -51 51 -53 -54 -55 55 56 -58 -59 59 -61 -62 -63
leaf_value=-0.083647021158149953 0.035752656333613637 0.019954512975086939 -0.15037507823068802 -0.50939244328309663 -0.12123191436697077 0.49135826940423455 -0.021470255001104093 -0.0038211565446324871 -0.034920306279915374 -0.085915790452026464 0.4597128193672389 0.045329025230163682 0.013815110926567516 0.14653001923316694 0.65781606539785864 -0.11430254101030819 0.0076964101617606681 -0.11388150063394925 0.051149298490523402 0.10960519836947236 -0.049953563083278689 -0.05421093610762362 -0.24881465798350685 0.16295112712279047 -0.54655872591667709 0.077070375078344827 -0.010649385684829893 0.021835898553358886 0.027103998479926568 0.35803717174178074 0.16077123461651244 0.73452870497301992 0.0506003403145334 0.25465868390054774 0.12481047698259354 -0.67863677079574425 -0.64824643266697723 -0.40438002181084204 -0.43101629229070987 -0.01646374591107783 -0.034806051630928807 0.2187927055233081 -0.26909832730578881 0.22703261588132151 0.059214960853906651 -0.054431974978047207 -0.00026112075428306878 -0.029655120697540865 1.0745138904805911 0.089694291164077594 0.090844004172056569 0.63539451866004715 0.13775557731041219 -0.0011137225636229492 0.24373267083642408 0.038904195954688851 -0.36585652801123536 -0.21897623173043701 0.23040514564490877 0.16734232499202095 0.9991287149449084 0.046980313949345681
leaf_weight=2025 11550 132 73 184 670 116 15320 76502 10373 2634 73 12433 25566 239 125 3124 3636 957 11094 1096 4601 2673 218 2084 90 1800 618 822 262 670 388 272 69 295 125 208 90 120 107 64615 783 181 1185 528 69 9737 7389 12570 59 5163 3463 78 1277 55759 654 156 55 79 128 150 187 4935
leaf_count=2025 11550 132 73 184 670 116 15320 76502 10373 2634 73 12433 25566 239 125 3124 3636 957 11094 1096 4601 2673 218 2084 90 1800 618 822 262 670 388 272 69 295 125 208 90 120 107 64615 783 181 1185 528 69 9737 7389 12570 59 5163 3463 78 1277 55759 654 156 55 79 128 150 187 4935
internal_value=8.5592e-12 0.00046972 -0.107489 -0.288273 -0.0409839 0.243493 0.00082264 0.00723894 0.019589 -0.00737975 -0.0852961 0.00617513 0.0156223 0.0532018 0.322109 0.000745534 -0.048683 0.0385816 0.0576765 0.0977205 0.0113372 0.0306926 0.0516412 0.123957 -0.00683112 0.0107878 0.155197 0.184397 0.234109 0.319822 0.377486 0.466748 -0.096926 -0.0694005 -0.303641 -0.496986 -0.104495 -0.00524427 -0.00498485 -0.0047378 -0.0363763 -0.14264 -0.175881 -0.00142928 0.00805423 -0.0399543 0.0134009 -0.0240418 0.527204 0.0193834 0.0144983 0.102839 0.010078 0.00773179 0.0436465 0.0947867 0.278249 0.328857 0.39855 0.519205 0.686759 0.0700034
internal_weight=362634 360609 1175 316 859 189 359434 174687 94691 79996 3494 55496 45123 12797 364 32326 6760 39195 23044 9277 16151 13767 5149 2302 2847 2757 4128 3510 2688 1592 1330 942 3421 3019 402 277 2724 184747 184627 184520 17469 2149 1968 167051 102436 10265 92171 12698 128 79473 74310 3541 70769 69492 13733 6344 755 700 621 465 315 5589
internal_count=362634 360609 1175 316 859 189 359434 174687 94691 79996 3494 55496 45123 12797 364 32326 6760 39195 23044 9277 16151 13767 5149 2302 2847 2757 4128 3510 2688 1592 1330 942 3421 3019 402 277 2724 184747 184627 184520 17469 2149 1968 167051 102436 10265 92171 12698 128 79473 74310 3541 70769 69492 13733 6344 755 700 621 465 315 5589
is_linear=0
shrinkage=0.05


Tree=113
num_leaves=63
num_cat=0
split_feature=51 51 30 6 50 37 44 5 37 21 26 28 48 50 5 37 44 10 50 16 13 51 16 50 30 0 37 3 50 30 31 44 16 5 30 7 0 44 39 49 30 39 51 37 45 2 16 42 6 8 10 35 30 16 4 1 2 6 8 10 50 44
split_gain=5591.82 15676.6 18558.4 20539.2 45029.8 16636.7 17871.8 15145.7 13218 11229.9 12221.1 11341.7 10594.2 10322.5 15284.6 11501.6 12171.8 15798.4 17427.5 13468.7 11914.3 11804 22579.6 11467.5 41598.8 21024.3 16061 15922.7 15062 24789.1 21132.1 18987.9 16153.3 14435.6 14039.3 12987.9 12773 17882.2 13716.9 13007.5 11465.1 11223.8 10724.8 15695.6 21037 13288.4 10967.7 10801.8 10715.7 10300.2 10279.1 10261 9972.29 9830.81 9664.16 9564.04 9525.29 9504.3 9413.06 9356.55 9598.73 10681.9
threshold=4.5000000000000009 3.5000000000000004 23.814999580383304 50.049999237060554 8.5000000000000018 14.934999942779543 26.73499965667725 50.149999618530281 33.954999923706062 26.250000000000004 11.94823741912842 9.0500001907348651 -6.8830547332763663 10.500000000000002 80.500000000000014 33.164999008178718 26.035000801086429 48.004999160766609 11.500000000000002 18.384999275207523 -4.2017102241516104 2.5000000000000004 23.935000419616703 8.5000000000000018 19.545000076293949 41.049999237060554 15.414999961853029 43.100000381469734 9.5000000000000018 21.615000724792484 1.0000000180025095e-35 32.764999389648445 23.935000419616703 13.050000190734865 25.505000114440922 37.95000076293946 75.500000000000014 19.515000343322757 22.57499980926514 15.500000000000002 20.48499965667725 13.00500011444092 2.5000000000000004 16.285000801086429 26.010000228881839 50.399999618530281 27.095000267028812 20.650000572204593 61.500000000000007 0.54749998450279247 47.004999160766609 19.550000190734867 7.0650000572204599 20.554999351501468 25.050000190734867 7.0499999523162851 60.299999237060554 60.500000000000007 0.6745000183582307 75.014999389648452 2.5000000000000004 35.475000381469734
decision_type=2 2 8 10 2 8 10 10 10 10 10 8 8 2 10 10 10 8 2 8 8 2 10 2 10 10 8 10 2 10 10 10 8 8 10 10 10 8 8 2 10 10 2 10 8 10 10 10 10 8 8 8 8 10 10 10 10 10 10 10 2 10
left_child=1 13 5 50 7 6 53 -5 -6 10 11 -7 -11 23 15 16 20 40 21 -20 -15 -19 -23 27 25 -25 -27 36 29 31 -30 32 -26 -34 58 41 39 -38 49 59 -18 -28 48 -44 -45 -46 47 -47 55 -39 -4 -50 -41 -3 -10 -22 57 -21 -32 -1 -61 -62
right_child=-2 2 3 4 8 9 -8 -9 54 12 -12 -13 -14 14 -16 -17 17 18 19 56 42 22 -24 24 28 26 35 -29 30 -31 34 -33 33 -35 -36 -37 37 38 -40 52 -42 -43 43 44 45 46 -48 -49 51 -51 -52 -53 -54 -55 -56 -57 -58 -59 -60 60 61 -63
leaf_value=-0.012910098763553951 -0.0098201133220838302 0.011374907910242293 -0.025503909697932634 -0.069109670118093491 0.062193783561604613 0.15915086555125765 -0.45888799690393683 -0.37769513447016601 0.31181150606628194 0.33128424707571136 0.44787005792992818 0.023463921631353333 0.11350117615746742 -0.087336504730911493 -0.42815758972349816 0.70474642186805059 -0.050275881652068082 -0.46351881192728295 -0.33507910838397947 0.070056159543681287 -0.080229365631444782 0.39761387512896418 -0.55527414441108702 0.095997838218072187 0.06456131966296548 1.1603259293599562 0.11466522655899412 0.03504230361177537 0.37719250921006786 0.021936864045379312 -0.09187160332462721 -0.25498302105069159 1.0739167202424298 0.39862670092957475 0.019607562759319883 0.81352830120456332 -0.34693492493405942 0.19522108215818026 0.26135988713752839 0.1247292185656465 0.46928225185941247 0.41105021195332869 -0.030965376802476449 0.46804867728893429 0.047005921912980649 -0.0049535117178623172 -0.075974711827163047 0.80457038372181933 0.99385837088525308 -0.13877969751987504 0.03946544619108696 0.066654134320246208 -0.048735149174662679 -0.5306184229430031 1.0263580435061757 -0.0037190676609893665 -0.543232536272091 0.64505422141995616 0.37395206870003184 -0.020945450121818671 0.061213138509311531 -0.18397021402893771
leaf_weight=66081 103564 5325 10247 625 276 1840 218 1093 118 610 192 9448 6604 5156 236 54 347 686 256 392 5733 129 120 3471 325 55 725 22237 307 15324 7694 150 93 531 5392 109 200 406 1178 855 153 571 3218 389 2964 56 87 156 50 535 15000 74 26774 85 79 14205 51 88 110 6915 12211 461
leaf_count=66081 103564 5325 10247 625 276 1840 218 1093 118 610 192 9448 6604 5156 236 54 347 686 256 392 5733 129 120 3471 325 55 725 22237 307 15324 7694 150 93 531 5392 109 200 406 1178 855 153 571 3218 389 2964 56 87 156 50 535 15000 74 26774 85 79 14205 51 88 110 6915 12211 461
internal_value=3.95688e-12 0.00392562 0.0285406 0.000352443 -0.146496 0.0603401 -0.0150264 -0.265433 0.2855 0.0830299 0.0523097 0.0455816 0.131916 -0.00222012 -0.0271473 -0.0243933 -0.0255409 -0.138712 -0.210553 -0.037177 -0.0177041 -0.356486 -0.0616093 0.0027737 0.0283954 0.162957 0.322147 -0.00370492 0.00622326 0.0383877 -0.0328966 0.267771 0.350398 0.499271 -0.0424372 0.289336 -0.0111574 0.105005 0.147661 -0.013535 0.108709 0.245248 -0.00437336 0.0495452 0.120488 0.0790534 0.396742 0.590734 -0.0228372 0.00532691 0.0130963 0.440527 -0.0433672 0.0028593 0.598356 -0.0257189 0.106444 0.175472 -0.0853057 -0.00391379 0.0264372 0.0522935
internal_weight=362634 259070 51760 27438 2191 24322 5628 1718 473 18694 11480 11288 7214 207310 34600 34364 34310 2222 1722 787 32088 935 249 172710 34857 4931 1460 137853 29926 16423 13503 1099 949 624 13196 1405 115616 2319 2119 113297 500 1296 26932 6870 3652 3263 299 212 20062 941 25247 124 27629 5410 197 19938 531 480 7804 85668 19587 12672
internal_count=362634 259070 51760 27438 2191 24322 5628 1718 473 18694 11480 11288 7214 207310 34600 34364 34310 2222 1722 787 32088 935 249 172710 34857 4931 1460 137853 29926 16423 13503 1099 949 624 13196 1405 115616 2319 2119 113297 500 1296 26932 6870 3652 3263 299 212 20062 941 25247 124 27629 5410 197 19938 531 480 7804 85668 19587 12672
is_linear=0
shrinkage=0.05


Tree=114
num_leaves=63
num_cat=0
split_feature=4 44 3 51 50 6 44 50 0 5 14 18 23 14 40 9 1 37 17 17 50 32 5 38 38 5 3 0 4 33 11 51 6 5 37 45 44 39 5 33 39 8 44 29 44 50 9 37 50 38 46 11 6 12 48 5 17 2 50 37 44 50
split_gain=5411.3 8571.33 18626.2 14665.4 13305.4 14634.7 13789.2 13775.3 15271.3 13069.1 10508.2 10123.9 8546.69 9415.58 9300.77 8913.5 8423.14 8273.92 7930.52 7687.51 7638.91 7431.17 7354.83 9064.98 7388.91 11926.2 7989.25 7296.17 7172.15 7116.92 7019.67 6814.51 9620.29 6810.21 7404.66 11638.3 7123.73 11072.2 6568.84 6520.17 6466.46 6466.37 6919.58 6395.59 8061.57 7601.46 10649.5 14390.7 10399.3 9764.24 8608.07 9563.82 7081.36 8561.21 7453.53 7210.13 6611.58 6512.01 6774.69 6692.71 7457.05 6387.48
threshold=12.050000190734865 27.804999351501468 28.050000190734867 1.5000000000000002 2.5000000000000004 42.049999237060554 14.234999656677248 10.500000000000002 68.500000000000014 23.050000190734867 65.350002288818374 21.945000648498539 12.694999694824221 21.849999427795414 -12.150663852691649 33.215000152587898 79.500000000000014 27.925000190734867 123.04000091552736 78.020000457763686 3.5000000000000004 25.005000114440922 91.500000000000014 106.01499938964845 61.989999771118171 50.149999618530281 40.20000076293946 87.500000000000014 3.0499999523162846 -8.5354599952697736 8.1549997329711932 2.5000000000000004 67.500000000000014 39.100000381469734 28.244999885559086 100.02999877929689 29.32499980926514 10.614999771118166 6.0499999523162851 -0.3598604798316955 45.004999160766609 0.54749998450279247 31.994999885559086 0.14850000292062762 32.905000686645515 3.5000000000000004 28.785000801086429 19.275000572204593 4.5000000000000009 71.009998321533217 32.004999160766609 9.3949999809265154 79.500000000000014 -15.621694564819334 -5.2619383335113517 107.50000000000001 128.01999664306643 59.149999618530281 7.5000000000000009 34.465000152587898 36.82500076293946 5.5000000000000009
decision_type=10 10 8 2 2 10 8 2 10 10 10 10 8 10 10 8 10 10 10 10 2 10 10 8 10 10 10 10 10 8 10 2 8 8 10 10 10 10 8 10 10 8 10 10 10 2 8 8 2 10 10 8 10 8 8 10 10 10 2 10 10 2
left_child=1 3 9 4 5 40 -7 10 17 31 18 20 33 29 -15 -16 -17 -9 -6 -10 -11 -18 24 -24 25 -5 30 -26 -8 -14 -27 41 -33 34 36 -36 -2 -38 -4 -12 -1 -3 -43 44 52 46 47 -46 49 50 -47 -52 55 -54 -55 56 -31 58 59 60 -50 -22
right_child=12 2 38 22 7 6 28 8 19 11 39 -13 13 14 15 16 21 -19 -20 -21 61 -23 23 -25 27 26 -28 -29 -30 43 -32 32 -34 -35 35 -37 37 -39 -40 -41 -42 42 -44 -45 45 48 -48 -49 57 -51 51 -53 53 54 -56 -57 -58 -59 -60 -61 -62 -63
leaf_value=-0.047492541767880717 -0.030043350194942416 -0.11106730091570412 -0.26015845270112864 0.02303272095099769 0.014606557061200662 0.53827108031511306 -0.52544457717164561 -0.062530805346663401 0.968067901045084 0.14473987187702275 0.12777728377629749 -0.098651209680418767 -0.015058914707377399 0.062798376904712697 0.0097591772917787756 0.07908696232000216 0.73155434688087562 -0.43800870358447236 0.29892013718000077 0.16551646472433129 -0.1670056822293744 0.048381696334656554 0.60957164321360846 -0.12567594320471606 -0.0055146548940901534 -0.044182363929170548 -0.013386586119880653 -0.31349273405815525 -0.22571933274014172 -0.01678661997889171 0.31407737460630458 -0.17695310672385936 -0.55980374052116044 0.053318879288556956 0.015666972466365055 -0.87151057685122779 -0.007760504452932266 -0.50640680144845263 0.0077451956557021834 0.5978474217753007 -0.27096016499583192 0.4609552982750289 -0.11497491366416215 0.021560820918780942 -0.79052031086940389 0.2153344661412526 -0.52001259374681497 0.11402872766716243 0.07190247509600943 0.0031711860754742071 1.2338751342892647 0.39369602963328365 0.62627604983339558 0.47602286390887882 0.01733464736703642 0.51692222378042063 0.10444799494464962 0.10726631627942429 0.060812288015739596 -0.093311704591758429 -0.25867103938188851 4.8007101133168446e-05
leaf_weight=4641 16998 1534 232 26491 7137 50 282 6705 50 794 176 4629 54829 11263 63246 2663 96 150 254 74 661 68 112 67 22038 165 399 194 683 50884 798 2099 178 2296 81 68 248 202 16631 127 348 109 100 44641 51 341 142 319 1597 325 50 105 80 103 632 64 1150 2151 3356 2226 191 4260
leaf_count=4641 16998 1534 232 26491 7137 50 282 6705 50 794 176 4629 54829 11263 63246 2663 96 150 254 74 661 68 112 67 22038 165 399 194 683 50884 798 2099 178 2296 81 68 248 202 16631 127 348 109 100 44641 51 341 142 319 1597 325 50 105 80 103 632 64 1150 2151 3356 2226 191 4260
internal_value=6.64758e-12 -0.00975224 -0.0315806 -0.0001438 -0.0355886 -0.0982903 -0.271358 -0.00993189 -0.0607994 -0.073421 0.0362085 -0.043689 0.00382533 0.0064298 0.0208009 0.0136418 0.100505 -0.070747 0.0243773 0.489126 0.000828909 0.448288 0.0144371 0.334367 0.0132937 0.0304514 0.174745 -0.00820212 -0.313307 -0.000378703 0.252693 -0.149925 -0.206882 -0.0276715 -0.0382389 -0.389219 -0.0352416 -0.231597 0.0040594 0.324803 -0.0630802 -0.0755196 0.185391 0.00704604 -0.00311524 0.0361373 -0.15192 -0.0106524 0.0454475 0.216189 0.355768 0.664722 -0.0111671 0.135077 0.0816134 -0.0134549 -0.0141072 0.0307243 0.00838484 -0.0354484 0.0365895 -0.022391
internal_weight=362634 102168 31227 70941 20677 6004 1015 14673 6979 14364 7694 10344 260466 240573 77336 66073 2827 6855 7391 124 5715 164 50264 179 50085 27853 1362 22232 965 163237 963 4020 2277 19893 17597 149 17448 450 16863 303 4989 1743 209 108408 63767 10854 512 370 10342 821 496 155 52913 815 735 52098 52034 9521 7370 4014 1788 4921
internal_count=362634 102168 31227 70941 20677 6004 1015 14673 6979 14364 7694 10344 260466 240573 77336 66073 2827 6855 7391 124 5715 164 50264 179 50085 27853 1362 22232 965 163237 963 4020 2277 19893 17597 149 17448 450 16863 303 4989 1743 209 108408 63767 10854 512 370 10342 821 496 155 52913 815 735 52098 52034 9521 7370 4014 1788 4921
is_linear=0
shrinkage=0.05


Tree=115
num_leaves=63
num_cat=0
split_feature=13 17 2 40 35 37 0 12 9 18 33 36 4 25 15 43 27 42 8 12 4 50 44 18 9 51 45 37 42 37 45 39 17 44 26 44 0 9 39 33 42 31 15 29 43 16 37 9 0 44 35 1 10 9 37 8 46 50 31 25 31 18
split_gain=5400.5 6291.6 7094.73 5804.65 7118.49 6540.54 8694.93 5930.87 5875.23 5730.11 5551.48 5479.88 7469 5852.81 6878.62 8561.94 7208.78 5418.14 8083.04 5470.71 7969.88 7706.57 11538 11864.6 10264 9921.48 6158.9 8825.28 6291.39 6276.52 6157.46 5849.13 5792.58 8194.41 5416.9 5407.92 5306.38 6126.53 5272.23 8890.27 7706.52 6285.07 6241.12 5277.63 6400.74 5630.06 5207.8 6526.12 6918.82 6287.62 9882.46 6562.54 10569.2 6424.38 6191.69 5192.78 5112.11 5461.33 6329.71 5058.65 5015.73 4952.06
threshold=7.5081732273101816 41.004999160766609 115.50000000000001 -12.976900100708006 10.019999980926515 35.944999694824226 72.500000000000014 10.218351840972902 38.305000305175788 38.614999771118171 -7.7139785289764395 0.74549999833107006 14.050000190734865 29.605000495910648 0.58849999308586132 0.20750000327825549 1.4339482188224795 0.94999998807907116 0.52849999070167553 -3.8602805137634273 56.500000000000007 1.5000000000000002 25.414999961853031 41.655000686645515 12.944999694824221 1.5000000000000002 83.014999389648452 26.285000801086429 26.050000190734867 28.085000038146976 71.005001068115249 52.004999160766609 22.015000343322757 33.18499946594239 4.9692871570587167 31.994999885559086 48.20000076293946 35.085000991821296 2.0049999952316289 7.2550878524780282 23.250000000000004 22.994999885559086 0.18849999457597735 1.0000000180025095e-35 0.4825000017881394 26.175000190734867 18.605000495910648 7.7950000762939462 11.050000190734865 19.515000343322757 17.349999427795414 36.100000381469734 56.995000839233406 6.3250000476837167 14.934999942779543 0.71449998021125805 34.875000000000007 2.5000000000000004 39.004999160766609 25.925000190734867 15.010000228881838 43.004999160766609
decision_type=10 8 8 8 8 10 10 10 8 10 10 10 10 8 8 8 8 8 10 8 10 2 10 10 10 2 8 10 8 8 10 10 8 10 10 10 10 10 10 8 10 8 10 8 10 10 10 8 8 8 10 10 10 10 8 10 10 2 10 8 8 8
left_child=3 -2 -3 4 9 6 7 8 61 55 -10 13 -13 -8 15 -15 -17 18 -5 21 32 22 26 24 -24 30 27 31 -29 -28 -26 -19 33 -21 46 -4 37 -9 39 43 41 42 -41 45 -45 -34 49 -48 -49 53 -51 -52 54 -23 -53 -1 -55 58 -58 -44 -50 -6
right_child=1 2 35 17 5 -7 11 36 10 -11 -12 12 -14 14 -16 16 -18 19 -20 20 -22 34 23 -25 25 -27 29 28 -30 -31 -32 -33 38 -35 -36 -37 -38 -39 -40 40 -42 -43 59 44 -46 -47 47 48 60 50 51 52 -54 56 -56 -57 57 -59 -60 -61 -62 -63
leaf_value=0.058772893644619961 0.015260483754836924 -0.037718190975642385 0.021354195813235902 -0.11150960013240559 0.00367058917059417 -0.12831245566247895 -0.022867163469140629 0.19366883981625091 -0.042111071862746034 0.24514864530826508 0.41686469779815527 -0.010979061014950275 0.70607762158564902 0.056288623830100692 0.044539646699687824 0.28075991318396787 0.9872160398558556 -0.051032612512422061 0.32849525291774728 -0.03632320606564645 0.043671453699740577 -0.15005325083757234 -0.17999510623307691 -0.53722054811555953 0.72353784000541244 0.11618533038211765 -0.14194769577823582 0.66810287774448662 0.00010588003056389946 -0.54546119897608081 0.12764415494979373 -0.33906053264431141 0.023203808964708417 0.28889010677936716 0.076061986959608641 0.40658107627278722 -0.19848288579990991 0.81112681344186643 0.0017240099863369013 0.14115335747106547 -0.0022133181178007537 0.10452062797255063 0.28171055095642805 0.00077238101957929992 -0.14388649476945256 0.14833817114556508 0.26849272663418494 -0.049803819046772078 0.084485085925022754 0.013156040368474169 0.094325659669202741 0.89209685530783478 -0.0025142984927908796 -0.0063669224741225647 0.35636772178146453 -0.069246859309670381 0.64789448117967263 0.034321074220874812 0.14655577638602638 0.96798842494086978 -0.0086706288926428812 -0.083893078340366731
leaf_weight=9643 9102 22006 219 1749 13892 887 490 166 112 383 160 60 92 101 271 68 77 3070 111 11550 12972 717 180 67 139 452 1746 71 70 102 63 187 4017 197 2029 156 57 53 131026 136 1883 3709 50 10622 824 1158 208 10663 1471 4957 1911 69 185 10599 247 863 86 748 235 58 81615 1827
leaf_count=9643 9102 22006 219 1749 13892 887 490 166 112 383 160 60 92 101 271 68 77 3070 111 11550 12972 717 180 67 139 452 1746 71 70 102 63 187 4017 197 2029 156 57 53 131026 136 1883 3709 50 10622 824 1158 208 10663 1471 4957 1911 69 185 10599 247 863 86 748 235 58 81615 1827
internal_value=3.60156e-11 -0.0197892 -0.0340433 0.00188138 0.0231679 0.00413211 0.0108737 0.00144626 -0.0025201 0.0551822 0.227875 0.143191 0.423029 0.100951 0.218303 0.409725 0.655912 -0.000177275 -0.0852512 0.000350028 0.0059333 -0.00781287 -0.0623675 0.102926 0.154353 0.246375 -0.0907567 -0.0508039 0.336473 -0.16422 0.53769 -0.0675697 0.00297053 -0.0308693 -0.00491545 0.181609 0.231251 0.343099 0.0055605 0.0279446 0.0810358 0.120691 0.366499 0.00930311 -0.00964164 0.0512049 -0.00636037 -0.0112667 -0.0118874 0.016976 0.0535464 0.136554 0.297629 -0.00478316 0.473347 0.0482569 0.0041437 0.108355 0.280871 0.650267 -0.00702135 -0.00650683
internal_weight=362634 31483 22381 331151 29202 18313 17426 16267 15991 10889 272 1159 152 1007 517 246 145 301949 1860 300089 178202 121887 6147 901 834 654 5246 3398 141 1848 202 3257 165230 11747 115740 375 276 219 153483 22457 5836 3953 244 16621 11446 5175 113711 93957 93749 19754 7369 2412 501 12385 316 10506 11668 1069 321 108 83086 15719
internal_count=362634 31483 22381 331151 29202 18313 17426 16267 15991 10889 272 1159 152 1007 517 246 145 301949 1860 300089 178202 121887 6147 901 834 654 5246 3398 141 1848 202 3257 165230 11747 115740 375 276 219 153483 22457 5836 3953 244 16621 11446 5175 113711 93957 93749 19754 7369 2412 501 12385 316 10506 11668 1069 321 108 83086 15719
is_linear=0
shrinkage=0.05


Tree=116
num_leaves=63
num_cat=0
split_feature=49 49 16 11 5 18 42 44 51 9 3 30 37 51 6 30 5 23 39 49 30 16 42 49 3 30 51 16 35 32 30 5 15 40 1 16 51 30 23 37 44 11 44 28 9 36 46 1 39 27 44 15 47 9 48 26 11 37 37 51 44 37
split_gain=5577.55 8840.57 20332.4 14654.8 11466.3 14071.6 9243.24 17292.3 27500.4 17369 13746.1 13035.3 17330.5 23055.7 20762.2 15138.6 15100.2 13067 10815.7 10670.5 10214.3 9437.86 9112.2 8912.47 11271.4 12715.8 8969.32 8528.62 8629.99 9996.36 8407.26 8385.22 8331.57 8275.81 8575.36 8394.27 8219.43 12735.6 9449.37 9579.59 8271.23 8176.47 10714.2 8408.63 8061 7963.41 7725.44 7673.98 7655.79 7622.33 7560.26 7491.26 7481.43 7461.73 7452.06 7372.7 7128.64 7015.21 6903.08 6899.63 13564.3 12120.3
threshold=20.500000000000004 12.500000000000002 23.105000495910648 13.635000228881838 82.500000000000014 25.48499965667725 14.735000133514406 29.045000076293949 3.5000000000000004 15.72499990463257 28.050000190734867 15.275000095367433 22.48499965667725 4.5000000000000009 68.500000000000014 8.6050000190734881 18.10000038146973 16.125000000000004 2.0049999952316289 18.500000000000004 18.085000038146976 7.7650001049041757 2.0499999523162846 14.500000000000002 19.10000038146973 21.615000724792484 2.5000000000000004 29.654999732971195 16.750000000000004 14.885000228881838 28.005000114440922 73.500000000000014 0.19449999928474429 -11.400064945220945 65.500000000000014 29.914999961853031 5.5000000000000009 27.515000343322757 26.664999961853031 26.775000572204593 32.114999771118171 16.545000076293949 23.925000190734867 5.3500001430511483 20.855000495910648 0.17950000613927844 19.845000267028812 103.50000000000001 30.005000114440922 -6.2654879093170157 16.005000114440922 0.16350000351667407 10.143094539642336 32.664999008178718 -14.56241989135742 -2.3424373865127559 22.554999351501468 32.335000991821296 35.465000152587898 2.5000000000000004 22.564999580383304 33.315000534057624
decision_type=2 2 10 10 10 8 10 10 2 8 10 8 10 2 10 10 10 10 10 2 8 10 8 2 8 8 2 10 8 10 10 10 8 8 8 10 2 10 8 8 10 8 8 10 8 10 8 10 8 8 10 10 10 10 8 10 10 10 10 2 10 10
left_child=1 22 4 30 6 -6 18 11 10 -10 -9 15 13 17 55 56 -15 -13 -3 44 50 -20 -1 33 25 26 31 28 29 -28 -4 48 -2 34 -5 -36 54 38 39 -38 -41 42 51 -44 -19 -35 -12 -27 -25 -24 -18 -23 53 58 -26 -14 -8 -55 -51 61 -61 -56
right_child=32 2 3 23 5 -7 7 8 9 -11 46 12 14 16 -16 -17 20 19 21 -21 -22 41 49 24 36 47 27 -29 -30 -31 -32 -33 -34 45 35 -37 37 -39 -40 40 -42 -43 43 -45 -46 -47 -48 -49 -50 52 -52 -53 -54 57 59 -57 -58 -59 -60 60 -62 -63
leaf_value=-0.11140835049193064 -0.011819193176120133 0.18421645070831247 0.023155406377533053 0.06201169837496693 0.53942112053185709 -0.078372243062069968 0.046765561901011797 -0.36680908697052483 -0.24139167608378553 0.17306912131560015 0.34430257255832353 0.035788813170015081 0.10686184715403937 0.21332652739622118 -0.48324283659635442 -0.028419002217809731 0.093973313327482419 0.53360450692357508 -0.037245007563896364 0.14436881735485041 0.10349965969037721 0.058180491691861402 -0.03889095447995923 -0.11276493781920752 0.21222560772098098 -0.13849852773671381 -0.014309636168470681 -0.14906056435608689 0.018821895525322038 0.37902649286724799 0.21693514403564401 -0.34327563823423757 -0.11732076177224066 0.11378591557506082 0.87607039314384272 0.20652909671686626 -0.075314624321144899 0.62424238296807744 -0.12990921585381529 0.32569672673170275 -0.25569105759464406 0.12049371760574379 -0.01904449207433356 0.17195708050464029 0.27690816552362452 -0.020837080426998056 -0.17096944931519231 0.45546960939060566 0.094219844220521085 0.00028113042662156098 -0.41169140819982347 -0.12277402554569194 -0.095076942867564448 -0.022683929366081261 -0.063601912041193698 -0.040108456960455945 0.20022679492836201 0.27226513146520331 -0.33462392879383906 0.14422967331076167 -0.00085606625258795646 0.041077236102434106
leaf_weight=1965 43721 1887 31063 3277 250 146 2512 927 347 931 114 488 2006 447 197 8981 94 635 2236 547 237 986 13871 1592 399 4819 258 471 1524 432 570 284 1955 1253 60 213 703 64 3220 353 74 5116 908 1577 590 8909 201 55 621 175366 346 1362 2063 344 8958 1485 1083 487 154 1887 11013 4000
leaf_count=1965 43721 1887 31063 3277 250 146 2512 927 347 931 114 488 2006 447 197 8981 94 635 2236 547 237 986 13871 1592 399 4819 258 471 1524 432 570 284 1955 1253 60 213 703 64 3220 353 74 5116 908 1577 590 8909 201 55 621 175366 346 1362 2063 344 8958 1485 1083 487 154 1887 11013 4000
internal_value=1.44729e-11 0.00235397 0.0128604 -0.000418203 0.0440568 0.311649 0.0411327 0.0210139 -0.102294 0.0605356 -0.269844 0.0368291 0.0911381 0.17285 0.0161619 0.00628894 -0.0122112 0.264889 0.0728265 0.327982 -0.161126 0.0555763 -0.00428293 -0.0161451 -0.0278839 -0.0738217 -0.0192931 0.0441432 0.0852449 0.231953 0.0266472 -0.0875056 -0.0163348 0.0187211 0.0844415 0.353681 -0.0128225 -0.0759521 -0.0862538 0.0381448 0.224941 0.0764376 0.0298017 0.102167 0.409971 -0.00423773 0.0155099 -0.131796 -0.054682 -0.00318819 -0.303663 -0.0467855 -0.000412441 0.000694969 -0.0022099 0.0443437 0.092996 0.150168 -1.27129e-05 -0.00551873 0.0203669 -0.0312885
internal_weight=362634 316958 122708 86072 36636 396 36240 22168 2520 1278 1242 19648 7072 3384 3688 12576 1124 2260 14072 1772 677 12185 194250 54439 40727 10056 5182 2685 2214 690 31633 2497 45676 13712 3550 273 30671 4414 4350 1130 427 9949 4833 2485 1225 10162 315 4874 2213 192285 440 2348 178414 176351 26257 3491 3595 831 175520 25858 12900 12958
internal_count=362634 316958 122708 86072 36636 396 36240 22168 2520 1278 1242 19648 7072 3384 3688 12576 1124 2260 14072 1772 677 12185 194250 54439 40727 10056 5182 2685 2214 690 31633 2497 45676 13712 3550 273 30671 4414 4350 1130 427 9949 4833 2485 1225 10162 315 4874 2213 192285 440 2348 178414 176351 26257 3491 3595 831 175520 25858 12900 12958
is_linear=0
shrinkage=0.05


Tree=117
num_leaves=63
num_cat=0
split_feature=46 51 15 37 51 51 50 24 50 9 51 50 50 50 42 7 47 50 2 38 44 51 46 51 19 37 50 0 47 27 37 51 30 31 17 49 30 4 21 18 28 50 23 29 15 38 51 13 6 0 25 23 51 37 31 37 30 38 21 37 39 30
split_gain=5304.43 9851.33 6048.57 5489.63 6363.24 8467.47 10667.3 10258.6 9451.2 7493 9362.8 7345.18 6836.55 6201.63 6107.25 9213.4 9888.93 9515.15 10254.6 11133.2 11370 10170.1 9413.73 11392.9 10352.3 8992.92 9432.3 8923.95 8568.34 8491.91 8240.57 19891.2 23554 18598.8 16767.5 13580.4 10922.4 10770.6 9191.08 8766.85 8528.72 8230.14 7967.4 8333.76 11375 7944.42 9614.44 7665.88 7528.86 7386.38 11292.1 7535.57 7346.94 7226.2 8074.58 15168.5 7781.83 13430 8271.93 7181.32 7139.81 7119.21
threshold=8.7349996566772479 1.5000000000000002 0.57250002026557933 37.68499946594239 4.5000000000000009 1.5000000000000002 5.5000000000000009 115.00999832153322 7.5000000000000009 36.264999389648445 1.0000000180025095e-35 5.5000000000000009 8.5000000000000018 4.5000000000000009 17.849999427795414 17.550000190734867 -0.28268575668334955 6.5000000000000009 45.049999237060554 105.02500152587892 30.154999732971195 1.0000000180025095e-35 26.005000114440922 1.0000000180025095e-35 7.922570228576661 29.724999427795414 5.5000000000000009 28.10000038146973 -6.4788615703582755 -6.1499993801116934 33.164999008178718 3.5000000000000004 26.335000038146976 52.004999160766609 75.009998321533217 19.500000000000004 25.304999351501468 11.050000190734865 17.550000190734867 39.995000839233406 5.3500001430511483 11.500000000000002 16.404999732971195 0.012500000186264517 0.19749999791383746 64.99499893188478 3.5000000000000004 8.0956931114196795 47.299999237060554 69.500000000000014 22.974999427795414 28.295000076293949 2.5000000000000004 24.295000076293949 79.009998321533217 33.635000228881843 20.384999275207523 48.004999160766609 29.750000000000004 31.845000267028812 22.005000114440922 16.695000648498539
decision_type=8 2 10 10 2 2 2 10 2 10 2 2 2 2 8 10 10 2 8 10 8 2 10 2 10 8 2 8 10 8 10 2 8 8 8 2 10 10 10 10 8 2 8 8 8 8 2 10 10 10 8 8 2 8 10 8 8 8 10 10 8 8
left_child=1 2 -1 14 5 8 -7 -8 9 -5 -11 13 -10 -6 15 17 41 18 19 22 -21 27 24 -24 25 42 -27 -19 29 -25 39 33 -33 34 -32 38 -35 -36 -34 40 -20 -17 -2 -44 -45 46 48 -16 59 -48 51 -51 -28 -29 56 -56 57 -55 -58 -42 -39 -23
right_child=3 -3 -4 4 11 6 7 -9 12 10 -12 -13 -14 -15 47 16 -18 21 30 20 -22 61 23 28 -26 26 52 53 -30 -31 31 32 35 36 37 -37 -38 60 -40 -41 45 -43 43 44 -46 -47 49 -49 -50 50 -52 -53 -54 54 55 -57 58 -59 -60 -61 -62 -63
leaf_value=-0.041106770800483763 -0.063798115026351562 -0.00058998826714272662 -0.18159323064880895 -0.3955622976610122 -0.04233482165682112 0.48064087792668198 -0.039981461769509084 0.450647379020229 0.34927275997295881 0.12129134356630622 -0.28994054684454812 -0.052317017995102223 -0.20328044367247614 -0.51106076188808447 -0.00042232571377405693 0.051862934939773279 -0.02646654379775637 -0.012899149135029318 -0.11014626970565687 -0.038735061586990867 -0.30061624953874883 0.066498806387410445 -0.09257055006560018 0.36163297032296249 0.22928891630608994 -0.13679671043996156 -0.098215317718034989 -0.09142683843076653 0.031028737376850076 0.11462920417530043 0.28935916379888715 -0.13916000131331827 0.8592766607916632 0.2658263805010454 0.25674204077157708 -0.25819105283733002 -0.13687969514435969 0.69289741244453662 0.10590157165365705 -0.11932935041896212 -0.0015663615516409532 -0.060069892248344026 0.080354148989464177 0.01861867174095173 -0.12970064576650628 0.13963666243985165 0.08106035868438588 -0.045899410845882921 -0.15293654119651923 1.1569821505592419 -0.010114064856061658 0.37585010756003229 0.069433536213551056 0.95321799324744427 0.17931018088012934 1.1552717463587816 0.059423989263405252 -0.11086442278196605 0.35913387699707933 0.34617399638518692 1.3964404088847431 -0.026884269879392932
leaf_weight=14471 3158 35804 809 313 102 139 950 120 157 270 284 424 87 229 167557 27382 5776 3626 730 1751 543 2154 1026 398 479 2404 1121 440 3358 2768 361 842 129 427 54 57 278 65 59 803 2060 1747 4592 11525 1456 2622 2011 9809 831 52 103 76 1567 69 160 53 2557 52 253 160 81 38893
leaf_count=14471 3158 35804 809 313 102 139 950 120 157 270 284 424 87 229 167557 27382 5776 3626 730 1751 543 2154 1026 398 479 2404 1121 440 3358 2768 361 842 129 427 54 57 278 65 59 803 2060 1747 4592 11525 1456 2622 2011 9809 831 52 103 76 1567 69 160 53 2557 52 253 160 81 38893
internal_value=1.52417e-11 -0.014934 -0.0485448 0.00244869 -0.0640274 -0.022996 0.0685727 0.0150423 -0.122642 -0.200006 -0.0895207 -0.190111 0.152256 -0.36662 0.00311135 0.0112941 0.0332989 0.00331032 0.0190857 0.00587345 -0.100724 -0.0123637 0.0130971 0.06231 -0.00102954 -0.0053018 -0.0648382 0.0424042 0.0866674 0.14568 0.0595544 0.143278 -0.0136106 0.277984 0.492821 0.417869 0.107029 0.86007 0.622845 0.0387032 0.0533823 0.0451498 0.00932169 0.0224619 0.00198259 0.0684645 0.0332079 -0.00293738 -0.0245589 0.111819 0.379593 0.693185 -0.000482522 0.0983556 0.124915 0.422155 0.103315 0.495926 0.0864085 0.023496 1.08322 -0.0219839
internal_weight=362634 51084 15280 311550 3075 2320 1209 1070 1111 867 554 755 244 331 308475 131109 34905 96204 47947 36146 2294 48257 33852 7550 26302 25823 5092 7210 6524 3166 11801 2353 1087 1266 561 245 705 200 188 9448 8645 29129 20731 17573 12981 7915 5293 177366 3051 2242 231 128 2688 3584 3144 213 2931 121 2810 2220 146 41047
internal_count=362634 51084 15280 311550 3075 2320 1209 1070 1111 867 554 755 244 331 308475 131109 34905 96204 47947 36146 2294 48257 33852 7550 26302 25823 5092 7210 6524 3166 11801 2353 1087 1266 561 245 705 200 188 9448 8645 29129 20731 17573 12981 7915 5293 177366 3051 2242 231 128 2688 3584 3144 213 2931 121 2810 2220 146 41047
is_linear=0
shrinkage=0.05


Tree=118
num_leaves=63
num_cat=0
split_feature=51 51 37 49 44 8 49 44 9 38 6 38 50 44 0 50 7 9 6 13 42 14 50 37 37 3 2 6 37 50 44 30 50 32 30 8 45 49 30 30 45 9 3 30 25 44 1 51 16 37 44 50 30 50 50 30 30 24 1 18 50 30
split_gain=5038.21 13597.3 17905.7 19313.7 15105.8 10612 8969.07 10649.1 12890.8 12289.9 9407.12 9699.17 8931.83 13133.2 16712.1 19909.5 14357.1 14260.3 10924 10533.3 10408.9 14137.1 10401.5 9737.72 10364 9619.05 9210.67 8586.8 8586.6 10092.5 9784.22 20699.2 18889.8 23849.6 9600.53 9351.25 11384.1 8681.93 8626.9 8567.18 8918.29 22341.2 10906.9 8564.27 8507.16 8457.35 8399.03 8306.07 8268.94 11558.7 10460.4 15392.1 13087.5 10550.1 14361.9 10291.9 10115.5 8148.16 8131.37 9587.05 8406.89 23370
threshold=4.5000000000000009 3.5000000000000004 29.185000419616703 7.5000000000000009 33.335000991821296 0.70949998497962963 21.500000000000004 28.445000648498539 16.32499980926514 47.004999160766609 58.20000076293946 98.009998321533217 10.500000000000002 26.035000801086429 35.100000381469734 11.500000000000002 16.145000457763675 28.954999923706058 77.500000000000014 -4.2017102241516104 63.250000000000007 41.250000000000007 1.5000000000000002 12.315000057220461 27.525000572204593 49.149999618530281 4.0499999523162851 115.50000000000001 36.844999313354499 5.5000000000000009 35.254999160766609 17.845000267028812 5.5000000000000009 34.844999313354499 23.255000114440922 0.74050000309944164 31.005000114440922 4.5000000000000009 21.615000724792484 8.1849999427795428 26.994999885559086 18.714999198913578 22.050000190734867 19.755000114440922 16.714999198913578 29.32499980926514 79.500000000000014 1.5000000000000002 13.484999656677248 19.605000495910648 14.585000038146974 11.500000000000002 18.654999732971195 3.5000000000000004 1.5000000000000002 22.664999961853031 29.375000000000004 122.02000045776369 114.50000000000001 33.805000305175788 8.5000000000000018 15.425000190734865
decision_type=2 2 8 2 10 10 2 8 10 10 10 10 2 10 10 2 10 10 10 8 10 10 2 10 10 10 8 10 10 2 10 8 2 10 10 10 10 2 10 8 8 10 10 10 8 10 10 2 10 10 10 2 8 2 2 8 10 10 10 10 2 8
left_child=1 12 3 48 6 46 7 9 -9 -5 -10 -12 20 19 16 -16 18 -17 -15 -14 21 25 -22 -18 -25 58 -21 28 30 -30 35 -32 44 34 -34 37 -37 -2 43 -28 41 -41 47 -38 -33 -19 -4 -43 -3 50 53 57 -53 54 -50 -56 -55 -52 60 -60 -1 -62
right_child=27 2 5 4 -6 -7 -8 8 10 -11 11 -13 13 14 15 17 23 45 -20 26 22 -23 -24 24 -26 -27 39 -29 29 -31 31 32 33 -35 -36 36 38 -39 -40 40 -42 42 -44 -45 -46 -47 -48 -49 49 -51 51 52 -54 56 55 -57 -58 -59 59 -61 61 -63
leaf_value=-0.011234879864955354 0.015727775140482871 -0.08801598320769588 -0.00394427975311767 0.15631586313163465 0.37924937384162394 -0.18170768936040013 -0.0068235350414623062 -0.23848373519315846 -0.0025346945314641098 0.065092014590133057 0.41045970835946888 -0.18956711023241621 -0.082075227970007381 0.11842805708547255 -0.46660257275924089 -0.28880343662458474 0.53847173288756733 0.67130714773717859 0.90264144253730783 -0.092851089633440284 -0.14140369549293286 0.047917832371968214 -0.013669884833722102 -0.25615914706600207 0.14813229541169173 0.034790552824112926 -0.16595950127068887 0.51176100574150873 -0.331403592115179 -0.04175875018884706 0.65866727826992677 0.22051568877859373 0.43088460859635647 0.99268824489911411 0.046988151994430356 0.42267881259632611 0.0047574866385163986 -0.020436983668649017 0.004643397405769527 0.0031656086786757652 -0.001304035918515324 0.117236554911133 0.050224554498119571 0.61571801332831388 -0.35799195609607332 -0.055731030054286951 -0.23198048505266866 0.53401395179956412 -0.17250812327201737 -0.01632884344829277 0.060325144654872556 0.93596687685818447 0.27299390779733262 -0.17731798920087191 0.049704853441282518 0.4678545834866551 0.49465533481910828 0.41414902749034649 -0.18500911739739506 0.62855371690161954 0.24559798732003812 0.010568178643986034
leaf_weight=104545 21189 2266 10466 5474 392 1016 3557 504 2068 11342 287 88 5174 397 625 192 51 90 50 2643 2394 17340 4768 750 201 17701 708 79 439 955 150 78 180 75 1710 240 106 76548 1347 2169 20578 164 295 125 343 72 420 441 298 9433 2016 93 373 841 302 287 60 177 55 106 1105 24696
leaf_count=104545 21189 2266 10466 5474 392 1016 3557 504 2068 11342 287 88 5174 397 625 192 51 90 50 2643 2394 17340 4768 750 201 17701 708 79 439 955 150 78 180 75 1710 240 106 76548 1347 2169 20578 164 295 125 343 72 420 441 298 9433 2016 93 373 841 302 287 60 177 55 106 1105 24696
internal_value=-6.64613e-12 0.00372623 0.0266508 0.042721 0.0714416 -0.0271658 0.0662675 0.0794226 -0.00825162 0.0947875 0.0392461 0.269653 -0.00199745 -0.0251848 -0.137317 -0.296907 -0.0294925 0.00269703 0.206148 -0.0167222 0.00264781 0.00520091 -0.0563667 -0.134613 -0.17071 0.000203132 -0.00419771 -0.00932134 -0.00971913 -0.132974 -0.00803615 0.088947 0.0531306 0.11825 0.0835497 -0.0105066 0.101852 -0.0125966 0.0530568 0.00542294 0.0105542 0.090065 0.299492 0.335364 -0.25081 0.348179 -0.0127423 0.421036 0.000541925 0.0149996 0.0814536 0.144337 0.405304 -0.0120623 0.110347 0.253455 -0.132569 0.0888827 -0.00448805 0.350629 -0.00492668 0.020634
internal_weight=362634 259070 51760 39858 23712 11902 23320 19763 2947 16816 2443 375 207310 34600 2428 979 1449 354 447 32172 172710 165548 7162 1002 951 148208 26998 103564 103485 1394 102091 2536 2386 1965 1890 99555 1818 97737 1578 24355 23647 3069 900 231 421 162 10886 605 16146 13880 4447 2659 466 1788 887 589 901 2193 130507 161 130346 25801
internal_count=362634 259070 51760 39858 23712 11902 23320 19763 2947 16816 2443 375 207310 34600 2428 979 1449 354 447 32172 172710 165548 7162 1002 951 148208 26998 103564 103485 1394 102091 2536 2386 1965 1890 99555 1818 97737 1578 24355 23647 3069 900 231 421 162 10886 605 16146 13880 4447 2659 466 1788 887 589 901 2193 130507 161 130346 25801
is_linear=0
shrinkage=0.05


Tree=119
num_leaves=63
num_cat=0
split_feature=4 24 23 14 28 23 2 11 51 50 6 7 3 51 23 49 50 50 50 6 46 51 10 48 7 1 6 49 7 51 3 34 25 51 51 49 50 6 47 50 42 49 7 33 23 36 42 24 47 51 51 43 19 51 1 45 39 38 10 29 49 49
split_gain=5074.81 7868.29 7275.17 7905.97 9900.84 6962.01 14814 15968.5 9158.9 9287.36 14321.5 13408.3 9798.57 8988.43 8958.66 8691.75 7634.33 11536 11447.3 10924.6 10188.8 7478.77 8196.28 7281.09 10769.6 7272.64 7225.98 7002.39 9717.89 6852.43 6645.51 6506.9 6331.93 6297.27 7395.29 18870.5 15416.7 10801.4 10335.4 9801.05 8798.01 8784.88 6848.76 6240.05 6022.31 7820.25 9018.17 8538.52 7059.02 6850.18 8161.55 7500.99 6819.96 6500.45 7297.49 6905.75 6004.14 5973.38 6332.43 5924.41 7158.41 7429.44
threshold=12.050000190734865 241.50000000000003 12.694999694824221 21.849999427795414 10.019999980926515 21.095000267028812 11.09999990463257 37.995000839233406 5.5000000000000009 11.500000000000002 47.299999237060554 22.94999980926514 28.050000190734867 1.0000000180025095e-35 26.954999923706058 15.500000000000002 11.500000000000002 10.500000000000002 4.5000000000000009 36.049999237060554 21.005000114440922 3.5000000000000004 67.005001068115249 -9.1789231300353986 13.050000190734865 36.100000381469734 97.500000000000014 17.500000000000004 61.95000076293946 1.5000000000000002 18.050000190734867 -8.5650796890258771 28.554999351501468 4.5000000000000009 3.5000000000000004 9.5000000000000018 2.5000000000000004 68.500000000000014 -2.4969480037689205 11.500000000000002 35.549999237060554 12.500000000000002 61.95000076293946 -8.5354599952697736 25.345000267028812 0.52250000834465038 21.44999980926514 55.004999160766609 0.64321789145469677 1.5000000000000002 4.5000000000000009 0.53450000286102306 -3.25416088104248 3.5000000000000004 53.049999237060554 57.004999160766609 37.004999160766609 118.11500167846681 107.00999832153322 0.14850000292062762 20.500000000000004 11.500000000000002
decision_type=10 8 8 10 8 8 8 10 2 2 10 8 8 2 8 2 2 2 2 10 10 2 8 10 10 8 8 2 10 2 10 10 8 2 2 2 2 10 8 2 10 2 10 8 8 10 8 8 8 2 2 10 8 2 10 8 10 10 8 10 2 2
left_child=1 5 33 43 -5 29 -7 8 9 12 13 56 15 -11 16 57 17 18 19 -10 23 22 -15 -19 -25 -20 -16 28 -14 -1 -17 -6 -21 34 37 -36 38 40 42 -38 -2 -42 -37 -4 49 52 47 -47 53 51 -51 -33 -46 54 -49 -55 -12 58 -8 60 61 -45
right_child=2 -3 3 4 31 6 7 -9 14 10 11 -13 27 21 26 30 -18 20 25 32 -22 -23 -24 24 -26 -27 -28 -29 -30 -31 -32 44 -34 -35 35 36 39 -39 -40 -41 41 -43 -44 59 45 46 -48 48 -50 50 -52 -53 -54 55 -56 -57 -58 -59 -60 -61 -62 -63
leaf_value=-0.031836202817495905 0.010186104348136826 0.046894201756524097 -0.013877565862892828 0.066611935785558338 0.057771615779548528 -0.093594618187606185 0.00040646680957613282 -0.099050047136225103 -0.0028661526909343725 -0.19273684976238109 0.44050627140803078 0.093653763185388275 0.062436702808334257 0.29181667939760625 -0.12470134966418851 -0.13075231429997533 -0.22756647430101618 -0.071136810575370441 0.015777809143143261 0.1542662488727444 -0.19761985430541712 -0.037601103004120409 0.048035473982232381 1.0737646071061697 0.33246883797684323 -0.2759063577401108 0.24923105329942349 0.0020909704835081768 0.72516713375225672 0.0180524559895907 -0.036455437636757931 -0.021930401818789212 0.63135002703603471 -0.063821883075802222 -0.075803777242317461 0.37386210702411726 -0.29034223999362441 -0.53986524673971803 0.13542464354205963 0.17621178173126195 -0.045835678917303516 -0.25283061162842713 0.98205533375342702 -0.019524068182927023 -0.010263084457413149 0.0052974907664361335 0.023534786992608924 0.30206159612170091 -0.26677840960025789 0.029165540253684799 -0.024316652684012046 -0.15813888187604108 0.058258007387164759 0.42829323116577522 0.7004269266561155 -0.093384521209851051 1.0094987370322148 -0.17207956703090008 0.16937018277342708 0.02079075422941614 -0.066356221136993465 0.016312195532522361
leaf_weight=9370 6989 5843 54829 9666 7108 6639 5905 5062 561 378 204 336 4518 557 3604 3023 288 54 412 147 78 980 905 73 149 444 134 20369 56 25933 4892 11306 132 6932 1330 501 240 101 646 212 2225 666 51 24690 8560 329 1233 301 50 19761 11163 1110 6307 116 186 140 60 450 612 44641 4162 34915
leaf_count=9370 6989 5843 54829 9666 7108 6639 5905 5062 561 378 204 336 4518 557 3604 3023 288 54 412 147 78 980 905 73 149 444 134 20369 56 25933 4892 11306 132 6932 1330 501 240 101 646 212 2225 666 51 24690 8560 329 1233 301 50 19761 11163 1110 6307 116 186 140 60 450 612 44641 4162 34915
internal_value=-3.62476e-11 -0.00944417 0.00370448 0.00610742 0.0192761 -0.0128616 -0.0230858 -0.0144782 -0.0057983 0.00227807 0.0813483 0.303168 -0.00451214 0.0341526 -0.0632807 -0.0366204 0.0134873 0.0473524 -0.0068364 0.124295 0.306969 0.0692731 0.140912 0.44957 0.576228 -0.135516 -0.111297 0.014645 0.0705506 0.00481118 -0.0724705 0.0125147 0.379983 -0.0253551 -0.00478169 0.0643389 0.177302 -0.0254188 0.27118 -0.071516 -0.0201598 -0.0935211 0.430054 -0.000131444 0.00720296 0.0322153 0.116871 0.21944 0.308284 -0.00273618 0.00985944 -0.0341075 0.0188055 0.346983 0.454209 0.143001 0.569823 0.00410778 0.0162736 0.00682087 -0.00295895 0.00146785
internal_weight=362634 102168 260466 240573 77336 96325 61022 54383 49321 43245 3420 600 39825 2820 6076 14882 2338 2050 1696 840 354 2442 1462 276 222 856 3738 24943 4574 35303 7915 67670 279 19893 12961 2980 1650 9981 1198 452 9880 2891 552 163237 60562 17222 2355 1122 793 43340 30924 12416 14867 743 487 256 264 6967 6517 108408 63767 59605
internal_count=362634 102168 260466 240573 77336 96325 61022 54383 49321 43245 3420 600 39825 2820 6076 14882 2338 2050 1696 840 354 2442 1462 276 222 856 3738 24943 4574 35303 7915 67670 279 19893 12961 2980 1650 9981 1198 452 9880 2891 552 163237 60562 17222 2355 1122 793 43340 30924 12416 14867 743 487 256 264 6967 6517 108408 63767 59605
is_linear=0
shrinkage=0.05


Tree=120
num_leaves=63
num_cat=0
split_feature=49 49 16 1 11 17 37 30 40 46 27 5 44 7 3 4 16 12 0 1 30 28 29 44 32 46 13 15 27 49 0 9 44 34 37 32 7 4 7 24 1 0 42 5 37 32 6 16 44 30 5 37 5 37 28 31 9 4 9 30 35 6
split_gain=5026.18 7666.11 18316.3 13902.6 11533.5 10814.6 12020.6 11593.4 10207.5 10725.4 9984.38 9254.44 9154.15 9112.42 8879 8307.24 8232.1 10027.9 8935.01 8181.29 11605.4 11032.3 8116.59 8048.89 7854.03 7808.04 7521.49 7458.01 7429.26 8600.33 7490.86 7364.84 8496.63 7545.69 7302.05 7278 7202.8 7037.74 12402.9 6984.01 6919.65 9464.99 8886.96 7862.58 7503.66 7098.38 6886.56 6721.8 12756.3 10993.3 15833.3 13874.3 12509.1 10310.1 8065.54 7397.91 7371.23 10517.4 7218.33 7188.79 7175.57 6701.7
threshold=20.500000000000004 12.500000000000002 28.845000267028812 26.050000190734867 14.654999732971193 48.98500061035157 27.925000190734867 13.925000190734865 -4.4739997386932364 63.004999160766609 -8.9304885864257795 72.500000000000014 32.764999389648445 8.2500000000000018 8.0500001907348651 30.050000190734867 25.82499980926514 -5.8526802062988272 13.09999990463257 136.50000000000003 25.855000495910648 17.349999427795414 0.065499998629093184 19.064999580383304 7.1649999618530282 18.935000419616703 -7.6533894538879386 0.19449999928474429 -4.0787043571472159 5.5000000000000009 32.100000381469734 22.964999198913578 27.025000572204593 5.304591417312623 15.574999809265138 6.6150000095367441 15.150000095367433 40.049999237060554 19.550000190734867 23.989999771118168 93.500000000000014 69.500000000000014 11.105000019073488 110.50000000000001 26.775000572204593 27.994999885559086 30.050000190734867 16.175000190734867 29.23499965667725 13.565000057220461 35.149999618530281 17.634999275207523 33.049999237060554 29.185000419616703 34.750000000000007 74.005001068115249 11.855000019073488 6.0499999523162851 24.925000190734867 11.194999694824221 14.750000000000002 76.500000000000014
decision_type=2 2 10 8 10 10 10 8 8 8 10 10 8 8 8 10 10 8 8 8 10 8 8 8 10 10 8 8 8 2 8 8 8 8 10 8 10 10 10 10 10 8 8 8 8 10 8 8 10 10 10 8 10 10 10 8 10 10 8 8 8 8
left_child=1 16 5 -4 12 6 7 15 35 -10 11 -7 14 -11 -5 24 17 46 -18 23 -21 -22 -8 -6 -3 -14 -20 -2 -19 -30 -31 -13 33 -33 -26 -9 -28 -25 61 -37 41 47 44 -44 -43 -45 -1 48 53 50 55 58 54 56 -51 -49 57 -12 -52 -59 -53 -39
right_child=27 2 3 4 19 10 22 8 9 13 40 31 25 -15 -16 -17 18 28 26 20 21 -23 -24 37 34 -27 36 -29 29 30 -32 32 -34 -35 -36 39 -38 38 -40 -41 -42 42 43 45 -46 -47 -48 49 -50 52 51 60 -54 -55 -56 -57 -58 59 -60 -61 -62 -63
leaf_value=-0.023445205862414484 -0.011234081639278802 -0.048899816288684922 -0.10309510916645431 0.15462548093078365 -0.21299997981111263 0.05155923409380643 -0.028458134096902843 0.015454067717464222 0.027105172625862303 -0.32078976774444951 0.2762042240510369 0.58108354111687399 0.082604292925049047 0.24004097408959046 -0.01752045020451674 0.18154206245836171 -0.034006650466256505 -0.031001110108245467 -0.062915305892896012 9.3880881710598863e-05 1.1188528991721829 0.12089447656400361 0.14900364510309863 -0.024686016788562536 0.11930022444211633 -0.033404581594847819 0.015601688474329443 -0.11105165399005995 0.019554587417708325 -0.0033863548489754731 -0.057803844489124095 0.16178326994180681 0.36021549795665336 -0.59104764200093463 -0.0068662911295510019 0.29464172487980234 0.066372531921758224 0.1996537194887876 0.84763931152561023 0.14450017421482364 -0.29268312222427795 -0.2584854360672364 0.11927883373042905 0.27140308713584432 0.11481477606156663 0.97471723991632464 -0.084299341547762197 -0.17558955568989243 -0.22886439007261525 0.089945505501571349 0.25559509362652361 0.087138528730122788 -0.025157476936985685 -0.5011578264335792 -0.010372029323513082 -0.040409858797221303 0.15461099005557705 -0.025827375357976596 -0.36658471900969747 -0.41793155369038387 -0.10996685231225621 -0.41887741311077487
leaf_weight=22571 43721 3163 3717 807 563 6783 5434 867 5029 78 246 142 7873 1014 10431 794 7188 20079 2142 192 58 53 731 28180 2198 1778 19231 1955 42585 56507 7121 80 199 57 2398 948 10971 189 62 4233 198 278 1637 127 261 50 5855 2714 345 5428 689 717 12709 72 3176 1614 2227 621 50 144 1297 57
leaf_count=22571 43721 3163 3717 807 563 6783 5434 867 5029 78 246 142 7873 1014 10431 794 7188 20079 2142 192 58 53 731 28180 2198 1778 19231 1955 42585 56507 7121 80 199 57 2398 948 10971 189 62 4233 198 278 1637 127 261 50 5855 2714 345 5428 689 717 12709 72 3176 1614 2227 621 50 144 1297 57
internal_value=-1.03515e-11 0.00223459 0.0120182 -0.00978627 -0.00288324 0.0291325 0.053877 0.0721123 0.103466 0.0579467 0.0132393 0.066544 0.0255147 0.199982 -0.00515866 0.0275027 -0.00394575 -0.00914869 0.0164172 -0.0230919 0.235376 0.64235 -0.00741603 -0.0257877 0.0117395 0.061232 0.0276232 -0.0155064 -0.00310956 0.00216318 -0.00947655 0.279183 0.151595 -0.151438 0.0534718 0.149535 0.0340444 -0.0220879 0.215624 0.171973 0.00205301 0.00374936 0.10054 0.153508 -0.0777223 0.470079 -0.0359795 -0.00335692 0.0604658 -0.0115725 -0.0655479 0.0281973 0.00636026 0.0906225 0.0529152 -0.125178 0.103781 -0.00818467 0.213499 -0.0996352 -0.0397958 0.0563355
internal_weight=362634 316958 122708 53960 50243 68748 26887 20722 12169 6121 41861 7261 20889 1092 11238 8553 194250 154718 39532 29354 303 111 6165 29051 7759 9651 32344 45676 126292 106213 63628 478 336 137 4596 6048 30202 28488 308 5181 34600 34402 2353 1814 539 177 28426 32049 3655 28394 7081 2753 21313 3310 8604 4328 3238 1011 739 765 2014 246
internal_count=362634 316958 122708 53960 50243 68748 26887 20722 12169 6121 41861 7261 20889 1092 11238 8553 194250 154718 39532 29354 303 111 6165 29051 7759 9651 32344 45676 126292 106213 63628 478 336 137 4596 6048 30202 28488 308 5181 34600 34402 2353 1814 539 177 28426 32049 3655 28394 7081 2753 21313 3310 8604 4328 3238 1011 739 765 2014 246
is_linear=0
shrinkage=0.05


Tree=121
num_leaves=63
num_cat=0
split_feature=46 51 43 15 40 19 37 6 48 2 5 0 19 47 48 28 0 31 43 29 44 11 18 1 7 51 0 3 37 10 38 32 31 2 13 13 2 16 5 17 9 34 32 5 46 0 25 6 3 11 46 13 51 45 51 45 38 47 21 20 51 49
split_gain=4937.39 8597.99 5765.06 5512.51 5080.5 6477.5 6236.86 7078.45 6017.38 5841 6126.42 5273.41 5023.34 5959.77 6473.93 5937.96 5623.42 6591.61 5615.86 15526.2 6902.13 6575.52 5735.09 5723.9 5545.86 6263.53 6808.82 6881.24 7770.78 6079.21 5747.83 5671.43 5439.65 6499.58 5610.44 5371.8 7939.4 5363.25 9919.57 6088.29 5763.34 5870.64 5941.04 6106.5 6262.04 5021.89 6769.32 4989.89 5233.42 4959.9 4799.35 6259.61 4739.84 4731.77 8018.33 4565.16 4855.01 4557.28 4544.87 4458.61 4402.11 5488.3
threshold=8.7349996566772479 1.5000000000000002 0.78049999475479137 0.57250002026557933 -14.912179470062254 -12.421130180358885 35.944999694824226 85.500000000000014 0.31258495151996618 103.50000000000001 105.50000000000001 85.500000000000014 -3.89654529094696 -5.2099382877349845 -3.0288950204849239 103.35000228881837 4.0499999523162851 60.010000228881843 0.33349999785423284 0.035499999299645431 27.244999885559086 18.164999961853031 5.8150000572204599 33.100000381469734 13.580000400543215 4.5000000000000009 74.500000000000014 16.10000038146973 33.164999008178718 76.009998321533217 55.989999771118171 22.185000419616703 49.995000839233406 40.049999237060554 -8.9134759902954084 0.72871875762939464 17.050000190734867 20.134999275207523 82.500000000000014 97.005001068115249 38.305000305175788 -4.6929540634155265 38.004999160766609 42.100000381469734 21.925000190734867 61.500000000000007 28.994999885559086 25.050000190734867 8.0500001907348651 42.745000839233406 35.004999160766609 -8.3135538101196271 2.5000000000000004 52.995000839233406 3.5000000000000004 20.010000228881839 31.005000114440922 7.1641876697540292 90.250000000000014 1.4081624150276186 4.5000000000000009 8.5000000000000018
decision_type=8 2 10 10 8 8 10 10 8 10 8 8 8 8 8 8 10 8 10 8 10 10 8 10 8 2 10 10 10 10 8 8 8 8 8 8 8 10 10 8 8 8 10 10 8 10 10 8 10 10 10 8 2 8 2 8 8 10 8 10 2 2
left_child=1 3 -3 -1 5 6 7 9 -9 10 -2 57 13 14 -6 -15 17 47 22 20 -20 35 -18 -21 -23 26 31 -28 -29 -27 -31 53 33 58 -34 36 -22 38 -16 50 41 -41 -43 -44 -45 -17 -47 -14 -49 -25 -39 -52 -46 54 -26 -5 -57 -7 -33 -13 61 -24
right_child=4 2 -4 55 12 11 -8 8 -10 -11 -12 59 16 15 37 45 18 -19 19 23 21 24 60 49 25 29 27 28 -30 30 -32 32 34 -35 -36 -37 -38 39 -40 40 -42 42 43 44 52 46 -48 48 -50 -51 51 -53 -54 -55 -56 56 -58 -59 -60 -61 -62 -63
leaf_value=-0.03870728612774673 -0.00219779624142102 -0.002433709251924238 0.28124723465427653 -0.50238721772868145 0.03343546120669337 0.061132137446695815 -0.14542839892898654 -0.12525939151193158 0.43544354096226306 0.43678812575645937 0.40365003441321728 0.12779389088236387 -0.024727447614183967 -0.013609306965113411 0.02781664896316002 -0.058044039127027908 -0.031360414759347748 0.0091133540457989156 -0.023488722826862124 -0.067107549060897095 0.019139241371281941 -0.08118574752028368 0.010790720935936672 -0.16714703872367628 -0.19280564814648787 0.0086401141104856978 0.059541641684725533 1.0239667415618896 0.25449741388792579 -0.57166844151892471 -0.12965656849152343 0.098161941783328086 -0.36189925188246447 0.77860526442527778 0.078478449124981559 0.0056894079900971471 0.15085028204610459 -0.008673573954703289 0.62974831739413561 0.073235502365735436 0.21466523030693963 -0.058545807240605152 -0.097893682055414835 0.0020748248861895669 -0.71373431056737902 -0.047693701717533815 -0.53988668887661051 -0.15626730018303947 -0.014429765844835716 -0.51668315809058107 0.5008238802552224 0.03971809193773964 -0.29213729895651341 0.029794521287793585 0.23455911564423626 0.13060845151752026 -0.19506044136380607 -0.20731252610315512 0.50758229867490223 0.48441360275028278 0.0023548937051730769 0.038324364352943889
leaf_weight=14471 8625 35624 180 93 13958 6570 664 66 174 78 94 278 7626 50388 8501 4896 6062 11681 12107 2704 2024 1825 34339 864 628 991 172 51 92 86 508 320 78 52 994 2773 2632 45330 69 672 189 4255 591 90 120 151 130 1733 1041 115 75 3947 150 1868 133 143 573 162 86 128 29345 38269
leaf_count=14471 8625 35624 180 93 13958 6570 664 66 174 78 94 278 7626 50388 8501 4896 6062 11681 12107 2704 2024 1825 34339 864 628 991 172 51 92 86 508 320 78 52 994 2773 2632 45330 69 672 189 4255 591 90 120 151 130 1733 1041 115 75 3947 150 1868 133 143 573 162 86 128 29345 38269
internal_value=-2.64589e-11 -0.0144081 -0.00100754 -0.0458081 0.00236245 0.029074 0.00247317 0.0133403 0.28125 0.00603121 0.00217767 0.0652263 0.000836224 -0.00633658 0.00258261 -0.0188485 0.00677705 -0.0166637 0.0104976 -0.00822332 0.00472365 0.0270294 0.0158883 -0.104614 -0.00477575 0.0182393 0.0484977 0.272626 0.528924 -0.0671714 -0.193652 0.0315223 0.108059 0.252296 0.046436 0.0607824 0.0935945 -0.00414736 0.032663 -0.00983972 -0.0571062 -0.0658447 -0.0837975 -0.196779 -0.359117 -0.0698417 -0.275399 -0.0456158 -0.10304 -0.208206 -0.0040291 0.0483165 -0.479514 -0.0130199 -0.118115 -0.172824 -0.130018 0.0546722 0.184886 0.240226 0.0186977 0.0253027
internal_weight=362634 51084 35804 15280 311550 16839 9701 9037 240 8797 8719 7138 294711 133512 77947 55565 161199 22081 139118 31103 27420 15313 108015 3683 7884 6059 4474 315 143 1585 594 4159 1530 458 1072 7429 4656 63989 8570 55419 6067 5878 5206 951 360 5177 281 10400 2774 979 49352 4022 270 2629 761 809 716 6732 406 406 101953 72608
internal_count=362634 51084 35804 15280 311550 16839 9701 9037 240 8797 8719 7138 294711 133512 77947 55565 161199 22081 139118 31103 27420 15313 108015 3683 7884 6059 4474 315 143 1585 594 4159 1530 458 1072 7429 4656 63989 8570 55419 6067 5878 5206 951 360 5177 281 10400 2774 979 49352 4022 270 2629 761 809 716 6732 406 406 101953 72608
is_linear=0
shrinkage=0.05


Tree=122
num_leaves=63
num_cat=0
split_feature=49 49 15 45 23 30 37 16 50 51 32 51 45 1 24 47 10 51 24 9 11 16 38 16 0 44 48 44 30 37 51 9 50 37 19 37 10 14 37 27 51 30 5 0 18 44 29 4 16 46 5 30 44 30 50 16 37 51 36 5 35 18
split_gain=4775.24 8481.87 17372.2 14044.3 20182.5 21452.4 21539.4 15634.4 14357.2 18631.9 13379.4 13184.1 13646.2 13048.5 12097.1 9984.77 10860.9 9434.25 16205.3 11051.1 14386 9357.39 10309.5 9027.78 9673.46 9294.18 10789.9 9834.36 13330.8 15710.1 15406.9 15692.8 14689 17075.9 14385.6 13581.1 17230.6 11613.4 11239.5 16578.4 10955.2 11571.4 10899.3 9341.48 11347 9266.6 8926.61 10690.9 8791.65 9471.86 8508.91 12780.1 12627.4 9721.27 8920.59 8622.27 9022.29 12702.4 8298.37 7991.89 7904.93 7899.13
threshold=19.500000000000004 12.500000000000002 0.18349999934434894 53.995000839233406 20.814999580383304 17.964999198913578 27.605000495910648 19.925000190734867 9.5000000000000018 4.5000000000000009 13.135000228881838 1.0000000180025095e-35 25.005000114440922 29.10000038146973 42.004999160766609 -5.2099382877349845 49.004999160766609 5.5000000000000009 29.994999885559086 15.105000019073488 22.355000495910648 6.3250000476837167 67.005001068115249 28.845000267028812 26.050000190734867 21.675000190734867 -5.2619383335113517 16.425000190734867 17.214999198913578 23.355000495910648 1.5000000000000002 24.144999504089359 2.5000000000000004 22.085000038146976 -6.7700321674346915 13.50500011444092 62.004999160766609 34.95000076293946 22.634999275207523 -5.5127460956573477 4.5000000000000009 21.07499980926514 32.049999237060554 75.500000000000014 16.005000114440922 19.925000190734867 0.0094999996945261973 16.10000038146973 23.244999885559086 16.974999427795414 32.049999237060554 13.194999694824221 29.505000114440922 9.6649999618530291 3.5000000000000004 13.864999771118166 19.164999961853031 1.5000000000000002 0.20750000327825549 29.149999618530277 3.0499999523162846 20.695000648498539
decision_type=2 2 10 10 10 10 10 8 2 2 8 2 8 8 8 8 8 2 10 10 10 8 8 8 8 10 8 10 8 8 2 10 2 10 8 8 8 8 10 10 2 8 8 8 8 8 8 10 10 8 8 8 10 10 2 10 8 2 8 10 10 8
left_child=1 -1 3 4 5 8 7 10 15 11 -7 -10 -13 -6 59 16 -3 19 -19 20 -5 -22 -23 25 -25 27 61 -4 30 34 31 38 35 -34 37 36 -32 -30 -29 -40 -31 -42 -37 50 -45 -26 -15 -48 49 -20 51 52 53 -28 -54 -53 57 -57 -2 -11 -49 -27
right_child=58 2 23 17 13 6 -8 -9 9 14 -12 12 -14 46 -16 -17 -18 18 48 -21 21 22 -24 24 45 26 43 28 29 40 32 -33 33 -35 -36 42 -38 -39 39 -41 41 -43 -44 44 -46 -47 47 60 -50 -51 -52 55 54 -55 -56 56 -58 -59 -60 -61 -62 -63
leaf_value=-0.0036522430656105945 -0.0089300258760930083 0.47758582244193515 0.033002517108794815 -0.14314495988786183 -0.085879244700662744 0.35377505178791735 0.054093142899373239 0.29164561490217844 -0.16735157930518443 -0.26800049453058505 1.0498237179912102 0.50346241395826297 0.1014582005122404 0.027660789029271833 0.077834979728411108 0.11637931985652655 0.13608959593136657 0.37216845167382806 -0.11854861135815538 0.023526996035281543 -0.39964166898937786 0.31603192520209256 -0.059240205927230616 -0.11480586540062894 -0.16851939724850459 0.184942622001393 0.22267694457293011 0.025021141486721223 0.66205897421800897 -0.14460397369601793 0.023331508949398994 -0.38322753542844135 -0.20762904087928036 0.09043843591517553 0.070339067708730801 -0.20035770845470055 0.96882181920671973 -0.064845002835823437 0.4173545573949814 -0.61632467200818097 -0.095224409239447638 0.6344407528240994 0.12528102623196613 -0.21643052326603415 0.26398586665890339 -0.0051606398365841161 0.066366884662871647 0.70300486305693421 -0.064639230911027842 0.25067332885440402 -0.0057465319522030465 -0.53517550401962721 -0.51767389997922342 -0.13792512196612064 0.14306831698526035 -0.14515732483377736 0.089472922945601552 0.49625750791013862 -0.10163159811483401 -0.82706297425008035 0.23703920013424568 0.045436419081412688
leaf_weight=194250 58516 524 6071 2465 1800 106 332 285 354 290 198 257 1182 4732 218 1434 419 459 236 9666 85 424 322 2291 889 1937 330 673 232 922 100 784 1567 693 623 367 93 72 50 173 115 103 857 148 725 36947 1316 106 961 658 13728 52 226 431 66 103 3988 308 2518 82 644 2131
leaf_count=194250 58516 524 6071 2465 1800 106 332 285 354 290 198 257 1182 4732 218 1434 419 459 236 9666 85 424 322 2291 889 1937 330 673 232 922 100 784 1567 693 623 367 93 72 50 173 115 103 857 148 725 36947 1316 106 961 658 13728 52 226 431 66 103 3988 308 2518 82 644 2131
internal_value=1.85651e-11 0.00258109 0.0138603 0.0464934 0.0821434 0.155273 0.37616 0.557698 0.112534 0.0258077 0.807123 0.106007 0.173255 0.033824 -0.217917 0.19948 0.32585 0.01317 0.106168 -0.00343217 -0.0824938 0.0974159 0.154051 0.00146275 -0.0150399 0.0190427 0.0375998 -0.0141979 -0.0527961 0.0550662 -0.0944148 -0.219862 -0.0370989 -0.11623 0.207929 0.0891095 0.47893 0.489898 -0.0769165 -0.384558 -0.0692353 0.249526 0.0276426 0.0225735 0.182541 -0.00899894 0.0655195 0.152232 0.0403489 0.153205 0.0153121 0.0678363 -0.0888073 0.0184463 -0.368328 0.104894 0.112461 0.335514 -0.0127545 -0.391235 0.302896 0.111863
internal_weight=362634 301600 107350 29555 14279 5681 921 589 4760 2383 304 1793 1439 8598 590 2377 943 15276 2314 12962 3296 831 746 77795 40127 37668 24173 13495 7424 2067 5357 1680 3677 2260 927 1417 193 304 896 223 1140 218 1224 20105 873 37836 6798 2066 1855 894 19232 5504 1053 761 292 4451 4399 411 61034 372 750 4068
internal_count=362634 301600 107350 29555 14279 5681 921 589 4760 2383 304 1793 1439 8598 590 2377 943 15276 2314 12962 3296 831 746 77795 40127 37668 24173 13495 7424 2067 5357 1680 3677 2260 927 1417 193 304 896 223 1140 218 1224 20105 873 37836 6798 2066 1855 894 19232 5504 1053 761 292 4451 4399 411 61034 372 750 4068
is_linear=0
shrinkage=0.05


Tree=123
num_leaves=63
num_cat=0
split_feature=44 37 5 50 47 42 42 46 30 44 7 30 9 0 42 6 8 36 29 17 6 6 26 9 0 6 43 21 6 25 1 18 48 2 37 0 9 50 10 5 28 36 1 30 15 44 15 16 0 9 16 6 2 47 9 5 34 48 9 25 15 4
split_gain=4708.07 4734.02 4896.55 4781.88 10305.1 9281.4 9807.09 9069.97 8719.18 13366.6 9988.96 10889.9 9531.4 8745.47 8099.52 7907.06 9188.32 10757.4 9796.44 8726.05 8696.53 7874.54 7573.61 17138.2 9865.6 9021.13 7436.75 7423.95 8462.83 8212.32 8105.01 7551.01 7167.51 7143.79 10953 12244 9195.35 7827.4 8530.09 7143.47 8140.22 8878.6 7109.67 6777.51 10468.6 11309.3 10133.1 12015.4 9539.08 8803.63 7600.99 9096.46 7578.26 7148.17 6691.23 6635.79 6916.77 6408.28 6392.05 7947.92 7331.48 6332.31
threshold=4.1349999904632577 39.174999237060554 113.50000000000001 6.5000000000000009 7.8809475898742685 2.0499999523162846 12.449999809265138 24.005000114440922 8.6050000190734881 30.564999580383304 46.049999237060554 21.164999961853031 7.1250000000000009 32.100000381469734 54.45000076293946 20.050000190734867 0.45149999856948858 0.78949999809265148 0.035499999299645431 28.994999885559086 64.500000000000014 118.50000000000001 15.129213809967043 30.154999732971195 49.149999618530281 54.45000076293946 0.1865000054240227 121.85000228881837 46.100000381469734 9.9949998855590838 48.20000076293946 29.005000114440922 2.6995004415512089 67.500000000000014 29.634999275207523 30.050000190734867 24.925000190734867 3.5000000000000004 104.01499938964845 53.350000381469734 9.6100001335144061 0.29850000143051153 113.50000000000001 17.474999427795414 0.17249999940395358 24.765000343322757 1.0000000180025095e-35 29.295000076293949 69.500000000000014 14.605000019073488 19.064999580383304 73.500000000000014 30.050000190734867 -10.300903797149656 20.125000000000004 116.50000000000001 -9.2083802223205549 -10.892899990081785 25.845000267028812 28.275000572204593 0.61450001597404491 40.049999237060554
decision_type=8 10 8 2 10 8 8 10 8 10 8 10 10 10 10 8 10 10 10 8 10 8 10 10 10 10 8 8 8 10 8 10 10 8 10 8 8 2 10 8 10 8 10 8 8 10 10 8 10 8 10 10 10 8 10 8 8 8 8 8 10 8
left_child=-1 3 -3 4 5 58 7 15 9 12 14 13 -8 -12 33 -7 17 -17 19 -18 55 22 23 24 25 -6 -14 30 31 -30 -15 -29 -31 34 43 36 37 38 -36 -9 54 -42 -5 44 -10 -46 -45 48 53 52 51 -51 -47 -48 -41 56 -21 -13 60 -60 61 -2
right_child=1 2 -4 42 21 6 8 39 10 -11 11 57 26 27 -16 16 18 -19 -20 20 -22 -23 -24 -25 -26 -27 -28 28 29 32 -32 -33 -34 -35 35 -37 -38 -39 -40 40 41 -43 -44 46 45 49 47 -49 -50 50 -52 -53 -54 -55 -56 -57 -58 -59 59 -61 -62 -63
leaf_value=-0.076026132273493502 -0.033413799013260741 -0.13056015095460777 0.2385984984663676 -0.0046012994616561644 -0.085747721118933307 -0.025193173422471085 -0.013748960904353361 0.052663798242159249 0.0074327746071853572 -0.564494973349284 0.013475201382428487 0.27905877554073732 0.086295384571055414 -0.070674004219769257 -0.059458889695878342 0.042531429007767602 0.25831797926311756 0.7556723559802434 -0.18687786654808958 0.43073415938722959 -0.24355066787615148 0.43552953535563327 0.38843714326252177 -0.550843821057872 0.18155909939682729 -0.56253031866932379 0.2666843941306149 -0.11425227718730489 0.0064623185773454014 -0.44909777108325877 0.17966063098819365 0.16101302155030528 0.14679549021581026 0.061268727360285713 -0.50646606215282597 -0.016550264523670345 -0.084452971400612781 -0.11175302026440968 0.11361151519876261 0.39909613320896448 0.090039250013061109 0.42110333931970639 -0.3864209406108397 -0.016191775078571519 -0.1237168828423215 -0.049193012490852402 0.11515915081484265 -0.054950407229005863 0.39099942573306218 0.13570287800393999 -0.0037541010518837275 0.71065772292869434 -0.65860701549468159 0.030493738557463138 -0.0034504214496117293 0.40817001793684082 -0.014479184169208134 0.046634289351910441 -0.067571085352789273 -0.63617421409358155 0.52905320624510455 -0.25851074972786964
leaf_weight=2025 1571 1077 98 184625 2697 8311 1911 8112 7898 83 13014 302 2554 902 7533 23524 308 53 808 89 387 73 81 199 341 103 736 1446 189 440 504 301 57 3850 378 7891 3106 407 65 121 357 468 122 20711 4279 144 2897 3462 198 380 1035 84 79 17877 703 99 4407 16474 132 115 51 390
leaf_count=2025 1571 1077 98 184625 2697 8311 1911 8112 7898 83 13014 302 2554 902 7533 23524 308 53 808 89 387 73 81 199 341 103 736 1446 189 440 504 301 57 3850 378 7891 3106 407 65 121 357 468 122 20711 4279 144 2897 3462 198 380 1035 84 79 17877 703 99 4407 16474 132 115 51 390
internal_value=-2.43058e-11 0.000426925 -0.0997707 0.000754474 0.00668534 0.00842028 0.00976656 0.0289593 0.00220473 0.0650172 -0.000658879 0.0223003 0.0750632 -0.0060874 -0.0100433 0.0179125 0.029985 0.0441345 -0.0247221 4.57914e-05 -0.0159213 -0.0783204 -0.0892853 -0.100871 -0.0723625 -0.103287 0.12665 -0.0724035 -0.12526 -0.274073 0.0190619 -0.0668253 -0.380756 -0.00506282 -0.0086652 -0.0525409 -0.124331 -0.27005 -0.415484 0.071949 0.16682 0.277843 -0.00485344 0.00013832 -0.0303919 -0.0801735 0.00953781 0.031347 0.0455927 0.0280274 0.0716323 0.23979 -0.265084 0.0423006 0.0556614 0.00325014 -0.00566602 0.0508184 -0.0922576 -0.332305 -0.0627885 -0.0781807
internal_weight=362634 360609 1175 359434 174687 171193 168934 47747 121187 5284 115903 33629 5201 16853 82274 37986 29675 23577 6098 5290 4982 3494 3421 3340 3141 2800 3290 3839 2433 686 1406 1747 497 74741 70891 11847 3956 850 443 9761 1649 825 184747 59044 13899 6001 45145 24434 20972 1722 1499 464 223 20774 824 4595 4496 16776 2259 247 2012 1961
internal_count=362634 360609 1175 359434 174687 171193 168934 47747 121187 5284 115903 33629 5201 16853 82274 37986 29675 23577 6098 5290 4982 3494 3421 3340 3141 2800 3290 3839 2433 686 1406 1747 497 74741 70891 11847 3956 850 443 9761 1649 825 184747 59044 13899 6001 45145 24434 20972 1722 1499 464 223 20774 824 4595 4496 16776 2259 247 2012 1961
is_linear=0
shrinkage=0.05


Tree=124
num_leaves=63
num_cat=0
split_feature=0 6 12 40 30 20 33 9 50 44 9 18 51 45 37 44 9 9 5 3 35 11 51 46 35 0 44 18 50 44 1 30 6 30 42 4 50 9 46 18 51 44 49 6 44 46 51 14 44 28 5 11 49 51 6 30 17 51 24 30 50 20
split_gain=4455.27 6090.61 5320.08 8340.72 7427.71 8758.76 7302.73 7281.63 6979.62 11953.4 13047.6 11489.5 7652.64 10277 7644.36 8168.17 12156.9 7677.34 10463.8 6832.1 6656.78 6376.35 8656.35 6278 5852.3 7452.18 10089.8 7413.86 7787.59 13868.2 13922.2 15776.7 12845.4 11895.6 9847.95 9824.53 9405.98 8754.46 8361.38 8165.74 8047.59 12763.1 8260.8 8041.49 8233.56 9604.21 15658.6 8701.66 7832.22 8730.2 6903.46 9266.38 6824.22 6792.23 11777.7 6482.12 6860.64 6171.89 6501.95 6099.94 9057.54 8746.58
threshold=5.0999999046325692 27.10000038146973 -3.8602805137634273 -11.164767265319822 28.085000038146976 -7.6422872543334952 4.0145897865295419 30.445000648498539 1.5000000000000002 23.304999351501468 12.944999694824221 41.655000686645515 1.0000000180025095e-35 71.005001068115249 18.255000114440922 14.914999961853029 26.755000114440922 27.275000572204593 58.250000000000007 29.050000190734867 49.850000381469734 34.004999160766609 4.5000000000000009 34.004999160766609 9.9499998092651385 48.20000076293946 16.144999504089359 14.644999980926515 6.5000000000000009 24.82499980926514 84.500000000000014 12.815000057220461 45.049999237060554 17.964999198913578 13.250000000000002 21.050000190734867 9.5000000000000018 31.304999351501468 23.994999885559086 35.004999160766609 2.5000000000000004 28.785000801086429 16.500000000000004 136.50000000000003 21.675000190734867 18.005000114440922 1.5000000000000002 38.45000076293946 22.404999732971195 18.94999980926514 65.500000000000014 18.804999351501468 14.500000000000002 2.5000000000000004 47.299999237060554 21.785000801086429 39.004999160766609 1.5000000000000002 88.014999389648452 26.545000076293949 5.5000000000000009 0.30878260731697088
decision_type=8 8 8 8 10 10 10 10 2 10 10 10 2 10 8 10 10 10 10 8 8 10 2 10 8 8 10 8 2 10 8 10 10 10 10 10 2 10 10 10 2 10 2 8 10 8 2 10 10 8 10 10 2 2 10 10 8 2 10 8 2 8
left_child=1 -1 8 -4 7 -6 -7 -5 9 14 -11 12 13 -12 19 16 -16 18 -17 20 21 -2 -23 24 -10 -26 -27 -28 43 30 31 -30 35 34 -34 38 52 39 48 -38 -41 42 -42 44 53 46 -46 50 49 -33 59 -52 57 54 -29 -54 -57 58 -31 60 -48 -62
right_child=2 -3 3 4 5 6 -8 -9 23 10 11 -13 -14 -15 15 17 -18 -19 -20 -21 -22 22 -24 -25 25 26 27 28 29 36 -32 32 33 -35 -36 -37 37 -39 -40 40 41 -43 -44 -45 45 -47 47 -49 -50 -51 51 -53 55 -55 -56 56 -58 -59 -60 -61 61 -63
leaf_value=-0.0093492050402029028 0.039789826203331796 -0.075184564924014707 0.068251902800601116 0.003443366529998001 -0.019447187550699255 0.030369282262552651 0.12668830591253386 -0.039905767009448367 0.010173610054569059 -0.20842930381755168 0.80463120870956095 -0.3354268898710045 0.13174922727429625 -0.055105443495624476 -0.23860351701416824 -0.11587875420744689 -0.9531218954495021 0.14315024033225343 -0.60754749392851803 -0.13318356812291263 -0.12028529856363501 0.67727237197464896 -0.043527273966433251 0.026629892645771661 -0.018325766796955138 0.13898043671262947 0.065053618964967128 -0.086122028630796654 -0.32252311747568319 0.12987706707641719 -0.27239908872442875 0.96533245598447737 0.071816451549530022 0.070524887371161749 0.87061371254850428 -0.36968117498399056 -0.30712361084437451 0.083120198872300891 -0.19674818759927384 -0.35384700964032501 0.85050082567022811 -0.42270102268558435 0.052974459150480852 0.35253205887730354 -0.086894960816209899 -0.011985668527195919 0.14441370868896383 -0.26388528387952642 0.042187635176850646 0.28943411308337291 0.010779096956910759 0.61880448496501361 0.17041553100898638 0.040376168937986921 -0.5991857633584885 0.10746317721261514 -0.1645868044087605 -0.018968001263207461 0.74390467536449434 -0.20090036143597803 0.93760061485620294 0.25807420275499665
leaf_weight=21934 1156 4183 5536 109781 8861 29219 2110 10625 41043 352 101 119 1069 53 398 1441 70 255 117 1181 588 97 73 16555 86517 1537 4024 389 158 313 234 58 50 121 169 97 1030 248 130 108 67 59 63 184 627 3382 820 91 262 271 87 224 199 386 157 267 1755 1288 50 95 77 123
leaf_count=21934 1156 4183 5536 109781 8861 29219 2110 10625 41043 352 101 119 1069 53 398 1441 70 255 117 1181 588 97 73 16555 86517 1537 4024 389 158 313 234 58 50 121 169 97 1030 248 130 108 67 59 63 184 627 3382 820 91 262 271 87 224 199 386 157 267 1755 1288 50 95 77 123
internal_value=-2.09699e-11 -0.0198937 0.00154394 0.00791064 0.00583058 0.0244427 0.0368563 -0.000381896 -0.00466384 -0.0533016 0.0625172 0.133585 0.179221 0.508748 -0.0897966 -0.159248 -0.345476 -0.111175 -0.152801 -0.0386115 0.0197425 0.0818363 0.367753 -0.00255828 -0.0058508 -0.012072 0.0161079 0.00541572 -0.0121796 -0.0489903 0.0829682 0.146157 0.210104 0.468406 0.68824 0.102742 -0.0865405 -0.18956 0.166299 -0.240521 -0.00954172 0.187204 0.464007 0.0265985 0.0173121 0.0404976 0.123286 0.210157 0.246158 0.408589 0.240408 0.448714 -0.0446355 -0.120159 -0.233651 -0.101866 -0.128663 0.0323537 0.214454 0.182307 0.217998 0.519692
internal_weight=362634 26117 336517 166132 160596 40190 31329 120406 170385 7070 1694 1342 1223 154 5376 2281 468 1813 1558 3095 1914 1326 170 163315 146760 105717 19200 17663 13639 6997 1550 1316 1158 340 219 818 5447 1575 721 1327 297 189 130 6642 6458 5526 2144 1517 591 329 1426 311 3872 932 546 2221 2022 1651 363 1115 1020 200
internal_count=362634 26117 336517 166132 160596 40190 31329 120406 170385 7070 1694 1342 1223 154 5376 2281 468 1813 1558 3095 1914 1326 170 163315 146760 105717 19200 17663 13639 6997 1550 1316 1158 340 219 818 5447 1575 721 1327 297 189 130 6642 6458 5526 2144 1517 591 329 1426 311 3872 932 546 2221 2022 1651 363 1115 1020 200
is_linear=0
shrinkage=0.05


Tree=125
num_leaves=63
num_cat=0
split_feature=46 51 5 15 40 6 45 36 37 9 50 36 30 38 50 32 30 47 50 33 30 37 32 50 51 50 36 8 51 32 28 3 47 7 25 5 50 6 30 25 6 1 23 24 39 7 1 50 44 50 26 11 18 6 15 39 40 17 45 23 38 45
split_gain=4469.1 7681.1 5255.13 4999.39 4600.79 5652.68 12249.1 9750.02 5244.92 5253.79 17676.5 19551.2 5396.77 5064.6 5008.65 8203.12 8188.83 7255.93 7129.62 4798.55 6560.28 6519.91 13941 8100.27 7168.44 9472.98 7787.84 6364.37 6662.93 6665.29 8664.24 9485.52 11849.5 7328.56 6334.74 6278.96 13610 13802.9 13215.3 6775.59 7081.43 6490.99 6407.22 6368.55 6224.65 6187.33 7648 7120.59 6701.27 5817.51 6134.79 5501.38 5298.92 5183.45 6804.03 7716.94 9725.88 7428.29 5380.35 5292.78 5097.75 5760.27
threshold=8.7349996566772479 1.5000000000000002 96.500000000000014 0.66449999809265148 -17.555862426757809 70.500000000000014 82.009998321533217 0.61050000786781322 37.68499946594239 39.295000076293952 5.5000000000000009 0.21149999648332599 24.154999732971195 50.004999160766609 5.5000000000000009 21.185000419616703 29.375000000000004 -9.0500755310058576 4.5000000000000009 -8.8839659690856916 27.134999275207523 32.604999542236335 18.454999923706058 3.5000000000000004 1.5000000000000002 6.5000000000000009 0.49750000238418585 0.31350000202655798 2.5000000000000004 15.00500011444092 23.550000190734867 12.050000190734865 -13.62421131134033 7.7500000000000009 36.48500061035157 101.50000000000001 9.5000000000000018 71.500000000000014 18.654999732971195 53.004999160766609 60.500000000000007 56.500000000000007 29.154999732971195 241.50000000000003 36.004999160766609 44.350000381469734 11.050000190734865 10.500000000000002 37.215000152587898 4.5000000000000009 -11.771795272827147 13.394999980926515 27.255000114440922 96.500000000000014 0.30949999392032629 34.465000152587898 -2.2142635583877559 81.005001068115249 97.005001068115249 24.445000648498539 39.004999160766609 35.004999160766609
decision_type=8 2 10 10 8 8 8 10 10 10 2 8 10 10 2 8 8 8 2 8 10 10 10 2 2 2 8 10 2 10 10 8 8 10 10 10 2 10 8 10 10 10 10 10 10 10 10 2 10 2 10 10 10 10 10 8 8 10 10 10 10 8
left_child=1 3 -3 -1 5 -2 7 -7 9 19 12 -12 -11 -10 15 17 -16 -15 -17 21 35 27 23 -23 25 26 -24 -6 29 -29 31 32 -31 -33 -34 39 37 41 -38 43 -41 -37 -39 60 -35 46 -22 52 53 50 -26 -25 -47 54 -48 57 59 -56 -55 -57 61 -21
right_child=4 2 -4 -5 8 6 -8 -9 13 10 11 -13 -14 14 16 18 -18 -19 -20 20 45 22 24 51 49 -27 -28 28 -30 30 -32 33 34 44 -36 36 38 42 -40 40 -42 -43 -44 -45 -46 47 48 -49 -50 -51 -52 -53 -54 58 55 56 -58 -59 -60 -61 -62 -63
leaf_value=-0.038427260044161499 0.028299181548811406 -0.0017724481853735108 0.50123629200343911 -0.20832730921323625 -0.012570727128530679 0.21207807766367798 -0.0078127470985054973 0.82907804113626493 0.02663953167456572 0.076269380099466072 0.070275590235278726 1.0838444322197773 -0.43833532894766614 0.5578564530169523 -0.1085311670562935 -0.028341408520936969 0.24334106904829983 -0.22366035546768798 -0.47011822259132469 -0.009151057176896538 -0.023628335037130917 -0.63687754022505361 -0.21697281512500594 0.092579487918286685 0.59471709293127062 0.053323448033301857 -0.81479932589625781 0.032767819692483373 -0.0029135436362235055 0.93260937132812183 -0.17666843669484572 0.50428243500702996 0.2026279753326243 0.085270103653418472 0.68313351318705839 0.32171131492550697 0.53857474432272079 0.30805969382033632 -0.39975879593214519 -0.034475277000261262 -0.23404177635887624 0.96298920397336285 -0.36678469921151802 0.1466057364990547 -0.36251588142952146 0.053426388938599217 0.022107877103801618 -0.061574542148804728 -0.21859587411893577 -0.20385905922744918 -0.10028385478874734 -0.05506988925678679 0.16648246691451699 -0.60796118405002819 0.10012803450226784 -0.087550754488952331 0.050411435726126878 -0.12658759895091257 0.078099645645010707 0.42354696948511095 -0.0041334974807741287 0.026221442237863091
leaf_weight=14834 6106 35752 52 446 54157 178 360 100 1008 125 105 87 86 54 1231 130 191 66 307 17174 10058 51 88 997 50 77 143 2223 5156 77 156 82 481 373 80 67 51 85 142 6527 477 96 60 759 98 2601 33798 828 279 678 87 1718 1723 65 1461 57 463 480 51 455 121993 34894
leaf_count=14834 6106 35752 52 446 54157 178 360 100 1008 125 105 87 86 54 1231 130 191 66 307 17174 10058 51 88 997 50 77 143 2223 5156 77 156 82 481 373 80 67 51 85 142 6527 477 96 60 759 98 2601 33798 828 279 678 87 1718 1723 65 1461 57 463 480 51 455 121993 34894
internal_value=2.49161e-11 -0.0137078 -0.0010419 -0.0433864 0.00224763 0.0430961 0.18471 0.434021 0.00134383 0.00199632 0.182408 0.529549 -0.133475 -0.0645862 -0.111052 -0.238147 -0.0612684 0.128022 -0.338697 0.00175511 0.00512049 -0.0100712 -0.0728975 -0.0125774 -0.221469 -0.426961 -0.587056 -0.00618572 0.0334422 0.0859492 0.173716 0.21961 0.350981 0.0680477 0.271149 0.000641985 0.177408 0.3837 -0.151805 0.000154923 -0.0480665 0.699396 0.0288137 0.00208687 -0.0078998 0.0207275 0.0150447 0.0727538 0.0255266 -0.14381 0.153366 -0.00085021 0.0984763 0.027376 0.0284303 0.101711 0.216476 0.0440623 -0.306331 0.366647 0.00145669 0.0145543
internal_weight=362634 51084 35804 15280 311550 6744 638 278 304806 301819 403 192 211 2987 1979 557 1422 120 437 301416 234644 66772 3889 2766 1123 308 231 62883 8726 3570 1347 1191 638 553 561 182325 501 308 193 181824 7004 163 145 174820 471 52319 47167 5152 37109 815 137 2715 4324 36830 36714 2916 975 1941 116 512 174061 52068
internal_count=362634 51084 35804 15280 311550 6744 638 278 304806 301819 403 192 211 2987 1979 557 1422 120 437 301416 234644 66772 3889 2766 1123 308 231 62883 8726 3570 1347 1191 638 553 561 182325 501 308 193 181824 7004 163 145 174820 471 52319 47167 5152 37109 815 137 2715 4324 36830 36714 2916 975 1941 116 512 174061 52068
is_linear=0
shrinkage=0.05


Tree=126
num_leaves=63
num_cat=0
split_feature=2 5 0 44 46 50 51 6 1 30 51 0 50 47 9 51 9 6 47 42 42 44 28 16 5 38 50 9 22 30 26 50 28 0 50 30 19 0 34 9 2 36 44 50 45 7 42 47 7 51 50 9 5 6 50 30 11 50 28 11 1 44
split_gain=4353.22 6822.04 5007.74 4593.98 4527.48 8873.36 23393.8 15813.7 12331.7 9116.14 9407.86 11638.8 8293.82 8104.27 7610.86 7822.06 7468.88 7082.16 6988.51 6094.71 5905.31 7706.35 5454.25 6091.02 5068.45 4961.8 8188.48 6592.53 6878.08 5902.14 5624.57 5834.26 5274.73 5846.47 6134.89 5396.75 7912.28 5036.65 4944.51 4886.25 4803.06 4754.22 4752.21 4671.31 4658.04 4569.19 6174.47 7861.3 8534.96 5671.49 7398.11 5713.95 5727.07 10316.1 7660.56 9373.38 12531.5 5300.19 10355.7 6322.48 8541.98 7614.91
threshold=6.0499999523162851 36.049999237060554 5.0999999046325692 32.114999771118171 37.004999160766609 3.5000000000000004 1.0000000180025095e-35 21.10000038146973 42.049999237060554 8.9849996566772479 4.5000000000000009 57.500000000000007 1.5000000000000002 -10.300903797149656 21.945000648498539 3.5000000000000004 12.944999694824221 56.399999618530281 -1.3194760084152219 15.650000095367433 30.349999427795414 23.164999961853031 8.5500001907348651 30.015000343322757 31.050000190734867 89.005001068115249 1.5000000000000002 19.615000724792484 0.42249999940395361 17.964999198913578 11.94823741912842 4.5000000000000009 5.5499999523162851 64.250000000000014 6.5000000000000009 8.1849999427795428 -13.781603336334227 52.500000000000007 9.5808162689209002 34.905000686645515 77.500000000000014 0.55450001358985912 32.905000686645515 1.5000000000000002 142.0350036621094 41.149999618530281 10.949999809265138 -5.2829830646514884 21.750000000000004 1.0000000180025095e-35 10.500000000000002 8.7349996566772479 25.050000190734867 57.350000381469734 1.5000000000000002 8.9849996566772479 16.144999504089359 6.5000000000000009 3.0499999523162846 15.664999961853029 53.049999237060554 32.764999389648445
decision_type=8 8 10 10 10 2 2 10 8 10 2 10 2 8 10 2 8 10 8 8 10 8 10 8 10 10 2 8 10 10 10 2 8 8 2 8 8 10 10 10 10 10 10 2 10 10 8 8 10 2 2 10 8 10 2 10 10 2 8 10 10 10
left_child=1 2 -1 -4 25 6 7 20 -9 18 12 17 16 14 15 -7 24 -12 -8 -19 21 43 23 -14 -11 30 27 28 -27 -29 45 37 41 35 44 36 -34 39 -16 -32 -36 -28 -17 -6 -35 46 47 48 57 50 -47 -51 53 -53 55 56 -54 -2 -59 61 -61 -60
right_child=4 -3 3 -5 5 13 9 8 -10 10 11 -13 22 -15 38 42 -18 19 -20 -21 -22 -23 -24 -25 -26 26 32 29 -30 -31 31 -33 33 34 40 -37 -38 -39 -40 -41 -42 -43 -44 -45 -46 49 -48 -49 -50 51 -52 52 54 -55 -56 -57 -58 58 59 60 -62 -63
leaf_value=-0.029689809818885766 0.039197878490776744 -0.079280832185665617 0.013399350401034042 -0.26192281970395132 0.29676768797346287 0.0095603086813619946 0.38709604519374696 -0.29248574867992122 -0.89278745732261156 -0.13723966155387635 -0.086807998612894913 -0.59640105863876436 0.17088272496006895 0.026492862779088452 0.093615189155772494 0.35699225597731443 0.020077500009792859 0.66864092645503703 0.063482069710381159 -0.0012172041181474924 -0.15059377351994929 0.53667115133397192 0.05167651963797322 0.74396085259318356 -0.54991382953229839 -0.039210584317166494 -0.051322133582070967 -0.21121251552175432 0.49471217586148175 -0.028719272653280354 0.159554054406782 0.00082652286120686819 0.7430069130487168 0.1178653406449372 0.010277004469364337 -0.013903320786748288 0.085080846738248117 -0.20633678989825954 -0.34603209722730699 0.46528696845574624 -0.38657497257993717 -0.26708902142458435 0.88234637023187157 -0.19011949262319086 0.56444620747485608 0.017721070075912455 -0.0058077505421919792 -0.0090355341835665712 0.11072260621978083 -0.06968563198415316 -0.12751954586091951 0.023310457789763921 -0.16582444370910526 -0.65671858425651286 0.05445819849558417 0.12957464744500002 0.7521286507105005 0.25983618427734601 -0.0028823675238639993 -0.010109085270868236 -0.140156490477165 0.078347087504998567
leaf_weight=14952 18487 3887 15579 153 72 157 271 505 103 408 1871 107 638 18184 2061 276 1120 59 434 80 724 79 2252 50 91 2224 1034 1308 62 670 525 779 52 1365 1086 27211 377 71 66 174 82 339 51 156 61 2461 163271 27989 2713 1294 1362 13582 50 56 5323 788 145 387 12015 5466 1642 3797
leaf_count=14952 18487 3887 15579 153 72 157 271 505 103 408 1871 107 638 18184 2061 276 1120 59 434 80 724 79 2252 50 91 2224 1034 1308 62 670 525 779 52 1365 1086 27211 377 71 66 174 82 339 51 156 61 2461 163271 27989 2713 1294 1362 13582 50 56 5323 788 145 387 12015 5466 1642 3797
internal_value=3.2288e-11 -0.0168758 -0.0089704 0.0107217 0.00177835 0.020356 -0.0210604 -0.191938 -0.394182 0.0168841 -0.00117325 -0.088276 0.0392734 0.0383207 0.120694 0.29965 -0.0516054 -0.0612265 0.187878 0.283111 -0.0726714 0.111093 0.0893186 0.212531 -0.212497 -7.88005e-05 -0.0175206 -0.082561 -0.0247297 -0.149397 0.00230577 0.0973013 -0.00874625 -0.00439348 0.0673782 -0.0111292 0.164829 0.194904 0.0799731 0.235659 -0.0175842 -0.104596 0.438928 -0.0363656 0.136969 0.00174161 -0.000415985 0.011727 0.0247839 0.0220397 -0.034023 0.0321314 0.0387374 0.0205181 0.0781404 0.206381 0.516756 0.0192053 0.0033473 -0.000983463 -0.040151 0.0166236
internal_weight=362634 34571 30684 15732 328063 29815 9020 1639 608 7381 6676 2117 4559 20795 2611 484 1619 2010 705 139 1031 307 2940 688 499 298248 35871 4264 2286 1978 262377 1549 31607 30234 2594 27640 429 770 2127 699 1168 1373 327 228 1426 260828 235767 72496 44507 25061 3823 21238 19944 13638 6306 983 195 41794 23307 22920 7108 15812
internal_count=362634 34571 30684 15732 328063 29815 9020 1639 608 7381 6676 2117 4559 20795 2611 484 1619 2010 705 139 1031 307 2940 688 499 298248 35871 4264 2286 1978 262377 1549 31607 30234 2594 27640 429 770 2127 699 1168 1373 327 228 1426 260828 235767 72496 44507 25061 3823 21238 19944 13638 6306 983 195 41794 23307 22920 7108 15812
is_linear=0
shrinkage=0.05


Tree=127
num_leaves=63
num_cat=0
split_feature=49 29 23 49 49 22 50 4 28 38 50 38 37 45 45 15 50 0 50 6 37 23 30 45 0 4 28 37 4 9 30 43 50 16 39 46 6 33 20 50 30 0 42 37 9 7 48 22 5 27 6 43 35 19 5 6 30 35 28 42 37 15
split_gain=4316.21 6480.37 7314.01 6183.03 14027.1 11241.7 8824.56 9436.31 11167.7 8711.14 9428.02 10839 10252.4 9550.5 9333.39 9153.16 12645.9 9132.27 8499.99 11328.8 10910.1 8860.75 8477.55 8400.29 8195.2 7829.4 8523.1 7601.32 9531.72 7542.26 8103.9 9539.36 16581.3 11578.7 9124.24 7802.24 13618.6 7961.44 7579.96 9103.83 12589.5 7257 7223.24 6888.31 6848.01 8822.91 6818.39 6813.04 6797.1 6569.84 6459.89 8773.59 6448.09 6379.87 6285.42 6241.17 6149.25 6467.06 6149.12 7257.89 6075.27 7448.17
threshold=20.500000000000004 0.091499999165534987 18.685000419616703 8.5000000000000018 6.5000000000000009 0.19649999588727954 5.5000000000000009 46.149999618530281 51.049999237060554 39.004999160766609 1.5000000000000002 69.014999389648452 25.935000419616703 26.994999885559086 76.005001068115249 0.38750000298023229 6.5000000000000009 48.20000076293946 8.5000000000000018 17.149999618530277 23.634999275207523 28.295000076293949 7.0650000572204599 108.04000091552736 57.500000000000007 54.45000076293946 9.3099999427795428 35.23500061035157 29.050000190734867 9.4849996566772479 27.835000038146976 0.59349998831748974 5.5000000000000009 28.845000267028812 31.994999885559086 37.004999160766609 95.500000000000014 -10.24242067337036 -7.1113383769989005 10.500000000000002 25.23499965667725 29.050000190734867 2.0499999523162846 31.845000267028812 23.73499965667725 45.45000076293946 -20.889808654785153 0.0075000002980232247 42.100000381469734 -2.9971588850021358 53.500000000000007 0.11649999767541887 21.349999427795414 5.7485396862030038 27.050000190734867 29.10000038146973 30.125000000000004 29.44999980926514 7.3500001430511483 29.750000000000004 37.225000381469734 0.53749999403953563
decision_type=2 10 8 2 2 8 2 8 8 10 2 10 8 8 8 10 2 10 2 8 8 10 8 10 8 10 8 10 8 8 10 10 2 8 8 10 10 10 8 2 8 10 8 10 10 8 8 10 8 8 10 8 8 8 10 8 10 10 10 8 10 8
left_child=3 -2 -3 4 5 6 7 8 55 15 11 -11 17 -12 24 16 25 48 20 21 -8 49 -18 42 -14 26 -5 46 -29 -15 38 33 43 -32 -35 36 -34 -37 39 40 -31 56 -9 -33 45 -21 -17 -10 -13 -20 -41 -52 -45 58 -46 -1 57 -6 -36 60 61 -60
right_child=1 2 -4 9 41 -7 18 23 47 10 13 12 14 29 -16 27 22 -19 19 44 -22 -23 -24 -25 -26 -27 -28 28 -30 30 31 32 35 34 53 37 -38 -39 -40 50 -42 -43 -44 52 54 -47 -48 -49 -50 -51 51 -53 -54 -55 -56 -57 -58 -59 59 -61 -62 -63
leaf_value=0.0013627572873869404 -0.048544867156507604 -0.07520592700078646 0.0033374472622393135 0.15689233497259042 -0.074777416232029839 -0.071602789010276516 -0.094801672405866219 -0.24011205998368756 0.057926268607499089 0.014708834228223911 0.082099108313814881 -0.069627961617692566 0.13714395222450712 0.098494465795496214 -0.0805672782899121 0.30881283703350254 -0.23260898284516338 -0.3061810760036634 -0.035353824841794189 0.028387173672889995 -0.011925311493582419 0.16226042703278049 0.018379195110952845 -0.086183383753138998 0.77375436796430952 -0.44701634674844604 0.059924528301182792 0.054331526399308175 0.46233236516436826 0.093080288128098779 0.032827127295590106 -0.10834309884412872 -0.010590304038019468 0.090446146620622642 0.033523384242185525 -0.094850788583313791 -0.66165324609322729 0.31858485733619202 -0.0079741636067016241 -0.090299179844418764 -0.046845424826350068 -0.15709583671038055 0.06612792555572608 -0.31398316597026826 -0.04326624085868596 -0.072333039984346342 -0.024929002509103074 0.27346794320014761 -0.25508936067400056 0.041966467408155329 0.52615601630437936 -0.021828024554997685 -0.85984186461040135 -0.045198328413746575 -0.19191769920504287 -0.072827146357571079 0.0031410424148962651 -0.016970720974038386 0.501186605736888 0.10625941085298199 0.16403084505349397 1.0605494863376386
leaf_weight=16112 10640 3269 31767 2834 10154 4876 4900 195 3615 4583 3944 3839 447 2036 620 155 343 570 3418 7168 20947 1297 17583 1015 57 71 11309 1523 158 6601 9361 198 2488 1562 112 175 83 348 95086 1893 2125 1199 15338 152 2793 3121 12093 408 567 14001 105 240 84 110 954 3440 8810 9242 217 121 80 82
leaf_count=16112 10640 3269 31767 2834 10154 4876 4900 195 3615 4583 3944 3839 447 2036 620 155 343 570 3418 7168 20947 1297 17583 1015 57 71 11309 1523 158 6601 9361 198 2488 1562 112 175 83 348 95086 1893 2125 1199 15338 152 2793 3121 12093 408 567 14001 105 240 84 110 954 3440 8810 9242 217 121 80 82
internal_value=-2.46269e-12 -0.0143696 -0.00399097 0.00207076 -0.00614211 0.00250873 0.00616919 0.024235 0.00391982 0.00800883 0.00171962 -0.0433955 -0.08705 0.00550856 0.0493378 0.0268326 0.0415046 -0.117858 -0.00620057 0.0107163 -0.0276368 0.0361821 0.0135767 0.0531769 0.209142 0.0767258 0.0793551 -0.00702168 0.0926802 0.00305784 0.00145494 0.0356327 -0.0363949 0.0574544 0.15839 0.00420257 -0.0316087 0.180246 -0.00343502 0.035931 0.0590049 -0.0366203 0.0622834 -0.325816 -0.0232405 -0.00216466 -0.0207055 0.0797858 -0.0934946 0.0267945 -0.0540343 0.14495 -0.508272 0.305381 -0.0811134 -0.0116903 -0.031499 -0.0472331 0.368394 0.443405 0.551042 0.65459
internal_weight=362634 45676 35036 316958 133003 103598 98722 40123 23575 183955 137886 10683 6100 127203 1124 46069 32140 4976 58599 32752 25847 18716 17926 16548 504 14214 14143 13929 1681 123259 121223 15173 3528 11645 2284 3094 2571 523 106050 10964 8726 29405 15533 434 14036 10289 12248 4023 4406 17419 2238 345 236 722 3747 19552 28206 19396 612 500 379 299
internal_count=362634 45676 35036 316958 133003 103598 98722 40123 23575 183955 137886 10683 6100 127203 1124 46069 32140 4976 58599 32752 25847 18716 17926 16548 504 14214 14143 13929 1681 123259 121223 15173 3528 11645 2284 3094 2571 523 106050 10964 8726 29405 15533 434 14036 10289 12248 4023 4406 17419 2238 345 236 722 3747 19552 28206 19396 612 500 379 299
is_linear=0
shrinkage=0.05


Tree=128
num_leaves=63
num_cat=0
split_feature=44 12 50 44 9 51 45 5 12 37 37 31 30 33 23 20 23 51 23 51 5 46 49 45 29 37 9 0 44 49 22 7 5 7 22 44 42 9 26 13 49 47 50 22 15 46 46 32 8 12 0 47 28 8 33 50 36 37 5 37 5 28
split_gain=4150.07 4219.01 7100.68 9314.44 15939.7 9040.28 9994.44 8398.57 7750.31 6483.01 6334.39 5871 5549.09 7987.71 6626.36 6460.65 5374.94 5315.08 7855.2 6139.86 9924.96 8666.66 8056.12 10322.7 11833.6 8985.83 7759.11 7484.5 7179.17 7226.03 7060.53 15216.7 6993.15 7923.69 8567.51 7223.76 6966.24 6893.29 6709.76 6695.84 7655.42 7167.06 6889.84 8277.22 7687.09 6649.85 6608.5 6417.02 7239.47 6201.09 6083.75 5805.97 5771.34 5388.95 5744.3 5241.88 6240.16 5520.59 5214.7 6083.86 5183.97 5152
threshold=4.1349999904632577 -3.4731613397598262 1.5000000000000002 23.304999351501468 9.8350000381469744 1.5000000000000002 71.005001068115249 31.050000190734867 -9.3897290229797346 20.134999275207523 15.414999961853029 21.994999885559086 28.085000038146976 1.9698211550712588 24.644999504089359 -6.9424092769622794 28.974999427795414 5.5000000000000009 9.4349999427795428 2.5000000000000004 60.299999237060554 33.995000839233406 12.500000000000002 67.005001068115249 0.0054999999701976785 30.935000419616703 29.394999504089359 43.250000000000007 9.7950000762939471 6.5000000000000009 0.55149999260902416 22.349999427795414 7.0499999523162851 29.849999427795414 0.58149999380111705 14.234999656677248 1.0000000180025095e-35 9.4849996566772479 15.129213809967043 -0.94171327352523793 18.500000000000004 -7.1266224384307852 6.5000000000000009 0.6615000069141389 0.39149999618530279 47.004999160766609 24.005000114440922 20.005000114440922 0.24350000172853473 11.975169181823732 28.10000038146973 -0.64138126373291005 11.744999885559084 0.58149999380111705 1.1370323300361636 5.5000000000000009 0.41050000488758093 30.204999923706058 29.149999618530277 21.045000076293949 33.049999237060554 5.1499998569488534
decision_type=8 8 2 10 10 2 10 8 10 8 8 8 10 10 10 10 10 2 10 2 10 10 2 10 8 10 10 10 8 2 8 10 10 8 10 8 10 10 10 8 2 10 2 8 8 10 10 8 8 10 10 8 8 8 8 2 8 10 10 10 8 10
left_child=-1 2 3 8 -5 6 7 -6 9 -2 -7 -10 17 15 -15 55 -11 19 60 22 26 30 28 24 25 39 32 -23 29 -3 -22 46 35 49 37 -21 45 -35 -26 -24 41 -41 44 -44 58 -25 52 -27 -49 -34 -51 -29 -32 -28 -55 56 -14 -58 -43 -60 -19 -4
right_child=1 12 61 4 5 10 -8 -9 11 16 -12 -13 13 14 -16 -17 -18 18 -20 20 21 27 23 36 38 47 53 51 -30 -31 31 -33 33 34 -36 -37 -38 -39 -40 40 -42 42 43 -45 -46 -47 -48 48 -50 50 -52 -53 -54 54 -56 -57 57 -59 59 -61 -62 -63
leaf_value=-0.071378838729665245 -0.10433434211474109 0.10437643749106909 -0.028843186795435884 -0.41526534978807322 0.19009142053348049 -0.44285542377527209 -0.0021625206678652685 0.74090096081646406 0.21716244547157593 -0.37233583581175012 0.050523292068507634 -0.05877496609546623 0.065163960146680119 -0.013060260036883722 0.14043098285517649 0.026360500925137965 0.10896371354659398 0.016525652058939719 -0.03483561899682882 -0.068638470832325868 0.10844333602375789 0.16926980987191201 0.046500451356557983 0.044042226211551593 -0.0093475393218223068 -0.10081195752761132 -0.018583978792629297 -0.49192611868979769 -0.03035402582598706 -0.033705481094522496 0.48783275100249279 0.97800706119893432 0.00092949599875976935 -0.02487708398587847 0.31478506784997146 0.013187341228522284 -0.051561295691289477 0.05874895169178046 0.49302551390519789 0.098190425240215151 0.022516579913639385 0.057640589435561364 0.30319313063050796 0.96276971745491036 -0.03092130728433734 0.44623274289692444 0.67253487068228424 -0.13362594003740111 0.19502630768533291 -0.014829420032584743 0.40680553046193846 0.067319776359158506 -0.0038683071243958396 -0.24772933697285363 -0.023098124061094918 -0.043131459448757153 -0.053197287775478087 -0.51772730918946086 0.95291687183082097 0.3032266752115747 0.18313144850673782 -5.6242245260193912e-07
leaf_weight=2025 1138 2108 17187 169 135 69 185 142 202 479 1138 4217 2526 998 2380 30985 66 1664 17301 4132 1281 147 2861 716 8327 1051 3574 134 30256 1721 79 77 18001 2890 302 7768 6500 16727 67 1298 937 119 977 50 352 120 64 247 521 157 188 71 244 612 532 7073 304 81 50 129 649 156134
leaf_count=2025 1138 2108 17187 169 135 69 185 142 202 479 1138 4217 2526 998 2380 30985 66 1664 17301 4132 1281 147 2861 716 8327 1051 3574 134 30256 1721 79 77 18001 2890 302 7768 6500 16727 67 1298 937 119 977 50 352 120 64 247 521 157 188 71 244 612 532 7073 304 81 50 129 649 156134
internal_value=2.56453e-11 0.000400828 -0.00497881 -0.0512151 0.0474586 0.0943132 0.282403 0.472456 -0.0809369 -0.172246 0.0223185 -0.0461614 0.00583785 0.0211829 0.0950834 0.0150896 -0.31405 0.000797081 -0.023266 0.00488744 0.0165647 0.123321 -0.00650456 0.0154782 0.0368849 0.0781345 0.0124857 -0.102999 -0.0221908 0.0423135 0.168974 0.336086 0.0182512 0.0286619 0.0504977 -0.0152248 -0.0340875 0.0464291 -0.00533765 0.104633 0.147148 0.186402 0.254678 0.335305 0.127288 0.101773 0.208365 -0.0205334 0.089327 0.00495384 0.214931 -0.298236 0.116393 -0.0488168 -0.143268 -0.0198891 0.0365841 -0.15093 0.314165 0.484704 0.0632732 -0.00286068
internal_weight=362634 360609 181261 7940 1838 1669 462 277 6102 1683 1207 4419 179348 44347 3378 40969 545 135001 19614 115387 56980 2097 58407 24322 16986 8592 54883 352 34085 3829 1745 464 50165 38265 19919 11900 7336 19617 8394 6773 3912 2975 1677 1027 650 836 387 1819 768 18346 345 205 323 4718 1144 9984 2911 385 298 179 2313 173321
internal_count=362634 360609 181261 7940 1838 1669 462 277 6102 1683 1207 4419 179348 44347 3378 40969 545 135001 19614 115387 56980 2097 58407 24322 16986 8592 54883 352 34085 3829 1745 464 50165 38265 19919 11900 7336 19617 8394 6773 3912 2975 1677 1027 650 836 387 1819 768 18346 345 205 323 4718 1144 9984 2911 385 298 179 2313 173321
is_linear=0
shrinkage=0.05


Tree=129
num_leaves=63
num_cat=0
split_feature=46 44 6 50 33 30 12 5 9 5 45 23 44 7 13 24 2 44 23 44 38 11 30 9 45 5 50 48 8 49 43 35 18 49 49 5 50 32 45 49 43 11 46 3 30 31 47 7 42 33 0 44 50 50 6 0 9 3 39 3 49 44
split_gain=4112.17 5548.96 4835.79 6342 7249.12 6126.29 6280.57 5565.26 4738.06 4654.17 4488.45 4473.76 4282.57 5486.94 4261.9 5039.37 6128.2 4727.09 4257.47 8095.65 9405.22 8447.46 14716.8 7536.31 6743.03 7599.77 6733.76 8115.03 5825.91 5521.74 6747.35 5543.27 5161.49 4711.62 9509.58 8821 7010.42 9306.3 8780.59 6946.66 14669 10319.7 9605.62 8695.83 13427 8011.44 7571.36 7772.69 14827 6984.05 9406.3 8969.25 6765.19 6938.15 7405.22 6707.6 6427.66 6376.73 7410.06 6261.7 6233.81 7955.15
threshold=8.7349996566772479 33.335000991821296 32.100000381469734 4.5000000000000009 0.70706644654273998 14.614999771118166 -4.2430825233459464 95.500000000000014 15.434999942779543 34.049999237060554 20.994999885559086 17.48499965667725 26.314999580383304 33.715000152587898 7.5081732273101816 42.995000839233406 115.50000000000001 31.994999885559086 13.454999923706056 29.32499980926514 35.004999160766609 13.125000000000002 12.175000190734865 6.3250000476837167 91.005001068115249 59.149999618530281 10.500000000000002 -9.1789231300353986 0.080499999225139632 13.500000000000002 0.20449999719858172 45.149999618530281 9.1449999809265154 8.5000000000000018 5.5000000000000009 30.050000190734867 2.5000000000000004 1.0000000180025095e-35 17.005000114440922 15.500000000000002 0.28149999678134924 36.98500061035157 30.005000114440922 30.050000190734867 21.435000419616703 9.0100002288818377 -4.7692739963531485 19.94999980926514 19.050000190734867 -0.16747522354125974 56.399999618530281 9.7950000762939471 5.5000000000000009 8.5000000000000018 18.050000190734867 121.50000000000001 19.394999504089359 46.100000381469734 34.465000152587898 19.10000038146973 12.500000000000002 16.144999504089359
decision_type=8 8 8 2 8 10 8 10 8 10 8 8 10 8 10 8 8 10 8 10 8 10 8 10 10 10 2 10 8 2 8 10 10 2 2 10 2 10 10 2 10 10 10 10 8 8 8 8 8 10 10 8 2 2 8 8 8 8 10 8 2 8
left_child=1 2 5 4 -4 6 -1 8 -5 -8 -6 12 13 -10 18 -16 -17 -18 19 21 -21 24 23 -23 25 28 27 -25 -2 -29 31 -31 -22 34 52 -36 37 -35 -38 40 60 42 43 44 49 -44 47 55 -49 -41 51 -51 57 -54 56 -42 -55 -20 -59 -46 -40 -62
right_child=14 -3 3 7 10 -7 9 -9 11 -11 -12 -13 -14 -15 15 16 17 -19 33 20 32 22 -24 26 -26 -27 -28 29 -30 30 -32 -33 -34 36 35 -37 38 -39 39 41 46 -43 45 -45 59 -47 -48 48 -50 50 -52 -53 53 54 -56 -57 -58 58 -60 -61 61 -63
leaf_value=-0.12697883800193521 0.00063248640568613933 0.045188336888149334 -0.049863289036587828 0.074778740150997267 0.32216588107617322 0.00070578598498807473 -0.032891862337562687 0.41652063521845584 -0.45056547542930031 0.18380226677881098 0.059527315503229511 -0.074592386216413883 0.15957360147468505 -0.096359448558063193 0.019872414297568818 -0.033572946845565679 0.018325538976055582 0.38272570882773693 0.018003052310226433 0.24921963518125967 -0.07330728765495502 -0.041325852439845677 -0.027750686082255838 -0.026166428306165584 -0.10456994902739121 0.54159103939930597 0.020024394959203239 0.11133873359199459 -0.083511798631220144 0.11781541700657161 0.41722212474842935 0.46295813646005551 -0.35360414391826478 0.08223029514791759 -0.020106684993456178 -0.16895262464656269 0.068930380573234126 -0.031048167215337114 0.037538417400021812 0.049582360665873682 -0.0054481708888591308 -0.058624696726351011 0.64670994585020503 0.013207945068569933 -0.14603818206029634 0.051985186323076443 -0.016894963641222185 0.13368860021799442 0.01424585301531766 0.33072875516954814 0.14368681884199486 -0.097422808991204382 -0.02967356518061658 -0.0024136063543021388 -0.024700287403340831 0.48891264597574874 0.070118624279727204 0.11845891353855896 -0.079639282807170808 -0.048897343284268618 0.24826422698580003 0.075434740163820679
leaf_weight=2000 7394 3775 2242 494 185 29608 3816 58 233 265 1348 6792 62 206 6893 19436 209 155 21904 114 274 1194 8400 619 3009 60 1837 1604 2850 741 412 138 410 2045 31357 1028 7138 15989 16621 5314 12298 6597 57 36042 2250 8638 19676 3904 7768 128 571 2757 16156 5458 7526 69 6936 3159 555 6315 738 6807
leaf_count=2000 7394 3775 2242 494 185 29608 3816 58 233 265 1348 6792 62 206 6893 19436 209 155 21904 114 274 1194 8400 619 3009 60 1837 1604 2850 741 412 138 410 2045 31357 1028 7138 15989 16621 5314 12298 6597 57 36042 2250 8638 19676 3904 7768 128 571 2757 16156 5458 7526 69 6936 3159 555 6315 738 6807
internal_value=6.07989e-11 -0.013149 -0.017804 -0.0458193 0.00743047 -0.00868247 -0.0543933 -0.0714431 -0.0750776 -0.0188208 0.0912221 -0.0852283 -0.229418 -0.284355 0.00215601 -0.0169479 -0.0297662 0.173496 0.00394617 -0.0141908 -0.171244 -0.00975569 0.0160463 0.0722562 -0.0387206 -0.0194911 0.0976005 0.138155 -0.0227774 0.173289 0.250259 0.172002 -0.241321 0.00600632 -0.00289065 -0.0248315 0.011182 -0.0182027 0.01487 0.0120441 0.0233868 0.000831466 0.00715046 -0.000788119 -0.029888 0.0558839 0.00610523 0.024931 0.0541965 0.0135991 -0.0417292 -0.0784268 0.00862676 -0.00532573 0.0144214 -0.00268995 0.0381773 0.0282751 0.0888562 -0.074416 0.0546482 0.0923397
internal_weight=362634 51084 47309 11620 3775 35689 6081 7845 7787 4081 1533 7293 501 439 311550 26693 19800 364 284857 29056 798 28258 14945 6545 13313 10304 5351 3514 10244 2895 1291 879 684 255801 94079 32385 161722 18034 143688 136550 67881 68669 62072 53377 17335 8695 43715 24039 11672 8770 3456 2885 61694 36076 19920 12367 12394 25618 3714 8565 24166 7545
internal_count=362634 51084 47309 11620 3775 35689 6081 7845 7787 4081 1533 7293 501 439 311550 26693 19800 364 284857 29056 798 28258 14945 6545 13313 10304 5351 3514 10244 2895 1291 879 684 255801 94079 32385 161722 18034 143688 136550 67881 68669 62072 53377 17335 8695 43715 24039 11672 8770 3456 2885 61694 36076 19920 12367 12394 25618 3714 8565 24166 7545
is_linear=0
shrinkage=0.05


Tree=130
num_leaves=63
num_cat=0
split_feature=4 30 3 49 51 50 5 9 51 32 48 5 42 42 5 6 50 42 6 30 0 18 9 23 27 2 30 9 18 49 31 18 9 30 21 43 49 49 6 9 43 4 14 40 30 51 51 10 50 22 31 1 30 49 32 41 2 42 9 50 28 30
split_gain=4018.49 9377.43 11732.1 8096.75 7868.43 10602.7 13988.4 15437.3 26649.5 15891.6 9368 8493.58 8477.1 9400.39 9302.42 8214.58 8015.47 12624.3 9428 7980.9 11401.2 9564.14 7812.16 7667.91 7236.27 6990.03 6895 6862.87 6727.94 6452.82 6402.43 6287.39 6805.55 6355.01 6250.72 6098.99 6095.7 8922.77 8078.07 7340.91 6997.62 5956.34 5919.78 7910.16 10455.9 9252.97 11634.2 6170.05 6022.79 7824.3 5987.41 6153.48 8476.05 5838.25 9590.42 6432.19 6385.13 5821.93 5717.89 5609.21 12328.4 9252.95
threshold=12.050000190734865 22.82499980926514 26.050000190734867 14.500000000000002 2.5000000000000004 8.5000000000000018 68.500000000000014 32.264999389648445 4.5000000000000009 32.385000228881843 7.2343780994415292 27.050000190734867 20.050000190734867 5.9500000476837167 79.500000000000014 65.500000000000014 4.5000000000000009 3.0499999523162846 1.0500000119209292 20.685000419616703 6.0499999523162851 27.255000114440922 15.72499990463257 25.48499965667725 2.951732993125916 19.10000038146973 21.164999961853031 27.204999923706058 13.50500011444092 13.500000000000002 96.044998168945327 12.00500011444092 26.685000419616703 16.564999580383304 16.750000000000004 0.77349999547004711 12.500000000000002 16.500000000000004 32.100000381469734 34.524999618530281 0.31749999523162847 2.5000000000000004 21.849999427795414 -12.150663852691649 27.515000343322757 4.5000000000000009 3.5000000000000004 32.995000839233406 4.5000000000000009 0.38249999284744268 22.994999885559086 81.500000000000014 25.164999961853031 15.500000000000002 9.7849998474121112 -3.5607384443283077 33.049999237060554 22.050000190734867 31.085000038146976 11.500000000000002 55.750000000000007 18.425000190734867
decision_type=10 10 8 2 2 2 10 10 2 10 8 8 10 8 8 10 2 10 10 8 10 8 10 8 10 10 10 8 10 2 10 10 10 8 10 10 2 2 10 10 10 10 10 10 8 2 2 10 2 8 8 10 10 2 10 10 8 10 8 2 8 10
left_child=1 4 3 25 12 6 11 8 9 -8 31 15 13 14 34 -6 17 19 22 20 -13 -22 -19 -10 35 29 -20 -12 -4 41 -23 32 -7 -34 -1 36 -15 40 -39 -40 -38 -3 -2 57 45 46 50 -48 -47 -50 -45 -52 -53 54 -18 -56 -55 -44 -29 60 -33 -61
right_child=42 2 28 -5 5 10 7 -9 23 -11 27 16 -14 24 -16 -17 53 18 26 -21 21 30 -24 -25 -26 -27 -28 58 -30 -31 -32 59 33 -35 -36 -37 37 38 39 -41 -42 -43 43 44 -46 48 47 -49 49 -51 51 52 -54 56 55 -57 -58 -59 -60 61 -62 -63
leaf_value=-0.012796025923279011 -0.002057690102041123 -0.18148464867809128 0.034789673702951891 -0.11414461711877447 0.0084969627518544279 -0.011067241079652082 -0.13790308049037345 -0.20147471613886339 0.56063457707747488 0.73068198322841571 -0.035091242415145184 -0.30841793378367033 -0.045948589425872315 -0.020034410498949027 -0.42394413681841403 -0.48504652357276745 0.16440642492207036 0.12350125661949173 0.086015957925049971 -0.31636188903690449 -0.073167095613566088 0.40829743719737355 0.68374853082197284 1.2134785447553125 -0.048372654921468236 0.039505311847460693 -0.086702607198776954 -0.30003652804255665 -0.030217718956759759 -0.28775320551342592 -0.15805643295780536 0.12038812055081449 0.09211322063897652 -0.20793206959418878 -0.3345795866622272 -0.43342079171148279 0.19287566997002464 0.076196047294701086 -0.070595124773114901 0.24511883335001766 0.048426256801915091 -0.0346371768709803 0.087135347598643303 0.074037499002642601 0.03573358282867977 -0.081596926462714575 -0.084264314267820398 0.077355326144574854 0.0012808754986624951 -0.18173804421224618 -0.013547040004662954 0.010130385394337811 0.84201476192474378 -0.18896247924071308 0.93579061874433567 0.33875256289165839 0.13898819602281332 0.019091954579614011 -0.066753840966524619 0.033491664907530992 -0.022037075328235664 -0.10895770291507899
leaf_weight=962 173121 775 7055 5143 10372 4717 189 126 88 73 1961 264 14101 3297 212 85 525 137 4592 308 448 240 114 92 3274 2304 661 573 9132 299 63 3512 220 892 179 69 1753 2970 2319 200 1607 6336 5834 2177 23032 5359 646 6877 7401 634 28439 79 50 171 76 111 1124 6817 485 3620 2678 1664
leaf_count=962 173121 775 7055 5143 10372 4717 189 126 88 73 1961 264 14101 3297 212 85 525 137 4592 308 448 240 114 92 3274 2304 661 573 9132 299 63 3512 220 892 179 69 1753 2970 2319 200 1607 6336 5834 2177 23032 5359 646 6877 7401 634 28439 79 50 171 76 111 1124 6817 485 3620 2678 1664
internal_value=-2.65533e-11 -0.00840398 -0.0313324 -0.0634163 0.00160374 0.0161978 0.0421798 0.286736 0.425909 0.104107 -0.00919216 0.0349791 -0.0173474 0.00659902 -0.11979 0.00448518 0.0710754 0.0452519 0.0785868 -0.0934292 -0.0257807 0.0735752 0.377956 0.89431 0.0176394 -0.0365585 0.0642823 -0.0904639 -0.00188466 -0.0602092 0.290541 0.004988 -0.0372988 -0.148571 -0.0632774 0.0353327 0.0379956 0.0596167 0.0203345 -0.0455285 0.123789 -0.0506415 0.00329647 0.0139086 0.00771615 -0.00477461 0.00774418 0.063477 -0.040542 -0.0131602 -0.00589311 -0.0119842 0.332566 0.158916 0.273926 0.581399 0.0956835 0.0504701 -0.193097 0.0264705 0.0587702 -0.0113675
internal_weight=362634 102168 31044 14857 71124 40181 19859 568 442 262 20322 19291 30943 16842 1353 10457 8834 6827 5504 1323 1015 751 251 180 15489 9714 5253 3019 16187 7410 303 17303 5829 1112 1141 12215 12146 8849 5489 2519 3360 7111 260466 87345 74694 51662 38268 7523 13394 8035 30745 28568 129 2007 712 187 1295 12651 1058 11474 6190 5284
internal_count=362634 102168 31044 14857 71124 40181 19859 568 442 262 20322 19291 30943 16842 1353 10457 8834 6827 5504 1323 1015 751 251 180 15489 9714 5253 3019 16187 7410 303 17303 5829 1112 1141 12215 12146 8849 5489 2519 3360 7111 260466 87345 74694 51662 38268 7523 13394 8035 30745 28568 129 2007 712 187 1295 12651 1058 11474 6190 5284
is_linear=0
shrinkage=0.05


Tree=131
num_leaves=63
num_cat=0
split_feature=37 24 25 33 49 49 16 43 11 32 4 35 5 18 37 2 44 51 42 44 6 45 16 34 30 50 50 6 16 51 44 44 6 37 16 43 37 47 30 37 31 49 44 50 45 46 51 26 47 7 14 20 3 42 5 41 30 21 20 3 36 35
split_gain=4057.65 4478.86 4378.15 4417.33 4005.88 7893.13 12120.9 12679.9 11087.5 10613.2 12463.1 11571 10117.1 10600 9771.57 9074.4 8630.24 19787.3 18731.9 17648.9 11204 11095.5 10359.1 10029.2 9997.46 17093.6 17061.6 16904.2 16057.5 25738.2 13964.3 13515 16587.3 17076.8 13425.7 12652.3 12326.8 11317.3 11583.5 11997.7 10502.6 9850.14 10299.6 16198.6 16270.5 9705.19 11440.6 12505.7 10315.7 10365.8 9333.81 8790.63 8672.88 8565.24 8082.13 8074.74 7884 7790.84 7716.99 8243.65 7705.43 7662.79
threshold=39.174999237060554 154.41500091552737 39.604999542236335 -2.6197429895400997 19.500000000000004 12.500000000000002 23.105000495910648 0.85649999976158153 10.994999885559084 13.00500011444092 23.050000190734867 3.0499999523162846 82.500000000000014 25.48499965667725 20.554999351501468 42.049999237060554 30.154999732971195 3.5000000000000004 14.735000133514406 33.975000381469734 49.250000000000007 74.005001068115249 15.275000095367433 -9.9908280372619611 15.275000095367433 10.500000000000002 8.5000000000000018 68.500000000000014 16.98499965667725 5.5000000000000009 8.2849998474121112 21.925000190734867 17.149999618530277 15.25500011444092 22.515000343322757 0.32150000333786016 22.634999275207523 -2.80456531047821 13.194999694824221 9.1050000190734881 76.005001068115249 14.500000000000002 19.615000724792484 2.5000000000000004 88.014999389648452 23.654999732971195 5.5000000000000009 -8.2741522789001447 -6.1346783638000479 36.549999237060554 44.049999237060554 -3.8429616689682002 38.100000381469734 25.050000190734867 71.500000000000014 -17.755080223083493 19.435000419616703 23.550000190734867 -2.7851169109344478 13.050000190734865 0.20750000327825549 12.949999809265138
decision_type=10 10 10 8 2 2 10 8 10 8 10 8 10 8 10 8 10 2 8 10 10 10 10 10 10 2 2 10 8 2 10 10 8 10 10 10 8 8 10 8 10 2 8 2 8 8 2 10 10 8 8 8 10 8 8 10 8 8 8 10 10 10
left_child=4 2 -2 -4 5 -1 7 12 -8 -10 15 -12 16 -14 -9 -11 24 18 20 22 -18 -21 -19 -20 25 26 28 35 37 50 -27 32 33 -32 40 45 -29 38 39 57 55 -41 -43 -44 -45 46 48 -48 -26 -50 61 -23 -25 -28 -52 -34 -13 -7 -51 -60 -6 -30
right_child=1 -3 3 -5 60 6 8 14 9 10 11 56 13 -15 -16 -17 17 19 23 21 -22 51 -24 52 27 30 53 36 29 -31 31 -33 34 -35 -36 -37 -38 -39 -40 41 -42 42 43 44 -46 -47 47 -49 49 58 54 -53 -54 -55 -56 -57 -58 -59 59 -61 -62 -63
leaf_value=-0.0033187739975279414 -0.051592547339446182 0.33179682038598141 -0.4456869132816792 -0.077242643722162885 -0.0087966414507537217 0.24474502483139868 0.035097825584962071 0.39477165663406494 -0.041992471291324968 -0.031595954384023392 0.74108446908719616 -0.082493390685207599 0.48793132709335452 -0.064248332378489009 0.025810741555975066 0.020481843810995395 0.13339556372596528 -0.19313977696373316 0.011254803111179941 0.09861727195846684 -0.22663647982263657 1.0381038843922012 0.095634070070485522 -0.43162358023790931 0.029946940467713054 0.19519117289479862 0.43281004643259524 0.36476417624224455 -0.030959174884177459 0.20758474568904092 -0.16520355349980376 0.045133063523886734 0.012803601747879588 0.17454083419680011 0.31481794257732959 0.020506250657147097 -0.32378935108200102 0.012233799844609233 -0.095434502177584452 0.10678257140416514 -0.048016683210499782 0.51059966117788391 0.10428887561985985 0.86104692626180079 -0.027137865399320921 0.2201661950945793 0.25286768941059162 -0.31937208284527835 0.1434355850327988 0.084636658358764147 -0.013904833388831549 0.38034616461146381 0.14360168962739409 -0.0084015219035197281 0.36146654042415327 -0.29694971566102873 0.10257719392690626 -0.1178883549103585 0.84558311162392297 0.23816452008159308 -0.13369158628792929 -0.20305821562912293
leaf_weight=194233 790 59 170 156 59766 230 19318 438 16840 16251 66 680 244 135 304 17237 626 501 206 238 330 73 817 729 1341 576 437 78 1127 1018 659 2039 238 843 132 3204 390 1958 376 724 806 520 665 165 75 2429 137 315 932 94 1382 167 72 147 160 1814 3743 416 150 89 1261 1518
leaf_count=194233 790 59 170 156 59766 230 19318 438 16840 16251 66 680 244 135 304 17237 626 501 206 238 330 73 817 729 1341 576 437 78 1127 1018 659 2039 238 843 132 3204 390 1958 376 724 806 520 665 165 75 2429 137 315 932 94 1382 167 72 147 160 1814 3743 416 150 89 1261 1518
internal_value=4.09527e-11 -0.0927649 -0.11521 -0.269376 0.000301552 0.0026739 0.0136342 0.0393192 0.00252524 -0.00895363 0.00569666 0.0839302 0.0344797 0.291245 0.243607 -0.00479038 0.0313348 -0.0396754 -0.149404 0.0802563 0.00911672 0.340524 -0.014135 -0.299897 0.0411541 0.0195396 0.0588241 0.0836916 0.0439654 -0.0179047 -0.0408104 -0.0616245 -0.110084 0.0254785 -0.178182 0.0994543 -0.20903 0.106752 0.165115 0.200165 -0.200952 0.256962 0.333264 0.23137 0.583489 0.145554 0.0862889 -0.145928 0.126566 0.22899 -0.0727287 0.580414 -0.379918 0.321752 0.0250442 -0.261023 0.0741241 0.0112226 0.468438 0.61939 -0.0113773 -0.129729
internal_weight=362634 1175 1116 326 361459 300432 106199 32064 74135 54817 37977 4489 31322 379 742 33488 30943 3759 1963 1796 956 478 1318 1007 27184 18025 10918 9159 10334 5205 7107 6531 4492 1502 2990 8691 468 5129 3171 2795 2858 2149 1425 905 240 5487 3058 452 2606 1265 4187 240 801 584 1542 2052 4423 646 333 239 61027 2645
internal_count=362634 1175 1116 326 361459 300432 106199 32064 74135 54817 37977 4489 31322 379 742 33488 30943 3759 1963 1796 956 478 1318 1007 27184 18025 10918 9159 10334 5205 7107 6531 4492 1502 2990 8691 468 5129 3171 2795 2858 2149 1425 905 240 5487 3058 452 2606 1265 4187 240 801 584 1542 2052 4423 646 333 239 61027 2645
is_linear=0
shrinkage=0.05


Tree=132
num_leaves=63
num_cat=0
split_feature=2 5 7 38 30 0 50 44 46 47 23 11 39 47 9 12 38 30 23 6 50 12 46 3 36 30 47 9 3 19 50 12 44 15 40 11 30 1 9 38 6 6 43 9 7 27 50 44 50 9 32 2 48 12 44 50 50 46 44 30 10 33
split_gain=3730.81 6050.92 4200.92 5483.54 8999.22 10875.4 9509.26 6441.34 6330.08 8266.47 7990.96 7168.86 7188.81 6602.78 6322.03 6250.04 5097.78 4878.05 5518.34 13404.8 6018.23 5946.94 5680.67 4955.38 4882.43 4824.69 4727.84 6919.16 6772.5 6088.16 6224.03 5098.22 6533.9 8190.91 5561.95 5238.23 4696.34 4781.71 4656.85 4640.44 4566.5 4547.15 5651.92 4515.11 4462.49 4771.5 4316.44 13494.8 5749.35 8169.04 6880.6 4280.81 5914.04 7168.04 4335.84 11626.1 16012.6 6465.61 6378.02 6427.47 5047.2 4178.88
threshold=6.0499999523162851 36.049999237060554 41.149999618530281 109.04499816894533 8.9849996566772479 39.049999237060554 1.5000000000000002 16.564999580383304 26.005000114440922 -6.6929676532745352 28.214999198913578 51.004999160766609 36.495000839233406 -7.2808232307434073 27.275000572204593 -13.949181556701658 59.004999160766609 27.515000343322757 21.095000267028812 59.500000000000007 9.5000000000000018 -2.2142635583877559 19.994999885559086 35.149999618530281 0.72050002217292797 14.954999923706056 10.143094539642336 27.964999198913578 10.050000190734865 2.6072514057159428 4.5000000000000009 -0.8238445222377776 19.724999427795414 0.15249999612569812 -9.410547733306883 49.004999160766609 34.135000228881843 78.500000000000014 33.514999389648445 80.005001068115249 29.10000038146973 1.0500000119209292 0.1134999990463257 29.045000076293949 16.94999980926514 -6.3909513950347892 9.5000000000000018 31.755000114440922 5.5000000000000009 16.744999885559086 9.2849998474121112 44.049999237060554 -6.0737969875335684 -7.7000145912170401 27.804999351501468 5.5000000000000009 3.5000000000000004 15.934999942779543 34.495000839233406 18.195000648498539 139.004997253418 -3.2532918453216548
decision_type=8 8 10 10 8 10 2 8 8 10 10 10 10 8 8 10 8 10 8 10 2 10 10 8 10 8 8 8 10 10 2 8 8 8 8 10 10 10 10 8 10 10 10 10 10 10 2 10 2 10 8 8 8 8 10 2 2 8 10 10 10 8
left_child=1 -1 3 8 5 -5 14 40 26 10 11 12 -10 16 -6 -7 -14 18 19 21 24 41 -21 38 -20 -23 31 46 -29 -30 -31 32 33 -2 -33 61 37 -36 -19 -24 -8 42 -4 -26 45 -39 48 -48 49 -28 -51 54 53 -53 57 56 -56 -9 59 -58 -61 -35
right_child=2 -3 17 4 6 15 7 51 9 -11 -12 -13 13 -15 -16 -17 -18 23 20 22 -22 25 39 -25 43 -27 27 28 29 30 -32 34 -34 35 36 -37 -38 44 -40 -41 -42 -43 -44 -45 -46 -47 47 -49 -50 50 -52 52 -54 -55 55 -57 58 -59 -60 60 -62 -63
leaf_value=-0.0081776396384822259 -0.010883596779132806 -0.0743952422971009 0.14342231860417118 0.021301790101790591 -0.10350299316624119 0.98323240268905221 0.084200063330247266 -0.11672169314117647 0.040495420788325846 -0.0015325041335316775 -0.00096054621599646383 -0.1393751193780233 -0.036125643631798224 0.022330359731694744 -0.39662628554982216 0.30157889885746919 0.21672530519891631 0.025925239331840023 0.0098872450399514322 -0.56833342949549359 -0.054668536392139623 -0.037586934066758663 -0.37027345283650887 0.13902975109046498 0.60026965682559164 0.028583885072573412 -0.077859352565005827 -0.18858960886957915 -0.062648784965259788 0.64539533009131755 0.041089363781367842 0.078503424619945389 -0.00063270045084461938 -0.13769232185970928 0.0023052869147654562 0.22409164064734335 0.077204180082334817 0.40611245570274507 0.38913181854618922 0.11026718799927922 -0.16718163926987417 0.055145298930686787 0.64264913253924427 0.046108956595417111 0.62853744359953068 -0.18880751995369793 0.028027545179852776 0.84015164974217227 -0.082384763694385396 -0.096962491558002836 0.065144706436769173 0.40327647924111293 -0.0067568090027396348 -0.023439862862009036 -0.0097014943955873179 -0.0048446616731224893 -0.61377858485569037 0.00057145895570492216 -0.6166805519716545 -0.16449113853466818 -0.68312502187841084 -0.053928064954257837
leaf_weight=30684 16446 3887 341 293 1960 53 1960 1494 22052 47701 13934 510 229 983 203 92 1539 4544 5779 120 5744 3906 102 1445 68 9346 2278 1095 3576 60 147 3198 107759 2274 29391 142 2361 65 90 99 199 7373 68 80 56 70 3136 52 3079 788 3866 209 2350 186 691 1758 114 5501 159 585 51 4313
leaf_count=30684 16446 3887 341 293 1960 53 1960 1494 22052 47701 13934 510 229 983 203 92 1539 4544 5779 120 5744 3906 102 1445 68 9346 2278 1095 3576 60 147 3198 107759 2274 29391 142 2361 65 90 99 199 7373 68 80 56 70 3136 52 3079 788 3866 209 2350 186 691 1758 114 5501 159 585 51 4313
internal_value=1.23078e-11 -0.0156228 0.00164632 -0.000435111 -0.0272719 0.196571 -0.0329001 -0.0189906 0.00133269 0.0124518 0.0294483 0.0461874 0.050003 0.126215 -0.131013 0.550735 0.183975 0.0170266 0.00945018 0.0245597 -0.0181964 0.0294534 -0.29611 0.0581879 0.0171496 0.00908017 -0.00391721 -0.0282002 -0.0790844 -0.0473878 0.216251 -0.00127405 -0.0058125 -0.0298975 0.0156361 -0.0763684 0.00934204 0.00392582 0.0329793 -0.133589 0.0610296 0.0641472 0.226423 0.300723 0.253293 0.0976354 -0.00939473 0.0412742 -0.0255302 -0.000277065 0.0376972 -0.0321807 0.023332 0.202342 -0.0468993 -0.0936004 -0.191121 -0.0244801 -0.329032 -0.26805 -0.20608 -0.0828456
internal_weight=362634 34571 328063 288958 17858 438 17420 15257 271100 86948 39247 25313 24803 2751 2163 145 1768 39105 33026 21355 11671 21034 321 6079 5927 13252 184152 18077 4878 3783 207 166075 130934 23175 35141 6729 31943 29582 4634 201 2159 7782 409 148 191 135 13199 3188 10011 6932 4654 13098 2745 395 10353 3358 1600 6995 909 750 636 6587
internal_count=362634 34571 328063 288958 17858 438 17420 15257 271100 86948 39247 25313 24803 2751 2163 145 1768 39105 33026 21355 11671 21034 321 6079 5927 13252 184152 18077 4878 3783 207 166075 130934 23175 35141 6729 31943 29582 4634 201 2159 7782 409 148 191 135 13199 3188 10011 6932 4654 13098 2745 395 10353 3358 1600 6995 909 750 636 6587
is_linear=0
shrinkage=0.05


Tree=133
num_leaves=63
num_cat=0
split_feature=44 12 47 28 50 16 46 37 50 8 16 8 30 33 37 5 35 12 48 7 43 17 30 32 11 44 8 43 37 3 30 33 40 50 2 50 46 1 44 25 6 41 5 11 8 16 16 16 14 37 44 50 5 24 15 30 40 35 1 37 44 37
split_gain=3649.75 3824.51 6658.88 8622.32 7499.95 5765.63 5730.1 7669.32 8125.91 13392.4 6470.56 6163.7 6178.98 12380.3 7031.54 6315.22 5794.19 7496.24 6639.95 5868.87 6118.91 5789.45 9111.42 8494.62 6147.56 5715.12 5302.16 5161.51 5062.31 4982.16 5746.95 7015.1 5053.08 5513.34 5809.8 4878.27 6327.75 5987.35 12230 5701.4 5325.65 5189.37 5025.35 5341.12 4827.83 4812.6 4760.01 4732.1 4699.77 4841.34 4830.6 5572.1 8187.07 5376.97 4680.36 4677.11 4670.96 4658.99 4642.01 5432.69 5697.76 7442.89
threshold=4.1349999904632577 -3.4731613397598262 -4.9634449481964102 183.94999694824222 1.5000000000000002 28.595000267028812 37.524999618530281 23.894999504089359 4.5000000000000009 0.03849999979138375 18.845000267028812 0.04150000028312207 20.175000190734867 -5.7046749591827384 34.645000457763679 70.500000000000014 10.250000000000002 -8.5773158073425275 -20.889808654785153 21.550000190734867 0.23849999904632571 86.020000457763686 23.605000495910648 46.004999160766609 37.995000839233406 4.1349999904632577 0.47450000047683721 0.88350000977516185 19.714999198913578 5.0999999046325692 28.085000038146976 1.9698211550712588 -10.825317859649656 4.5000000000000009 34.100000381469734 9.5000000000000018 15.534999847412111 53.049999237060554 24.115000724792484 21.914999961853031 47.299999237060554 -6.3732464313507071 85.500000000000014 14.265000343322756 0.15750000625848773 21.685000419616703 25.425000190734867 8.7249999046325701 32.250000000000007 20.035000801086429 25.214999198913578 5.5000000000000009 29.149999618530277 59.004999160766609 0.38750000298023229 13.744999885559084 -8.3546671867370588 27.94999980926514 33.100000381469734 37.225000381469734 19.82499980926514 17.384999275207523
decision_type=8 8 8 8 2 8 10 8 2 8 8 8 10 10 10 10 8 10 10 10 10 10 8 10 8 10 10 8 10 10 10 10 8 2 10 2 8 10 10 8 10 10 8 8 10 8 10 8 10 8 8 2 10 8 10 8 8 10 10 10 8 8
left_child=-1 2 6 4 5 -4 16 -8 9 10 -9 -10 -13 14 15 -14 19 25 26 -2 -21 22 -11 57 -24 56 -19 -15 55 -3 32 48 33 34 -31 58 -37 39 40 41 -39 44 43 -40 -38 -33 -22 -30 49 -32 51 -51 -53 -52 -48 -6 -18 -23 -27 60 61 -60
right_child=1 29 3 -5 28 -7 7 8 11 21 -12 12 13 27 -16 -17 17 18 -20 20 46 23 24 -25 -26 35 -28 -29 47 30 31 45 -34 -35 -36 36 37 38 42 -41 -42 -43 -44 -45 -46 -47 54 -49 -50 50 53 52 -54 -55 -56 -57 -58 -59 59 -61 -62 -63
leaf_value=-0.066938023757006984 0.012837112174265159 -0.014239605649834067 -0.089041255929778643 -0.084849598198119228 -0.025575085241306941 0.2701888367728047 0.13057228221657147 0.62073109733561682 -0.059232808736728752 -0.15643355396174966 0.099596165102862177 -0.077057948329114265 0.044796541884092045 0.23035199087516653 -0.17724886352442348 0.41148125956272852 0.5064005797485942 0.021316999684159572 0.0078933784869206786 0.035591362653055153 0.063047928252705818 -0.24547258773512104 0.04748784386262786 -0.63694415153127859 0.56508397338787719 -0.035855881204930905 0.58454259117444363 0.70130263419160921 0.28809811543878611 0.054088231414024815 0.069474877107226218 -0.050916741063060648 0.00097371215154074323 0.0060420443357852216 0.23075216350985364 -0.12438444788999688 -0.019310027951339508 0.26762479399493089 0.3317280685099272 -0.14392924259751469 0.8269076536375064 -0.018715491485381066 0.30481599301099777 -0.2182841943194197 0.63061171796345605 0.12208657082099368 0.75109993093129668 -0.017560138242063799 0.057629022799686486 0.026933176374902775 0.047047498953772027 -0.026102739463906045 -0.22991623625123447 -0.026188297513474207 0.28002893639359677 0.035491280233818152 0.015063199327856887 0.096670919068549813 0.070089152013544542 -0.11352032360692801 0.017410711182174285 -0.14594321309713756
leaf_weight=2025 32880 27008 3889 4416 4483 115 1931 78 854 658 252 446 949 944 318 134 92 78 32437 669 162 395 244 113 75 16684 90 62 127 1340 3174 472 106965 2623 713 2598 53 201 52 1049 54 1359 80 292 62 2710 72 42972 6536 5245 9205 9393 520 3444 197 10432 102 133 589 983 15172 1234
leaf_count=2025 32880 27008 3889 4416 4483 115 1931 78 854 658 252 446 949 944 318 134 92 78 32437 669 162 395 244 113 75 16684 90 62 127 1340 3174 472 106965 2623 713 2598 53 201 52 1049 54 1359 80 292 62 2710 72 42972 6536 5245 9205 9393 520 3444 197 10432 102 133 589 983 15172 1234
internal_value=-2.89501e-11 0.00037589 -0.00474606 -0.0173453 -0.0125387 -0.0787237 0.00254333 0.0445389 0.0151612 -0.0675199 0.222774 0.0586096 0.0938838 0.125558 0.0294684 0.0901666 -0.000427345 -0.00834253 0.00951722 0.0166378 0.130245 -0.126727 -0.0501177 -0.243493 0.16918 -0.0226656 0.323045 0.259377 -0.00797073 0.00555248 0.00906137 0.0251457 0.0031978 0.0540746 0.115443 -0.0239636 -0.0664053 -0.0193629 0.112433 -0.0548322 0.386061 0.0085754 -0.0521317 -0.135143 0.331083 0.0964242 0.277166 -0.0166595 0.0191002 0.0109718 0.00429405 -0.014743 -0.0367941 0.0271073 0.406115 0.0171366 0.248069 -0.159289 -0.0168619 0.000765014 0.00737534 -0.0761445
internal_weight=362634 360609 181261 66434 62018 4004 114827 7586 5655 1948 330 3707 2853 2407 1401 1083 107241 73261 32605 33980 1100 1618 977 641 319 40656 168 1006 58014 179348 152340 40699 111641 4676 2053 40462 5800 3202 679 2523 255 1474 424 344 115 3182 431 43099 37517 30981 27807 15158 9913 12649 269 14915 194 528 34662 17978 16995 1823
internal_count=362634 360609 181261 66434 62018 4004 114827 7586 5655 1948 330 3707 2853 2407 1401 1083 107241 73261 32605 33980 1100 1618 977 641 319 40656 168 1006 58014 179348 152340 40699 111641 4676 2053 40462 5800 3202 679 2523 255 1474 424 344 115 3182 431 43099 37517 30981 27807 15158 9913 12649 269 14915 194 528 34662 17978 16995 1823
is_linear=0
shrinkage=0.05


Tree=134
num_leaves=63
num_cat=0
split_feature=51 51 7 8 30 38 6 6 2 4 16 51 5 24 39 50 46 40 50 36 34 50 4 49 29 30 28 30 8 34 28 22 50 51 6 2 50 50 38 30 44 19 21 21 30 11 28 44 44 51 30 44 3 49 8 36 46 44 46 12 44 11
split_gain=4045.79 10349.4 14609.2 10452.6 12193 7463.23 8013.76 7072.82 7009.96 9612.91 8857.49 7216.88 9856.24 7097.46 6934.34 7465.77 7755.07 10683.6 11882.3 7641.91 7846.78 6816.15 9596.99 9036.61 6749.69 7229.6 10238 11870.5 9491.26 8981.75 6904.3 6478.68 7225.72 11349.5 8674.02 8009.69 7629.98 13416.1 13188.8 9739.97 7773.42 7634.94 6355.25 6324.51 6321.63 7243.68 6308.54 6243.01 8114.69 6201.87 13618 9079.33 6726.88 6199.7 6938.61 9397.52 8579.94 6408.28 6167.64 6108.51 6106.3 6064.5
threshold=4.5000000000000009 3.5000000000000004 16.94999980926514 0.58149999380111705 14.784999847412111 84.009998321533217 69.500000000000014 115.50000000000001 54.399999618530281 26.19999980926514 29.654999732971195 1.5000000000000002 69.500000000000014 35.975000381469734 20.525000572204593 6.5000000000000009 24.884999275207523 -6.3442406654357901 9.5000000000000018 0.56949999928474437 4.2364706993103036 7.5000000000000009 37.049999237060554 17.500000000000004 1.0000000180025095e-35 24.494999885559086 10.150000095367433 20.48499965667725 0.73550000786781322 -0.57017230987548817 7.5499999523162851 0.43449999392032629 6.5000000000000009 1.0000000180025095e-35 29.10000038146973 32.049999237060554 10.500000000000002 11.500000000000002 40.995000839233406 20.48499965667725 30.775000572204593 -19.399223327636715 42.649999618530281 12.750000000000002 23.605000495910648 13.894999980926515 15.750000000000002 14.585000038146974 20.244999885559086 2.5000000000000004 9.6649999618530291 29.954999923706058 33.049999237060554 3.5000000000000004 0.70949998497962963 0.5834999978542329 22.57499980926514 20.345000267028812 10.00500011444092 1.083277761936188 33.645000457763679 30.954999923706058
decision_type=2 2 10 10 8 8 10 10 10 10 10 2 10 8 10 2 10 8 2 10 10 2 10 2 8 8 8 10 10 10 10 8 2 2 8 8 2 2 10 8 10 10 10 8 8 10 10 10 10 2 8 10 8 2 10 8 10 10 8 10 10 10
left_child=1 8 3 14 -5 -6 -7 53 31 13 11 -11 -13 46 15 19 -17 18 -18 -3 -21 23 -23 43 25 26 27 -4 -27 30 -29 -1 49 35 61 -34 39 38 -38 40 42 -40 -36 -12 -41 -46 -10 -26 59 -33 51 -51 60 -2 -55 57 -57 -56 -28 -49 -52 -35
right_child=7 2 24 4 5 6 -8 -9 9 10 21 12 -14 -15 -16 16 17 -19 -20 20 -22 22 -24 -25 47 28 58 29 -30 -31 -32 32 33 34 36 -37 37 -39 41 44 -42 -43 -44 -45 45 -47 -48 48 -50 50 52 -53 -54 54 55 56 -58 -59 -60 -61 -62 -63
leaf_value=-0.0006791287534582296 0.018916628488745712 0.049126778873471416 0.1082287310443894 0.60695932039926792 -0.07987376229820857 -0.20591277056254254 -0.74446290989601338 0.46456620141958133 -0.043228475750377936 -0.13350904498284941 0.017662711723673123 0.076895174239130476 0.80605731916427625 0.0055483916816716876 -0.035476489285018613 -0.022807611440810199 -0.014697932786143878 0.029290625420098942 0.83692225721275926 0.18786928559261595 0.89464741933345793 0.25899210299683523 0.87300317931449278 -0.060046581779806429 -0.039264157943776606 0.042339886832055085 -0.02787823396757921 1.3123783296083704 -0.34356234761471133 0.24178629577228869 0.57147138027656008 -0.072769769566039783 -0.035396270480129229 0.051069070252664973 0.20205578133378022 0.13662806751556744 0.18795380640819848 0.015482768712846923 0.034119343917284696 -0.1882570952655177 -0.24377176202833653 -0.59674785466764324 0.77605664831015375 0.43406215983764451 0.0531906167661991 -0.099179852537606042 0.25458782556855236 0.059249116951032292 0.016189444785206567 -0.15222169539418012 -0.06658709881444215 -0.87814514546683342 0.12681864019289604 -0.016777757509719268 0.75937125760096091 0.093447882549879291 -0.10342944259257857 0.18781121958968011 0.11254006099010153 0.19613241522271913 0.16744720666592161 -0.17247818917102978
leaf_weight=166655 16972 8150 297 58 1675 351 86 79 263 418 135 634 50 12420 6978 7781 68 419 103 183 50 237 87 303 2815 3968 910 51 166 108 82 10014 990 3310 217 2138 83 377 56 831 75 334 62 281 1373 1806 549 2393 8272 124 1589 66 1161 83600 54 1417 908 534 5560 1236 338 334
leaf_count=166655 16972 8150 297 58 1675 351 86 79 263 418 135 634 50 12420 6978 7781 68 419 103 183 50 237 87 303 2815 3968 910 51 166 108 82 10014 990 3310 217 2138 83 377 56 831 75 334 62 281 1373 1806 549 2393 8272 124 1589 66 1161 83600 54 1417 908 534 5560 1236 338 334
internal_value=-4.45527e-11 0.00333913 0.0233392 -0.0032018 -0.108242 -0.127882 -0.311897 -0.00835298 -0.00165437 0.0308287 0.129017 0.0301703 0.130197 0.0149116 0.00640279 0.0238454 -0.00955558 0.165214 0.498266 0.0571986 0.339538 0.233456 0.423865 0.147652 0.0499253 0.0792834 0.110217 0.319793 0.0268441 0.580518 0.855579 -0.0042568 -0.027844 0.000307231 -0.0286053 0.082183 -0.0699687 -0.207019 -0.384361 -0.0432747 0.208132 -0.506162 0.329612 0.298933 -0.0654688 -0.0333715 0.158128 0.0276973 0.043536 -0.0532292 0.00646541 -0.404385 0.0317444 -0.008714 -0.0141345 0.061723 0.0165599 0.240301 0.0927903 0.10587 -0.025537 0.0305793
internal_weight=362634 259070 51760 25902 2170 2112 437 103564 207310 15377 2145 1102 684 13232 23732 16754 8371 590 171 8383 233 1043 324 719 25858 11142 7008 538 4134 241 133 191933 25278 11986 8858 3128 5214 850 473 4364 354 390 279 416 4010 3179 812 14716 11901 13292 3278 190 3088 103485 86513 2913 2325 588 6470 3629 1927 3644
internal_count=362634 259070 51760 25902 2170 2112 437 103564 207310 15377 2145 1102 684 13232 23732 16754 8371 590 171 8383 233 1043 324 719 25858 11142 7008 538 4134 241 133 191933 25278 11986 8858 3128 5214 850 473 4364 354 390 279 416 4010 3179 812 14716 11901 13292 3278 190 3088 103485 86513 2913 2325 588 6470 3629 1927 3644
is_linear=0
shrinkage=0.05


Tree=135
num_leaves=63
num_cat=0
split_feature=32 44 4 3 44 43 28 30 51 37 23 50 9 6 13 30 6 30 25 40 50 23 36 42 9 25 44 36 6 9 10 25 50 32 44 44 47 43 42 16 44 25 28 45 50 44 2 50 10 47 35 21 33 37 39 32 30 23 2 11 26 10
split_gain=3660.05 5640.22 9934.12 7702.32 7753.56 7427.94 6712.99 7838.88 6692.96 6059.73 12204.4 9415.93 7932.38 6518.11 6091.33 7468.25 5881.22 6796.52 5619.84 5438.23 7544.68 7864.56 7400.02 7318.27 8379.59 8076.74 6398.43 9748.88 6720.08 6594.08 6023.82 8498.91 5736.98 5562.15 5363.73 5352.3 7474.07 6228.3 5279.57 5710.96 7591.9 6664.74 6493.39 5751.99 5523.37 5696.85 5242.2 8810.39 7777.24 5195.79 5030.86 4960.76 4787.5 8766.74 7868.77 8787.92 6560.73 5341.76 7490.69 7155.88 7438.15 6382.86
threshold=11.125000000000002 24.32499980926514 16.10000038146973 5.0999999046325692 26.954999923706058 0.34149999916553503 7.8500001430511483 25.925000190734867 3.5000000000000004 20.134999275207523 19.134999275207523 10.500000000000002 25.23499965667725 12.050000190734865 6.4070501327514657 19.105000495910648 81.500000000000014 29.925000190734867 24.005000114440922 -13.932399749755858 5.5000000000000009 15.375000000000002 0.50450000166893016 2.0499999523162846 25.435000419616703 26.244999885559086 34.674999237060554 0.47249999642372137 34.049999237060554 39.295000076293952 1.0000000180025095e-35 5.9949998855590829 8.5000000000000018 42.004999160766609 30.564999580383304 20.945000648498539 10.143094539642336 0.01350000035017729 106.75000000000001 21.775000572204593 32.635000228881843 9.2849998474121112 8.8499999046325701 90.009998321533217 9.5000000000000018 25.554999351501468 64.500000000000014 6.5000000000000009 62.004999160766609 inf 20.94999980926514 23.150000572204593 -8.8839659690856916 33.315000534057624 7.9549999237060556 18.005000114440922 28.244999885559086 20.904999732971195 19.10000038146973 8.0050001144409197 1.0698448419570925 86.009998321533217
decision_type=8 10 10 8 10 8 10 8 2 8 10 2 8 10 10 10 8 10 10 10 2 10 10 8 8 10 10 10 8 8 10 10 2 8 8 10 8 8 10 10 10 8 8 8 2 10 8 2 8 8 10 10 8 10 8 10 10 10 8 10 10 10
left_child=1 9 16 4 -4 38 7 8 -6 50 -11 -12 -13 -14 15 -15 18 -18 49 20 21 22 -2 24 -23 -26 27 35 34 32 31 -25 51 -30 -29 -22 37 -37 39 40 42 -42 43 -5 45 -41 -39 48 -48 -3 -1 -28 53 -21 -55 -56 57 59 -59 -54 -61 -60
right_child=19 2 3 5 6 -7 -8 -9 -10 10 11 12 13 14 -16 -17 17 -19 -20 52 26 23 -24 30 25 -27 29 28 33 -31 -32 -33 -34 -35 -36 36 -38 46 -40 44 41 -43 -44 -45 -46 -47 47 -49 -50 -51 -52 -53 56 54 55 -57 -58 58 61 60 -62 -63
leaf_value=-0.027030070760179749 0.0043053896060256209 -0.0027887151597689834 -0.069546154782680489 0.27621018464074415 0.37064937558225408 -0.016616940829001461 0.097169755542833969 0.18148196548037232 1.0179146653839521 -0.10661205134226664 -0.030878169184533191 0.040079953885523018 -0.17900555423408185 0.052994342044484423 0.89678191119974304 0.65932986996639742 -0.27761958062417658 0.29660662893458445 -0.10492276110067755 -0.0099570204969561052 0.039786218044223026 -0.020322657950284411 -0.22129589928600654 0.45189797007163074 -0.086704761819405993 -0.93975401494119848 -0.08965446149859678 0.08787635171021789 0.19623348027512844 0.27023915084680233 0.056695046555110075 0.0618243762112239 0.18107675388009248 -0.015070174808991647 -0.17262512746407266 -0.025457165968275255 -0.063555009484033989 0.028045268883403574 -0.38556882955033234 -0.022600290760523039 0.67975597234406315 0.087672296919849485 0.03611307681545662 -0.071176980270835383 -0.075983879019358963 0.05357032624333749 0.21540749273262919 0.08390570197659894 0.92368513456617407 -0.12754944206647509 0.020172587151504048 -0.30473461244547256 -0.01886309522266446 0.32654405107073814 -0.04295074348972238 -0.27351861863835225 0.023364258630438256 -0.040343114753878279 0.0055116585154119449 0.032823656349713695 -0.0099628240046375927 -0.035824627334202164
leaf_weight=11596 5347 11310 288 595 93 11059 417 200 70 5336 13614 1003 53 122 55 87 407 59 1877 49753 5312 361 390 236 55 56 1680 468 1445 127 15491 342 167 397 342 5991 5788 3542 74 3314 102 89 2236 149 1258 9467 96 588 65 901 10999 319 16434 92 903 762 33617 16097 50846 32474 14781 11440
leaf_count=11596 5347 11310 288 595 93 11059 417 200 70 5336 13614 1003 53 122 55 87 407 59 1877 49753 5312 361 390 236 55 56 1680 468 1445 127 15491 342 167 397 342 5991 5788 3542 74 3314 102 89 2236 149 1258 9467 96 588 65 901 10999 319 16434 92 903 762 33617 16097 50846 32474 14781 11440
internal_value=-2.59433e-11 -0.00895251 0.0036304 0.0203497 0.152164 0.0153827 0.234026 0.391242 0.648616 -0.0218583 -0.0417067 -0.0185156 0.108987 0.327012 0.428599 0.305392 -0.0301562 -0.204917 -0.0243755 0.00281847 0.0179981 0.0394128 -0.0110309 0.0569085 -0.137143 -0.517072 -0.00012311 0.00749058 0.0979121 -0.0799257 0.0626084 0.221093 -0.100457 0.150692 -0.0221132 -0.00372436 -0.018107 0.00747692 0.0358574 0.0376695 0.0982739 0.403864 0.0786874 0.206639 0.0239807 0.03382 0.0534588 0.173638 0.501358 -0.0119943 -0.00405233 -0.123977 -0.000428925 -0.0138333 -0.123599 -0.148472 0.0035011 -0.00119892 -0.00993827 0.00955673 0.0194404 -0.00208053
internal_weight=362634 86830 43965 29411 1068 28343 780 363 163 42865 20270 14934 1320 317 264 209 14554 466 14088 275804 48605 22278 5737 16541 472 111 26327 24034 2652 2293 16069 578 2166 1842 810 21382 16070 10282 17284 17210 3171 191 2980 744 14039 12781 4291 749 161 12211 22595 1999 227199 51510 1757 1665 175689 142072 78383 63689 47255 62286
internal_count=362634 86830 43965 29411 1068 28343 780 363 163 42865 20270 14934 1320 317 264 209 14554 466 14088 275804 48605 22278 5737 16541 472 111 26327 24034 2652 2293 16069 578 2166 1842 810 21382 16070 10282 17284 17210 3171 191 2980 744 14039 12781 4291 749 161 12211 22595 1999 227199 51510 1757 1665 175689 142072 78383 63689 47255 62286
is_linear=0
shrinkage=0.05


Tree=136
num_leaves=63
num_cat=0
split_feature=51 51 37 49 44 6 16 27 44 31 5 6 0 44 37 47 30 33 19 44 17 8 16 5 19 9 44 37 6 37 44 30 47 32 37 8 8 45 36 49 30 30 45 33 5 37 5 38 43 8 25 30 37 9 6 51 5 44 44 9 29 6
split_gain=3677.38 9343.1 15122.4 16428.9 13035 10310.4 13827.6 14222.5 10530.6 9102.98 7315.61 9572.51 17189.8 10653.4 10336.6 8563.85 8710.49 7692.3 7419.89 7067.1 6992.68 6988.86 6943.32 6676.08 6644.59 6551.49 8210.57 11851.4 6423.91 6633.94 8179.15 16715.2 14945.4 14435.7 7901.41 6854.99 6817.49 9603.09 7365.11 7000.68 6972.79 7596.91 6677.01 6109.3 5815.73 5784.67 5749.18 5947.99 9030.52 13106 5637.19 5482.85 5419.97 11422.7 10346.3 10972.5 14493.1 11356.5 14147.9 15625.6 18227.6 13185
threshold=4.5000000000000009 3.5000000000000004 29.185000419616703 5.5000000000000009 33.335000991821296 49.250000000000007 26.105000495910648 -8.0554642677307111 29.775000572204593 183.14499664306643 62.049999237060554 48.20000076293946 16.10000038146973 26.525000572204593 16.714999198913578 5.3896870613098153 23.884999275207523 -7.2639451026916495 -4.6665308475494376 26.954999923706058 33.004999160766609 0.7305000126361848 24.595000267028812 39.100000381469734 7.922570228576661 30.554999351501468 21.925000190734867 23.704999923706058 115.50000000000001 36.844999313354499 35.254999160766609 17.845000267028812 2.8320164680480961 34.844999313354499 31.845000267028812 inf 0.74050000309944164 31.005000114440922 0.45350000262260443 4.5000000000000009 21.615000724792484 19.755000114440922 58.98500061035157 1.7829750776290896 59.149999618530281 26.005000114440922 80.500000000000014 40.004999160766609 0.56649997830390941 0.4134999960660935 8.9949998855590838 24.425000190734867 33.014999389648445 21.224999427795414 40.149999618530281 1.5000000000000002 87.500000000000014 31.525000572204593 35.254999160766609 32.944999694824226 0.0015000000712461772 79.500000000000014
decision_type=2 2 8 2 10 8 8 10 10 10 8 10 10 8 10 8 8 10 10 10 8 10 8 8 10 10 10 10 10 10 10 8 8 10 8 8 10 10 8 2 10 10 10 10 8 10 10 10 10 10 8 8 10 8 8 2 10 8 8 10 10 10
left_child=1 52 3 9 10 24 7 8 -7 -3 11 13 20 25 -15 16 17 -14 43 45 -13 -8 -18 -6 46 -5 27 -27 29 30 36 -32 33 35 -34 50 39 38 -38 -2 41 -39 -43 -12 -31 -20 47 48 -4 -50 -33 -40 -1 -54 -55 56 57 -56 59 -59 -61 -60
right_child=28 2 5 4 23 6 21 -9 -10 -11 18 12 15 14 -16 -17 22 -19 19 -21 -22 -23 -24 -25 -26 26 -28 -29 -30 44 31 32 34 -35 -36 -37 37 40 51 -41 -42 42 -44 -45 -46 -47 -48 -49 49 -51 -52 -53 53 54 55 -57 -58 58 61 60 -62 -63
leaf_value=-0.004000602867439868 0.014562800455551989 -0.017739613471866006 0.023223848584910327 0.063947888781895862 0.13696414733926454 0.19746424727038378 -0.10497291584803906 -0.032803579147114618 1.0984943412623165 0.30832293439494157 -0.24236377323640929 -0.74681283778045326 0.57174772021161135 -0.25718200498183913 0.0075091448870363885 -0.10676395375200587 0.46356916416574406 0.2486713855859316 0.086419350645649054 0.56876380952104688 -0.037465530496678855 -0.317566824227899 -0.18633104836741507 0.54965370481238152 0.26917227841913699 0.11495638662971647 0.075599434770904 0.95990544865468908 0.44273959678373764 -0.054126056358934596 0.59381013876199729 0.303240209184031 -0.60031278196884241 0.68795096578001225 -0.082045699628617838 0.599990660469916 0.91472454766432443 -0.015538446244976993 -0.057091237864522054 -0.017912074636627549 -0.0014918117618199327 0.22531204497551216 0.95902137463552917 0.16480277580293745 -0.28347285544377215 -0.3585784855016162 0.44945209550981718 -0.036555835634217534 1.0280717077160566 0.15383895429997491 0.023301974657999117 0.48370835737695972 -0.35044567743130028 -0.013756272149817061 -0.14105143675455051 0.12292184455599271 -0.24020461513933566 0.0012581233461635879 0.012418740180916286 0.37523054121315963 -0.089015040469795581 -0.48506379149725726
leaf_weight=190009 21189 11823 2165 18982 195 72 2571 267 59 218 567 64 224 401 4599 184 54 1038 407 63 76 455 172 197 227 83 229 83 79 1014 150 201 115 99 204 59 51 106 86 76548 1347 68 57 110 380 89 69 5755 54 208 1708 103 200 7620 712 4349 502 881 1635 988 269 145
leaf_count=190009 21189 11823 2165 18982 195 72 2571 267 59 218 567 64 224 401 4599 184 54 1038 407 63 76 455 172 197 227 83 229 83 79 1014 150 201 115 99 204 59 51 106 86 76548 1347 68 57 110 380 89 69 5755 54 208 1708 103 200 7620 712 4349 502 881 1635 988 269 145
internal_value=8.87781e-12 0.00318347 0.0221864 0.0369548 0.0580748 -0.0272709 -0.100499 0.176558 0.603272 -0.0118363 0.0539827 0.0595929 0.170468 0.0513512 -0.0137191 0.215031 0.254823 0.306016 -0.0648873 0.0699308 -0.361739 -0.136939 -0.0310452 0.344362 0.00230355 0.0681419 0.269686 0.537431 -0.00796359 -0.00830766 -0.00682836 0.0818438 0.0496582 0.0988184 -0.268882 0.0691822 -0.00908714 0.0868493 0.381513 -0.0108716 0.0420335 0.295837 0.559883 -0.176207 -0.116645 0.00657095 -0.0050385 -0.00887128 0.0567754 0.334024 0.0527769 0.23763 -0.00156107 0.0252312 0.0296248 0.0644908 0.0149747 0.0426421 0.0760239 0.162718 0.275881 -0.0281065
internal_weight=362634 259070 51760 39858 27817 11902 3424 398 131 12041 27425 26189 1812 24377 5000 1672 1488 1262 1236 559 140 3026 226 392 8478 19377 395 166 103564 103485 102091 2536 2386 2067 319 1968 99555 1818 240 97737 1578 231 125 677 1394 496 8251 8182 2427 262 1909 189 207310 17301 17101 9481 5132 4630 3918 2138 1257 1780
internal_count=362634 259070 51760 39858 27817 11902 3424 398 131 12041 27425 26189 1812 24377 5000 1672 1488 1262 1236 559 140 3026 226 392 8478 19377 395 166 103564 103485 102091 2536 2386 2067 319 1968 99555 1818 240 97737 1578 231 125 677 1394 496 8251 8182 2427 262 1909 189 207310 17301 17101 9481 5132 4630 3918 2138 1257 1780
is_linear=0
shrinkage=0.05


Tree=137
num_leaves=63
num_cat=0
split_feature=46 51 43 15 6 33 37 32 15 39 11 28 35 51 31 28 25 12 24 23 36 51 4 44 49 49 40 33 44 26 4 24 23 3 51 6 5 51 5 44 10 49 49 48 19 39 43 21 9 51 6 49 44 44 47 23 2 51 10 4 28 5
split_gain=3473.73 6704.51 4677.86 4521.61 4184.21 3941.67 5984.1 13626.1 5899.88 5756.63 5657.43 5160.27 5202 5151.38 14143 10097.4 15068.5 13742.6 7873.36 5016.53 4907.68 5311.1 6833.63 4855.76 4728.22 5636.55 5219.27 4598.73 4595.88 4954.82 4416.12 6167.75 5544.66 9352.55 7702.02 6465.8 6150.65 6133.15 8839.45 7387.93 6968.91 8716.96 11628.5 10826.9 6239.64 5894.15 5749.26 5168.45 5144.45 6538.47 6566.67 5947.02 6200.32 4700.12 8220.88 6600.91 7300.04 14667.9 6392.99 9726.21 7595.12 9571.51
threshold=8.7349996566772479 1.5000000000000002 0.78049999475479137 0.66449999809265148 54.45000076293946 -7.5656721591949454 31.605000495910648 18.454999923706058 0.33550000190734869 6.9649999141693124 38.004999160766609 69.750000000000014 7.305000066757203 2.5000000000000004 43.004999160766609 12.84999990463257 31.005000114440922 -9.5801424980163556 23.005000114440922 12.694999694824221 inf 1.0000000180025095e-35 15.050000190734865 25.414999961853031 8.5000000000000018 3.5000000000000004 -0.28617566823959345 -10.567757129669188 25.414999961853031 -6.3201320171356192 11.050000190734865 241.50000000000003 27.894999504089359 18.050000190734867 5.5000000000000009 2.4500000476837163 4.0499999523162851 2.5000000000000004 68.500000000000014 16.974999427795414 41.995000839233406 13.500000000000002 17.500000000000004 -17.676310539245602 -9.8961329460144025 30.005000114440922 0.19549999386072162 19.750000000000004 31.414999961853031 3.5000000000000004 35.100000381469734 15.500000000000002 36.82500076293946 32.764999389648445 14.977221488952638 36.524999618530281 99.500000000000014 3.5000000000000004 36.995000839233406 26.19999980926514 9.6100001335144061 73.500000000000014
decision_type=8 2 10 10 8 8 10 10 10 8 10 8 8 2 10 10 10 10 8 8 8 2 10 8 2 2 10 10 10 8 10 8 8 8 2 10 10 2 10 8 10 2 2 10 8 10 10 10 10 2 8 2 10 10 8 10 10 2 8 10 10 10
left_child=1 3 -3 -1 -4 6 8 11 10 -9 19 12 -8 14 18 16 -16 -18 -10 23 21 22 -11 -2 25 -21 -27 -24 29 -12 31 32 36 -34 48 -36 -7 38 40 -40 41 -38 43 -43 45 -42 -45 -47 49 50 -35 -50 -53 -32 55 56 58 -58 59 -55 61 -60
right_child=5 2 4 -5 -6 30 7 9 13 20 28 -13 -14 -15 15 -17 17 -19 -20 24 -22 -23 27 -25 -26 26 -28 -29 -30 -31 53 -33 33 34 35 -37 37 -39 39 -41 44 42 -44 46 -46 47 -48 -49 51 -51 -52 52 -54 54 -56 -57 57 -59 60 -61 -62 -63
leaf_value=-0.035096816290997472 -0.042617513163390658 -0.0015365749233143629 0.40765090927307029 -0.19667463236312999 -0.12421992656130057 -0.04578695462147625 -0.12359478275700658 0.36445989423830594 0.44134240471806968 -0.017863938516412659 0.19194371723168283 -0.24482634705751269 0.021622192884946323 0.0066619801839312397 0.24238360579379581 0.053499709409715115 1.4574784169594448 0.40842785609735027 -0.028689023090010757 0.0062442861189700473 0.22186841473796931 -0.13672569234441337 -0.83150630815000071 -0.21183369781416006 0.013976609547781514 -0.046308574623743513 0.0014956149236165881 -0.30666136933381072 -0.043284224516031478 0.044678943958140968 0.007651774644700138 0.050599477151209209 -0.097546231750619272 -0.020945677223553671 0.27454092905198763 -0.12028447893609406 -0.03710247589185741 0.025580923222383391 0.34348311996686143 -0.25991141011312963 -0.15811698998648629 0.8563518597870261 0.036258036052044917 0.35074025795914693 -0.010901386328979851 0.35243556000110532 0.049182730512948573 -0.080695351851761521 0.23819537753233325 0.033065647158101528 -0.13080545141977026 0.029564185440983399 -0.11964915903694734 0.075625715125550136 -0.11631109242469109 -0.041275355578786074 0.81719661581105196 -0.25746034061908724 0.015252951871085411 0.3336433331026033 0.081449883033320278 -0.23808441293347313
leaf_weight=14834 4504 35624 128 446 52 5888 699 56 95 87 742 215 5238 3865 495 435 54 74 1433 17567 87 2395 82 468 19637 17245 8536 85 1018 2481 135026 4777 3989 3892 109 2130 1529 23361 56 539 1368 74 1413 358 11283 114 283 174 313 2815 2091 7846 764 1470 809 1786 87 50 3670 486 4992 415
leaf_count=14834 4504 35624 128 446 52 5888 699 56 95 87 742 215 5238 3865 495 435 54 74 1433 17567 87 2395 82 468 19637 17245 8536 85 1018 2481 135026 4777 3989 3892 109 2130 1529 23361 56 539 1368 74 1413 358 11283 114 283 174 313 2815 2091 7846 764 1470 809 1786 87 50 3670 486 4992 415
internal_value=-3.21514e-11 -0.0120852 -0.000251901 -0.039813 0.253999 0.00198158 -0.00701119 -0.0457651 -0.00260408 -0.137375 -0.00669759 -0.00418943 0.00452489 0.0432095 0.0978329 0.238355 0.367428 0.850996 0.000534135 -0.0101941 -0.147646 -0.159782 -0.377181 -0.0585453 -0.00637728 -0.0155978 -0.0304808 -0.56437 0.0493297 0.0785823 0.00549879 -0.00437959 -0.00811078 -0.0276523 -0.013684 -0.101063 0.00196671 0.00890037 -0.013767 -0.203121 -0.00697825 0.0539668 0.119401 0.283712 -0.0242034 -0.114835 0.217603 0.0907523 -0.00264382 -0.0297744 -0.0593406 0.0241067 0.0163239 0.0104891 0.0383219 0.0479775 0.0622484 0.424986 0.0577442 0.139734 0.0400761 -0.0104839
internal_weight=362634 51084 35804 15280 180 311550 87593 8944 78649 2792 72198 6152 5937 6451 2586 1058 623 128 1528 67957 2736 2649 254 4972 62985 43348 25781 167 4241 3223 223957 75166 70389 23949 19960 2239 46440 40552 17191 595 16596 3657 2128 715 12939 1656 641 288 17721 8798 5983 8923 8610 148791 13765 12956 11170 137 11033 1956 9077 4085
internal_count=362634 51084 35804 15280 180 311550 87593 8944 78649 2792 72198 6152 5937 6451 2586 1058 623 128 1528 67957 2736 2649 254 4972 62985 43348 25781 167 4241 3223 223957 75166 70389 23949 19960 2239 46440 40552 17191 595 16596 3657 2128 715 12939 1656 641 288 17721 8798 5983 8923 8610 148791 13765 12956 11170 137 11033 1956 9077 4085
is_linear=0
shrinkage=0.05


Tree=138
num_leaves=63
num_cat=0
split_feature=51 51 9 50 44 49 44 9 31 6 50 44 5 1 5 50 50 5 50 9 5 51 9 30 45 5 31 38 6 24 25 41 30 31 6 13 50 30 24 50 30 31 44 9 5 11 3 10 11 30 15 6 45 44 9 47 15 35 6 2 44 1
split_gain=3418.66 8125.88 12671.6 16539.3 21919.1 13257.1 9879.87 11525.8 8837.34 8598.16 28619.1 11754.7 9847.3 9319.94 8243.89 15089 6832.14 12086.2 10262.2 24456.1 21566.4 29938.5 31368.9 21368.1 19693.4 18680.8 18556.7 16040.7 19561.3 14390.1 12825.5 11415.5 10396.9 9231.33 9122.28 8884.58 8777.02 31626.5 14866.9 12822 21005.5 18603.1 17506.5 15409.3 12949.2 12817.8 11721.6 10767.8 10728.9 10611.3 9778.16 9489.48 12434.6 12374.8 11917.9 10269.5 10963.7 9356.58 9314.91 9312.26 9111.16 11422.2
threshold=4.5000000000000009 3.5000000000000004 30.875000000000004 10.500000000000002 24.704999923706058 5.5000000000000009 35.475000381469734 26.265000343322757 155.08499908447268 49.250000000000007 8.5000000000000018 33.795000076293952 48.250000000000007 67.500000000000014 68.500000000000014 5.5000000000000009 10.500000000000002 80.500000000000014 11.500000000000002 21.945000648498539 27.050000190734867 1.0000000180025095e-35 23.105000495910648 13.375000000000002 44.995000839233406 14.050000190734865 76.005001068115249 59.004999160766609 53.500000000000007 39.944999694824226 19.005000114440922 1.0000000180025095e-35 7.6649999618530282 60.010000228881843 46.100000381469734 -5.5967340469360343 8.5000000000000018 19.545000076293949 96.049999237060561 9.5000000000000018 21.615000724792484 447.50000000000006 31.755000114440922 24.015000343322757 13.050000190734865 11.125000000000002 49.149999618530281 72.005001068115249 31.005000114440922 26.265000343322757 0.0054999999701976785 33.100000381469734 49.004999160766609 24.525000572204593 21.134999275207523 -4.3991658687591544 0.089500002562999739 37.750000000000007 58.20000076293946 101.50000000000001 33.795000076293952 42.049999237060554
decision_type=2 2 10 2 10 2 10 10 10 8 2 10 10 8 8 2 2 10 2 10 10 2 10 8 10 10 8 10 10 10 8 10 8 10 10 10 2 10 10 2 10 8 10 8 8 10 10 8 10 10 8 10 8 8 8 8 10 10 10 10 10 10
left_child=1 16 5 9 -5 8 -7 -8 -3 14 12 -12 -11 -13 -4 -16 36 18 20 30 32 23 -23 -22 31 -21 27 28 -25 -26 -20 33 -18 -24 -27 -34 46 38 50 40 42 45 43 -39 -45 58 48 -40 -1 60 -38 53 -53 -42 -55 56 -56 -52 -41 -50 61 -47
right_child=-2 2 3 4 -6 6 7 -9 -10 10 11 13 -14 -15 15 -17 17 -19 19 25 21 22 24 26 29 34 -28 -29 -30 -31 -32 -33 35 -35 -36 -37 37 39 47 41 51 -43 -44 44 -46 49 -48 -49 59 -51 57 52 -54 54 55 -57 -58 -59 -60 -61 -62 -63
leaf_value=-0.014303879720490804 -0.0076783500401650497 -0.019846246848387022 -0.02770842114486188 1.2085571047895758 -0.13740640473862489 0.045570523538379634 0.68092071321001635 0.065672195629541116 0.22194451111583757 -0.078787728124636025 -0.036255819723809479 0.25814255271224107 -0.33097192549532739 0.95400107595799621 0.87228565665140545 -0.0023118323180824521 -0.26694431386132839 -0.37822728694369229 0.042879973744437319 -0.06998302149806844 -0.44470192814584486 -0.096773815882438635 0.44477998719647016 0.30589738815025175 0.054200933505130069 0.14963222310419153 -0.16331619009661288 -0.044723561751188794 1.1437545229612691 -0.60244865467457243 -0.058243251445565414 -0.35887035448842641 -0.094006831550008343 -0.26993685134913065 0.38350830364642619 0.01665085612452789 0.009398282457034458 0.058246062655513665 0.10328667948459402 0.013049710883879032 -0.022970388167415683 0.3544647625474569 -0.17390452451487581 1.0410444218706301 0.39188185023762512 -0.088225366934709643 0.038388732102788009 0.62073484069685336 0.024438937130251148 0.010847244336874893 0.13275819037204681 -0.11119791029543658 0.054531437596193999 0.47615841805818493 0.08643177372661591 0.012361425958548116 0.29855535652857651 0.39278928112652833 0.39320816202702641 0.49225649387166603 0.40472944832983471 -0.27385162618897768
leaf_weight=104272 103564 12185 5181 61 60 31258 133 178 390 634 233 159 994 69 73 152 386 236 4943 866 176 2248 116 463 93 1941 339 261 82 811 8575 227 2215 74 531 10017 1461 313 162 4588 4036 307 202 91 493 4886 15244 265 18230 2473 2645 2621 1992 192 2494 3183 806 398 167 107 84 998
leaf_count=104272 103564 12185 5181 61 60 31258 133 178 390 634 233 159 994 69 73 152 386 236 4943 866 176 2248 116 463 93 1941 339 261 82 811 8575 227 2215 74 531 10017 1461 313 162 4588 4036 307 202 91 493 4886 15244 265 18230 2473 2645 2621 1992 192 2494 3183 806 398 167 107 84 998
internal_value=3.47263e-12 0.00306944 0.0207913 -0.0387695 0.541137 0.0310671 0.0483606 0.328785 -0.0123474 -0.0481316 -0.134282 0.213499 -0.232763 0.468731 -0.0148413 0.281446 -0.00135526 -0.0216348 -0.0191859 0.00866122 -0.045996 -0.135138 -0.210405 0.0682163 -0.403777 0.12986 0.147058 0.2776 0.43196 -0.534895 -0.0212665 -0.119531 -0.0114498 0.166417 0.19987 -0.0033873 0.00270747 0.0251229 0.142453 0.00579017 0.0354667 -0.0303038 0.24662 0.34132 0.493036 -0.0392553 -0.00296042 0.42442 -0.00810137 -0.076241 0.115721 0.0203233 -0.0396321 0.0461448 0.0879349 0.0764373 0.138241 0.166768 0.0264012 0.0271687 -0.112328 -0.11971
internal_weight=362634 259070 51760 7616 121 44144 31569 311 12575 7495 2089 461 1628 228 5406 225 207310 34600 34364 16856 17508 4890 3569 1321 1321 3338 1145 806 545 904 13518 417 12618 190 2472 12232 172710 34857 4931 29926 16423 13503 1099 897 584 13196 137853 427 122609 8441 4504 15324 4613 10711 6675 6483 3300 3043 4755 18337 5968 5884
internal_count=362634 259070 51760 7616 121 44144 31569 311 12575 7495 2089 461 1628 228 5406 225 207310 34600 34364 16856 17508 4890 3569 1321 1321 3338 1145 806 545 904 13518 417 12618 190 2472 12232 172710 34857 4931 29926 16423 13503 1099 897 584 13196 137853 427 122609 8441 4504 15324 4613 10711 6675 6483 3300 3043 4755 18337 5968 5884
is_linear=0
shrinkage=0.05


Tree=139
num_leaves=63
num_cat=0
split_feature=49 5 29 23 47 35 3 46 11 42 44 24 17 50 40 51 44 11 19 6 5 0 15 43 29 46 0 49 30 16 49 16 2 15 49 49 50 51 45 11 44 4 24 51 0 3 44 15 31 30 3 30 5 42 31 31 44 51 50 27 6 5
split_gain=3487.02 5814.56 6185.63 6813.34 4956.35 10260.8 7996.86 5529.29 5047.22 4846.39 6920.72 4579.09 4537.6 4502.55 7798.09 5520.22 6530.58 6102.59 5145.27 5435.77 4769.92 4366.93 4300.93 4265.64 9648.96 8354.06 6426.83 5699.51 12113.2 11931.3 10370.1 9617.44 8214.6 8023.03 7750.3 11187.7 7467.99 8225.5 9538.58 7757.81 8209.33 7436.59 7143.39 9272.44 9186.93 7388.99 7382.25 7201.83 6908.53 6771.89 15270.4 9967.4 13453.6 12235.2 9412.39 9234.03 8946.08 8417.91 7590.61 7208.33 7813.26 6761.49
threshold=20.500000000000004 51.100000381469734 0.091499999165534987 18.685000419616703 -13.790956497192381 32.149999618530281 120.50000000000001 52.004999160766609 21.005000114440922 0.94999998807907116 27.244999885559086 177.06500244140628 31.994999885559086 9.5000000000000018 -15.861042976379393 3.5000000000000004 28.045000076293949 10.125000000000002 -13.455554008483885 92.500000000000014 29.149999618530277 28.10000038146973 0.036499999463558204 0.49449999630451208 0.035499999299645431 58.014999389648445 13.09999990463257 8.5000000000000018 27.755000114440922 28.845000267028812 6.5000000000000009 28.845000267028812 84.500000000000014 0.19150000065565112 13.500000000000002 16.500000000000004 4.5000000000000009 5.5000000000000009 88.014999389648452 38.004999160766609 15.394999980926515 25.050000190734867 53.995000839233406 2.5000000000000004 68.500000000000014 16.10000038146973 16.425000190734867 0.068500000983476653 10.019999980926515 21.615000724792484 24.050000190734867 18.884999275207523 56.399999618530281 24.650000572204593 104.01499938964845 45.995000839233406 22.954999923706058 2.5000000000000004 9.5000000000000018 -0.46809312701225275 74.500000000000014 32.049999237060554
decision_type=2 10 10 8 8 10 8 8 10 8 10 10 10 2 8 2 8 8 10 10 8 10 10 10 10 10 8 2 10 10 2 10 10 8 2 2 2 2 10 10 8 10 10 2 10 10 10 8 10 10 10 10 8 8 8 10 10 2 2 8 10 10
left_child=4 2 21 -4 5 6 13 -8 -7 10 -6 12 -5 18 20 17 -17 -16 19 -1 -15 -2 -14 27 25 26 -25 30 31 -30 33 32 34 36 -29 49 39 -38 61 -11 -41 -33 45 44 46 -37 -44 -48 -43 51 54 59 53 56 -51 -54 58 -52 -53 -36 -61 -39
right_child=1 -3 3 11 9 8 7 -9 -10 23 -12 -13 22 14 15 16 -18 -19 -20 -21 -22 -23 -24 24 -26 -27 -28 28 29 -31 -32 41 -34 -35 35 42 37 38 -40 40 -42 48 43 -45 -46 -47 47 -49 -50 50 57 52 55 -55 -56 -57 -58 -59 -60 60 -62 -63
leaf_value=0.0036214113021618014 -0.029818060164710537 -0.19721369869034533 -0.06972359046742431 0.04683682402013354 -0.10256640827380221 -0.16955656972601621 0.17684930347690794 0.6985423235064846 0.0059740772216244388 0.01809377218836521 0.30951192305462127 0.22329892768713944 0.0062004751117309062 0.064722397405315532 0.1610056269136303 0.26241448758073249 -0.1711029875253843 -0.14900635401260731 0.062080893413794636 0.29687207228278523 -0.47726361284332897 -0.11423701008264253 -0.044448357279000386 -0.097804858499763003 -0.108574090192048 0.18900336083421612 -0.0057316907400001456 -0.00041871924095631861 0.039845093643712165 0.19228387445882317 -0.030963018639351653 -0.02375078068704279 -0.19869657730600901 -0.062953037331372627 0.01642973864997619 -0.041132284245413188 -0.010654702159788055 0.036497586751908506 0.19978179620090789 0.0070285815091149229 0.17066895578126876 0.48171528425030036 0.027561508001737862 0.020809599071503124 0.1974887603871161 0.054747915180781849 -0.0090504786508389841 -0.14595647078156565 0.053682905779218928 -0.11056783288396069 -0.044323110830257924 0.31930281238929009 -0.18408587787819522 0.069881143138182833 0.47307974588539869 0.15464471790556222 0.25319522334250205 0.39796416658666556 0.86623938490704799 0.10462468350265533 -0.19016354363929067 -0.13836300952563516
leaf_weight=8549 8751 424 3263 5262 1801 955 365 59 717 26871 108 241 20617 55 206 308 121 692 9626 161 155 1857 5261 2022 2587 528 30239 40335 9804 1477 28844 30540 450 4394 6371 2478 55575 7802 851 1332 1805 99 1368 8136 328 10626 1373 3198 1973 1702 170 131 409 805 72 396 1041 293 123 5703 234 595
leaf_count=8549 8751 424 3263 5262 1801 955 365 59 717 26871 108 241 20617 55 206 308 121 692 9626 161 155 1857 5261 2022 2587 528 30239 40335 9804 1477 28844 30540 450 4394 6371 2478 55575 7802 851 1332 1805 99 1368 8136 328 10626 1373 3198 1973 1702 170 131 409 805 72 396 1041 293 123 5703 234 595
internal_value=8.15327e-12 -0.0129158 -0.0111889 -0.000959626 0.00186126 0.0247725 0.03458 0.249443 -0.0942842 0.000154967 -0.0792534 0.00619046 0.0045102 0.0299957 -0.0522064 -0.00740395 0.14014 -0.07789 0.0368863 0.009042 -0.335315 -0.0445962 -0.00409644 0.0006722 -0.0156086 -0.00827376 -0.0115025 0.00290713 0.0102979 0.0598036 -0.00457401 0.00557921 0.0143694 0.00309709 0.0154936 0.0297699 0.00615753 -0.00338911 0.0402728 0.0267801 0.101186 -0.0175317 0.00990358 -0.0144003 -0.0601108 0.0366167 -0.0743376 -0.104834 0.0741343 0.0610859 -0.0201413 0.07303 0.156336 0.222956 -0.0868798 -0.0174557 0.31811 0.235569 0.584158 0.0533677 0.0930059 0.0241072
internal_weight=362634 45676 45252 34644 316958 21969 20297 424 1672 294989 1909 31381 31140 19873 1537 1327 429 898 18336 8710 210 10608 25878 293080 35376 32789 32261 257704 129635 11281 128069 118354 85742 99225 85292 44957 94831 64823 9248 30008 3137 32612 27507 14403 6267 13104 5939 4571 2072 17450 2237 15213 2905 2100 1774 805 1295 463 254 12308 5937 8397
internal_count=362634 45676 45252 34644 316958 21969 20297 424 1672 294989 1909 31381 31140 19873 1537 1327 429 898 18336 8710 210 10608 25878 293080 35376 32789 32261 257704 129635 11281 128069 118354 85742 99225 85292 44957 94831 64823 9248 30008 3137 32612 27507 14403 6267 13104 5939 4571 2072 17450 2237 15213 2905 2100 1774 805 1295 463 254 12308 5937 8397
is_linear=0
shrinkage=0.05


Tree=140
num_leaves=63
num_cat=0
split_feature=37 5 24 25 32 44 5 4 42 40 7 48 42 28 51 31 28 40 23 1 44 36 30 9 37 9 18 6 30 51 24 44 5 46 51 1 38 51 6 38 1 49 51 5 7 9 5 30 10 8 16 6 20 8 32 6 30 49 51 15 18 22
split_gain=3468.87 4040.78 3817.34 4271.9 3518.1 5535.1 7073.03 5622.18 6236.18 5562.83 5158.7 6477.85 7224.12 6786.46 7637.94 5732.92 5742.77 5037.69 5007.52 7075.1 5255.65 5431.75 5178.59 4986.95 4918.76 5055.49 4772.86 5488.89 4740.59 7497.95 4653.65 4532.83 5857.15 4430.02 4934.69 4444.97 4420.5 4619.09 4448.63 4415.65 4410.24 4982.81 4891.7 5141.16 4357.44 4289.86 6017.72 5795.42 4462.58 4277.32 4253.07 6299.8 4243.65 5625.95 4879.04 4981.34 4156.76 4833.92 4461.79 4868.29 4152.83 4796.47
threshold=39.174999237060554 128.50000000000003 154.41500091552737 39.604999542236335 10.135000228881838 24.32499980926514 26.149999618530277 16.10000038146973 106.75000000000001 -0.42798683047294611 27.150000572204593 -20.889808654785153 22.050000190734867 6.5499999523162851 3.5000000000000004 14.010000228881838 5.1499998569488534 -13.932399749755858 25.755000114440922 15.150000095367433 34.864999771118171 0.6954999864101411 30.634999275207523 31.195000648498539 17.515000343322757 19.285000801086429 13.75500011444092 36.049999237060554 23.675000190734867 5.5000000000000009 133.11000061035159 26.73499965667725 32.049999237060554 6.9549999237060556 2.5000000000000004 32.049999237060554 83.020000457763686 4.5000000000000009 44.049999237060554 70.005001068115249 20.050000190734867 15.500000000000002 1.5000000000000002 54.399999618530281 20.150000572204593 22.73499965667725 39.100000381469734 10.324999809265138 54.010000228881843 0.66950002312660228 28.185000419616703 50.049999237060554 11.376281261444094 0.57449999451637279 93.075000762939467 60.500000000000007 14.295000076293947 11.500000000000002 1.0000000180025095e-35 0.15850000083446505 44.004999160766609 0.12150000035762788
decision_type=10 8 10 10 8 10 8 10 10 8 8 8 8 8 2 8 10 10 8 8 10 10 8 10 8 10 10 10 8 2 8 10 8 8 2 10 8 2 10 10 10 2 2 10 8 8 10 10 10 10 8 10 8 8 8 8 8 2 2 10 10 8
left_child=4 2 3 -2 5 6 56 9 10 26 15 -12 13 14 -13 -9 -17 18 22 -20 21 30 60 36 45 33 40 -28 29 39 52 32 -29 -26 35 -35 37 38 -23 -22 -7 42 43 -42 -38 46 -8 -48 -47 -15 51 -43 -21 54 55 -54 58 -58 59 -1 61 -6
right_child=1 -3 -4 -5 17 7 24 8 -10 -11 11 12 -14 49 -16 16 -18 -19 19 20 28 23 -24 -25 25 -27 27 31 -30 -31 -32 -33 -34 34 -36 -37 44 -39 -40 -41 41 50 -44 -45 -46 48 47 -49 -50 -51 -52 -53 53 -55 -56 -57 57 -59 -60 -61 -62 -63
leaf_value=-0.11363212509729073 -0.063529028730591144 0.32113714976043539 0.29543490253043792 -0.28393710054085858 0.029619681228592262 -0.04785484017437025 -0.022287071264312806 0.12416973177440938 -0.38890972332434454 -0.091870076228136061 0.60425926678710518 0.19605949929834385 0.01382129935781016 0.078994165648461123 0.797570120928356 -0.080686811226166652 0.0097164072643531694 -0.00029598967850731964 -0.064500754674960109 0.022547893303294778 0.088452088399290363 0.56028712429602945 -0.036370481186238687 0.033418088764780099 -0.31971402871873111 -0.047687923914423835 0.0032809151557397429 0.51690912956462032 -0.086717862264508172 -0.36096692354503007 0.077978168684901636 -0.13983174606820603 -0.073694652697214716 -0.13437129314143592 -0.047822017582773824 -0.36952292501002321 -0.33160832425951958 0.7224077752629916 0.066988173394631118 0.51702760534954606 0.2103007718589571 0.080192559720304604 0.084760711236905636 0.74143965434832659 0.30282752950817854 0.03176878711633515 0.42705308427413313 0.048665157814848564 -0.56805864747832802 0.44825909496625754 -0.0060989086469841816 0.58630786364277199 -0.015783979581190863 -0.18906545335714053 0.13102814174422758 -0.21200219104252757 -0.010076237346322901 0.052347216716427551 -0.030187909287184834 -0.50043413361436451 -0.052442866558470407 0.081186225241802468
leaf_weight=566 750 58 56 311 13797 1585 2991 976 94 2410 54 184 3914 1797 74 1975 15892 237231 3461 12058 177 75 2379 450 279 5168 2312 62 2051 66 2556 1630 130 909 1431 258 50 75 117 91 180 421 726 61 59 57 150 311 68 82 2594 72 4264 506 519 350 15374 3885 4542 95 1119 6699
leaf_count=566 750 58 56 311 13797 1585 2991 976 94 2410 54 184 3914 1797 74 1975 15892 237231 3461 12058 177 75 2379 450 279 5168 2312 62 2051 66 2556 1630 130 909 1431 258 50 75 117 91 180 421 726 61 59 57 150 311 68 82 2594 72 4264 506 519 350 15374 3885 4542 95 1119 6699
internal_value=2.05681e-11 -0.085771 -0.1069 -0.128135 0.000278817 -0.00950087 -0.0234554 0.0040259 0.0175793 -0.0238329 0.0191109 0.0590551 0.0541896 0.128126 0.368586 0.00616921 -0.000276673 0.00276689 0.0170368 0.00223503 0.0120787 0.0200385 0.0336468 0.145719 -0.0555713 -0.077261 -0.00705507 -0.0478646 -0.0582711 0.116412 0.0149127 -0.112765 0.117021 -0.130384 -0.110051 -0.186359 0.280123 0.389662 0.259683 0.233976 0.0228627 0.0505113 0.149553 0.344738 0.0118019 -0.0067892 0.00363042 0.171785 -0.294537 0.095109 0.0194864 0.154108 0.00580411 -0.0299995 -0.0143191 -0.0306683 -0.00819694 0.00251606 -0.0478513 -0.169224 0.041353 0.0464739
internal_weight=362634 1175 1117 1061 361459 73309 36084 37225 25042 12183 24948 6105 6051 2137 258 18843 17867 288150 50919 26925 23464 21079 23994 826 11622 8045 9773 4134 2385 334 20253 1822 192 2877 2598 1167 376 267 192 268 5639 4054 967 241 109 3577 3452 461 125 1879 3087 493 17697 5639 5133 4614 24462 19259 5203 661 21615 20496
internal_count=362634 1175 1117 1061 361459 73309 36084 37225 25042 12183 24948 6105 6051 2137 258 18843 17867 288150 50919 26925 23464 21079 23994 826 11622 8045 9773 4134 2385 334 20253 1822 192 2877 2598 1167 376 267 192 268 5639 4054 967 241 109 3577 3452 461 125 1879 3087 493 17697 5639 5133 4614 24462 19259 5203 661 21615 20496
is_linear=0
shrinkage=0.05


Tree=141
num_leaves=63
num_cat=0
split_feature=51 51 37 49 6 50 37 9 11 34 35 6 3 31 31 31 49 50 50 37 38 37 9 45 37 6 51 31 51 9 26 51 47 18 30 33 51 1 20 41 37 30 50 30 24 45 50 30 51 16 11 3 6 37 45 6 11 51 31 3 10 6
split_gain=3354.8 7202.68 13044.9 13376 8868.52 17056.4 24009.3 17157 15001.6 14279.7 11278.6 8152.54 8007.74 7749.06 7552.99 6721 6616.37 5962.73 10285 34352.9 30633.6 25875.9 15726.6 20507.3 16636.8 13177.2 12789.1 11889.1 16725.1 18563.6 20005.9 11846.6 11330.2 10884.6 16949.6 10719.3 9990.35 9897.88 9747.94 9438.18 9122.42 8071.79 8038.9 28290.4 13428.4 12433.2 13412.4 18726.9 15853.5 13990.3 11638.8 10695 10532.6 10796.1 10291.8 10270.8 10052.9 10815.3 17290.6 9980.59 9670.15 9621.39
threshold=4.5000000000000009 3.5000000000000004 29.185000419616703 5.5000000000000009 49.250000000000007 8.5000000000000018 33.954999923706062 27.724999427795414 16.545000076293949 -6.3644504547119132 13.750000000000002 59.500000000000007 25.050000190734867 39.004999160766609 183.14499664306643 45.995000839233406 21.500000000000004 10.500000000000002 11.500000000000002 22.935000419616703 54.995000839233406 20.855000495910648 17.515000343322757 27.994999885559086 18.015000343322757 41.049999237060554 1.0000000180025095e-35 75.009998321533217 1.0000000180025095e-35 24.865000724792484 -5.7179768085479727 1.5000000000000002 -8.5385732650756818 22.954999923706058 14.295000076293947 0.53728905320167553 1.5000000000000002 32.049999237060554 -4.4443242549896231 -1.5073908567428587 26.914999961853031 7.6649999618530282 8.5000000000000018 19.545000076293949 96.049999237060561 157.02500152587893 9.5000000000000018 21.615000724792484 2.5000000000000004 25.554999351501468 13.894999980926515 43.100000381469734 33.100000381469734 27.925000190734867 49.004999160766609 58.20000076293946 36.004999160766609 1.0000000180025095e-35 57.004999160766609 32.100000381469734 72.005001068115249 21.10000038146973
decision_type=2 2 8 2 8 2 10 8 10 10 10 10 10 8 10 10 2 2 2 10 8 10 10 8 8 10 2 10 2 10 10 2 8 8 10 10 2 8 10 8 10 8 2 10 10 8 2 10 2 8 10 10 8 8 10 10 10 2 8 8 8 10
left_child=1 17 3 14 -4 7 8 13 -7 -10 -11 -9 -8 -6 -3 -14 -5 42 19 22 27 32 24 31 41 36 -22 28 29 -21 -31 -24 -20 34 -27 -30 40 -28 -33 -36 -23 -19 51 44 -44 46 47 48 49 -45 55 56 53 -49 -54 -48 -1 58 -58 61 -46 -51
right_child=-2 2 4 16 5 6 12 11 9 10 -12 -13 15 -15 -16 -17 -18 18 21 20 26 25 23 -25 -26 33 37 -29 35 30 -32 38 -34 -35 39 -37 -38 -39 -40 -41 -42 -43 43 45 60 -47 50 52 -50 59 -52 -53 54 -55 -56 -57 57 -59 -60 -61 -62 -63
leaf_value=-0.013796980646609815 -0.00760629437180516 -0.015960283529058129 0.0012194103810499114 0.061840755047903963 0.47374256924415631 -0.28900397497552877 0.25870899752463 -0.12218591593157145 0.87462845851977677 0.44488048339262609 -0.20465983573128199 -0.31997873308569397 0.4196352349743247 -0.0070114956002870063 0.28104797435367435 1.2138840225182082 -0.011153955706515386 -0.24969141570587905 -0.18604145375929473 -0.010522225981318876 -0.088163898901611165 -0.093569144652909192 0.010114946469653354 0.0077400151603887468 -0.23095966650737784 -0.087013830106225931 -0.26258943682193625 -0.35743807722833387 0.049734844382558215 0.13542820810236864 1.2592598176815295 -0.11954958490854087 -0.012392119762011244 0.14001640542841209 1.0901523873706658 -0.35219262676339036 0.14222271628764771 -0.5039889381212781 0.4515233935347121 0.48194717864875924 0.38931868497144295 -0.011639197267329636 0.10968587060033153 0.14986662664253866 0.098744662109630219 0.14284897721758186 -0.00065091065738421411 0.010152332245827192 -0.09320272162556649 1.1513265398219228 -0.082934029092896655 0.029001772128468814 -0.10987386933710082 0.12484588620762496 0.041195546018741716 0.33897913715015326 0.070477949197743542 0.060304772172196333 -0.19316638711442982 0.25911617181641428 0.58911048700997859 0.48073306637046787
leaf_weight=103967 103564 11823 8478 24257 120 354 130 1050 60 104 187 1034 50 278 218 57 3560 382 1019 158 592 1036 332 6031 1227 101 1094 196 684 72 88 86 12019 591 90 219 1741 694 570 219 108 5251 4504 414 162 1569 5496 7003 275 100 7022 22237 2729 2902 1921 232 1284 9159 1206 148 265 115
leaf_count=103967 103564 11823 8478 24257 120 354 130 1050 60 104 187 1034 50 278 218 57 3560 382 1019 158 592 1036 332 6031 1227 101 1094 196 684 72 88 86 12019 591 90 219 1741 694 570 219 108 5251 4504 414 162 1569 5496 7003 275 100 7022 22237 2729 2902 1921 232 1284 9159 1206 148 265 115
internal_value=3.58879e-11 0.00304064 0.0197255 0.033442 -0.0262093 -0.0941243 0.0870189 -0.162874 -0.0593383 0.17229 0.0274783 -0.220323 0.522385 0.137939 -0.010583 0.84274 0.0524989 -0.00112513 -0.0200705 -0.0467449 -0.180011 0.00778911 -0.0102862 0.0423316 -0.0641235 0.121034 -0.289594 0.00404641 0.0620734 0.373909 0.753536 0.253487 -0.0259639 0.277344 0.475297 -0.0477426 0.0668002 -0.356287 0.376657 0.659094 -0.0479818 -0.0277826 0.0026703 0.0241225 0.135091 0.00583785 -0.00174301 0.0293375 0.233061 0.348534 -0.039788 -0.00275403 0.0146129 0.0437556 -0.0474643 0.0131051 -0.00886179 0.0351847 -0.0572148 0.575113 0.40307 0.792637
internal_weight=362634 259070 51760 39858 11902 3424 942 2482 705 351 291 2084 237 398 12041 107 27817 207310 34600 17676 3797 16924 13879 7019 6860 3886 2380 1417 1221 318 160 988 13038 1001 410 903 2885 1788 656 309 1144 5633 172710 34857 4931 29926 28357 15607 1052 777 12750 137853 14555 9905 4650 5728 115616 11649 2490 363 427 215
internal_count=362634 259070 51760 39858 11902 3424 942 2482 705 351 291 2084 237 398 12041 107 27817 207310 34600 17676 3797 16924 13879 7019 6860 3886 2380 1417 1221 318 160 988 13038 1001 410 903 2885 1788 656 309 1144 5633 172710 34857 4931 29926 28357 15607 1052 777 12750 137853 14555 9905 4650 5728 115616 11649 2490 363 427 215
is_linear=0
shrinkage=0.05


Tree=142
num_leaves=63
num_cat=0
split_feature=4 30 3 49 51 30 5 37 27 5 0 17 31 23 49 30 33 22 51 45 22 42 44 11 13 5 13 5 3 38 15 48 28 33 35 18 31 26 35 1 30 5 9 9 51 15 36 9 15 44 37 51 22 0 9 44 5 15 44 33 26 46
split_gain=3371.9 7994.26 11053.1 7381.03 6517.44 12551 9704.02 7997.07 10846.8 14357.7 10666.4 9310.15 7599.13 6816.98 8455.49 9255.09 7646.39 6204.72 7277.75 6183.86 5783.04 11186.7 5670.39 12586.5 13911.3 7894.52 9447.64 7759.39 7111.03 8866.74 6499.62 6404.07 6161.74 5819.8 5661.1 5644.57 5636.15 5608.83 5560.88 5718.06 5551.21 5533.19 5519.4 7378.62 8598.77 9854.48 6397.06 5477.77 6243.86 5984.25 5447.35 6334.32 6742.6 10479.2 7619.37 6535.35 6319.33 5330.16 13326.2 5282.85 7198.7 6447.87
threshold=11.050000190734865 22.894999504089359 18.050000190734867 14.500000000000002 1.5000000000000002 18.994999885559086 48.250000000000007 22.634999275207523 -4.7928240299224845 5.0499999523162851 68.500000000000014 85.005001068115249 49.004999160766609 18.57499980926514 17.500000000000004 21.525000572204593 2.1843458414077763 0.17249999940395358 1.0000000180025095e-35 49.995000839233406 0.46549999713897711 28.150000572204593 24.185000419616703 38.635000228881843 -6.7858593463897696 40.149999618530281 -8.0565309524536115 67.500000000000014 39.049999237060554 48.995000839233406 0.50850000977516185 -11.423906326293944 3.0499999523162846 2.3965611457824711 0.94999998807907116 13.244999885559084 120.02999877929689 -11.29730176925659 6.5499999523162851 14.050000190734865 15.275000095367433 11.050000190734865 27.884999275207523 24.48499965667725 4.5000000000000009 0.25650000572204595 0.57649999856948864 26.685000419616703 0.43150000274181372 19.724999427795414 32.215000152587898 3.5000000000000004 0.67149999737739574 61.500000000000007 31.894999504089359 30.355000495910648 83.500000000000014 0.19150000065565112 23.375000000000004 8.9879522323608416 6.6985352039337167 9.0050001144409197
decision_type=10 10 8 2 2 8 8 10 10 10 10 10 8 10 2 8 8 10 2 8 10 8 10 10 8 10 8 10 10 8 8 8 8 10 8 10 8 10 10 10 10 10 10 8 2 8 10 8 8 10 10 2 10 8 10 10 10 10 10 8 10 10
left_child=1 4 3 -3 5 7 13 41 9 -9 40 -12 -8 -7 15 16 -15 -18 -19 -11 -21 -22 25 24 27 33 -27 38 29 -28 36 37 -33 -6 -2 -4 -25 -26 -24 -40 -10 57 43 -31 46 -46 -45 48 -43 -49 51 55 -53 -54 -55 56 -34 -1 -59 61 -61 -36
right_child=34 2 35 -5 22 6 12 8 10 19 11 -13 -14 14 -16 -17 17 18 -20 20 21 -23 23 30 31 26 28 -29 -30 42 -32 32 50 -35 59 -37 -38 -39 39 -41 -42 47 -44 44 45 -47 -48 49 -50 -51 -52 52 53 54 -56 -57 -58 58 -60 60 -62 -63
leaf_value=-0.059809391219730217 -0.094282099812312725 -0.048192039213225735 0.027716962022957183 -0.14755293676363168 0.024262030563300983 -0.02714790207086536 -0.24829182318376347 0.84369817239046108 -0.33845498579324973 -0.18517838782259352 0.53555206997527016 -0.10770864665508272 -0.015562364263979587 0.1941993105543085 0.031605913746139282 0.064028934972767515 0.26779668776474835 1.2227820917671801 0.47366014366571829 -0.040270004127002351 0.026403345093131067 0.83510087701993507 -0.096781924069320499 -0.1550379631807276 0.57843734559259918 -0.12424767174959871 0.29979571110512909 0.38944560023686614 -0.035520883530401372 0.035296075465098907 -0.3540824529390556 -0.43220968001076709 -0.039532979643505994 -0.035418293921016981 -0.0116983725689324 -0.031298725134869469 0.11033657985867239 0.084558352648864618 -0.16079442790647347 0.16595422390408876 -0.16219315401269732 -0.00959757183418339 -0.030019821957279799 0.19692098204395736 0.90228738732635971 0.27372064819109848 -0.30642351303249599 -0.26764420516637938 0.14410347509800814 0.081271083835188468 0.084571338428904061 -0.015158922932290346 0.023635519048667442 0.80066428419123314 0.071922849581159395 -0.20063890399777234 -0.5657191866430743 -0.39549277138714567 0.33542367879833496 0.019104502278674523 0.14689154603899396 0.0062998579218480656
leaf_weight=2299 1492 7625 7051 2476 22728 1566 447 50 658 366 90 150 1629 589 2223 870 131 51 89 346 125 65 332 929 76 466 723 242 647 793 313 92 3521 4980 70124 9525 255 236 150 1247 1391 4353 609 512 90 203 72 370 779 184 1100 5885 342 94 58 873 58 328 77 24964 1153 171372
leaf_count=2299 1492 7625 7051 2476 22728 1566 447 50 658 366 90 150 1629 589 2223 870 131 51 89 346 125 65 332 929 76 466 723 242 647 793 313 92 3521 4980 70124 9525 255 236 150 1247 1391 4353 609 512 90 203 72 370 779 184 1100 5885 342 94 58 873 58 328 77 24964 1153 171372
internal_value=-3.28798e-11 -0.00817826 -0.0313189 -0.0725478 0.0010559 -0.0235154 0.0264775 -0.0561606 -0.122867 0.0189687 -0.181857 0.133514 -0.0656732 0.0611404 0.0961162 0.17901 0.295328 0.515125 0.746555 -0.026748 0.0814339 0.303063 0.010975 -0.0135074 0.000927173 0.0231328 0.0877547 0.124272 0.114829 0.147233 -0.151451 -0.018782 -0.0245856 0.0135356 0.0028424 -0.00619498 -0.0978838 0.204862 0.0871568 0.13087 -0.218797 -0.0303924 0.0988328 0.145822 0.245761 0.466796 0.134865 -0.00239115 0.0137331 -0.151759 -0.0214424 -0.0322092 -0.000265394 0.177161 0.522592 -0.0779796 -0.0480602 -0.0892736 -0.256528 0.00338389 0.024746 0.00107365
internal_weight=362634 93529 26677 10101 66852 19226 7595 11631 3241 952 2289 240 2076 5519 3953 1730 860 271 140 902 536 190 47626 15803 14306 31823 4115 1971 3649 3002 1497 12335 12023 27708 269105 16576 1184 312 1729 1397 2049 8390 2279 1670 877 293 584 5686 5132 554 11931 10831 6379 494 152 4452 3579 2704 405 267613 26117 241496
internal_count=362634 93529 26677 10101 66852 19226 7595 11631 3241 952 2289 240 2076 5519 3953 1730 860 271 140 902 536 190 47626 15803 14306 31823 4115 1971 3649 3002 1497 12335 12023 27708 269105 16576 1184 312 1729 1397 2049 8390 2279 1670 877 293 584 5686 5132 554 11931 10831 6379 494 152 4452 3579 2704 405 267613 26117 241496
is_linear=0
shrinkage=0.05


Tree=143
num_leaves=63
num_cat=0
split_feature=42 46 51 50 6 0 47 24 40 33 37 5 41 37 26 8 50 24 28 2 51 0 39 8 50 9 49 42 24 27 9 50 50 30 51 0 50 42 11 51 50 38 39 6 25 3 39 51 42 37 7 37 7 23 16 50 30 20 6 0 50 4
split_gain=3356.77 4358.95 5070.03 22093.2 13275.8 10051.4 7533.36 9266.21 6949.59 6815.16 6688.4 6644.76 6976.86 4945 4478.14 4879.84 4392.68 4590.28 4966.28 4696.01 4287.85 6203.5 6862.88 6182.05 6681.05 5726.86 4226 4193.83 4061.23 4167.63 3895.8 5328.12 5999.3 5312.88 5938.94 4189.42 11696.3 12022.4 8529.32 6154.42 7742.11 6601.73 4699.94 4020.71 5815.82 6119.11 4024.83 3956.39 3841.7 7382.73 7883.94 6286.68 11178.2 6340.32 7745.02 11063.7 7492.89 7154.56 7219.26 6898.16 6656.06 6403.79
threshold=147.55000305175784 37.004999160766609 1.0000000180025095e-35 3.5000000000000004 14.050000190734865 43.250000000000007 -9.6056361198425275 100.04499816894533 -15.375662803649901 -9.4360404014587385 20.355000495910648 26.149999618530277 -5.38641333580017 31.48499965667725 7.9900710582733163 0.71950000524520885 5.5000000000000009 39.004999160766609 22.150000572204593 16.10000038146973 4.5000000000000009 28.10000038146973 25.714999198913578 0.44449999928474432 4.5000000000000009 23.314999580383304 11.500000000000002 54.45000076293946 100.04499816894533 -5.3165268898010245 15.72499990463257 1.5000000000000002 2.5000000000000004 15.715000152587892 1.5000000000000002 46.149999618530281 4.5000000000000009 28.849999427795414 53.004999160766609 4.5000000000000009 3.5000000000000004 112.00500106811525 43.004999160766609 38.20000076293946 14.784999847412111 25.050000190734867 19.994999885559086 3.5000000000000004 10.949999809265138 13.50500011444092 21.750000000000004 20.134999275207523 56.049999237060554 17.48499965667725 8.7249999046325701 1.5000000000000002 12.175000190734865 -6.0223646163940421 44.049999237060554 12.050000190734865 9.5000000000000018 18.050000190734867
decision_type=10 10 2 2 10 8 8 10 10 8 10 10 10 10 10 8 2 10 8 8 2 8 10 8 2 10 2 10 10 8 10 2 2 8 2 10 2 10 10 2 2 8 8 10 8 10 10 2 8 10 10 10 10 8 8 2 8 10 8 8 2 10
left_child=1 48 3 4 8 13 7 16 26 -5 28 -11 -13 27 15 -14 17 18 19 -4 21 -19 -23 -24 -25 -22 -3 -6 29 -8 31 47 -33 34 -32 43 38 -38 39 40 41 -37 -42 -35 45 -45 -47 -12 49 -1 -51 -50 53 54 55 -53 57 58 -55 60 61 -58
right_child=-2 2 6 9 5 -7 10 -9 -10 11 30 12 14 -15 -16 -17 -18 20 -20 -21 25 22 23 24 -26 -27 -28 -29 -30 -31 33 32 -34 35 -36 36 37 -39 -40 -41 42 -43 -44 44 -46 46 -48 -49 51 50 -52 52 -54 56 -56 -57 59 -59 -60 -61 -62 -63
leaf_value=-0.037409946596305636 -0.051882650535493062 -0.036689008900097436 0.056847573180546923 -0.11417878495110947 -0.13324769066398842 -0.7127792048609991 -0.051655855800198935 -0.089093318432305307 -0.10314913922257173 0.0042503261404602524 -0.4724121079679659 -0.042116120216037549 0.20572371329130801 -0.71835625982284546 -0.23897898989514663 0.61428819997589801 0.050949616528486022 -0.035022773739289158 0.045261685439460991 0.46420423144447631 0.24042715611867607 0.021760386955904085 0.21159707376542169 0.30238000194125991 0.89851357681637123 -0.1437785803152721 0.48005800713058361 -0.44058627889237623 -0.016167412321422023 0.077625382094973661 0.53105360733709117 0.26100472491362997 -0.086322175958722519 -0.0078533210259895455 0.083707716673730864 0.44650842964348164 0.12864669269987816 -0.21783289527725225 -0.71467464724112129 -0.42157768354933156 -0.46092978513171512 -0.14179864455743327 0.052758819448268594 0.08877383573611658 0.025099967300886806 0.75963536396841791 0.265873304878672 -0.081385667055598965 0.0064301693136007074 0.0074345818616046271 0.061351425622804358 -0.36546535987493606 0.047284196268791934 0.27369367064040323 -0.068094281382409749 0.26476673672301437 -0.084704818816407013 -0.2091690755888457 -0.27683435461587375 -0.0046232331550271448 0.028439708153411503 -0.026180733259126024
leaf_weight=8110 3091 70 89 561 496 134 686 564 842 1572 139 350 976 50 52 79 1045 220 148 345 152 184 224 94 94 268 91 143 1890 6830 87 145 872 8093 504 99 802 364 84 174 129 92 68 310 1699 68 105 121 85748 68407 7526 86 7975 176 7714 366 6598 863 90 113870 3779 16031
leaf_count=8110 3091 70 89 561 496 134 686 564 842 1572 139 350 976 50 52 79 1045 220 148 345 152 184 224 94 94 268 91 143 1890 6830 87 145 872 8093 504 99 802 364 84 174 129 92 68 310 1699 68 105 121 85748 68407 7526 86 7975 176 7714 366 6598 863 90 113870 3779 16031
internal_value=3.17541e-12 0.000446036 0.0179981 -0.0261235 -0.167721 -0.316555 0.0269187 0.0961468 -0.0455977 0.0458983 0.0167631 0.0755461 0.152469 -0.239496 0.213991 0.236318 0.132638 0.179594 0.295376 0.380668 0.125075 0.191888 0.275647 0.389033 0.600447 -0.00473269 0.255385 -0.202026 0.0493503 0.0658256 -0.00520153 -0.0884418 -0.0368016 0.0031829 0.149561 -0.00397431 -0.0740713 0.0204833 -0.244738 -0.174498 -0.0636945 0.163135 -0.283616 0.00838732 0.0686236 0.221722 0.459953 -0.290434 -0.00128076 0.00793539 0.0127785 -0.00446434 -0.0103939 -0.0134692 -0.0563072 0.144855 -0.0109953 -0.13929 0.0874248 -0.00996279 -0.0329867 -0.0432448
internal_weight=362634 359543 32204 5416 1826 823 26788 3427 1003 3590 23361 3029 1457 689 1107 1055 2863 1818 582 434 1236 816 596 412 188 420 161 639 9406 7516 13955 1277 1017 12678 591 12087 1812 1166 646 562 388 191 197 10275 2182 483 173 260 327339 84043 75933 243296 157548 149573 8166 452 141407 1129 266 140278 26408 22629
internal_count=362634 359543 32204 5416 1826 823 26788 3427 1003 3590 23361 3029 1457 689 1107 1055 2863 1818 582 434 1236 816 596 412 188 420 161 639 9406 7516 13955 1277 1017 12678 591 12087 1812 1166 646 562 388 191 197 10275 2182 483 173 260 327339 84043 75933 243296 157548 149573 8166 452 141407 1129 266 140278 26408 22629
is_linear=0
shrinkage=0.05


Tree=144
num_leaves=63
num_cat=0
split_feature=3 13 17 0 5 32 44 4 3 28 38 43 40 5 30 40 7 44 9 18 5 41 45 26 50 1 40 50 30 36 30 45 0 15 46 24 22 44 36 43 40 30 38 20 16 1 8 0 38 51 44 42 12 7 36 9 5 31 12 38 18 8
split_gain=3228.37 3351.21 4579.01 4388.84 4589.94 4176.53 5749.81 6207.26 7290.78 8904.36 8022.73 5981.26 5921.5 5483.96 4628.82 8037.51 5518.68 4535.49 4993.28 4510.54 5480.13 5501.35 5702.55 4493.89 4489.04 4806.94 4253.54 7342.21 8142.17 6431.99 4934.74 5458.01 5907.1 6165.44 4586.22 7830.31 6542.98 4479.76 6478.3 4495.84 8451.85 6491.92 4819.99 4461.38 4835.74 4240.18 4185.1 4112.21 12065.5 10280.6 8040.2 6538.5 5944.02 5227.66 4945.81 4911.7 7006.45 4405.43 4094.22 5237.69 4733.02 4437.84
threshold=2.4500000476837163 7.5081732273101816 30.994999885559086 150.50000000000003 64.250000000000014 10.994999885559084 24.32499980926514 16.10000038146973 5.0999999046325692 7.8500001430511483 36.004999160766609 0.32950000464916235 -0.42798683047294611 26.149999618530277 9.3249998092651385 -11.651016235351561 10.650000095367433 34.495000839233406 21.775000572204593 12.864999771118166 54.399999618530281 -7.4185554981231681 76.005001068115249 6.6985352039337167 9.5000000000000018 18.050000190734867 -12.976900100708006 5.5000000000000009 18.545000076293949 0.514499992132187 21.615000724792484 63.010000228881843 72.500000000000014 0.61950001120567333 23.855000495910648 100.04499816894533 0.77150002121925365 37.664999008178718 0.49750000238418585 0.74850001931190502 -16.432191848754879 25.304999351501468 70.005001068115249 -13.722976684570311 24.464999198913578 99.500000000000014 0.59550002217292797 56.399999618530281 77.005001068115249 3.5000000000000004 31.095000267028812 11.050000190734865 -6.4610059261322013 15.550000190734865 0.75549998879432689 34.905000686645515 49.149999618530281 40.989999771118171 -5.4581692218780509 77.005001068115249 29.005000114440922 0.69449999928474437
decision_type=8 10 8 8 8 8 10 10 10 8 8 8 8 8 8 8 10 10 10 8 10 10 8 10 2 8 10 2 10 10 10 10 10 10 10 10 8 8 10 10 8 10 8 10 10 8 8 10 10 2 10 10 8 8 10 10 8 10 8 10 10 10
left_child=-1 5 -3 -4 -5 6 13 12 9 10 -9 17 19 -2 15 -15 -17 -10 -19 20 -8 -22 -23 -13 -14 -26 27 28 29 -7 31 32 -29 -34 43 -36 -37 39 -39 47 -41 42 -42 44 -32 -45 -31 54 -49 50 51 -50 53 -51 55 57 -57 -30 59 60 61 -16
right_child=1 2 3 4 -6 26 7 8 11 -11 -12 23 24 14 58 16 -18 18 -20 -21 21 22 -24 -25 25 -27 -28 30 37 46 34 -33 33 -35 35 36 -38 38 -40 40 41 -43 -44 45 -46 -47 -48 48 49 52 -52 -53 -54 -55 -56 56 -58 -59 -60 -61 -62 -63
leaf_value=-0.050357525306702192 -0.009464759578237069 0.037524256264334623 -0.023775822829257071 -0.05553705616409637 0.42992131986202448 0.014939227963401578 0.014509584170297733 0.85112304984950105 0.028483810002622258 0.046601659456712595 0.2384057024673869 -0.022343790781907208 -0.13236757767499216 0.3324431398983409 -0.071747664794052188 -0.24405671825936748 0.064564767854153618 0.55632241223479661 0.11422807049579516 -0.041818028597466417 -0.2487597797431198 0.44587265715325392 -0.084525092835746607 0.21908091322570888 -0.14588825276147854 0.16623722773388627 0.0016853085552836402 0.057744915205834794 0.12506297872667468 -0.23895258868843527 -0.0045828198756649721 -0.021055931654545879 0.16377265351107589 0.80151446984623975 0.013132986809635797 0.17010415632176742 0.78363351446390161 -0.0092725768401894886 -0.53092299075928373 0.7753967128280137 0.033810242196951792 -0.29705223298885602 0.5750977436916378 -0.00035995560569662184 -0.098094776493289501 -0.22018671979832499 0.01181311302051993 -0.12667615842032579 0.54713905045351419 0.36365609876362676 0.76915307969755531 -0.055889231301154252 -0.50640527590595441 -0.19103300285407868 0.5269534433850398 0.066677750342044248 0.59701742995008134 0.049860903906952886 -0.039476744599022347 -0.24252895713683162 -0.29995733740654862 0.26492076509212165
leaf_weight=3155 24957 3644 27535 88 109 9084 3768 65 12613 753 300 8939 1834 205 2425 202 512 71 636 4296 51 208 67 197 212 295 206003 4339 2515 431 2352 2625 133 53 3873 332 50 368 71 63 87 66 78 10597 3354 224 271 896 77 83 91 108 58 87 60 149 107 8630 7277 583 220 102
leaf_count=3155 24957 3644 27535 88 109 9084 3768 65 12613 753 300 8939 1834 205 2425 202 512 71 636 4296 51 208 67 197 212 295 206003 4339 2515 431 2352 2625 133 53 3873 332 50 368 71 63 87 66 78 10597 3354 224 271 896 77 83 91 108 58 87 60 149 107 8630 7277 583 220 102
internal_value=-4.52631e-11 0.000441967 -0.0151694 -0.0220934 0.213067 0.00193486 -0.00882051 0.00587497 0.0202247 0.144844 0.34752 0.0140204 -0.0256488 -0.0226387 -0.0511639 0.0564837 -0.0227483 0.0353915 0.158625 -0.00602939 0.0315251 0.228195 0.316648 -0.0171379 -0.0959635 0.0357232 0.00489369 0.0177744 0.0384474 0.00367062 0.000470455 0.0363001 0.0695729 0.345495 -0.0118566 0.0344349 0.250409 0.0634823 -0.0936397 0.0687257 0.262053 0.122051 0.289692 -0.0237747 -0.0595494 -0.00491048 -0.142147 0.0643063 -0.016588 0.179124 0.384372 0.195101 -0.069333 0.0797858 0.0741878 0.071805 0.288343 0.0668311 -0.0604906 -0.106412 -0.0775234 -0.0581584
internal_weight=362634 359479 31376 27732 197 328103 70788 34305 23574 1118 365 22456 10731 36483 11526 919 714 13320 707 8390 4094 326 275 9136 2341 507 257315 51312 23380 9786 27932 7150 4525 186 20782 4255 382 13594 439 13155 294 231 165 16527 5706 10821 702 12861 1400 504 276 185 228 170 11461 11401 256 11145 10607 3330 2747 2527
internal_count=362634 359479 31376 27732 197 328103 70788 34305 23574 1118 365 22456 10731 36483 11526 919 714 13320 707 8390 4094 326 275 9136 2341 507 257315 51312 23380 9786 27932 7150 4525 186 20782 4255 382 13594 439 13155 294 231 165 16527 5706 10821 702 12861 1400 504 276 185 228 170 11461 11401 256 11145 10607 3330 2747 2527
is_linear=0
shrinkage=0.05


Tree=145
num_leaves=63
num_cat=0
split_feature=49 36 5 49 16 42 44 51 38 5 9 10 29 7 3 46 11 35 20 38 44 32 25 6 32 31 38 49 23 21 2 46 23 51 22 10 42 2 45 41 23 12 9 43 43 5 22 45 16 22 16 51 32 16 42 2 10 21 31 5 43 12
split_gain=3382.89 6877.2 7205.14 5532.63 11054.4 10996.8 12473.7 21001.7 10789.8 12468.2 10311.4 9984.16 9360.44 8568.71 8455.63 7898.24 7853.06 7716.98 7594.41 7163.06 7578.93 7131.31 6931.39 9754.54 7790.64 6904.1 6892.33 6840.3 12628.6 7128.5 7602.69 6681.3 14145.1 7725.54 6646.27 6616.87 6605.6 6332.47 7471.96 6191.92 6141.74 6065.71 6023.8 7364.32 6012.22 5931.19 5923.21 5715.78 6057.69 6656.54 5810.9 7879.24 6980.39 5687.8 5998.37 5663.43 5509.46 5421.04 5403.58 5282.28 5246.76 5203.01
threshold=19.500000000000004 0.20750000327825549 51.100000381469734 12.500000000000002 23.105000495910648 14.735000133514406 29.32499980926514 3.5000000000000004 66.009998321533217 74.500000000000014 15.275000095367433 37.975000381469734 0.039499999955296523 24.550000190734867 33.049999237060554 17.464999198913578 40.004999160766609 40.95000076293946 -7.1113383769989005 25.994999885559086 32.764999389648445 7.1649999618530282 36.995000839233406 41.049999237060554 12.00500011444092 16.010000228881839 188.16500091552737 13.500000000000002 24.175000190734867 14.150000095367433 35.149999618530281 21.005000114440922 16.125000000000004 3.5000000000000004 0.20250000059604648 27.005000114440922 2.0499999523162846 41.100000381469734 274.50000000000006 -9.2083802223205549 14.204999923706056 -7.7805874347686759 20.125000000000004 0.47450000047683721 0.60150000452995311 75.500000000000014 0.16950000077486041 40.965000152587898 21.865000724792484 0.011500000022351744 18.144999504089359 3.5000000000000004 26.224999427795414 21.134999275207523 14.519999980926515 19.10000038146973 102.00999832153322 43.649999618530281 27.005000114440922 42.100000381469734 0.6615000069141389 -8.920496463775633
decision_type=2 8 10 2 8 10 10 2 10 8 10 10 8 10 10 8 10 10 8 8 10 8 8 10 8 10 10 2 10 8 10 10 8 2 8 8 8 8 10 10 10 8 10 10 10 8 10 8 10 10 10 2 10 10 8 10 10 10 10 10 10 10
left_child=3 2 -2 34 5 8 22 14 13 56 -9 12 19 15 -8 16 61 -15 -13 20 35 -17 24 -24 26 40 31 28 -20 -30 44 -7 33 -33 36 -6 -1 -29 -39 41 -23 -12 43 -11 -31 47 -38 48 49 -26 51 52 -49 54 -42 -36 58 -21 -10 -50 -14 -5
right_child=1 -3 -4 4 11 6 7 10 9 42 39 18 60 17 -16 21 -18 -19 27 57 -22 25 23 -25 45 -27 -28 37 29 30 -32 32 -34 -35 55 -37 46 38 -40 -41 53 -43 -44 -45 -46 -47 -48 50 59 -51 -52 -53 -54 -55 -56 -57 -58 -59 -60 -61 -62 -63
leaf_value=-0.092353877591070666 -0.0052329146702530015 -0.091644658501080778 -0.15959407428593203 0.10668691096612215 -0.21014751987488159 -0.054879226998365054 -0.32956329030916098 -0.21643863741185643 0.10057073877862355 0.2754308527157478 0.86737878345975694 0.041989307838844039 0.1297169103106694 0.25825358291131983 0.13493468991002522 -0.028721777697731005 0.5156930780992276 -0.19202603673182647 -0.053101690919466121 0.032740254757637303 0.10028721818849716 0.10815235818194789 0.016024703821270751 -0.16097927247408739 0.55944678405299786 0.14509478068204323 0.55242204996091981 -0.040979584236637667 -0.046029470454217222 0.15761055174980285 0.28859692075687909 -0.18681293627068241 0.20813380115585384 0.068183566870977222 -0.019622767180162346 -0.0067566963769693641 -0.0009289990995506247 -0.0056520397699395993 0.60612512475252156 0.069321882586389827 0.93131963147700414 0.20768483427099205 -0.018092075276833316 0.95246099421852515 0.020634738178009416 0.32875790547547962 0.068735946218818553 -0.04118339908324254 0.24582776987604027 0.085622041612337343 0.0059877801359672772 0.20325372576535161 0.27248677716560693 0.16993105603565634 0.27255186553184807 -0.10461158182571997 0.12277691060232249 0.21953227221133839 -0.094376632101741742 0.78826509085985341 0.64903811883926399 -0.026022939753170788
leaf_weight=1946 57750 2518 766 1134 854 2887 835 273 431 136 51 6961 1783 1249 111 494 82 103 2768 10739 549 129 3265 1022 80 2110 56 20903 882 1476 524 562 930 630 7182 752 179322 27741 50 632 103 110 91 57 1752 236 3104 933 145 1009 3075 1155 219 71 52 2696 494 403 2028 65 50 2118
leaf_count=1946 57750 2518 766 1134 854 2887 835 273 431 136 51 6961 1783 1249 111 494 82 103 2768 10739 549 129 3265 1022 80 2110 56 20903 882 1476 524 562 930 630 7182 752 179322 27741 50 632 103 110 91 57 1752 236 3104 933 145 1009 3075 1155 219 71 52 2696 494 403 2028 65 50 2118
internal_value=-2.92091e-11 -0.0107352 -0.00725357 0.00217245 0.0112821 0.0375538 0.013865 -0.10358 0.0773492 0.000835485 0.0485979 0.00148296 0.0379588 0.109746 -0.275061 0.0852106 0.0324395 0.22395 -0.00726912 0.0233571 -0.0600879 0.144669 0.0283895 -0.0261722 0.0479109 0.179418 0.000795759 -0.0133816 0.0314005 0.0818757 0.111943 -0.00537135 0.0619845 -0.0520413 -0.00286187 -0.114911 -0.00072112 -0.020189 -0.00455136 0.13984 0.383424 0.416656 0.317262 0.475383 0.0832668 0.0824112 0.000256358 0.0737093 0.167845 0.12043 0.0509887 0.11097 0.0184466 0.540547 0.710314 -0.0428187 -0.0295964 0.0394964 -0.0602073 0.413725 0.143883 0.0202541
internal_weight=362634 61034 58516 301600 107350 29163 18281 2012 10882 3237 1066 78187 15130 7645 946 6293 3334 1352 63057 13297 2155 2959 16269 4287 11982 2465 5065 56096 7402 4634 3752 5009 2122 1192 194250 1606 184372 48694 27791 793 355 161 284 193 3228 6917 182426 6681 1299 1089 5382 2307 1152 226 155 9878 2953 11142 2459 210 1833 3252
internal_count=362634 61034 58516 301600 107350 29163 18281 2012 10882 3237 1066 78187 15130 7645 946 6293 3334 1352 63057 13297 2155 2959 16269 4287 11982 2465 5065 56096 7402 4634 3752 5009 2122 1192 194250 1606 184372 48694 27791 793 355 161 284 193 3228 6917 182426 6681 1299 1089 5382 2307 1152 226 155 9878 2953 11142 2459 210 1833 3252
is_linear=0
shrinkage=0.05


Tree=146
num_leaves=63
num_cat=0
split_feature=51 44 50 50 30 0 9 44 31 37 5 42 35 5 1 30 50 30 37 44 44 30 8 9 44 6 37 33 5 16 12 35 27 50 50 30 9 1 36 41 49 44 44 5 30 41 51 37 30 37 0 50 50 6 39 37 50 29 51 37 9 30
split_gain=3248.51 6316.4 9303.82 13528.8 11506.3 14243 12341.5 10159.7 9624.75 10084.8 16184.7 17881.3 9892.39 8886.47 11467.1 8257.73 8002.36 24596.1 23656.4 16512.9 12209.6 9262.64 9013.32 12034 12117.3 8693.47 8682.5 8898.34 10707.8 12809.9 19401.1 11450.1 17157.6 10384.4 8711.87 23121.3 19795.7 19413.8 12444.1 8577.93 8536.14 8485.26 8448.33 20975.3 10812.9 15266.8 8978.67 8405.72 12456.3 8762.35 8261 9936.6 17085.5 37952.4 20485.4 12912.6 12556.7 11063.3 8820.28 10327.9 19466.3 9332.49
threshold=4.5000000000000009 13.284999847412111 11.500000000000002 10.500000000000002 18.994999885559086 16.10000038146973 32.264999389648445 29.23499965667725 33.004999160766609 27.144999504089359 42.100000381469734 19.050000190734867 11.34999990463257 47.299999237060554 69.500000000000014 28.744999885559086 8.5000000000000018 25.714999198913578 18.015000343322757 34.674999237060554 21.765000343322757 24.085000038146976 0.17449999600648883 32.014999389648445 30.775000572204593 106.50000000000001 36.844999313354499 -9.4360404014587385 60.299999237060554 31.615000724792484 -13.294562339782713 9.6100001335144061 -3.79718005657196 6.5000000000000009 4.5000000000000009 19.105000495910648 31.414999961853031 56.500000000000007 0.47650000452995306 -0.22050984948873517 19.500000000000004 32.114999771118171 28.954999923706058 85.500000000000014 18.425000190734867 -17.755080223083493 5.5000000000000009 27.454999923706058 21.785000801086429 30.204999923706058 14.050000190734865 6.5000000000000009 5.5000000000000009 60.500000000000007 24.464999198913578 30.404999732971195 7.5000000000000009 0.034500000998377807 5.5000000000000009 31.845000267028812 30.974999427795414 22.82499980926514
decision_type=2 8 2 2 10 10 10 10 10 10 10 8 10 10 8 10 2 10 8 10 8 8 8 8 10 10 10 8 8 10 8 10 10 2 2 8 10 10 8 10 2 10 8 10 10 10 2 10 8 10 10 2 2 10 8 10 2 8 2 10 10 8
left_child=-1 -2 3 16 5 -4 13 8 -5 10 15 12 -12 -7 -15 -10 25 18 -18 22 -19 -21 -20 41 -25 26 27 -3 34 30 -30 -32 33 39 36 37 38 -36 40 -33 47 42 43 44 45 -24 -44 -29 49 -49 -37 52 55 57 -55 -52 -53 58 59 60 61 -54
right_child=1 2 4 7 -6 6 -8 -9 9 -11 11 -13 -14 14 -16 -17 17 20 19 21 -22 -23 23 24 -26 -27 -28 28 29 -31 31 32 -34 -35 35 50 -38 -39 -40 -41 -42 -43 46 -45 -46 -47 -48 48 -50 -51 51 56 53 54 -56 -57 -58 -59 -60 -61 -62 -63
leaf_value=0.0029920856481260531 -0.044937141717911841 -0.026256833617092551 0.12081993914409571 -0.034461615934631575 -0.13770673544801645 -0.051696505258867168 0.70367663574218753 -0.28914285180120108 0.11688988401905538 -0.18390888242831674 0.29860129059793861 0.13574800810810783 1.1459832725571653 -0.42372657832126193 0.38980583679676056 -0.24252790413707137 0.21014119612415547 0.15216065006624541 -0.075814609939385588 0.43295722349736643 -0.00013782575788406296 -0.029704557475214406 0.34015547244676525 0.28059816822353612 -0.16467325694587934 0.41076130471227845 -0.12910192275001156 0.01908865645609098 0.51419944876672319 -0.063826941310788227 -0.0058401865188038374 0.35028713254098381 0.030669072805835973 -0.0062934209296310502 0.28491361344811222 -0.037570458960108473 -0.23623394386796087 1.3515031582876749 -0.11117953888869768 0.78670044315148546 -0.053270387616721898 0.010334019359938282 -0.49700836323787351 0.71579438462143852 -0.14654548313373736 -0.54429941909746471 -0.19868146464334102 0.41009775703324636 -0.052174259220751432 0.05473688438747807 0.065784967990513643 -0.056787911888783398 0.84240113933321459 0.42831404158702269 1.7330855225345918 -0.12660086394309819 0.065970033774654699 0.059531771117272925 0.11137203096387249 0.10108897668892534 1.1008688578045085 0.20346630068929744
leaf_weight=259070 10154 16025 1437 1434 2788 2242 50 192 4285 272 52 191 102 324 50 166 632 1660 5019 211 6350 222 56 266 359 131 1219 11311 323 936 1246 350 686 132 261 4139 956 51 2324 166 3787 374 547 63 1465 379 468 482 442 271 3376 4276 71 65 56 1176 4062 2116 674 246 105 293
leaf_count=259070 10154 16025 1437 1434 2788 2242 50 192 4285 272 52 191 102 324 50 166 632 1660 5019 211 6350 222 56 266 359 131 1219 11311 323 936 1246 350 686 132 261 4139 956 51 2324 166 3787 374 547 63 1465 379 468 482 442 271 3376 4276 71 65 56 1176 4062 2116 674 246 105 293
internal_value=-1.91966e-12 -0.00748484 -0.00341364 0.00103974 -0.0593274 -0.00606839 -0.0744624 0.0693162 0.0799012 0.11226 0.129057 0.458972 0.859854 -0.0893351 -0.314966 0.103485 -0.00468582 -0.033951 -0.0859994 -0.105849 0.0314247 0.19575 -0.120366 -0.176589 0.0248343 0.00387802 0.00301305 0.00567924 0.0172112 0.0970223 0.148884 0.103149 0.204948 0.389448 0.00965332 0.032048 -0.0143363 0.45926 -0.00294165 0.490684 0.0124972 -0.214146 -0.242338 -0.18178 -0.211542 -0.430439 -0.359455 0.0324126 0.158527 0.282206 0.0255948 0.0414244 0.0805845 0.161559 1.03218 0.0160825 0.00301573 0.131503 0.241145 0.363476 0.501103 0.328094
internal_weight=362634 103564 93410 86519 6891 4103 2666 6694 6502 5068 4796 345 154 2616 374 4451 79825 18071 10061 9429 8010 433 8996 3977 625 61754 61623 60404 44379 3839 2903 2580 1334 648 40540 20967 19573 312 18617 516 16293 3352 2978 1963 1900 435 1015 12506 1195 753 20655 16516 8178 3626 121 4552 8338 3505 1389 715 469 364
internal_count=362634 103564 93410 86519 6891 4103 2666 6694 6502 5068 4796 345 154 2616 374 4451 79825 18071 10061 9429 8010 433 8996 3977 625 61754 61623 60404 44379 3839 2903 2580 1334 648 40540 20967 19573 312 18617 516 16293 3352 2978 1963 1900 435 1015 12506 1195 753 20655 16516 8178 3626 121 4552 8338 3505 1389 715 469 364
is_linear=0
shrinkage=0.05


Tree=147
num_leaves=63
num_cat=0
split_feature=12 42 5 15 10 39 11 6 4 50 2 3 44 50 46 8 40 47 44 51 46 5 15 50 9 42 4 10 44 50 23 45 4 46 22 28 32 7 44 42 15 3 23 28 51 4 9 50 23 10 12 50 0 9 45 9 47 5 50 49 51 14
split_gain=3108.89 6443.2 5001.28 6106.86 4885.28 4870.49 5894.17 4850.07 10640.5 13525.9 9685.86 8959.07 5685.47 6219.08 4991.06 6676.95 4899.5 4750.64 5479.13 15180.1 5678.39 5664.05 5342.92 4662.05 7389.92 4661.39 4996.05 4483.78 6678.2 4333.85 5641.68 4070.02 4151.14 5136.24 4597.49 4052 5098.42 4164.74 3979.63 7647.02 6794.48 8429.61 8991.34 7969.6 6375.79 7850.09 7002.46 13742.6 7423.85 7367.49 6466.44 6120.44 5942.74 8267.51 6134.3 7839.77 6184.17 6005.04 5879.73 6190.02 5854.07 5843.44
threshold=-3.4731613397598262 147.55000305175784 73.500000000000014 0.22649999707937243 85.009998321533217 35.534999847412116 19.345000267028812 103.50000000000001 69.500000000000014 7.5000000000000009 15.09999990463257 1.0500000119209292 39.18499946594239 7.5000000000000009 43.004999160766609 0.18450000137090686 -17.555862426757809 7.1641876697540292 32.23500061035157 5.5000000000000009 27.005000114440922 45.049999237060554 0.22649999707937243 5.5000000000000009 30.355000495910648 0.94999998807907116 56.500000000000007 22.005000114440922 32.764999389648445 4.5000000000000009 22.775000572204593 98.009998321533217 2.5000000000000004 21.535000801086429 0.18450000137090686 11.250000000000002 16.144999504089359 28.44999980926514 19.515000343322757 28.849999427795414 0.18550000339746478 28.050000190734867 20.204999923706058 4.4500000476837167 2.5000000000000004 31.050000190734867 21.685000419616703 11.500000000000002 24.175000190734867 94.009998321533217 -11.50704765319824 1.5000000000000002 13.09999990463257 20.755000114440922 103.00500106811525 14.775000095367433 -12.699152469635008 69.500000000000014 10.500000000000002 13.500000000000002 3.5000000000000004 18.050000190734867
decision_type=8 8 10 10 10 8 8 8 8 2 8 10 10 2 8 10 8 10 10 2 10 10 8 2 10 8 10 8 10 2 8 10 10 8 10 8 10 10 8 10 10 10 8 8 2 10 10 2 10 8 10 2 10 10 8 8 8 10 2 2 2 8
left_child=1 7 31 -4 5 6 -5 12 16 10 -10 -11 17 -14 15 -12 -9 38 23 20 22 -21 -20 24 -19 -2 27 28 -27 -30 -31 32 33 34 -3 36 37 -28 39 40 41 42 58 -42 45 -45 -46 48 49 50 -48 60 -40 54 56 -56 61 -58 59 -1 -41 -54
right_child=25 2 3 4 -6 -7 -8 8 9 11 14 -13 13 -15 -16 -17 -18 18 19 21 -22 -23 -24 -25 -26 26 35 -29 29 30 -32 -33 -34 -35 -36 -37 -38 -39 52 51 43 -43 -44 44 46 -47 47 -49 -50 -51 -52 -53 53 -55 55 -57 57 -59 -60 -61 -62 -63
leaf_value=0.054496454724083709 -0.084774617507943004 -0.069594202048336135 0.64748270127635743 -0.1088380911697944 -0.28214349382883541 -0.2479179663658142 0.53193669753653983 0.36980016986529035 -0.26742975610340464 -0.46496843860881171 0.37488551049403129 0.24840992532479458 -0.20066900720900441 0.18852312457976772 0.17491821285190159 0.84744393479723112 -0.006311602148654726 -0.13930980211177466 -0.070884860422068499 -0.095931399971538905 -0.25458029966342122 -0.81541164876040773 0.30683290452829431 -0.023102831457434178 -0.69489235925296 -0.03366638263819751 0.11913785750494098 0.0052417060880236349 0.59872768767948814 -0.30550462798041811 0.26556186725465974 -0.13056028938084518 -0.025305801763411451 -0.037118883540345864 -0.41827819166485397 0.020254741425106262 0.018919975260875792 0.36586330471569817 -0.024503255726330688 -0.16294076642169086 0.22776767115128482 -0.065794993996465392 -0.080389607908718574 -0.13114347807648169 -0.11513764250898118 -0.44439442191950307 0.853094841738542 -0.55895759230240794 -0.069434971093189912 -0.053390645377529682 0.28110605886846318 0.032962068640479757 0.072784685550464523 0.0015740722890394529 -0.15603362578746424 0.035405973964782074 0.043064792236295196 0.38680861312462844 -0.010679411101990312 0.22167074716810192 0.017669823823738964 0.29885108989820214
leaf_weight=1952 1446 161 52 54 77 50 107 90 58 101 248 78 647 122 152 107 2284 1198 123 51 73 59 392 1015 63 10931 1298 155418 58 59 162 1261 9342 550 229 9992 1402 197 18371 860 188 5445 1687 2200 1242 220 60 78 273 136 280 8367 657 105657 783 1687 8420 129 2018 773 938 506
leaf_count=1952 1446 161 52 54 77 50 107 90 58 101 248 78 647 122 152 107 2284 1198 123 51 73 59 392 1015 63 10931 1298 155418 58 59 162 1261 9342 550 229 9992 1402 197 18371 860 188 5445 1687 2200 1242 220 60 78 273 136 280 8367 657 105657 783 1687 8420 129 2018 773 938 506
internal_value=-1.7227e-11 -0.00462052 -0.0402138 0.148789 0.0587466 0.183147 0.317018 -0.00212944 0.0596553 0.224649 0.344646 -0.154111 -0.00328528 -0.138925 0.414666 0.517319 0.00794706 -0.00265655 -0.0652815 0.0572686 0.158121 -0.481834 0.216621 -0.102865 -0.167067 0.00463859 0.00535881 0.00303893 -0.0275009 0.214059 0.113105 -0.0457809 -0.0353834 -0.135538 -0.274334 0.0353501 0.0874152 0.15165 -0.00151343 -0.0191578 -0.0401206 -0.0200163 0.0187496 -0.091166 -0.104523 -0.159621 -0.0400779 0.0726479 0.138423 0.257635 0.382045 0.0149768 0.00194743 0.00607107 0.0450745 -0.0252812 0.0629677 0.0482517 0.0540117 0.101919 -0.0687179 0.171142
internal_weight=362634 181671 11883 340 288 211 161 169788 3118 744 565 179 166670 769 507 355 2374 165901 2974 698 588 110 515 2276 1261 180963 179517 166628 11210 279 221 11543 10282 940 390 12889 2897 1495 162927 26717 16552 11875 6430 4677 4489 2420 2069 827 749 476 340 10165 136210 117839 12182 2470 9712 8549 4743 2725 1798 1163
internal_count=362634 181671 11883 340 288 211 161 169788 3118 744 565 179 166670 769 507 355 2374 165901 2974 698 588 110 515 2276 1261 180963 179517 166628 11210 279 221 11543 10282 940 390 12889 2897 1495 162927 26717 16552 11875 6430 4677 4489 2420 2069 827 749 476 340 10165 136210 117839 12182 2470 9712 8549 4743 2725 1798 1163
is_linear=0
shrinkage=0.05


Tree=148
num_leaves=63
num_cat=0
split_feature=49 49 49 43 23 49 47 0 25 44 6 2 42 0 1 3 7 35 44 6 47 47 45 48 4 3 16 25 16 51 51 33 46 47 44 28 46 47 6 38 10 51 8 40 30 7 30 35 49 51 51 48 6 4 23 51 4 4 10 8 35 36
split_gain=3067.93 4987.74 7238.54 13215.2 8276.72 7102.67 7743.36 6649.79 6585.94 6403.62 6355.55 7629.16 6035.21 8484.88 7630.12 5865.11 7799.59 12872.3 7773.26 6904.28 6779.81 6753.01 6407.92 5804.96 5728.53 5683.46 9103.71 6940.41 7577.84 6670.4 7202.9 6338.2 7294.35 7962.6 6584.92 5797.54 5642.78 5623.54 9653.54 5730.41 5338.4 5285.38 8826.49 7391.57 7079.32 5770.78 5279.75 5504.77 5205.08 5152.97 11150.7 6584.12 6572.62 6519.44 5628.03 5475.56 8138.37 6083.04 5580.45 5307.61 5131.15 5122.87
threshold=1.5000000000000002 8.5000000000000018 16.500000000000004 0.22649999707937243 16.685000419616703 6.5000000000000009 -0.59158673882484425 31.050000190734867 69.005001068115249 16.704999923706058 18.050000190734867 47.250000000000007 25.050000190734867 95.500000000000014 116.50000000000001 33.049999237060554 21.750000000000004 13.650000095367433 20.644999504089359 38.20000076293946 -10.300903797149656 -6.550583839416503 31.005000114440922 8.9759259223938006 43.250000000000007 31.050000190734867 27.244999885559086 16.435000419616703 11.84500026702881 4.5000000000000009 2.5000000000000004 0.53728905320167553 21.365000724792484 -9.6996121406555158 8.2849998474121112 42.850000381469734 26.454999923706058 -10.720637798309324 73.500000000000014 80.005001068115249 32.004999160766609 3.5000000000000004 0.27050000429153448 -11.284454822540281 24.015000343322757 16.550000190734867 30.125000000000004 29.44999980926514 15.500000000000002 5.5000000000000009 3.5000000000000004 -20.889808654785153 72.500000000000014 30.050000190734867 15.204999923706056 4.5000000000000009 25.050000190734867 37.049999237060554 21.994999885559086 0.76150000095367443 15.949999809265138 0.60249999165534984
decision_type=2 2 2 10 10 2 8 10 10 8 8 10 8 8 8 10 10 10 8 8 8 8 10 10 10 10 10 10 8 2 2 10 10 8 8 8 10 8 10 8 8 2 10 8 8 8 10 10 2 2 2 8 10 8 8 2 10 10 8 10 10 10
left_child=-1 5 3 4 -3 6 -2 46 25 -6 11 61 14 49 15 16 22 19 -19 20 -18 -20 -5 37 -21 26 31 28 -27 30 60 32 -4 35 -35 -34 48 38 39 -16 -31 42 -38 44 -44 -45 47 -7 -12 50 51 -14 53 -51 -53 56 58 59 -52 -57 -29 -11
right_child=1 2 8 12 9 7 -8 -9 -10 10 36 -13 13 -15 23 -17 17 18 21 24 -22 -23 -24 -25 -26 27 -28 29 -30 40 -32 -33 33 34 -36 -37 41 -39 -40 -41 -42 -43 43 45 -46 -47 -48 -49 -50 52 55 54 -54 -55 -56 57 -58 -59 -60 -61 -62 -63
leaf_value=0.015433802055309323 -0.016719115993616859 0.0048940968059944211 -0.011505126397763753 0.05446740449596308 0.12632823869517465 -0.06670423923405247 0.015818659410166743 -0.16649208567527604 -0.18531460992644039 0.011339519011229843 0.059815867358228136 -0.57399654791020516 0.31675036566003278 -0.16593335437699996 0.28019798311693916 0.082884435554867145 0.27991094876735406 -0.075841635478849756 0.076888692677564652 0.17724860879912993 -0.015123966106742649 -0.0095712894810463661 -0.018515778238972515 0.52260391487429547 0.72062306064367299 -0.19939148941177662 -0.059263117045561947 0.005735761737709638 0.019704869839616796 0.077876404785866271 0.032447438476515378 -0.04727484678432442 0.23141550145854645 0.38025606369456422 0.018981450733466142 -0.10540845105674544 0.10086156412712187 0.038286549279475598 -0.29881313364460782 0.84221338020129632 -0.057088407137721245 0.044182508260839852 0.95798273218583463 0.028763955405780247 0.19772285605408252 0.38355749574341425 0.0049411572128014135 -0.013721445810816666 -0.017349912860385619 -0.044421700896247585 -0.39176435027573564 -0.092561957570065412 0.17262310200826603 -0.1912267462593864 -0.017839102019903807 0.0094665315790465401 0.18883860000781869 -0.204188790142323 0.047614490497024188 0.38165062710034608 -0.052975387195967873 -0.41561080843839848
leaf_weight=29573 41060 15679 10991 3362 2533 10322 32965 882 514 6727 10749 57 136 943 145 2413 239 2165 4125 1622 1051 4991 28526 90 50 399 11373 7915 36222 792 10320 6252 896 130 4236 149 1488 799 53 66 9781 1544 79 196 50 276 8864 9337 2743 3483 74 3142 282 966 12728 4249 1232 332 3083 98 7024 71
leaf_count=29573 41060 15679 10991 3362 2533 10322 32965 882 514 6727 10749 57 136 943 145 2413 239 2165 4125 1622 1051 4991 28526 90 50 399 11373 7915 36222 792 10320 6252 896 130 4236 149 1488 799 53 66 9781 1544 79 196 50 276 8864 9337 2743 3483 74 3142 282 966 12728 4249 1232 332 3083 98 7024 71
internal_value=-1.22225e-11 -0.00137039 0.00273607 0.0110279 0.0336916 -0.0104874 -0.00222931 -0.0312765 -0.00676804 0.0507215 0.0427352 0.0020503 -0.000858833 -0.0182698 0.00991351 0.00689413 0.00291926 0.0336818 0.00932527 0.126446 0.0395375 0.0295519 -0.0108211 0.137036 0.193498 -0.00590616 -0.0227623 0.00201021 0.0173177 -0.0136344 0.000322934 -0.00443781 0.0118905 0.0594125 0.0297386 0.18339 0.0590211 0.104392 0.304461 0.455994 -0.0469785 0.114331 0.166179 0.327897 0.663308 0.236228 -0.0270953 -0.0415402 0.0441276 -0.0135979 -0.00456725 -0.0296644 -0.0614598 -0.0762971 -0.032633 0.0397319 0.0798483 0.00210181 0.0373155 0.0178572 -0.021869 0.00688034
internal_weight=362634 333061 229631 122637 42192 103430 74025 29405 106994 26513 23980 6855 80445 30748 49697 48544 46131 14243 11281 2962 1290 9116 31888 1153 1672 106480 34027 72453 36621 35832 25259 22654 16402 5411 4366 1045 17125 1063 264 211 10573 3633 2089 601 129 472 28523 19659 13492 29805 25074 16006 4731 4449 15870 9068 4389 4679 3157 4347 14939 6798
internal_count=362634 333061 229631 122637 42192 103430 74025 29405 106994 26513 23980 6855 80445 30748 49697 48544 46131 14243 11281 2962 1290 9116 31888 1153 1672 106480 34027 72453 36621 35832 25259 22654 16402 5411 4366 1045 17125 1063 264 211 10573 3633 2089 601 129 472 28523 19659 13492 29805 25074 16006 4731 4449 15870 9068 4389 4679 3157 4347 14939 6798
is_linear=0
shrinkage=0.05


Tree=149
num_leaves=63
num_cat=0
split_feature=37 21 25 49 29 5 15 49 10 16 30 8 37 44 36 8 48 30 6 44 30 44 44 44 37 47 44 5 37 13 37 50 30 20 41 20 39 23 8 38 1 30 44 9 0 6 5 43 39 33 25 31 50 50 15 5 44 5 5 50 30 44
split_gain=3065.13 3829.73 3161.29 3018.51 5322 5020.32 4543.41 4368.1 11224.9 9747.65 9700.34 16426.9 12232.5 10141.8 11800.3 9955.55 9138.67 11632.5 8978.77 10479.6 10116.4 9573.21 12710.2 8769.36 11689 9194.05 8239.97 9340.67 8099.58 8000.43 7930.67 7229.85 7201.17 6953.16 6896.14 9781.63 8499.76 6648.12 7430.99 6623.06 6598.99 6563.92 15812 10735.9 10030.3 8834.48 12273.5 8163.37 7804.46 15115.5 9622.66 11114.4 7263.66 8168.1 6589.45 6806.25 6520.86 16331.9 9077.92 11379.4 10909.8 9842.21
threshold=39.174999237060554 45.250000000000007 39.604999542236335 20.500000000000004 0.011500000022351744 32.049999237060554 0.2034999951720238 12.500000000000002 37.975000381469734 23.105000495910648 17.964999198913578 0.24350000172853473 17.384999275207523 20.945000648498539 0.11549999937415124 0.16250000149011615 -4.7476420402526847 22.035000801086429 14.050000190734865 21.675000190734867 16.425000190734867 16.425000190734867 13.105000019073488 34.315000534057624 27.925000190734867 -2.7420040369033809 30.355000495910648 48.250000000000007 23.07499980926514 -6.0248095989227286 30.304999351501468 11.500000000000002 12.175000190734865 -7.1113383769989005 -8.8871598243713361 -2.5361306667327876 17.144999504089359 16.125000000000004 0.033500000834465034 43.004999160766609 14.050000190734865 25.925000190734867 34.495000839233406 39.295000076293952 52.500000000000007 97.500000000000014 118.50000000000001 0.72749999165534984 29.875000000000004 -8.8839659690856916 27.525000572204593 58.004999160766609 9.5000000000000018 7.5000000000000009 0.57250002026557933 65.500000000000014 29.505000114440922 36.049999237060554 33.049999237060554 2.5000000000000004 14.954999923706056 18.494999885559086
decision_type=10 10 10 2 10 8 10 2 10 8 8 10 8 8 8 10 10 10 10 10 10 10 8 8 10 8 10 8 8 10 10 2 10 8 8 10 10 8 8 8 10 10 10 10 10 10 10 10 8 10 10 8 2 2 8 10 10 10 10 2 10 10
left_child=3 2 -2 7 -5 6 -6 -1 23 10 12 13 56 14 -12 -16 17 -15 -14 20 21 22 -20 24 25 40 34 -28 -13 -23 -18 39 -27 -11 35 -21 -37 -22 -39 -24 -9 45 48 47 -45 46 -35 -44 -43 -50 -51 54 53 -47 -52 -56 58 -58 60 -60 61 -10
right_child=1 -3 -4 4 5 -7 -8 8 9 33 11 28 18 16 15 -17 30 -19 19 26 37 29 31 -25 -26 32 27 -29 -30 -31 -32 -33 -34 41 -36 36 -38 38 -40 -41 -42 42 43 44 -46 52 -48 -49 49 50 51 -53 -54 -55 55 -57 57 -59 59 -61 -62 -63
leaf_value=-0.0026521780796325656 -0.046103268646904588 0.32672002188184046 -0.2300445637665689 -0.060290015363854345 0.0053494067566706863 -0.043493648462167994 -0.11402917272323512 -0.0082558546342740777 -0.022396513067009977 0.037693313187722913 0.16849358275890614 0.19651588627657335 0.077980801620843365 0.17631637118535984 1.0066065533933315 0.24712645363088856 0.13378113004494482 0.68804161967071775 -0.27875624288856404 0.037809405705991041 -0.28952014129270209 -0.031701626543882436 0.28481636013195016 0.10371413804439594 -0.016009613887711768 -0.079241531620370523 -0.22093759757683304 0.215671785042578 -0.057616683846596545 -0.23940594852325225 -0.13420139196131267 0.36330704009916803 0.046599055916095353 -0.022834369294576398 0.011568781507278227 0.28039993985787331 1.0077004116502675 -0.20178458183213618 0.220166419299757 -0.099363643904726087 0.10941573660635642 0.044510673758347143 -0.029870611968057459 -0.082989199549862835 0.74510189551042361 0.21016433863272499 0.69268930246432625 -0.23204037750415363 -0.028008008969144599 0.16686359002530252 0.44363975526079885 0.24197204441424802 -0.081654830052927674 0.85755040419125361 1.4450614467700067 0.63212649406721955 0.025722753057841125 -0.73417915052242499 0.27674542172281563 0.013599677648248893 0.30757454024416847 0.11230629645546011
leaf_weight=194233 788 55 332 5026 32591 7241 817 1446 3865 7400 229 385 1886 464 110 71 1153 146 307 337 110 617 157 4248 9753 1745 649 151 1689 1865 363 197 3262 53181 3544 149 55 132 498 393 6768 3221 3668 66 82 215 60 578 552 575 87 220 143 63 51 52 344 89 1022 687 362 2089
leaf_count=194233 788 55 332 5026 32591 7241 817 1446 3865 7400 229 385 1886 464 110 71 1153 146 307 337 110 617 157 4248 9753 1745 649 151 1689 1865 363 197 3262 53181 3544 149 55 132 498 393 6768 3221 3668 66 82 215 60 578 552 575 87 220 143 63 51 52 344 89 1022 687 362 2089
internal_value=1.58863e-11 -0.0806252 -0.100629 0.000262089 -0.011752 -0.00575062 0.00242998 0.00199981 0.00943348 0.00127104 0.0286972 0.0939265 0.0132803 0.179281 0.40697 0.708689 0.135371 0.298795 -0.0213667 -0.0418196 -0.0989786 -0.134161 -0.00791311 0.0377178 0.0255147 0.0561468 0.00821343 -0.138528 -0.0104416 -0.187773 0.0696138 0.103397 0.00274209 -0.00814849 0.036951 0.203225 0.476486 0.0691353 0.131758 0.0103023 0.0887007 -0.013549 0.025589 -0.0428001 0.375818 -0.020224 -0.022028 -0.0573916 0.0887462 0.181448 0.298828 0.483901 0.20792 0.356874 0.764028 1.03465 0.0585328 -0.13047 0.0687307 0.170964 0.0410683 0.0248649
internal_weight=362634 1175 1120 361459 45675 40649 33408 315784 121551 94329 24115 4610 19505 2536 410 181 2126 610 11047 9161 4276 3536 1054 27222 22974 13221 4885 800 2074 2482 1516 747 5007 70214 4085 541 204 740 630 550 8214 62814 9152 4394 148 53662 53241 4246 4758 1537 985 410 421 278 190 103 8458 433 8025 1709 6316 5954
internal_count=362634 1175 1120 361459 45675 40649 33408 315784 121551 94329 24115 4610 19505 2536 410 181 2126 610 11047 9161 4276 3536 1054 27222 22974 13221 4885 800 2074 2482 1516 747 5007 70214 4085 541 204 740 630 550 8214 62814 9152 4394 148 53662 53241 4246 4758 1537 985 410 421 278 190 103 8458 433 8025 1709 6316 5954
is_linear=0
shrinkage=0.05


Tree=150
num_leaves=63
num_cat=0
split_feature=38 50 30 1 44 30 40 43 50 51 5 5 45 9 28 9 30 42 5 9 10 35 4 4 50 0 5 30 42 32 30 36 18 1 44 22 7 4 51 4 43 51 5 5 30 2 0 19 20 51 18 41 3 34 34 40 43 31 18 35 35 30
split_gain=3016.1 9085.02 5947.52 11178 5035 7068.98 6949.1 6043.98 5722.85 7194.04 6035.68 5429.65 6677.87 5366.23 5044.47 4917.68 6569.4 4666.94 4132.24 4001.37 3858.06 5587.77 3841.77 3713.97 3661.21 4681.42 3671.46 3707.15 4740.81 3573.15 5534.79 5442.97 5866.18 6291.59 5245.64 5864.97 5094 6654.4 5006.14 6816.5 5470.88 6414.28 4918.32 4811.26 6164.55 4669.55 5841.73 9355.72 4631.35 4244.19 4069.83 4062.19 5328.99 4005.68 3934.01 3884.63 6489.17 7027.22 7962.99 10809.8 4799.1 4792.37
threshold=119.04499816894533 1.5000000000000002 8.9849996566772479 46.100000381469734 23.515000343322757 17.714999198913578 -0.089007399976253496 0.38949999213218695 11.500000000000002 3.5000000000000004 67.500000000000014 39.100000381469734 42.004999160766609 13.315000057220461 5.5499999523162851 27.275000572204593 17.085000038146976 45.049999237060554 69.500000000000014 14.944999694824221 153.0299987792969 14.340000152587892 43.250000000000007 6.0499999523162851 10.500000000000002 37.049999237060554 81.500000000000014 27.925000190734867 11.744999885559084 11.125000000000002 25.714999198913578 0.19749999791383746 11.00500011444092 36.100000381469734 33.645000457763679 0.2465000003576279 8.1500000953674334 15.050000190734865 1.0000000180025095e-35 29.050000190734867 0.57649999856948864 3.5000000000000004 57.20000076293946 29.149999618530277 9.6649999618530291 82.500000000000014 71.500000000000014 -8.7014641761779767 -2.2262798547744747 1.0000000180025095e-35 23.994999885559086 -2.6578769683837886 13.050000190734865 16.213301658630375 -0.72576579451560963 -13.932399749755858 0.72749999165534984 64.014999389648452 33.375000000000007 15.550000190734865 10.019999980926515 25.095000267028812
decision_type=10 2 8 10 10 10 8 10 2 2 10 10 8 8 10 8 10 10 10 8 8 10 8 10 2 10 10 10 10 8 10 8 10 8 10 8 8 10 2 8 10 2 10 8 8 8 10 8 8 2 10 10 8 8 8 8 10 8 10 8 8 10
left_child=29 15 3 -3 8 6 7 -6 9 11 13 -4 -13 -11 18 -2 -17 23 -7 -9 21 -14 -19 -15 26 -26 -16 28 -28 30 31 34 33 42 45 36 -36 -38 39 -35 -40 -42 -33 -34 50 46 -1 -48 -43 -37 -45 52 -46 -53 -50 56 60 58 -58 -60 -31 -59
right_child=1 2 4 -5 5 14 -8 19 -10 10 -12 12 20 17 24 16 -18 22 -20 -21 -22 -23 -24 -25 25 -27 27 -29 -30 55 -32 32 43 38 35 49 37 -39 40 -41 41 48 -44 44 51 -47 47 -49 54 -51 -52 53 -54 -55 -56 -57 57 61 59 -61 -62 -63
leaf_value=-0.0081089147481871165 -0.076899386075765921 0.078564441508390537 0.01530400119497953 0.86335544983545942 0.038705548592422249 -0.15124214190861907 -0.14086634760765548 -0.016570049011475081 -0.028228403965757095 -0.078166756928939096 0.63815768908197978 -0.62491984027896974 0.14850700997254426 0.24387115272922349 -0.046365486783380414 -0.54203686388827366 0.061582733466681361 0.14041321953625141 -0.54644451797204585 0.39238077723481973 0.27686077860199804 -0.35891346143535341 0.3590721559919256 0.032482738899649123 -0.096408600878692893 -0.46080151828559668 0.4136439303105528 0.35132284480282383 -0.11642411673513567 0.051078526235272217 0.0097897604395866741 -0.048590427369081361 -0.0056817756021880017 0.31840968308372242 -0.046566555877886814 -0.24261929032398888 0.099175973293987418 0.4393103996543844 -0.018707204277963962 -0.2317908237085623 -0.036304689540217323 0.59345137958520466 0.2112022301358612 0.026420861167929646 0.033316053285805593 -0.10219910571522578 0.69964295743327398 0.0042199807339592986 0.55146972292235918 0.041845834970315805 0.41502826519103514 -0.11886739218575836 -0.10174968644879422 0.19740424033473522 0.073151890820748106 0.0023777263220361045 0.14581881371704308 0.1444672284324964 1.0119843174581944 0.12035099254615272 -0.0024030367611505262 -0.41186672634445132
leaf_weight=31801 3345 284 2801 54 603 510 303 77 4695 412 51 71 85 244 4423 130 69 731 76 268 59 150 277 1400 428 111 55 117 181 7164 28947 4427 2986 327 184 153 313 266 1561 68 240 97 190 268 1340 1324 76 133 56 917 90 5415 1605 102 185 239423 555 75 69 67 10120 80
leaf_count=31801 3345 284 2801 54 603 510 303 77 4695 412 51 71 85 244 4423 130 69 731 76 268 59 150 277 1400 428 111 55 117 181 7164 28947 4427 2986 327 184 153 313 266 1561 68 240 97 190 268 1340 1324 76 133 56 917 90 5415 1605 102 185 239423 555 75 69 67 10120 80
internal_value=-1.59806e-11 -0.0179385 -0.0038656 0.203945 -0.00774027 -0.0403842 0.0675772 0.1342 0.0135307 0.0447452 0.0986924 -0.00833289 -0.189722 0.089713 -0.0632719 -0.0912652 -0.332742 0.115794 -0.202497 0.301108 -0.0846229 -0.175378 0.200501 0.0638567 -0.0479217 -0.171451 -0.0339808 0.121197 0.00710869 0.00115913 -0.00785797 -0.0172965 -0.0388926 -0.00315454 -0.00565493 0.0766952 0.182609 0.255438 0.0601513 0.223692 0.029951 0.161362 -0.0378994 -0.0605395 -0.0791115 -0.0101833 -0.0063773 0.257101 0.301717 0.00116998 0.124115 -0.0877093 -0.0402936 -0.11302 0.184296 0.0040675 0.0263824 0.161591 0.229841 0.572724 0.0197644 -0.142673
internal_weight=362634 22010 18466 338 18128 7152 1251 948 10976 6281 3115 3166 365 3064 5901 3544 199 2652 586 345 294 235 1008 1644 5315 539 4776 353 236 340624 83071 54124 18957 7151 35167 1833 763 579 2534 395 2139 578 4617 11806 8820 33334 32010 209 338 1070 358 8462 2945 5517 241 257553 18130 846 691 136 17284 155
internal_count=362634 22010 18466 338 18128 7152 1251 948 10976 6281 3115 3166 365 3064 5901 3544 199 2652 586 345 294 235 1008 1644 5315 539 4776 353 236 340624 83071 54124 18957 7151 35167 1833 763 579 2534 395 2139 578 4617 11806 8820 33334 32010 209 338 1070 358 8462 2945 5517 241 257553 18130 846 691 136 17284 155
is_linear=0
shrinkage=0.05


Tree=151
num_leaves=63
num_cat=0
split_feature=12 3 30 50 9 0 36 6 5 50 38 3 9 37 5 37 48 15 37 9 0 32 41 51 5 18 9 51 37 6 39 8 37 4 6 9 8 26 37 4 34 6 18 38 1 22 5 30 32 18 9 32 4 51 35 28 26 45 9 17 32 0
split_gain=3029.88 7378.8 7094.28 12353.5 7849.18 6804.04 5799.17 6242.84 6372.21 5533.59 7265.6 8771.15 9455.96 10745.4 10254.5 8691.04 6940.2 6508.56 5947.81 8998.53 8771.94 6666.51 6468.06 5836.06 6832.27 5437.58 6814.7 5280.76 5238.14 5110.86 4985.49 4740.04 4714.6 5750.57 4476.84 4345.23 5734.26 4414.13 4332.39 5298.65 4015.11 3936.62 3910.21 4275.93 3865.65 3857.73 3840.81 3831.51 3836.73 3805.9 4524.92 3725 3680.5 4155.99 3883.69 4434.84 3670.21 3559.29 3500.64 3453.22 3445.38 5712.57
threshold=-0.65366855263710011 25.050000190734867 20.285000801086429 4.5000000000000009 19.505000114440922 55.149999618530281 0.55850002169609081 51.100000381469734 76.500000000000014 1.5000000000000002 68.005001068115249 31.050000190734867 12.944999694824221 25.005000114440922 27.050000190734867 16.57499980926514 -7.3909573554992667 0.0025000000605359678 25.935000419616703 28.295000076293949 42.049999237060554 16.435000419616703 -7.8237969875335684 4.5000000000000009 33.049999237060554 13.885000228881838 29.855000495910648 4.5000000000000009 14.425000190734865 36.049999237060554 31.994999885559086 0.30949999392032629 10.494999885559084 34.049999237060554 31.050000190734867 21.414999961853031 0.27950000762939459 -0.69729164242744435 12.09500026702881 18.050000190734867 -20.93880462646484 73.500000000000014 28.005000114440922 91.02500152587892 63.500000000000007 0.011500000022351744 53.350000381469734 34.295000076293952 19.005000114440922 10.835000038146974 26.335000038146976 81.055000305175795 57.049999237060554 3.5000000000000004 11.050000190734865 12.949999809265138 -5.7179768085479727 116.04000091552736 25.164999961853031 1.0000000180025095e-35 37.995000839233406 87.500000000000014
decision_type=8 10 10 2 10 10 8 10 8 2 8 8 10 8 10 8 8 10 10 8 8 10 10 2 10 8 10 2 10 10 10 10 8 10 10 10 10 10 10 8 10 10 8 8 8 10 10 10 10 8 10 10 10 2 10 8 10 10 10 10 8 8
left_child=9 25 6 4 46 29 7 32 42 10 11 12 13 16 31 23 -1 -18 20 21 -12 57 27 24 -16 41 -27 -22 38 -6 49 34 -3 -34 -14 36 -17 -37 56 -40 -13 44 -9 -44 -2 -46 -4 -5 52 50 -31 -11 -49 54 -54 -56 -19 -20 -43 -8 -28 -62
right_child=1 2 3 47 5 -7 59 8 -10 51 18 40 14 -15 15 35 17 28 19 -21 22 -23 -24 -25 -26 26 60 -29 -30 30 -32 -33 33 -35 -36 37 -38 -39 39 -41 -42 58 43 -45 45 -47 -48 48 -50 -51 -52 -53 53 -55 55 -57 -58 -59 -60 -61 61 -63
leaf_value=-0.28625715963954479 -0.018229398966049842 0.079775078966338203 0.025283884847420196 0.010333788379013839 0.1170732533085761 -0.17841691424981995 -0.47775368299335241 0.016738455819112881 0.57559959401229499 -0.0017590871025041429 -0.064352443763283404 0.25965868356243638 -0.0040852418925268778 -0.53953511896497997 0.27966945510462066 0.1719128450421302 -0.066707425303228665 -0.085386583289584594 -0.11076927935715947 0.44748554718680683 -0.23344121902596715 0.14104404800439027 -0.28200377529109372 0.077023766362773527 0.83596352440746213 0.010005484602813277 -0.086714902223641352 0.47288386702537538 -0.062119680010558426 0.74177677932605945 -0.009075797653822288 -0.21538502548299909 -0.0012865816559991233 -0.09687578394805163 0.23747102264472075 0.31171255127152375 -0.20785920939377542 0.024421213118030746 0.66044892893826712 0.062051592767238622 -0.10652308591038806 -0.45552518529572872 0.44222591308255987 -0.069796283397886724 -0.05156960057275492 -0.30014222875832586 0.45044112255175905 0.071011400736876701 0.010023741527179336 0.23245944384335951 0.27711917291084925 0.11894137206822984 0.15432263292846674 0.011820531401340621 0.72650216505690313 0.16077066791408204 0.21956465262416247 -0.56054999370660097 -0.053865904457246261 -0.11068868466142463 -0.011323646550161635 0.46864817055563135
leaf_weight=217 19591 1383 3262 17844 3516 169 72 482 76 229749 4165 78 1006 103 107 219 1163 148 205 124 51 290 820 84 114 54085 2868 55 288 93 157 209 8841 1914 237 388 182 204 94 61 1859 99 132 59 443 241 54 448 744 573 120 641 106 101 108 51 296 56 120 582 1021 66
leaf_count=217 19591 1383 3262 17844 3516 169 72 482 76 229749 4165 78 1006 103 107 219 1163 148 205 124 51 290 820 84 114 54085 2868 55 288 93 157 209 8841 1914 237 388 182 204 94 61 1859 99 132 59 443 241 54 448 744 573 120 641 106 101 108 51 296 56 120 582 1021 66
internal_value=8.668e-12 0.00652231 0.0237473 0.0384031 0.0909228 0.132993 -0.00585006 0.00152117 0.141615 -0.00320255 -0.0351707 -0.00115036 0.0331357 -0.040059 0.0962163 0.198335 -0.0173656 0.0110976 -0.0768081 0.0626555 -0.0952991 -0.0239487 -0.234492 0.431785 0.566627 -0.0024455 0.00537246 0.133048 0.113113 0.144796 0.248159 0.00492797 -0.00712358 -0.018298 0.0419717 0.126631 -0.000452526 0.212714 0.197364 0.424951 -0.0917775 -0.0245864 0.0926059 0.284062 -0.0223088 -0.139151 0.0322074 0.0168993 0.0920952 0.29954 0.479998 -0.00142327 0.167109 0.284737 0.388754 0.545041 0.117914 -0.207274 -0.235438 -0.1511 -0.0579846 0.0178191
internal_weight=362634 119421 40887 27346 7944 4628 13541 12887 749 243213 12823 7057 5120 2370 2750 1298 2267 2050 5766 675 5091 551 926 305 221 78534 58040 106 887 4459 943 1452 12138 10755 1243 993 401 592 599 155 1937 20494 673 191 20275 684 3316 19402 1558 786 213 230390 814 366 265 159 444 261 219 654 3955 1087
internal_count=362634 119421 40887 27346 7944 4628 13541 12887 749 243213 12823 7057 5120 2370 2750 1298 2267 2050 5766 675 5091 551 926 305 221 78534 58040 106 887 4459 943 1452 12138 10755 1243 993 401 592 599 155 1937 20494 673 191 20275 684 3316 19402 1558 786 213 230390 814 366 265 159 444 261 219 654 3955 1087
is_linear=0
shrinkage=0.05


Tree=152
num_leaves=63
num_cat=0
split_feature=44 43 8 25 30 8 23 46 24 3 22 23 26 46 47 11 37 44 37 51 30 5 2 25 51 37 39 16 44 23 2 30 6 40 9 26 18 43 37 30 43 38 50 37 22 15 44 37 16 9 30 43 50 50 51 51 16 44 5 6 5 29
split_gain=2969.77 3686.59 3458.47 2866.11 5457.82 6136.87 5716.33 5929.29 4801.42 7362.53 4028.96 3992.82 4572.03 3899.57 6459.42 4460.89 4604.08 4410.37 4684.68 4787.93 4265.83 4939.49 4673.21 4157.39 6766.94 6632.1 5457.42 7924.76 5450.82 5681.83 4868.95 4741.01 4705.6 3874.49 3747.58 3743.67 3637.06 3612.55 6370.67 3626.77 3598.02 3575.27 5470.66 5311.16 5781.81 5293.95 5778.09 6205.57 4583.29 6751.67 4449.73 7207.53 5666.55 9905.99 15278.3 5856.23 4843.99 6064.97 5063.3 4750.22 4722.07 7394.19
threshold=4.1349999904632577 0.030499999411404136 0.44050000607967382 53.004999160766609 27.675000190734867 0.58849999308586132 31.765000343322757 33.995000839233406 171.23500061035159 21.050000190734867 0.764499992132187 15.835000038146974 -2.7042021751403804 37.004999160766609 -6.3385701179504386 10.855000019073488 20.355000495910648 14.585000038146974 10.494999885559084 5.5000000000000009 16.425000190734867 22.149999618530277 8.0999999046325701 14.644999980926515 1.0000000180025095e-35 25.32499980926514 33.004999160766609 18.144999504089359 34.315000534057624 25.285000801086429 62.049999237060554 25.304999351501468 75.500000000000014 6.1379001140594491 15.434999942779543 -3.8523621559143062 5.0050001144409189 0.028500000014901165 23.835000038146976 23.185000419616703 0.88350000977516185 89.005001068115249 1.5000000000000002 22.634999275207523 0.49950000643730169 0.29649999737739569 24.884999275207523 27.144999504089359 15.434999942779543 22.265000343322757 16.564999580383304 0.39750000834465032 10.500000000000002 11.500000000000002 3.5000000000000004 3.5000000000000004 19.925000190734867 25.144999504089359 21.050000190734867 15.050000190734865 72.500000000000014 0.037499999627470977
decision_type=8 8 10 10 10 10 8 10 10 10 10 8 8 10 8 8 8 8 10 2 8 8 10 8 2 8 10 8 10 10 10 8 10 10 8 10 8 8 8 10 8 10 2 8 10 10 8 8 10 8 8 10 2 2 2 2 8 10 10 10 10 10
left_child=1 -1 -3 8 5 10 7 -7 13 -10 11 12 -5 41 23 34 17 18 19 -17 21 -19 -22 24 -15 30 27 -27 31 -30 32 36 -25 -6 -16 -9 -26 38 -38 -39 -28 -2 45 44 -44 -43 47 -47 -46 -50 51 -45 60 54 56 59 57 -54 -58 -55 -52 -62
right_child=3 2 -4 4 33 6 -8 35 9 -11 -12 -13 -14 14 15 16 -18 20 -20 -21 22 -23 -24 25 28 26 40 -29 29 -31 -32 -33 -34 -35 -36 -37 37 39 -40 -41 -42 42 43 50 48 46 -48 -49 49 -51 52 -53 53 55 -56 -57 58 -59 -60 -61 61 -63
leaf_value=-0.10803239870979159 0.00074894090762756688 0.087310526197233493 -0.2107219769477339 0.22731802615802735 0.075661070855433429 -0.12285133433567051 0.27441396043731153 -0.69743171100105561 0.0017245627893917863 0.13805937689685874 0.3700630112190641 -0.058396017362006426 -0.0035208974670101682 -0.11508234164035654 -0.11320256155235604 0.063234996157082016 -0.0070595650223716725 0.078722516728232161 -0.039360091213710778 0.49310730196438829 0.030879991696656364 -0.084150901748237361 0.1445418763538571 0.11358392497155911 -0.1487965936015006 -0.53485334282412245 0.042468597266543111 -0.040132118580512952 0.8268619358722793 0.14986049434731877 -0.32937609588695788 -0.0085038735127463978 0.49304999076696332 -0.3595011167368799 -0.0022961898829082696 -0.24398962592377382 0.05504390263619522 0.12201784424928588 0.65893721662730254 0.41794319513887168 0.39285968575920716 -0.0439062584351931 0.0094411502267325309 0.0038904542860131938 0.63600136027934984 -0.34994524350526546 0.017966608581187479 0.23815412315726281 -0.083499829185792823 0.36018545518464906 -0.031136690792673435 0.27786058257570712 -0.32934729469902568 -0.10811292736556466 0.014716282742867235 -0.11000208890385516 -0.12907681651413441 0.29782621222906391 -0.54969236812311462 0.25295564220763861 0.033847380634619013 0.4925500401949629
leaf_weight=1351 277950 556 118 240 1466 288 55 98 2565 1613 62 5294 2019 251 1369 408 11849 1035 2324 77 1536 846 2199 1633 71 85 2036 1698 61 63 59 399 86 53 1717 85 72 603 111 125 76 3794 13540 1289 53 436 223 50 173 170 14581 295 149 131 431 489 90 52 349 299 1344 94
leaf_count=1351 277950 556 118 240 1466 288 55 98 2565 1613 62 5294 2019 251 1369 408 11849 1035 2324 77 1536 846 2199 1633 71 85 2036 1698 61 63 59 399 86 53 1717 85 72 603 111 125 76 3794 13540 1289 53 436 223 50 173 170 14581 295 149 131 431 489 90 52 349 299 1344 94
internal_value=-8.89479e-12 -0.0603814 0.0351327 0.000339072 -0.0265287 -0.0427629 -0.207939 -0.264265 0.00107862 0.0543593 -0.0313535 -0.0346486 0.0210038 0.000436675 0.0174226 0.00450754 0.0130321 0.0412892 -0.00986248 0.131483 0.0668742 0.00546844 0.097799 0.0580333 0.125263 0.0372234 0.00069744 -0.0637167 0.165347 0.482902 0.117239 0.136834 0.132568 0.0604777 -0.0514961 -0.486817 0.195886 0.22275 0.42134 0.172829 0.0550774 -0.00121842 -0.0155965 -0.008647 0.0149489 -0.0673423 -0.192753 -0.289441 0.203268 0.136402 -0.0254301 0.0549139 -0.0324969 -0.112072 -0.215409 0.00835682 -0.370383 -0.167093 -0.463461 0.142956 -0.0226115 0.0638321
internal_weight=362634 2025 674 360609 9660 8141 526 471 350949 4178 7615 7553 2259 346771 30789 23360 20274 8425 2809 485 5616 1881 3735 7429 1756 5673 3895 1783 1505 124 1778 1381 1719 1519 3086 183 982 911 183 728 2112 315982 38032 33529 13936 4503 709 486 396 343 19593 1584 18009 1990 1071 919 640 201 439 430 16019 1438
internal_count=362634 2025 674 360609 9660 8141 526 471 350949 4178 7615 7553 2259 346771 30789 23360 20274 8425 2809 485 5616 1881 3735 7429 1756 5673 3895 1783 1505 124 1778 1381 1719 1519 3086 183 982 911 183 728 2112 315982 38032 33529 13936 4503 709 486 396 343 19593 1584 18009 1990 1071 919 640 201 439 430 16019 1438
is_linear=0
shrinkage=0.05


Tree=153
num_leaves=63
num_cat=0
split_feature=51 51 7 39 50 50 44 16 50 46 42 44 50 2 44 43 30 30 44 30 9 39 50 8 4 5 15 46 42 5 6 26 50 6 43 17 16 6 30 5 44 30 10 3 9 42 42 50 30 18 4 50 30 39 40 44 44 29 36 50 50 50
split_gain=2834.79 5773.54 13543.5 9827.34 9038.34 10817.5 13790.5 10538.9 9775.68 8204.76 10599.8 8140.3 10301.2 10159.9 9778.32 8139.42 9387.77 8037.53 19675.8 10406.7 10111.9 12204.6 10102.5 10838.4 10051.8 8913.29 13091.7 8831.11 8792.13 12236.3 7593.82 7527.16 7692.14 11971.7 8708.48 16305 8664.15 8544.78 7594.65 7423.73 7396.75 16801.1 12516.3 10582.1 10267.8 8305.99 7385.65 7302.19 10442.3 7152.84 6812.52 7460.75 6981.87 9328.29 6787.46 6786.15 6666.48 6654.75 6627.92 6560.58 6438.75 9992.1
threshold=4.5000000000000009 2.5000000000000004 21.750000000000004 19.82499980926514 1.5000000000000002 6.5000000000000009 16.144999504089359 9.4749999046325701 3.5000000000000004 11.00500011444092 17.849999427795414 36.48500061035157 7.5000000000000009 114.50000000000001 32.905000686645515 0.44850000739097601 14.954999923706056 13.744999885559084 25.345000267028812 18.085000038146976 15.105000019073488 22.974999427795414 2.5000000000000004 0.0094999996945261973 16.10000038146973 39.100000381469734 0.06450000032782556 16.144999504089359 17.44999980926514 72.500000000000014 74.500000000000014 8.9899959564209002 4.5000000000000009 45.049999237060554 0.057499999180436141 305.22000122070318 31.615000724792484 56.399999618530281 25.304999351501468 66.500000000000014 24.704999923706058 14.614999771118166 49.004999160766609 5.0999999046325692 12.09500026702881 14.250000000000002 14.340000152587892 5.5000000000000009 29.195000648498539 25.945000648498539 32.049999237060554 4.5000000000000009 23.744999885559086 14.795000076293947 -4.0912866592407218 10.795000076293947 30.884999275207523 0.035499999299645431 0.65950000286102306 8.5000000000000018 6.5000000000000009 9.5000000000000018
decision_type=2 2 10 10 2 2 8 10 2 8 10 10 2 10 10 10 8 10 10 10 10 10 2 8 8 10 8 10 8 10 10 10 2 8 10 8 8 8 8 10 8 8 10 8 8 8 8 2 10 10 10 2 8 10 8 10 8 10 10 2 2 2
left_child=1 9 3 4 -3 6 7 -6 -9 -1 11 13 50 40 -15 16 -12 18 22 20 -19 -22 23 -4 -20 26 -24 55 29 -21 -14 32 37 34 -34 36 38 46 57 -35 47 42 44 59 -42 -46 -8 48 -11 -39 51 -13 53 -53 -31 -28 -33 -36 -5 -43 -17 -62
right_child=-2 2 17 58 5 -7 31 8 -10 10 15 12 30 14 -16 60 -18 19 24 28 21 -23 25 -25 -26 -27 27 -29 -30 54 -32 56 33 39 35 -37 -38 49 -40 -41 41 43 -44 -45 45 -47 -48 -49 -50 -51 -52 52 -54 -55 -56 -57 -58 -59 -60 -61 61 -63
leaf_value=-0.023608176435492931 -0.0069919768609963927 -0.090045213465898638 -0.024544120261893204 -0.023738552358909957 -0.066095688358788762 -0.0070134838315262021 -0.1008495582220585 0.29463965114929802 -0.06864735959225321 0.0020864577766201635 -0.057181989108217125 -0.67484419007422569 0.170024002110682 -0.059837437759746204 0.80621183159761134 -0.10948988086270675 0.0039975194518489686 0.0053843796879139757 -0.47287090090803469 0.073638371809337175 0.20792336658830324 0.040413407263613588 0.019705157704997252 0.18325597424789686 -0.10998217725696474 0.21063796906755905 0.08591498637838367 -0.024078428193420306 0.016230273485588517 0.27823395342149432 -0.390729114588728 0.15000111912980815 0.050631631746799959 -0.026589603566289484 0.38774077484913788 0.93351236096418955 -0.047377131800794718 0.19122872566376081 0.089630747278681797 -0.38171326295001273 -0.0052562820714908646 0.076025565037028953 0.047297846961646316 0.019976567515482942 0.59341787419276326 0.23551968752277186 0.010549083937409706 -0.034041880216337896 0.1123846127372054 -0.12890510019165519 -0.56369950708001848 -0.29601873708398724 -0.14381679318199084 0.50691241768724993 0.98026803544274088 -0.36277933210871444 0.71767152815454593 0.045257375093743855 -0.14437538642105796 0.27915414402446104 0.072116463980819071 -0.10600695805164553
leaf_weight=37691 103564 2094 1132 19543 355 22083 2490 1199 219 13002 7463 59 483 55 80 3653 39236 1935 306 5669 2756 1796 1668 1408 507 312 97 456 21857 95 69 216 5047 1607 619 68 449 802 772 162 182 1159 775 32771 334 315 3697 10258 2570 223 95 57 1104 99 54 642 68 184 1209 605 1667 1492
leaf_count=37691 103564 2094 1132 19543 355 22083 2490 1199 219 13002 7463 59 483 55 80 3653 39236 1935 306 5669 2756 1796 1668 1408 507 312 97 456 21857 95 69 216 5047 1607 619 68 449 802 772 162 182 1159 775 32771 334 315 3697 10258 2570 223 95 57 1104 99 54 642 68 184 1209 605 1667 1492
internal_value=-4.4859e-11 0.00279506 0.0119245 -0.00257841 0.0112329 0.0165006 0.0450675 0.177538 0.238533 -0.00330766 0.00319963 0.016919 -0.0832495 0.0200899 0.453377 -0.0132274 -0.00577962 0.0344169 -0.0164188 0.0441311 0.101131 0.141832 0.0163215 0.0906459 -0.246568 -0.043138 -0.0707936 -0.197113 0.0307703 0.0853941 0.0999299 0.0307496 0.0262541 0.0573317 0.0861855 0.17196 0.146374 -0.012132 0.201609 -0.0591108 0.019146 0.0337496 0.191837 0.026398 0.326635 0.419708 -0.0342841 -0.00128707 0.02029 0.12158 -0.154759 -0.125306 -0.0995734 0.213534 0.532662 -0.303884 0.285922 0.309264 -0.0307668 0.145693 -0.0642852 -0.0120115
internal_weight=362634 259070 103796 63106 42354 40260 18177 1773 1418 155274 117583 64072 1966 62106 135 53511 46699 40690 6528 34162 6487 4552 5715 2540 813 3175 2863 1195 27675 5818 552 16404 16120 8908 7139 2092 2024 7212 1575 1769 61971 36141 1606 34535 831 649 6187 25830 15572 1025 1414 1319 1260 156 149 739 284 803 20752 1764 6812 3159
internal_count=362634 259070 103796 63106 42354 40260 18177 1773 1418 155274 117583 64072 1966 62106 135 53511 46699 40690 6528 34162 6487 4552 5715 2540 813 3175 2863 1195 27675 5818 552 16404 16120 8908 7139 2092 2024 7212 1575 1769 61971 36141 1606 34535 831 649 6187 25830 15572 1025 1414 1319 1260 156 149 739 284 803 20752 1764 6812 3159
is_linear=0
shrinkage=0.05


Tree=154
num_leaves=63
num_cat=0
split_feature=2 0 8 51 5 22 2 25 21 5 37 35 12 8 47 50 37 44 22 4 45 26 13 50 27 30 23 42 51 37 51 37 49 30 50 44 50 51 21 30 5 51 17 27 23 37 41 47 33 37 46 12 4 50 51 0 12 51 3 24 46 5
split_gain=2800.64 5523.28 5237.98 4428.38 3827.54 3413.82 10524.3 6711.07 5528.37 6138.48 5466.49 6254.58 6163.08 5476.34 5437.21 6983.18 7971.6 5958.63 4987.35 4866.48 4742.4 4621.26 5157.33 7575.08 6157.18 6134.52 9892.69 6461.09 6083.94 5986.1 5674.33 4732.82 5629.14 4485.4 7426.14 9304.49 8933.37 19409.2 7502.02 7218.99 6902.95 7834.41 7016.45 6431.38 6301.42 7744.24 5675.56 5422.25 4472.45 7184.84 6499.89 5785.2 5608.75 6977.24 18379.5 8466.99 8293.04 6591.28 6028.16 5164.7 5041.67 5835.04
threshold=6.0499999523162851 2.5000000000000004 0.053500000387430198 1.0000000180025095e-35 1.1499999761581423 0.38650000095367437 38.100000381469734 16.005000114440922 69.450000762939467 48.250000000000007 14.765000343322756 35.549999237060554 -13.949181556701658 0.77349999547004711 10.143094539642336 7.5000000000000009 27.304999351501468 33.795000076293952 0.77150002121925365 6.0499999523162851 75.005001068115249 -7.7942380905151358 -1.6840388178825376 9.5000000000000018 -3.7280936241149898 12.815000057220461 15.984999656677248 58.049999237060554 4.5000000000000009 28.914999961853031 5.5000000000000009 22.164999961853031 13.500000000000002 23.32499980926514 5.5000000000000009 32.905000686645515 6.5000000000000009 1.5000000000000002 19.150000572204593 22.515000343322757 41.100000381469734 4.5000000000000009 171.38999938964847 -6.6514036655426017 24.035000801086429 29.724999427795414 -9.2083802223205549 -8.0523786544799787 -4.3583092689514151 33.784999847412116 54.004999160766609 -4.8101909160614005 27.050000190734867 5.5000000000000009 3.5000000000000004 58.299999237060554 -13.136423110961912 1.0000000180025095e-35 4.0499999523162851 135.05000305175784 25.005000114440922 65.500000000000014
decision_type=8 10 10 2 10 8 8 8 10 8 10 10 8 10 10 2 10 10 10 10 8 8 8 2 8 8 8 8 2 10 2 10 2 8 2 10 2 2 8 10 10 2 8 8 8 8 10 8 8 10 10 8 8 2 2 8 8 2 10 10 8 8
left_child=1 2 -1 -3 -4 14 -7 8 10 -10 12 13 -8 18 21 16 17 -16 -12 -15 -18 -2 23 25 -25 27 29 28 31 -27 -30 32 -23 34 35 40 37 -36 -39 44 -28 42 -42 -43 -38 46 -46 -37 -9 -50 52 -52 53 54 56 -56 -51 -58 -54 -59 61 -55
right_child=5 3 4 -5 -6 6 7 48 9 -11 11 -13 -14 19 15 -17 20 -19 -20 -21 -22 22 -24 24 -26 26 33 -29 30 -31 -32 -33 -34 -35 36 47 39 38 -40 -41 41 43 -44 -45 45 -47 -48 -49 49 50 51 -53 58 60 55 -57 57 59 -60 -61 -62 -63
leaf_value=-0.047267210352588927 -0.0062053230558040068 -0.052484320320697081 -0.4809692348885749 0.0021395804572459961 -0.14269007915800266 -0.034971562902524289 0.6206087080163083 -0.038285779240575482 0.026832833520646367 0.79915057706832893 0.017699860056242002 -0.11201718619814952 0.122436965811694 0.65123249982242237 -0.10378083018290118 0.044430848598338867 -0.12600352607573137 0.27160670368065098 0.1361409368823959 0.14569894477113415 -0.48789098479451154 0.088996245411564479 0.015038323931808248 -0.058762924623411351 -0.0030916443915266177 -0.052522807985758639 0.04150896013362998 -0.047558907369603651 -0.11338085972724987 -0.33530776411677021 0.12400009151118306 -0.070307491129885116 0.27639702105046482 0.0028546324332995553 -0.33442380333395855 0.60283854641812917 0.055072959690409554 0.25556039116630447 0.82032891711612954 -0.083489436724099281 -0.16534607320176822 0.40206972188107781 0.20743489407202495 -0.014778744491957202 0.10708737871770202 -0.037902530360881287 0.69174141513872645 0.15405623074896035 -0.0099541200648562388 0.63920595714003803 0.80035866160961722 0.057241179764270782 0.66076431120595625 -0.018689664711072994 0.075875041654625955 -0.39203929413364547 -0.22973385905580865 0.3858585714515656 0.13928407388257569 -0.14232474553314123 0.072547726316176453 -0.26116629861593771
leaf_weight=4111 69962 4337 112 25681 330 24249 70 8107 53 50 9647 764 549 54 1192 896 158 116 979 402 212 740 120450 8974 11122 4644 4811 882 488 195 520 195 874 29880 73 94 425 98 147 419 1283 134 140 299 58 87 146 237 18070 157 55 50 62 1831 242 161 70 292 522 55 1334 287
leaf_count=4111 69962 4337 112 25681 330 24249 70 8107 53 50 9647 764 549 54 1192 896 158 116 979 402 212 740 120450 8974 11122 4644 4811 882 488 195 520 195 874 29880 73 94 425 98 147 419 1283 134 140 299 58 87 146 237 18070 157 55 50 62 1831 242 161 70 292 522 55 1334 287
internal_value=-1.81653e-11 -0.0135359 -0.0648521 -0.00575248 -0.228408 0.0014264 -0.00853787 0.0060756 0.0369374 0.401744 0.0339229 0.026354 0.178773 0.0358933 0.00403723 -0.0682719 -0.128452 -0.0704896 0.0286121 0.205565 -0.333355 0.00476038 0.00885388 -0.00227009 -0.027952 0.00874154 0.00344651 0.0705384 0.107515 -0.0639184 0.00907757 0.162365 0.190476 0.0119508 0.044112 0.0227548 0.146973 0.381196 0.594422 0.0813495 0.0099085 -0.0720041 -0.128671 0.114223 0.177813 0.357071 0.525516 0.281505 -0.00631842 0.00485803 0.0571549 0.446493 0.049 0.0297953 0.147759 -0.111058 0.329472 0.212857 0.194647 0.302141 -0.0035912 -0.0515465
internal_weight=362634 34571 4553 30018 442 328063 68112 43863 12568 103 12465 11846 619 11082 259951 2574 1678 1308 10626 456 370 257377 187415 66965 20096 46869 43170 3699 2817 4839 1008 1809 1614 38331 8451 6998 1453 318 245 1135 6667 1856 1423 433 716 291 204 331 31295 23188 5118 105 5013 4429 977 403 574 417 584 347 3452 2118
internal_count=362634 34571 4553 30018 442 328063 68112 43863 12568 103 12465 11846 619 11082 259951 2574 1678 1308 10626 456 370 257377 187415 66965 20096 46869 43170 3699 2817 4839 1008 1809 1614 38331 8451 6998 1453 318 245 1135 6667 1856 1423 433 716 291 204 331 31295 23188 5118 105 5013 4429 977 403 574 417 584 347 3452 2118
is_linear=0
shrinkage=0.05


Tree=155
num_leaves=63
num_cat=0
split_feature=7 51 51 44 9 50 44 23 44 5 23 10 3 6 10 38 50 9 9 15 51 50 43 51 46 47 11 23 51 15 44 17 1 14 9 12 26 16 48 44 9 51 33 1 24 27 46 48 50 45 32 3 23 12 5 47 50 44 50 45 40 5
split_gain=2833.25 7667.71 7772.79 6194.51 7009.98 5371.88 7255.33 9625.07 7816.77 8597.46 13542.9 5382.83 5581.69 5204.08 6328.42 4708.85 6644.67 6239.36 5355.99 6066.32 6257.64 5658.59 6558.95 5880.9 4780.53 6546.89 5889.24 5384.11 4659.22 8804.4 9082.59 11225.3 4688.47 5283.8 5265.15 5202.05 4706.51 4575.39 5285.88 4440.53 4945.69 4276.42 11088.7 5500.9 6090.68 4469.49 4340 6164.21 5840.75 6892.31 5317.24 6024.67 4944.13 4748.93 4486.13 4174.68 5267.36 4939.58 7564.73 4363.39 4205.81 4173.82
threshold=41.149999618530281 1.0000000180025095e-35 4.5000000000000009 27.724999427795414 16.875000000000004 9.5000000000000018 14.234999656677248 19.884999275207523 17.634999275207523 28.050000190734867 17.095000267028812 75.014999389648452 32.100000381469734 59.500000000000007 114.01499938964845 119.04499816894533 1.5000000000000002 27.275000572204593 27.204999923706058 0.61450001597404491 4.5000000000000009 5.5000000000000009 0.44850000739097601 3.5000000000000004 26.005000114440922 -6.6929676532745352 53.004999160766609 29.515000343322757 1.5000000000000002 0.72450000047683727 35.045000076293952 62.995000839233406 48.20000076293946 10.050000190734865 39.295000076293952 10.218351840972902 -5.9102158546447745 16.865000724792484 -0.18142221122980115 9.7950000762939471 6.3250000476837167 1.0000000180025095e-35 -10.677538394927977 36.100000381469734 89.009998321533217 -1.2045103311538694 37.524999618530281 6.9855082035064706 2.5000000000000004 79.005001068115249 10.614999771118166 16.10000038146973 22.064999580383304 -11.754893779754637 91.500000000000014 -1.0000000180025095e-35 11.500000000000002 16.974999427795414 6.5000000000000009 89.005001068115249 1.8541017770767214 71.500000000000014
decision_type=10 2 2 10 10 2 8 8 10 10 10 8 8 10 10 10 2 8 10 10 2 2 10 2 8 10 10 10 2 8 8 10 10 10 8 10 10 8 10 8 8 2 10 10 10 10 10 8 2 10 8 8 8 10 10 8 2 8 2 10 8 10
left_child=15 3 5 -2 -5 11 -7 8 9 -8 -11 12 -3 -4 -15 24 17 -17 19 55 -21 22 -20 -24 -1 26 27 39 29 -29 31 -31 35 -34 -35 -30 -36 -10 -39 40 -26 42 43 44 -41 -45 54 48 -48 -50 51 -51 -53 -52 -43 60 57 58 -57 -60 -18 -9
right_child=1 2 13 4 -6 6 7 61 37 10 -12 -13 -14 14 -16 16 18 -19 21 20 -22 -23 23 -25 25 -27 -28 28 32 30 -32 -33 33 34 36 -37 -38 38 -40 41 -42 46 -44 45 -46 -47 47 -49 49 50 53 52 -54 -55 -56 56 -58 -59 59 -61 -62 -63
leaf_value=-0.0049147222277350208 -0.05064292818542071 -0.0053990240620691177 -0.012224242721185751 -0.30282273602982368 0.17112648410694009 -0.048601746451002015 0.10659481566272169 -0.012081615336216562 -0.034125009229052726 0.14479651839251637 0.89296863655890191 0.073888245430839272 0.090180979478596296 -0.067976985142364374 -0.64275815380323265 -0.086724999165920441 -0.0086419291778938277 -0.4021444107945028 -0.058431671435046607 0.080087066306125221 0.61211024644206979 -0.0085440153081258359 -0.1422900300392457 -0.46500315198580888 -0.1027912169720052 -0.002953324251966784 -0.108838921342018 0.018691550771969528 -0.0040964429024844531 0.061196991682543861 -0.061515279492253772 0.79242993312016619 0.02173643693580584 -0.15189651480919239 0.49903948082909233 0.37128279248767715 -0.13878656778823248 0.014136647070840933 0.17425621670552977 -0.08765186640245004 0.20270781199628118 0.02956488194428793 0.057110638149777904 -0.35735148045734483 0.29894660549407653 0.04448913580246186 -0.088039597494394661 0.011233177446909166 0.044366461019845878 0.13485622769607039 0.32022687587090859 0.41578734040445425 0.97656429690810365 0.10947810227611686 0.3067840090293919 0.076595800680418824 -0.059220254416143231 0.044062257754038943 0.15507147234554094 0.68866121160780214 -0.1170670193749446 -0.36697954200208188
leaf_weight=198239 6830 6027 11728 90 586 4045 2371 6026 1768 173 93 9858 2046 143 72 1886 4456 171 898 184 79 1641 347 238 162 53428 826 3083 5086 91 119 124 868 1647 61 94 55 1382 822 1380 727 20179 2505 311 110 89 280 1776 954 145 367 161 52 984 147 306 965 1984 60 106 1119 84
leaf_count=198239 6830 6027 11728 90 586 4045 2371 6026 1768 173 93 9858 2046 143 72 1886 4456 171 898 184 79 1641 347 238 162 53428 826 3083 5086 91 119 124 868 1647 61 94 55 1382 822 1380 727 20179 2505 311 110 89 280 1776 954 145 367 161 52 984 147 306 965 1984 60 106 1119 84
internal_value=3.60743e-12 0.0105493 0.0180978 -0.0363529 0.108027 0.0300738 0.00972623 0.0282762 0.0700975 0.136834 0.406375 0.0490971 0.0188245 -0.0166931 -0.260462 -0.00185154 -0.0297278 -0.112946 -0.015904 0.00319678 0.239896 -0.0725153 -0.143302 -0.273582 -0.000482612 0.0086877 0.0233624 0.0259901 -0.0035889 0.0451086 0.288952 0.482931 -0.0248921 -0.0792467 -0.128965 0.00271546 0.196622 0.0257911 0.0738546 0.0369404 0.147038 0.0336158 -0.0118749 -0.103308 -0.059111 -0.267942 0.0415987 0.0847958 0.129188 0.152029 0.212128 0.383456 0.552691 0.166728 0.0315698 -0.00372318 0.0397582 0.0786483 0.224027 0.495797 -0.0304047 -0.0169607
internal_weight=362634 54144 46638 7506 676 34695 16764 12719 6609 2637 266 17931 8073 11943 215 308490 14440 2057 12383 9259 263 3124 1483 585 294050 95811 42383 41557 11228 3417 334 215 7811 2631 1763 5180 116 3972 2204 30329 889 29440 4395 1890 1490 400 25045 4719 2943 2663 1709 358 213 1351 20326 8996 3421 2456 472 166 5575 6110
internal_count=362634 54144 46638 7506 676 34695 16764 12719 6609 2637 266 17931 8073 11943 215 308490 14440 2057 12383 9259 263 3124 1483 585 294050 95811 42383 41557 11228 3417 334 215 7811 2631 1763 5180 116 3972 2204 30329 889 29440 4395 1890 1490 400 25045 4719 2943 2663 1709 358 213 1351 20326 8996 3421 2456 472 166 5575 6110
is_linear=0
shrinkage=0.05


Tree=156
num_leaves=63
num_cat=0
split_feature=3 6 4 18 12 42 37 0 27 2 6 50 4 46 43 33 36 42 43 44 43 43 40 17 44 6 37 48 37 5 45 28 22 17 32 36 50 48 4 0 33 50 51 25 6 1 21 6 41 18 6 28 28 30 30 1 43 22 25 16 42 40
split_gain=2725.72 3469.13 3506.43 3068.17 2803.98 5077.93 6216.01 5380.55 5692.27 4860.64 7716.83 16007.2 8982.45 5883.18 5276 4366.11 4763.07 4296.92 4177.43 4094.39 4567.04 6272.24 4011.6 3947.48 4860.53 4290.93 5714.75 5464.87 3740.59 4999.27 3731.55 4563.46 8338 4177.38 3640.12 3464.75 7171.27 6751.97 6119.58 5159.44 4505.84 4347.76 13344 11090.9 9086.18 7153.59 6123.38 6056.59 6039.39 7097.14 5282.57 6170.65 4460.88 4439.77 4030.23 4529.76 4136.15 3854.71 4445.81 3852.26 6302.38 4568.14
threshold=2.4500000476837163 37.049999237060554 11.050000190734865 21.945000648498539 -3.4731613397598262 147.55000305175784 26.005000114440922 45.049999237060554 -0.57339754700660694 117.50000000000001 1.0000000180025095e-35 7.5000000000000009 1.0000000180025095e-35 43.004999160766609 0.059499999508261688 -5.251283884048461 0.16749999672174457 0.94999998807907116 0.18249999731779101 31.525000572204593 0.22049999982118609 0.44850000739097601 -12.028327465057371 22.015000343322757 33.48500061035157 47.299999237060554 24.095000267028812 -1.5049255490303037 33.315000534057624 80.500000000000014 40.965000152587898 0.94999998807907116 0.72849997878074657 44.995000839233406 26.224999427795414 0.4695000052452088 5.5000000000000009 9.614805221557619 28.050000190734867 24.050000190734867 6.6890814304351816 6.5000000000000009 4.5000000000000009 19.005000114440922 58.20000076293946 54.399999618530281 34.850000381469734 20.050000190734867 -2.8982491493225093 28.855000495910648 67.500000000000014 13.150000095367433 13.750000000000002 28.494999885559086 15.425000190734865 43.250000000000007 0.38949999213218695 0.10649999976158143 50.004999160766609 30.505000114440922 7.3550000190734872 -0.55404818058013905
decision_type=8 8 10 8 8 8 8 10 8 8 10 2 10 8 8 10 10 8 10 8 8 10 8 8 10 10 10 8 10 10 10 10 10 10 10 8 2 10 10 8 10 2 2 10 10 10 8 10 8 10 8 10 8 10 8 10 8 8 10 10 10 8
left_child=1 3 -3 -1 5 9 7 22 -9 -2 11 12 13 18 -13 28 -17 -6 -11 -12 -21 -22 -7 24 25 26 -19 -27 29 -8 31 32 33 -18 -32 -25 40 39 -39 -38 54 42 48 45 -45 52 53 -48 49 -41 -50 -52 -44 -43 55 -37 -56 -49 59 60 -59 -61
right_child=4 2 -4 -5 17 6 15 8 -10 10 19 14 -14 -15 -16 16 30 23 -20 20 21 -23 -24 35 -26 27 -28 -29 -30 -31 34 -33 -34 -35 -36 36 37 38 -40 41 -42 46 43 44 -46 -47 47 57 50 -51 51 -53 -54 -55 56 -57 -58 58 -60 61 -62 -63
leaf_value=-0.094588157519243724 -0.0029232543289456716 -0.21484372782097499 -0.02126147902462372 0.029968229376000705 -0.084488979203683687 0.074615812793541902 -0.028415319147034369 -0.35493802538241503 -0.053365964256829816 0.43430070979030511 -0.010588077027136815 0.13647872285515655 -0.25043891301521887 0.17126747459866282 -0.51429222343489533 -0.007154022564238716 0.30269386035595408 -0.039139465433411451 0.84644244575562577 -0.017766395232711847 0.55039810142930479 0.067565800598030593 -0.064956497560583026 0.010341251378009704 0.23818879895080616 0.12256814106152608 0.043175983994352393 -0.24768768147035425 -0.20866992259267847 0.45873788570364316 -0.056278139361113845 0.11072510890783621 -0.06909899305432074 0.85163334253288459 0.21618484787334125 -0.0089588123512881392 -0.036860641919876959 0.14594957366289729 0.74534728676080708 0.038629417277352758 0.1955598734425924 -0.054976375371127789 0.10153377109041839 0.39406411273138864 1.2715080149033491 -0.35509509944915774 -0.095398135685196561 0.027528871772636267 0.010099929061856918 0.55024020312109378 -0.57541151873054019 0.076954620950302838 0.58674356071388023 0.071233370330583259 0.007635952114223233 0.24396239297427968 -0.083120701267213021 0.54906517747735639 -0.2117969302179879 0.24331569095802871 0.18267095423546756 -0.18578523089262575
leaf_weight=746 165966 513 430 1466 1336 566 2129 317 309 171 1938 51 52 129 80 1301 59 8690 96 221 124 147 5694 143799 177 130 2784 427 286 54 336 308 62 84 193 1339 4142 258 51 215 192 2912 107 70 51 50 428 827 524 99 94 59 85 916 1587 204 6008 138 73 117 785 132
leaf_count=746 165966 513 430 1466 1336 566 2129 317 309 171 1938 51 52 129 80 1301 59 8690 96 221 124 147 5694 143799 177 130 2784 427 286 54 336 308 62 84 193 1339 4142 258 51 215 192 2912 107 70 51 50 428 827 524 99 94 59 85 916 1587 204 6008 138 73 117 785 132
internal_value=1.32603e-11 -0.0462715 -0.126572 -0.0120386 0.000406106 -0.00398693 -0.0358452 -0.0663136 -0.206079 -0.00178141 0.0611988 0.225236 0.367399 0.448529 -0.260939 0.00775524 0.0566463 0.00484501 0.582487 0.0221134 0.150925 0.288493 -0.052337 0.00551752 -0.0219192 -0.0257459 -0.0191668 -0.161272 -0.0386407 -0.0163648 0.136305 0.232389 0.41518 0.625148 0.0431271 0.00754429 -0.011195 0.0141493 0.244879 0.00811956 -0.0441534 0.0323721 0.113691 0.373041 0.763896 0.177614 0.0149724 0.0758347 0.0186913 0.199933 -0.0653707 -0.323845 0.31634 -0.0247757 -0.04919 0.0244799 -0.0641568 0.111205 0.166788 0.190369 0.237451 0.0158405
internal_weight=362634 3155 943 2212 359479 180673 11698 6886 626 168975 3009 579 448 396 131 4812 2343 178806 267 2430 492 271 6260 177470 12208 12031 11474 557 2469 2183 1042 513 205 143 529 165262 21463 12133 309 11824 9330 7682 1354 363 121 242 6328 2500 991 314 677 153 192 3828 9138 1543 7595 2072 1245 1172 923 249
internal_count=362634 3155 943 2212 359479 180673 11698 6886 626 168975 3009 579 448 396 131 4812 2343 178806 267 2430 492 271 6260 177470 12208 12031 11474 557 2469 2183 1042 513 205 143 529 165262 21463 12133 309 11824 9330 7682 1354 363 121 242 6328 2500 991 314 677 153 192 3828 9138 1543 7595 2072 1245 1172 923 249
is_linear=0
shrinkage=0.05


Tree=157
num_leaves=63
num_cat=0
split_feature=37 21 49 5 49 9 4 51 5 35 34 48 5 6 23 26 45 51 36 10 37 44 51 24 35 16 44 30 37 40 14 30 5 6 18 43 51 6 48 30 37 30 9 18 51 44 30 25 28 44 30 40 33 18 36 44 11 44 42 7 38 30
split_gain=2737.14 3370.37 2820.62 6540.02 5175.25 8453.16 9559.56 9362.36 9013.89 8755.12 8836.16 8844.19 8736.88 10242.8 8547.87 8473.5 9903.47 9176.71 8128.55 14240.2 13094.1 10002 8068.55 13738.5 10269.6 9995.83 13946.5 7696.34 7616.73 10738.8 7358.81 7342.62 9478.39 10483.2 7670.15 7024.77 9725.66 7350.09 7023.95 6610.7 7188.92 7977.45 6429.18 6406.81 6374.02 7655.16 6327.99 7320.23 7151.06 7609.97 6319.3 6306.98 6277.77 7370.58 6433.76 6259.22 6844.73 6614.13 8849.91 7895.58 7631.56 6945.81
threshold=39.174999237060554 45.250000000000007 19.500000000000004 31.050000190734867 12.500000000000002 27.964999198913578 21.050000190734867 1.5000000000000002 92.500000000000014 3.0499999523162846 -1.955056309700012 4.4334290027618417 107.50000000000001 71.500000000000014 34.68499946594239 -7.877898931503295 26.994999885559086 5.5000000000000009 0.41850000619888311 105.00999832153322 35.23500061035157 30.454999923706058 2.5000000000000004 44.995000839233406 47.350000381469734 14.055000305175783 22.954999923706058 27.134999275207523 34.114999771118171 -4.222712278366088 22.050000190734867 24.224999427795414 53.350000381469734 46.100000381469734 25.714999198913578 0.67149999737739574 1.5000000000000002 44.049999237060554 1.1074669957160952 18.765000343322757 23.355000495910648 16.954999923706058 24.414999961853031 12.244999885559084 4.5000000000000009 17.105000495910648 23.605000495910648 16.435000419616703 5.1499998569488534 29.32499980926514 9.3249998092651385 -12.291741847991942 -5.9020514488220206 25.945000648498539 0.73550000786781322 26.804999351501468 48.004999160766609 19.925000190734867 52.049999237060554 9.2350001335144061 74.009998321533217 17.474999427795414
decision_type=10 10 2 8 2 10 10 2 10 8 10 10 10 8 8 10 10 2 8 10 8 10 2 10 10 8 8 10 10 8 10 10 8 10 10 10 2 10 8 8 10 10 8 10 2 10 10 8 10 8 10 8 10 10 8 8 10 10 10 8 10 10
left_child=2 -2 4 -4 -1 15 7 8 18 -8 -11 46 14 -14 55 22 17 52 27 31 21 -21 23 24 -6 26 44 43 38 -30 -23 -20 -33 34 -34 37 -37 39 -27 40 41 -25 51 -7 45 50 47 -12 49 -48 -24 -41 53 -17 -54 57 -57 58 -9 60 -59 -60
right_child=1 -3 3 -5 5 6 9 12 -10 10 11 -13 13 -15 -16 16 -18 -19 19 20 -22 30 25 35 -26 28 -28 -29 29 -31 -32 32 33 -35 -36 36 -38 -39 -40 42 -42 -43 -44 -45 -46 -47 48 -49 -50 -51 -52 -53 54 -55 -56 56 -58 59 61 -61 -62 -63
leaf_value=-0.0026141051971954091 -0.094955097601464977 0.3059463454918428 -0.00085485346374436087 -0.040356158897889814 0.080461157058344973 0.058799196403043867 0.61555990719546871 -0.043260944858412531 -0.24967475841518771 0.10374444267997554 0.023548842977050326 0.0689626967734253 0.73061998813617524 0.012628709110948775 0.044360034922661162 0.055470201554042954 0.0026656246978069321 -0.11446336456623107 -0.036190177714927378 0.29850217774177773 -0.17138510788640671 1.3193456086165767 0.23133647020270184 -0.044032008351295435 0.52001852878502441 0.15773891242592103 -0.26301122478789035 0.36877078988301237 0.044531437733063575 0.56390948469202484 0.53204682283890503 0.038653646815179514 0.32168753423072677 0.14014994560167293 0.94704390340424216 -0.031162991709283834 0.73930491393103326 -0.1405648556183122 0.059190640135437372 0.73442842496887728 -0.22664857280592032 0.32579822403915004 0.026070547259009598 -0.038493868443822007 -0.046278938361518515 0.0017203819530981559 0.32695317450043276 -0.2147347655889795 0.05785215344660323 -0.22040484674183314 0.89142102960783698 0.16877775610991697 0.1339389076366049 -0.41468921008591475 0.49595797252516416 -0.0449977133592133 -0.20627861568995459 -0.013816532474443239 -0.049680572186122866 0.072001466137063819 -0.39581650298338533 -0.7682925358051208
leaf_weight=194233 1120 55 47590 13437 2613 2516 66 850 294 3346 497 2883 82 126 3486 420 31896 479 1411 224 93 51 82 1254 140 2743 470 139 190 209 71 1682 135 604 77 103 68 1508 5305 68 470 165 670 5167 348 135 73 917 1626 488 65 179 2524 104 129 22141 678 485 57 3336 179 82
leaf_count=194233 1120 55 47590 13437 2613 2516 66 850 294 3346 497 2883 82 126 3486 420 31896 479 1411 224 93 51 82 1254 140 2743 470 139 190 209 71 1682 135 604 77 103 68 1508 5305 68 470 165 670 5167 348 135 73 917 1626 488 65 179 2524 104 129 22141 678 485 57 3336 179 82
internal_value=-2.27425e-11 -0.0761895 0.00024767 -0.0095523 0.00223835 0.0111133 -0.00279211 -0.0127856 0.0238956 0.0416072 0.0377536 0.00369973 -0.0272989 0.295683 -0.0294456 0.0254238 0.0116001 0.0895466 0.0305045 0.0853127 0.355325 0.496897 0.0547036 0.01489 0.102814 0.084888 -0.0568874 3.83661e-05 0.103351 0.316587 0.861164 0.054989 0.106492 0.246324 0.548822 -0.0390799 0.275222 -0.0515384 0.0927788 -0.00369374 -0.0571648 -0.00102849 0.106455 -0.0066327 0.0968875 0.273561 -0.0485505 -0.130982 0.00474514 -0.14918 0.523211 0.324503 0.120305 -0.0378439 0.151542 -0.0386979 -0.0497897 0.0120347 -0.103745 0.0406612 -0.116795 -0.47361
internal_weight=362634 1175 361459 61027 300432 106199 53862 43966 12464 9896 9830 6484 31502 208 31294 52337 35552 3656 12170 4348 439 346 16785 7238 2753 9547 1100 7822 8447 399 122 3909 2498 816 212 4485 171 4314 8048 2806 1889 1419 917 7683 630 282 3601 1414 2187 561 147 247 3177 524 2653 27808 22819 4989 989 4000 664 139
internal_count=362634 1175 361459 61027 300432 106199 53862 43966 12464 9896 9830 6484 31502 208 31294 52337 35552 3656 12170 4348 439 346 16785 7238 2753 9547 1100 7822 8447 399 122 3909 2498 816 212 4485 171 4314 8048 2806 1889 1419 917 7683 630 282 3601 1414 2187 561 147 247 3177 524 2653 27808 22819 4989 989 4000 664 139
is_linear=0
shrinkage=0.05


Tree=158
num_leaves=63
num_cat=0
split_feature=49 50 23 49 49 37 47 6 49 43 23 0 3 37 10 50 46 45 10 27 51 34 23 35 15 23 43 43 31 32 0 3 24 10 36 4 5 0 51 37 36 41 6 49 50 9 42 19 47 37 4 14 0 4 32 5 14 9 0 13 50 21
split_gain=2722.97 4931.16 4695.27 4388.01 6445.88 8538.63 7192 6437.46 6274.48 11454.9 7165.42 5987.55 5908.31 8274.97 8042.34 7485.89 6748.36 8674.55 5992.98 5891.69 5844.66 5622.83 5501.96 6163.2 5057.14 5061.87 5741.24 5737.15 5033.14 5350.18 6885.24 4915.36 4850.17 4743.36 4725.85 7033.57 5299.69 4714.49 4711.37 5851.37 4794.37 5852.09 5663.54 4756.54 4709.32 5363.32 4674.35 4623.31 4589.17 5580.44 4536.11 7067.62 4515.02 4475.94 7400.9 6766.88 6226.42 5904.08 5494.11 5491.73 5211.57 8498.08
threshold=1.5000000000000002 11.500000000000002 18.105000495910648 8.5000000000000018 6.5000000000000009 20.554999351501468 -1.6600382924079893 31.050000190734867 16.500000000000004 0.22649999707937243 16.685000419616703 31.050000190734867 31.050000190734867 29.365000724792484 124.11000061035158 6.5000000000000009 21.365000724792484 101.00500106811525 29.994999885559086 -4.7928240299224845 5.5000000000000009 -6.4905025959014884 33.375000000000007 10.550000190734865 0.0094999996945261973 29.595000267028812 0.030499999411404136 0.080499999225139632 10.019999980926515 6.0050001144409189 63.500000000000007 23.050000190734867 189.0100021362305 29.005000114440922 0.18349999934434894 2.5000000000000004 57.20000076293946 50.049999237060554 1.0000000180025095e-35 29.454999923706058 0.0084999999962747114 -0.47448867559432978 38.20000076293946 13.500000000000002 2.5000000000000004 26.054999351501468 9.0500001907348651 -11.769775390624998 -4.7045578956603995 23.564999580383304 53.049999237060554 11.105000019073488 16.10000038146973 31.050000190734867 11.125000000000002 56.399999618530281 7.9500000476837167 22.265000343322757 105.50000000000001 -0.1754229739308357 3.5000000000000004 6.9500000476837167
decision_type=2 2 8 2 2 8 8 8 2 10 10 10 10 10 10 2 10 8 10 10 2 8 8 10 8 10 8 10 10 10 8 10 10 8 8 10 10 10 2 10 10 10 10 2 2 8 10 10 8 8 8 8 10 10 10 10 8 10 8 8 2 10
left_child=1 -1 -3 4 5 6 -2 -7 9 10 38 -6 13 14 15 16 -10 20 -14 32 48 52 34 -24 47 26 -26 -27 29 30 -28 -22 -20 -29 35 -23 -37 -34 -5 40 42 -42 43 -40 45 -21 -47 -12 49 -18 53 -52 -11 57 56 -56 -55 -30 60 -57 61 -59
right_child=3 2 -4 8 11 7 -8 -9 12 21 24 -13 18 -15 -16 -17 17 -19 19 44 31 22 23 -25 25 27 28 33 50 -31 -32 -33 37 -35 -36 36 -38 -39 39 -41 41 -43 -44 -45 -46 46 -48 -49 -50 -51 51 -53 -54 54 55 59 -58 58 -60 -61 -62 -63
leaf_value=0.020654728364398932 -0.016684288412241486 0.017835577056310243 -0.12111164095845764 -0.062829039393739503 -0.025679474691233981 -0.010873112539201757 0.033076396611296126 -0.078936452070582697 -0.0028864493501314396 -0.042335760992708311 -0.072383603688833287 -0.1579531251819796 0.039770472127077537 -0.072955515523546274 -0.13635515255015571 -0.030865057118452111 0.23930660292757469 -0.060139609750677475 0.019621065438189544 -0.032774551484588417 0.42274146438791205 -0.15106737060064798 -0.0075826804575398234 0.14269311667661552 -0.026040526035256029 0.073142941750081944 0.19257471068317278 0.28802645528819742 0.13180741665388851 0.45126987362005333 -0.4259020948410035 0.085566581008653789 0.34271581172240229 -0.191729967515195 -0.010869759198886211 0.052391267445199889 -0.2397885261419809 -0.16601396303880833 0.080185208864653593 -0.23211610800085158 -0.024449646845313033 0.052155573399005319 -0.076733569780070537 0.27505543831262796 -0.0067413089697794222 -0.48829221995641492 -0.12585037854997103 0.031649288843961065 0.014452595693916576 0.047022617797503385 -0.36715526986003355 0.027037771302779946 0.077741832527123467 -0.34182730579888948 0.19213349660734669 0.77257313523257132 0.096050527116213813 0.25769634714309614 -0.3612575882194955 0.14792863713508403 0.068109052773581383 -0.11627538459924565
leaf_weight=27139 10757 1182 1252 2224 28523 37090 22345 3833 8497 993 1220 882 9087 6760 1227 13774 771 916 15033 4297 260 489 1401 1330 1373 606 450 57 2873 176 50 185 212 536 65881 6493 159 58 1825 234 6498 4045 475 378 42994 99 877 8569 1208 739 138 646 3699 93 752 101 639 184 81 54 7044 871
leaf_count=27139 10757 1182 1252 2224 28523 37090 22345 3833 8497 993 1220 882 9087 6760 1227 13774 771 916 15033 4297 260 489 1401 1330 1373 606 450 57 2873 176 50 185 212 536 65881 6493 159 58 1825 234 6498 4045 475 378 42994 99 877 8569 1208 739 138 646 3699 93 752 101 639 184 81 54 7044 871
internal_value=-1.80481e-11 0.0145402 -0.053636 -0.00129105 -0.00984239 -0.00197539 0.0169059 -0.0172482 0.00256063 0.0102805 0.0313809 -0.029647 -0.00628797 -0.0233794 -0.0112268 -0.00540011 0.0224906 0.0753539 0.0017893 -0.00363991 0.114593 -0.000786205 -0.00407606 0.0656018 0.0472263 0.0639331 0.0715776 -0.0350502 0.0810483 0.214182 0.130727 0.282568 0.0233935 -0.145615 -0.00668199 0.0319533 0.0454074 0.233433 0.00458633 0.0157295 0.0201162 0.00494124 0.0798583 0.113622 -0.0122108 -0.0568071 -0.162614 0.0186837 0.0870912 0.145202 0.0743699 -0.0423482 0.052329 0.0815797 0.158687 0.254137 0.0404185 0.0701458 0.0484888 0.554955 0.0525868 -0.0510519
internal_weight=362634 29573 2434 333061 103430 74025 33102 40923 229631 122637 42192 29405 106994 34337 27577 26350 12576 4079 72657 63570 3163 80445 75753 2731 26513 16724 15525 1199 14152 676 500 445 15303 593 73022 7141 6652 270 15679 13455 13221 10543 2678 2203 48267 5273 976 9789 2718 1510 13476 784 4692 12692 1639 907 732 11053 8180 155 8099 1055
internal_count=362634 29573 2434 333061 103430 74025 33102 40923 229631 122637 42192 29405 106994 34337 27577 26350 12576 4079 72657 63570 3163 80445 75753 2731 26513 16724 15525 1199 14152 676 500 445 15303 593 73022 7141 6652 270 15679 13455 13221 10543 2678 2203 48267 5273 976 9789 2718 1510 13476 784 4692 12692 1639 907 732 11053 8180 155 8099 1055
is_linear=0
shrinkage=0.05


end of trees

feature_importances:
month=967
hour=655
dayofweek=595
TOUT_lag_12=538
TOUT_lag_48=530
TOUT_lag_24=470
O3_lag_24=451
O3_lag_48=446
O3_lag_1=442
TOUT_lag_1=441
TOUT_lag_2=222
TOUT_lag_4=197
O3_lag_12=196
O3_lag_6=177
O3_lag_2=163
PM10_lag_24=155
PM10_lag_12=148
NOX_lag_48=148
SR_lag_48=146
U_Wind_lag_48=143
PM2.5_lag_48=141
O3_lag_3=136
PM10_lag_48=136
SR_lag_2=133
SR_lag_1=128
NOX_lag_12=126
NOX_lag_24=109
SR_lag_12=108
PM2.5_lag_1=105
SR_lag_24=102
PM10_lag_1=100
NOX_lag_1=99
SR_lag_4=95
U_Wind_lag_12=92
U_Wind_lag_24=91
PM2.5_lag_2=78
PM2.5_lag_12=76
U_Wind_lag_1=74
PM2.5_lag_24=73
PM10_lag_4=69
PM2.5_lag_4=67
V_Wind_lag_48=56
PM10_lag_2=53
V_Wind_lag_1=52
NOX_lag_2=49
V_Wind_lag_24=47
U_Wind_lag_4=46
U_Wind_lag_2=45
V_Wind_lag_4=43
NOX_lag_4=42
V_Wind_lag_2=34
V_Wind_lag_12=23

parameters:
[boosting: gbdt]
[objective: regression]
[metric: rmse]
[tree_learner: serial]
[device_type: cpu]
[data_sample_strategy: bagging]
[data: ]
[valid: ]
[num_iterations: 2000]
[learning_rate: 0.05]
[num_leaves: 63]
[num_threads: 0]
[seed: 42]
[deterministic: 0]
[force_col_wise: 0]
[force_row_wise: 0]
[histogram_pool_size: -1]
[max_depth: -1]
[min_data_in_leaf: 50]
[min_sum_hessian_in_leaf: 0.001]
[bagging_fraction: 0.8]
[pos_bagging_fraction: 1]
[neg_bagging_fraction: 1]
[bagging_freq: 0]
[bagging_seed: 400]
[bagging_by_query: 0]
[feature_fraction: 0.8]
[feature_fraction_bynode: 1]
[feature_fraction_seed: 30056]
[extra_trees: 0]
[extra_seed: 12879]
[early_stopping_round: 0]
[early_stopping_min_delta: 0]
[first_metric_only: 0]
[max_delta_step: 0]
[lambda_l1: 0]
[lambda_l2: 0]
[linear_lambda: 0]
[min_gain_to_split: 0]
[drop_rate: 0.1]
[max_drop: 50]
[skip_drop: 0.5]
[xgboost_dart_mode: 0]
[uniform_drop: 0]
[drop_seed: 17869]
[top_rate: 0.2]
[other_rate: 0.1]
[min_data_per_group: 100]
[max_cat_threshold: 32]
[cat_l2: 10]
[cat_smooth: 10]
[max_cat_to_onehot: 4]
[top_k: 20]
[monotone_constraints: ]
[monotone_constraints_method: basic]
[monotone_penalty: 0]
[feature_contri: ]
[forcedsplits_filename: ]
[refit_decay_rate: 0.9]
[cegb_tradeoff: 1]
[cegb_penalty_split: 0]
[cegb_penalty_feature_lazy: ]
[cegb_penalty_feature_coupled: ]
[path_smooth: 0]
[interaction_constraints: ]
[verbosity: -1]
[saved_feature_importance_type: 0]
[use_quantized_grad: 0]
[num_grad_quant_bins: 4]
[quant_train_renew_leaf: 0]
[stochastic_rounding: 1]
[linear_tree: 0]
[max_bin: 255]
[max_bin_by_feature: ]
[min_data_in_bin: 3]
[bin_construct_sample_cnt: 200000]
[data_random_seed: 175]
[is_enable_sparse: 1]
[enable_bundle: 1]
[use_missing: 1]
[zero_as_missing: 0]
[feature_pre_filter: 1]
[pre_partition: 0]
[two_round: 0]
[header: 0]
[label_column: ]
[weight_column: ]
[group_column: ]
[ignore_column: ]
[categorical_feature: ]
[forcedbins_filename: ]
[precise_float_parser: 0]
[parser_config_file: ]
[objective_seed: 16083]
[num_class: 1]
[is_unbalance: 0]
[scale_pos_weight: 1]
[sigmoid: 1]
[boost_from_average: 1]
[reg_sqrt: 0]
[alpha: 0.9]
[fair_c: 1]
[poisson_max_delta_step: 0.7]
[tweedie_variance_power: 1.5]
[lambdarank_truncation_level: 30]
[lambdarank_norm: 1]
[label_gain: ]
[lambdarank_position_bias_regularization: 0]
[eval_at: ]
[multi_error_top_k: 1]
[auc_mu_weights: ]
[num_machines: 1]
[local_listen_port: 12400]
[time_out: 120]
[machine_list_filename: ]
[machines: ]
[gpu_platform_id: -1]
[gpu_device_id: -1]
[gpu_device_id_list: ]
[gpu_use_dp: 0]
[num_gpu: 1]

end of parameters

pandas_categorical:[]
