tree
version=v4
num_class=1
num_tree_per_iteration=1
label_index=0
max_feature_idx=79
objective=regression
feature_names=O3_lag_1 O3_lag_2 O3_lag_3 O3_lag_6 O3_lag_12 O3_lag_24 O3_lag_48 NOX_lag_1 SR_lag_1 TOUT_lag_1 PM10_lag_1 PM2.5_lag_1 U_Wind_lag_1 V_Wind_lag_1 NOX_lag_2 SR_lag_2 TOUT_lag_2 PM10_lag_2 PM2.5_lag_2 U_Wind_lag_2 V_Wind_lag_2 NOX_lag_4 SR_lag_4 TOUT_lag_4 PM10_lag_4 PM2.5_lag_4 U_Wind_lag_4 V_Wind_lag_4 NOX_lag_12 SR_lag_12 TOUT_lag_12 PM10_lag_12 PM2.5_lag_12 U_Wind_lag_12 V_Wind_lag_12 NOX_lag_24 SR_lag_24 TOUT_lag_24 PM10_lag_24 PM2.5_lag_24 U_Wind_lag_24 V_Wind_lag_24 NOX_lag_48 SR_lag_48 TOUT_lag_48 PM10_lag_48 PM2.5_lag_48 U_Wind_lag_48 V_Wind_lag_48 hour month dayofweek NOX_x_SR TOUT_x_SR O3_NOX_ratio wind_speed O3_diff_1h O3_accel O3_diff_24h TOUT_diff_3h NOX_diff_1h SR_diff_1h O3_mean_6h O3_std_6h TOUT_mean_6h NOX_mean_6h SR_sum_6h O3_max_24h O3_min_24h O3_range_24h TOUT_max_24h SR_sum_12h O3_vs_yesterday TOUT_vs_yesterday is_weekend is_rush_hour hour_sin hour_cos month_sin month_cos
feature_infos=[1:173] [1:168] [1:173] [1:171] [1:171] [1:168] [1:173] [0.5:500] [0:1.2359999418258667] [-5.7800002098083496:43.840000152587891] [2:963] [0:687] [-39.115589141845703:44.657745361328125] [-48.032341003417969:39.503334045410156] [0.5:500] [0:1.2309999465942383] [-6.3000001907348633:43.419998168945312] [2:963] [0:539] [-57.522819519042969:39.692180633544922] [-48.979412078857422:39.503334045410156] [0.5:500] [0:1.2309999465942383] [-6.3000001907348633:43.840000152587891] [2:795] [1:442] [-57.522819519042969:39.028091430664062] [-53.750419616699219:39.503334045410156] [0.5:500] [0:1.2400000095367432] [-6.130000114440918:43.840000152587891] [2:802] [1:442] [-39.482521057128906:39.745452880859375] [-53.750419616699219:38.576484680175781] [0.5:500] [0:1.2359999418258667] [-5.8600001335144043:43.840000152587891] [2:963] [0:406.51998901367188] [-39.482521057128906:44.657745361328125] [-53.750419616699219:39.503334045410156] [0.5:500] [0:1.2400000095367432] [-6.3000001907348633:43.840000152587891] [2:802] [0:442] [-39.115589141845703:39.004753112792969] [-53.750419616699219:38.907810211181641] [0:23] [1:12] [0:6] [0:350.95559692382812] [-2.3095498085021973:37.534858703613281] [0.0047494657337665558:72.5] [0.10000000149011612:55.200000762939453] [-114:165] [-250:162] [-162:159] [-37.659999847412109:40.340000152587891] [-244.60000610351562:240.80000305175781] [-1.0370000600814819:0.8880000114440918] [1:135.5] [0:102.53048327204939] [-5.4966665903727217:42.473333358764648] [0.5:500] [0:5.8609999418258667] [1:173] [1:55] [0:171] [-1.3200000524520874:43.840000152587891] [0:9.6359999775886536] [0.020408162847161293:37] [-38.189998626708984:38.029998779296875] [0:1] [0:1] [-1:1] [-1:1] [-1:1] [-1:1]
tree_sizes=5648 5808 5826 5864 5823 5837 5853 5842 5828 5798 5837 5831 5813 5859 5756 5800 5823 5826 5831 5789 5834 5752 5799 5766 5829 5801 5819 5756 5752 5757 5810 5799 5827 5815 5769 5817 5800 5810 5821 5745 5800 5819 5750 5741 5788 5822 5843 5771 5796 5789 5882 5772 5854 5751 5840 5822 5846 5823 5845 5833 5781 5813 5708 5827 5802 5763 5795 5829 5883 5858 5846 5772 5835 5825 5826 5886 5843 5846 5885 5812 5736 5663 5756 5759 5891 5809 5815 5714 5814 5821 5790 5789 5741 5854 5771 5699 5878 5771 5765 5844 5841 5730 5869 5788 5844 5793 5821 5780 5817 5806 5806 5750 5782 5808 5855 5769 5732

Tree=0
num_leaves=63
num_cat=0
split_feature=5 15 77 1 6 6 49 75 1 63 49 49 67 5 58 79 49 67 79 15 79 79 79 58 1 1 15 53 6 79 1 49 49 3 6 3 49 1 1 49 5 79 6 73 46 5 70 6 5 6 1 77 49 50 50 5 1 6 79 31 23 79
split_gain=3.65851e+07 6.05019e+06 5.86295e+06 2.6559e+06 1.78331e+06 1.31069e+06 1.00218e+06 855163 626761 502205 499973 468790 382819 363615 299974 269489 255393 254767 235667 218811 213508 190085 185882 179472 176486 172336 166149 151266 137480 135052 133978 122032 142645 120640 114909 108938 99611.6 95203.7 91853 84204.7 79064 74374 71676.8 70709.7 71921.7 70205.3 66488.4 72371 66025.1 63173.8 60979.3 58591.4 110760 54576.6 54479.7 53397.5 49628.5 48077.6 47518.6 47188.7 47169.1 47069.5
threshold=30.050000190734867 0.060499999672174461 1.0000000180025095e-35 38.049999237060554 16.10000038146973 25.050000190734867 10.500000000000002 1.0000000180025095e-35 38.049999237060554 9.8725207858310942 9.5000000000000018 10.500000000000002 67.549999237060561 10.050000190734865 7.0499992370605478 -0.9330127018922193 18.500000000000004 11.500000000000002 0.6830127018922193 0.30949999392032629 0.25000000000000017 0.6830127018922193 0.6830127018922193 14.00000047683716 53.049999237060554 16.10000038146973 0.33550000190734869 2.0993150472640996 51.100000381469734 0.25000000000000017 23.050000190734867 11.500000000000002 18.500000000000004 29.050000190734867 49.250000000000007 36.100000381469734 9.5000000000000018 12.050000190734865 27.050000190734867 18.500000000000004 45.049999237060554 0.6830127018922193 39.100000381469734 1.9599993228912356 23.994999885559086 20.050000190734867 39.715000152587898 53.500000000000007 21.050000190734867 9.1500000953674334 17.050000190734867 0.1294095225512602 11.500000000000002 10.500000000000002 5.5000000000000009 16.10000038146973 34.049999237060554 33.100000381469734 -0.9330127018922193 31.994999885559086 17.744999885559086 0.6830127018922193
decision_type=10 10 2 10 10 10 2 2 10 8 2 2 10 10 8 2 2 8 2 10 2 2 2 8 10 8 10 10 10 2 8 2 2 10 10 10 2 8 8 2 10 2 10 10 10 8 10 8 8 8 10 2 2 2 2 8 10 10 2 8 8 2
left_child=1 4 3 6 13 10 36 12 29 25 -3 20 40 37 31 43 30 -12 34 45 35 46 38 48 -9 53 42 -10 61 39 -13 -7 50 49 -11 55 -2 54 -18 -4 -5 58 -16 -14 -45 59 47 -17 -21 -15 -33 52 -39 -8 -1 -6 -28 -32 -26 -19 -35 -27
right_child=2 5 8 7 11 14 9 24 27 18 17 16 15 33 26 21 22 19 -20 23 -22 -23 -24 -25 41 28 56 -29 -30 -31 57 32 -34 60 -36 -37 -38 51 -40 -41 -42 -43 -44 44 -46 -47 -48 -49 -50 -51 -52 -53 -54 -55 -56 -57 -58 -59 -60 -61 -62 -63
leaf_value=25.565750826970653 25.86533975601915 25.692884894377276 26.087931184430676 27.298814686676856 25.776085666186926 26.244283065032985 26.680280586980576 26.963353091333445 26.473947173107302 27.172992856642765 25.529654976955193 26.214270104964879 28.157411544705457 25.572652031255473 26.521943403505645 27.631286587655442 25.987804886475551 26.269428055918905 26.811480775615074 26.105607573362562 25.693677285693376 27.042734582040325 25.746241288579114 26.840834393535538 27.727180994516413 26.882260797975661 26.857462409921673 26.825271897885905 27.141588944373957 25.916058217255685 26.513543939970102 26.477295897222877 26.320785091226753 25.6190006746378 27.489412641061683 26.095710306675564 26.35813853596812 25.483858557685647 26.214639189462773 26.363267849475129 27.531956705481008 26.947909506314513 26.941758147141019 28.421872900179611 29.645989791486166 26.266840606868694 26.959590410258993 27.900804565175545 26.490299104445612 25.711508468968482 26.782283633972892 25.66434179735268 26.376789844028483 26.311894153446367 25.422771022598877 25.921981351471459 27.211905351254394 27.007621081717829 27.316793810284619 26.013728032689858 25.865618475346011 26.674526631186339
leaf_weight=10006 1617 5472 5324 6563 9799 4091 4595 7300 8585 7013 1284 3223 1368 12339 3500 4280 9112 2353 3078 2149 16360 987 4725 2407 794 11894 1622 4764 4777 4880 1093 2372 4034 2264 4856 6613 2803 10643 8747 5804 8155 1275 1433 356 181 8756 248 5958 2319 24367 5303 15271 359 1287 19937 17422 2525 896 6319 7738 13501 3538
leaf_count=10006 1617 5472 5324 6563 9799 4091 4595 7300 8585 7013 1284 3223 1368 12339 3500 4280 9112 2353 3078 2149 16360 987 4725 2407 794 11894 1622 4764 4777 4880 1093 2372 4034 2264 4856 6613 2803 10643 8747 5804 8155 1275 1433 356 181 8756 248 5958 2319 24367 5303 15271 359 1287 19937 17422 2525 896 6319 7738 13501 3538
internal_value=26.2389 25.8888 26.9593 27.1609 25.7508 26.3379 26.8932 27.4388 26.3463 26.9703 26.1287 25.9332 27.604 25.6199 26.611 27.7975 26.0979 26.217 27.2013 26.2513 25.842 27.7061 26.0251 26.4928 27.1431 26.8379 26.84 26.5993 26.9072 26.1354 26.4134 26.4794 26.5615 25.7145 27.3025 25.9137 26.1779 25.5315 26.0989 26.2315 27.428 27.2996 26.6439 28.3483 28.8345 26.1632 27.7685 27.7881 26.3053 25.6648 26.688 25.601 25.513 26.5997 25.4706 25.8695 27.0733 26.7361 27.3626 26.0734 25.8302 26.8346
internal_weight=362634 244035 118599 89242 186677 57358 45458 43784 29357 41038 32478 77990 28096 108687 24880 13378 27796 27006 14947 25722 50194 11473 22584 6875 15688 26091 9080 13349 20209 16008 5212 15800 11709 52471 11869 33834 4420 56216 17859 11128 14718 8388 4933 1905 537 18847 10486 10238 4468 36706 7675 26273 11002 5882 29943 27221 4147 1989 7113 10091 15765 15432
internal_count=362634 244035 118599 89242 186677 57358 45458 43784 29357 41038 32478 77990 28096 108687 24880 13378 27796 27006 14947 25722 50194 11473 22584 6875 15688 26091 9080 13349 20209 16008 5212 15800 11709 52471 11869 33834 4420 56216 17859 11128 14718 8388 4933 1905 537 18847 10486 10238 4468 36706 7675 26273 11002 5882 29943 27221 4147 1989 7113 10091 15765 15432
is_linear=0
shrinkage=1


Tree=1
num_leaves=63
num_cat=0
split_feature=0 6 77 49 0 76 49 15 49 77 0 6 79 79 79 6 49 0 6 77 79 53 0 79 6 79 79 49 69 64 43 67 77 4 22 77 76 35 64 49 6 0 30 6 22 0 39 49 76 49 49 6 67 49 66 79 9 50 44 79 49 79
split_gain=3.2275e+07 6.86879e+06 6.18594e+06 2.07722e+06 1.69179e+06 1.57874e+06 1.06908e+06 780233 616342 538152 498212 406753 384480 298593 287166 283773 251681 245983 221758 216036 195809 174796 171390 142693 132557 126932 111907 109339 105193 104683 101956 100469 94955.5 84021.9 83149.4 82597.5 67178.8 67067.8 66576.3 66419.5 64924.8 63001.9 62310.5 61568 60718.8 60611.6 60081.9 59771.4 56629.8 56446.5 54679.6 52947.3 49244.3 47007.6 46896.2 46048.6 54590.1 47399 50297 45878.6 45582.5 44281.4
threshold=33.049999237060554 24.050000190734867 1.0000000180025095e-35 9.5000000000000018 49.149999618530281 0.60355339059327384 18.500000000000004 0.056500000879168517 10.500000000000002 -0.5 19.10000038146973 27.10000038146973 0.6830127018922193 0.6830127018922193 -0.9330127018922193 10.050000190734865 16.500000000000004 16.10000038146973 41.049999237060554 0.1294095225512602 0.6830127018922193 0.83195501565933239 18.10000038146973 0.6830127018922193 52.20000076293946 0.25000000000000017 0.25000000000000017 12.500000000000002 64.500000000000014 24.442500114440922 0.72749999165534984 11.500000000000002 0.1294095225512602 41.100000381469734 0.0084999999962747114 0.37940952255126048 0.12940952255126045 22.150000572204593 18.415000120798748 9.5000000000000018 11.050000190734865 43.250000000000007 21.525000572204593 79.500000000000014 0.0075000002980232247 43.250000000000007 33.995000839233406 18.500000000000004 0.78656609248549325 10.500000000000002 12.500000000000002 68.500000000000014 31.94999980926514 19.500000000000004 1.4139999914914372 0.6830127018922193 20.025000572204593 5.5000000000000009 19.615000724792484 1.0000000180025095e-35 17.500000000000004 0.25000000000000017
decision_type=10 10 2 2 10 2 2 10 2 2 8 10 2 2 2 10 2 10 10 2 2 8 8 2 10 2 2 2 10 8 8 8 2 10 8 2 2 10 8 2 10 10 8 10 10 10 8 2 2 2 2 10 10 2 8 2 8 2 10 2 2 2
left_child=1 5 4 29 8 7 10 12 39 14 27 25 22 16 28 33 24 31 34 44 30 47 40 60 41 36 53 59 -6 -3 51 -9 50 -7 -12 49 -4 -15 -17 -2 52 -10 -30 -20 -19 -23 -44 -13 -40 -14 -33 -16 -1 -8 -27 56 57 -29 -59 -5 -11 -49
right_child=2 3 11 6 9 15 26 17 13 23 18 21 35 37 20 38 -18 19 43 -21 -22 45 -24 -25 -26 54 -28 55 42 -31 -32 32 -34 -35 -36 -37 -38 -39 48 -41 -42 -43 46 -45 -46 -47 -48 61 -50 -51 -52 -53 -54 -55 -56 -57 -58 58 -60 -61 -62 -63
leaf_value=-0.6872081041434126 -0.50731111059844969 -0.41148066535566907 0.15560362116696061 0.13956460032728191 1.5229852465377913 -0.74262979755215852 0.22908090707815451 -0.67086047554489037 0.83896285942712334 1.1701677088132532 0.21884478572273564 -0.064799140606107225 -0.55824964814338107 0.69698022901618084 1.2985468503572595 -0.62968949863879997 0.67009230886422333 -0.017224250942451318 0.66143271426090866 -0.18276130940499902 0.89999306826342151 0.33569442220181656 -0.22386540686632236 0.58941494701123098 1.1747985086413617 -0.3762001133348245 -0.25435681953684774 0.59049473976127809 3.4631531659946888 -0.18479349632925185 1.6595306421640457 -0.20907800101302754 -0.475202043301655 -0.58657430401019128 0.46539336559246458 -0.61855919933709136 -0.13294379772596443 0.40092819989219591 -0.39363807207880808 0.20981916289827796 -0.3545873309319989 1.0647337698698573 1.828598922412223 1.182955262777706 0.28372250253175818 0.6172064242094798 2.4748640792913181 0.32284563702201569 -0.53405450375147989 -0.25021655962182321 0.088373138969685239 1.5426065199374124 -0.43473642819207259 -0.029646537757546249 -0.044623215235253942 0.16760312185643367 0.21979774501994609 2.7724591561083525 0.98367384404042046 -0.11041229274132014 0.93202044186970279 -0.0095972096874363116
leaf_weight=3115 883 13022 5949 3377 1125 33254 2135 1336 10429 4549 4594 2233 2980 3784 11633 10693 8694 2258 9961 6027 2189 3490 22687 1956 6632 3102 5597 769 86 8364 3143 4965 2480 11646 13379 18598 3052 3869 10985 509 14485 4391 926 600 6503 4229 588 4134 20732 2969 2243 2747 5083 9879 1625 1988 836 53 152 4021 3599 1322
leaf_count=3115 883 13022 5949 3377 1125 33254 2135 1336 10429 4549 4594 2233 2980 3784 11633 10693 8694 2258 9961 6027 2189 3490 22687 1956 6632 3102 5597 769 86 8364 3143 4965 2480 11646 13379 18598 3052 3869 10985 509 14485 4391 926 600 6503 4229 588 4134 20732 2969 2243 2747 5083 9879 1625 1988 836 53 152 4021 3599 1322
internal_value=-6.03778e-10 -0.292812 0.759887 0.097726 1.00943 -0.460787 0.254575 -0.320549 0.788172 1.27591 0.398314 0.145506 -0.407281 0.826223 1.41236 -0.614547 0.897029 -0.0856179 0.509223 0.0476503 1.34586 0.321846 -0.321037 0.972915 0.989001 -0.0524143 -0.0696965 0.115652 1.89347 -0.322824 1.40155 -0.264389 -0.208335 -0.702153 0.402374 -0.566686 0.0577649 0.54731 -0.521797 -0.245085 -0.418226 0.905856 2.15396 0.691062 0.206159 0.489926 2.07959 0.15311 -0.485422 -0.404518 -0.116517 1.34517 -0.530668 0.0163317 -0.262214 0.333727 0.516188 0.770584 1.44614 0.00369584 1.06498 0.242294
internal_weight=362634 261766 100868 78727 71732 183039 57341 95729 39191 32541 39730 29136 69917 37799 22437 87310 30146 25812 28534 14788 19712 15408 45370 10104 21452 13728 17611 11196 2725 21386 17523 11024 9688 44900 17973 24547 9001 7653 42410 1392 22683 14820 1600 10561 8761 7719 1514 7689 31717 5949 7208 14380 8198 12014 4727 3798 1810 974 205 7398 8148 5456
internal_count=362634 261766 100868 78727 71732 183039 57341 95729 39191 32541 39730 29136 69917 37799 22437 87310 30146 25812 28534 14788 19712 15408 45370 10104 21452 13728 17611 11196 2725 21386 17523 11024 9688 44900 17973 24547 9001 7653 42410 1392 22683 14820 1600 10561 8761 7719 1514 7689 31717 5949 7208 14380 8198 12014 4727 3798 1810 974 205 7398 8148 5456
is_linear=0
shrinkage=0.05


Tree=2
num_leaves=63
num_cat=0
split_feature=5 49 0 0 77 49 77 5 49 77 0 0 0 79 0 71 79 79 49 66 8 36 49 62 79 62 79 79 49 49 64 0 79 5 5 79 79 79 59 4 4 44 79 5 39 5 30 49 37 5 67 79 78 74 5 5 16 29 76 79 78 49
split_gain=3.00478e+07 5.03755e+06 4.8551e+06 2.28045e+06 1.77621e+06 1.42939e+06 1.32604e+06 658354 655193 625742 380963 378462 304285 277869 256844 224019 214984 211974 191320 189037 153618 153260 139136 135699 129101 122696 121429 117653 115284 102539 100630 99015.2 94985.7 92370.1 82407.2 78744.6 76475.9 72848 67660 67408.3 66791.6 65638.8 62994.3 61959 61678.5 60708.4 59827.4 58289.2 67573.2 55768.9 54685.6 54462.5 53776.4 51002.8 50746.3 50670.3 50066.6 49641.3 47444 43346.2 42190 40481.7
threshold=31.050000190734867 9.5000000000000018 43.250000000000007 24.050000190734867 1.0000000180025095e-35 18.500000000000004 -0.12940952255126037 13.050000190734865 10.500000000000002 -1.0000000180025095e-35 14.050000190734865 56.399999618530281 31.050000190734867 -0.9330127018922193 41.049999237060554 0.94900001352652918 0.25000000000000017 0.6830127018922193 5.5000000000000009 0.35400001081870874 0.64949998259544384 0.024500000290572647 11.500000000000002 15.841666618982954 0.6830127018922193 26.083333333333339 0.6830127018922193 0.6830127018922193 16.500000000000004 11.500000000000002 13.19166684150696 37.049999237060554 0.6830127018922193 16.10000038146973 15.050000190734865 0.6830127018922193 0.6830127018922193 0.25000000000000017 1.4200003147125246 12.050000190734865 13.050000190734865 26.035000801086429 0.25000000000000017 50.149999618530281 33.995000839233406 47.299999237060554 21.525000572204593 12.500000000000002 14.765000343322756 43.350000381469734 7.5000000000000009 0.25000000000000017 -0.24999999999999994 1.0000000180025095e-35 72.500000000000014 6.0499999523162851 29.115000724792484 0.014500000048428776 0.78656609248549325 0.6830127018922193 -0.24999999999999994 12.500000000000002
decision_type=10 2 10 10 2 2 2 10 2 2 8 10 8 2 10 10 2 2 2 10 8 8 2 8 2 10 2 2 2 2 8 10 2 10 10 2 2 2 10 10 8 8 2 10 8 10 8 2 8 10 8 2 2 2 10 8 10 8 2 2 2 2
left_child=1 7 4 9 8 14 11 18 38 10 34 27 32 44 29 30 31 33 23 51 35 -8 36 -1 28 -17 56 43 49 59 -9 -7 45 50 -3 57 -12 -21 -2 -31 -24 60 -42 -4 46 -10 -13 -34 -49 -14 -11 -6 -43 -46 -22 -20 -16 -15 -32 -5 -37 -36
right_child=2 3 6 5 19 16 21 15 12 17 22 13 24 20 26 25 -18 -19 55 37 54 -23 40 -25 -26 -27 -28 -29 -30 39 58 -33 47 -35 61 41 -38 -39 -40 -41 42 52 -44 -45 53 -47 -48 48 -50 -51 -52 -53 -54 -55 -56 -57 -58 -59 -60 -61 -62 -63
leaf_value=-0.62278231024869846 -0.26875253313674913 -0.37996488255792288 1.0083005120338357 0.2449398591342222 -0.080345130858598068 -0.0033603265779070749 0.39792119577106955 -0.66586184910083546 0.47865845082690567 -0.92539987264685153 0.0098927735491051091 2.7515208665589643 0.76200114052519774 1.2116541059517545 1.1416737524036045 -0.36169546244837675 -0.24573536591226422 -0.55921272657184173 -0.76014690577138921 0.22244637247984472 1.4330285496585362 0.76319404879501185 0.056413141608084007 -0.43337904628119256 0.50260769458812549 -0.14255169050385966 0.45192758957479823 0.74743227169352089 0.59131293547614316 0.36798276720379597 -0.35554543379508974 0.28369291847480516 -0.002579665947861437 -0.20155231428773732 -0.20396585689440597 1.5083686210128986 -0.34901425320562751 -0.085300651272482209 0.14889675766156971 0.60003687842382325 0.53920284970517762 -0.042257784019379019 0.18268490414066738 1.2108594586841268 2.0672576767003945 0.7324935022916641 1.644834479056511 1.325886651198124 0.33652162517689516 0.95639457616358237 -0.38196281436998847 -0.34485812766765822 0.93774384298439173 3.1128999715180772 1.783576834010133 -0.64069298817497766 0.77280527369353202 1.5600368721574245 -0.48430980848825134 -0.25485693809573312 0.86722989594768374 0.092296622981780041
leaf_weight=18661 1837 7839 7443 2223 6396 12186 5028 5527 9348 486 6415 133 6742 7497 2115 16954 8291 12118 14285 8065 3419 6696 4007 19173 4523 10248 1525 2609 5020 6260 11789 3987 1314 11566 6307 411 1931 2525 2054 6258 2101 283 3020 7661 501 3149 1493 182 3336 8149 9752 2797 277 152 1479 23452 1628 1184 18194 539 683 1411
leaf_count=18661 1837 7839 7443 2223 6396 12186 5028 5527 9348 486 6415 133 6742 7497 2115 16954 8291 12118 14285 8065 3419 6696 4007 19173 4523 10248 1525 2609 5020 6260 11789 3987 1314 11566 6307 411 1931 2525 2054 6258 2101 283 3020 7661 501 3149 1493 182 3336 8149 9752 2797 277 152 1479 23452 1628 1184 18194 539 683 1411
internal_value=-7.04424e-10 -0.305009 0.679159 -0.0557004 0.400794 0.219507 1.06714 -0.50687 0.572273 -0.24072 -0.0858161 1.22044 0.63009 1.38527 0.526946 -0.387108 -0.0387205 -0.391555 -0.606253 0.00506446 1.30823 0.606542 0.0744041 -0.526799 0.743749 -0.279136 0.82801 1.05748 0.798527 0.42315 -0.469819 0.0674046 0.46983 -0.298376 -0.265779 1.19893 -0.0731469 0.149069 -0.0482818 0.483991 0.209314 0.882741 0.328954 1.11104 1.9002 0.54262 1.73536 0.281572 0.387705 0.868382 -0.40776 -0.160824 0.442493 2.31065 1.53888 -0.685911 0.981236 1.25917 -0.433681 0.147405 1.1081 -0.149803
internal_weight=362634 250248 112386 111965 65437 45012 46949 138283 45654 66953 33031 35225 41763 17512 20548 62712 24464 33922 75571 19783 15233 11724 17474 37834 24434 27202 5268 17713 19911 15280 35510 16173 17329 21804 15557 10335 8346 10590 3891 12518 9128 1654 5121 15104 2279 12497 1626 4832 3518 14891 10238 9193 560 653 4898 37737 3743 8681 29983 2762 1094 7718
internal_count=362634 250248 112386 111965 65437 45012 46949 138283 45654 66953 33031 35225 41763 17512 20548 62712 24464 33922 75571 19783 15233 11724 17474 37834 24434 27202 5268 17713 19911 15280 35510 16173 17329 21804 15557 10335 8346 10590 3891 12518 9128 1654 5121 15104 2279 12497 1626 4832 3518 14891 10238 9193 560 653 4898 37737 3743 8681 29983 2762 1094 7718
is_linear=0
shrinkage=0.05


Tree=3
num_leaves=63
num_cat=0
split_feature=0 6 77 77 0 76 76 77 76 8 79 0 6 6 6 0 79 62 62 6 53 53 75 79 79 75 67 76 77 79 75 69 79 0 71 67 77 62 79 6 76 79 79 75 44 79 6 62 6 38 44 0 79 31 76 0 29 64 66 0 76 76
split_gain=2.63862e+07 5.69474e+06 5.01764e+06 1.61913e+06 1.39241e+06 1.27593e+06 998318 602548 519960 434058 367029 354999 340598 281855 241997 241308 237035 199167 195485 151603 145104 142392 127571 116234 105536 102818 96148.6 92527.2 126619 87019.5 84074.2 70222.8 66808.2 65585.1 63234.4 62204.5 62094.6 60362.9 58677.1 58364.9 57677.5 56847.5 56087 55101.4 55053.1 52721.4 52489.1 50649.1 48297.7 47880.2 48173.3 47504 44217.1 44378.8 43073.5 42516.9 42087.6 40777.6 40736.2 40266.9 39490.2 38927.8
threshold=33.049999237060554 24.050000190734867 1.0000000180025095e-35 1.0000000180025095e-35 50.049999237060554 0.60355339059327384 0.37940952255126054 0.37940952255126048 0.37940952255126054 0.62950000166893016 0.6830127018922193 14.050000190734865 27.10000038146973 39.100000381469734 10.050000190734865 19.10000038146973 0.6830127018922193 28.67500003178915 22.683333237965908 41.049999237060554 0.83195501565933239 1.7691649198532107 1.0000000180025095e-35 0.6830127018922193 0.25000000000000017 1.0000000180025095e-35 104.50000000000001 0.25881904510252091 -0.12940952255126037 -0.9330127018922193 1.0000000180025095e-35 11.500000000000002 0.25000000000000017 8.0500001907348651 0.056999999855179347 7.5000000000000009 0.25881904510252057 43.708333333333336 0.6830127018922193 59.500000000000007 -0.98296291314453399 0.6830127018922193 0.6830127018922193 1.0000000180025095e-35 15.84500026702881 0.6830127018922193 79.500000000000014 46.366666666666674 72.500000000000014 62.004999160766609 26.875000000000004 42.049999237060554 0.6830127018922193 43.995000839233406 -0.78656609248549303 8.0500001907348651 0.012500000186264517 27.850000222524013 1.4139999914914372 15.050000190734865 1.0000000180025095e-35 1.0000000180025095e-35
decision_type=10 10 2 2 10 2 2 2 2 8 2 8 10 8 10 8 2 8 10 10 8 8 2 2 2 2 10 2 2 2 2 8 2 10 10 8 2 8 2 10 2 2 2 2 8 2 10 10 10 8 10 10 2 10 2 10 8 10 8 10 2 2
left_child=1 5 4 6 8 7 15 11 13 16 18 33 24 30 36 42 22 44 35 45 47 -8 29 25 37 39 48 28 31 -6 38 -13 54 -1 -16 -9 -7 -4 -2 -15 -18 -29 61 -10 -5 57 52 -14 -11 50 -42 -22 53 -21 -19 -12 -31 60 -26 -36 -17 -3
right_child=2 3 12 17 9 14 21 10 43 26 55 27 20 23 34 19 40 32 -20 46 51 -23 -24 -25 58 -27 -28 41 -30 56 -32 -33 -34 -35 59 -37 -38 -39 -40 -41 49 -43 -44 -45 -46 -47 -48 -49 -50 -51 -52 -53 -54 -55 -56 -57 -58 -59 -60 -61 -62 -63
leaf_value=-0.44665216644400374 0.75798778101013919 0.47505637854073995 -0.080580597256684039 -0.43837404843353628 1.67756321243415 -0.67954729751459109 -0.4016370276659591 -0.89492102399675988 0.18924770006296349 1.3323763145467984 -0.64796190369422835 -0.26778584097641667 -0.0039837525929645101 0.91687368649174916 -0.55720217533797922 0.62641031922494372 0.31134532455240499 0.15914200260588537 -0.21392658909969794 0.7818971776079211 0.30049350136118752 -0.0033597000976683376 0.95830752309067391 0.59970538736015111 -0.34490476188488273 0.7088636119461531 1.8812178097553816 -0.025736181106773205 -0.098018910774563831 1.1426283219354501 0.45700274676955366 0.28932575659848719 -0.21866111268895039 -0.21733053687364656 -0.48130939030339759 -0.40819577401758877 -0.55589150524725817 0.17851531145693922 0.49552089500071539 1.1339958101170049 1.1551637649004691 -0.34634365260367855 0.0294556476834416 -0.46097119594557834 -0.23195884593452606 0.2422510376189615 1.0948771529534027 0.25466625958657829 1.6426061231527151 0.59855676692663706 0.41787996603623301 0.55237654588545604 0.41822915176086339 0.53602374925951823 -0.043672646664334833 -0.49818915335503589 1.4534421568462734 0.29025097171172515 -0.035871274789365436 -0.36164702911678814 0.4126567438268402 0.17875336961553701
leaf_weight=5368 7836 1810 4357 4279 990 29390 3823 682 513 6693 8005 618 3368 10240 14011 3731 822 3583 26701 4084 3191 5434 7261 3361 3102 4481 1136 4794 4379 8074 6329 6675 4158 7438 15604 17514 15510 4644 2924 4436 1076 1943 3528 893 13180 4191 599 4321 1544 1585 279 4528 2247 3333 9719 11612 1259 3034 1625 12795 5134 2860
leaf_count=5368 7836 1810 4357 4279 990 29390 3823 682 513 6693 8005 618 3368 10240 14011 3731 822 3583 26701 4084 3191 5434 7261 3361 3102 4481 1136 4794 4379 8074 6329 6675 4158 7438 15604 17514 15510 4644 2924 4436 1076 1943 3528 893 13180 4191 599 4321 1544 1585 279 4528 2247 3333 9719 11612 1259 3034 1625 12795 5134 2860
internal_value=1.09971e-11 -0.264755 0.687075 0.0908439 0.911826 -0.417702 0.293287 -0.291629 0.721174 1.16636 -0.378886 -0.11129 0.133745 0.754717 -0.555931 0.416834 1.04182 -0.163134 -0.300054 0.490534 0.295108 -0.167842 1.11889 0.870913 -0.0473667 0.918495 1.45 0.0293448 0.114508 1.23184 0.601607 0.242117 -0.0437252 -0.313457 -0.47028 -0.426439 -0.636832 0.053098 0.686663 0.982501 0.681601 -0.118202 0.179923 -0.223729 -0.282549 0.394755 0.640693 0.14137 1.39053 0.785121 1.00335 0.448249 0.612541 0.671408 0.0109571 -0.559306 1.18456 0.448469 -0.238668 -0.427396 0.502619 0.293595
internal_weight=362634 261766 100868 78727 71732 183039 43808 95729 41013 30719 64514 31215 29136 39607 87310 34551 21346 34919 44897 26353 15408 9257 17584 22518 13728 19157 9373 18409 11672 10323 17089 7293 17460 12806 42410 18196 44900 9001 10760 14676 3762 6737 8198 1406 17459 16090 10263 7689 8237 2940 1355 7719 9664 7417 13302 19617 9333 11899 4727 28399 8865 4670
internal_count=362634 261766 100868 78727 71732 183039 43808 95729 41013 30719 64514 31215 29136 39607 87310 34551 21346 34919 44897 26353 15408 9257 17584 22518 13728 19157 9373 18409 11672 10323 17089 7293 17460 12806 42410 18196 44900 9001 10760 14676 3762 6737 8198 1406 17459 16090 10263 7689 8237 2940 1355 7719 9664 7417 13302 19617 9333 11899 4727 28399 8865 4670
is_linear=0
shrinkage=0.05


Tree=4
num_leaves=63
num_cat=0
split_feature=5 0 15 77 6 77 0 49 77 0 0 0 6 0 79 6 62 6 43 49 43 59 49 44 79 71 6 0 79 49 23 79 6 6 59 63 79 73 46 29 23 0 6 79 44 79 5 68 78 8 49 37 22 6 79 5 32 50 75 78 70 49
split_gain=2.46527e+07 4.34182e+06 4.07447e+06 1.57917e+06 1.23228e+06 1.11831e+06 1.08151e+06 601880 542996 353857 319288 269045 266087 255891 237695 188877 187239 145657 136477 134892 134410 126464 119494 108926 97805.8 85194.8 79713.5 79496.8 77514 73372.9 72025.2 70051.9 68505.1 67260 66046.3 65730.2 64917.8 62201.4 65415.5 61484.2 60580.5 58461.5 56825.9 56631.7 56538.8 55586.9 54185.5 53700.8 49522.6 47179.9 46848.9 58142 45252.1 45060.3 43995 42255.2 41179.5 39825.2 39770.7 39353.5 39170.8 38611
threshold=30.050000190734867 43.250000000000007 0.056500000879168517 1.0000000180025095e-35 15.050000190734865 -0.12940952255126037 22.050000190734867 10.500000000000002 1.0000000180025095e-35 19.10000038146973 56.399999618530281 28.10000038146973 20.050000190734867 11.050000190734865 -0.9330127018922193 35.100000381469734 39.083333333333336 41.049999237060554 0.049499999731779105 9.5000000000000018 0.62149998545646679 0.46000051498413091 18.500000000000004 14.744999885559084 0.6830127018922193 0.91100001055747282 7.0999999046325692 34.100000381469734 0.6830127018922193 9.5000000000000018 24.515000343322757 0.6830127018922193 21.10000038146973 98.500000000000014 0.54500007629394542 1.6020819787597753 0.25000000000000017 1.4799997210502627 21.73499965667725 0.045500000938773162 27.425000190734867 37.049999237060554 33.100000381469734 0.25000000000000017 26.035000801086429 0.6830127018922193 50.149999618530281 19.250000000000004 -0.24999999999999994 0.22850000113248828 12.500000000000002 14.765000343322756 0.0084999999962747114 67.500000000000014 0.6830127018922193 49.149999618530281 24.23499965667725 5.5000000000000009 1.0000000180025095e-35 -0.24999999999999994 39.444999694824226 11.500000000000002
decision_type=10 10 10 2 10 2 10 2 2 10 10 8 10 10 2 8 8 8 8 2 8 10 2 8 2 8 8 10 2 2 8 2 8 10 8 8 2 10 8 8 10 10 10 2 8 2 10 8 2 8 2 8 8 10 2 10 10 2 2 2 10 2
left_child=2 3 4 7 13 10 12 34 15 23 24 45 21 26 37 27 36 -13 -7 30 31 -4 42 -6 46 -15 57 -8 40 -25 -11 -16 -10 41 -2 -23 58 -12 -39 52 53 -17 -21 -24 59 55 -3 -31 -46 -29 -47 -52 -14 -19 -27 -9 -40 -1 -5 -33 -22 -37
right_child=1 5 6 16 9 18 8 11 32 19 14 17 39 25 20 33 -18 28 -20 22 60 35 43 29 -26 54 -28 49 -30 47 -32 44 -34 -35 -36 61 -38 38 56 -41 -42 -43 -44 -45 48 50 -48 -49 -50 -51 51 -53 -54 -55 -56 -57 -58 -59 -60 -61 -62 -63
leaf_value=-0.57392792554737027 -0.32583062496912679 0.90758956930214907 -0.43617904199408114 -0.085477399319833489 -0.51434164462949339 0.39678211453578716 0.2402226620531549 0.39181121554308651 -0.13388234699886112 -0.34706477716689155 1.5445895822743136 0.53123811962280587 -0.048975717320730951 -0.49356597536600522 1.1483247310356821 0.52900731526702183 0.1636821001141841 0.82289715427318244 0.73541993052156363 0.094785649449586812 1.4672272582287607 -0.41571101035263347 -0.041200293625262389 -0.36548850611338013 0.67364977570692874 -0.31580767843060387 -0.5426417537674243 0.23331104806285904 0.49499689365066157 -0.23734163336866998 -0.15298302532321678 1.3890800634399056 0.11118193406320678 2.1554455074824785 0.084441654989010489 -0.18842190535631242 -0.28603632358278247 1.6598183785962346 2.1674633146613433 -0.187217481649608 0.63511567999254415 0.84307655513054225 0.55858916311136519 -0.26083313741341996 -0.080093239555035944 -0.028674420247227828 1.0958659135808433 0.36509339673508184 0.86200457642843364 0.60035837215818999 1.2346626925397908 0.27857509100354932 0.17331601359060861 1.1327488952748721 -0.48107409953738789 0.66391969535861695 3.2707688397734707 -0.71433603197629392 0.26391822822471639 0.77404925256718615 0.3622116568748181 0.06358533920217424
leaf_weight=7646 1458 7625 7512 7615 8436 6798 7690 7723 4388 8266 1527 14924 3852 27801 9935 3586 9612 7678 5291 2131 3650 1795 10198 25432 2664 15210 30498 1186 2497 12713 11336 416 8145 76 2998 3278 4319 401 221 2701 3926 2525 957 4121 281 1282 7661 381 277 3344 169 2691 5644 1385 5477 1750 137 14876 912 694 82 2834
leaf_count=7646 1458 7625 7512 7615 8436 6798 7690 7723 4388 8266 1527 14924 3852 27801 9935 3586 9612 7678 5291 2131 3650 1795 10198 25432 2664 15210 30498 1186 2497 12713 11336 416 8145 76 2998 3278 4319 401 221 2701 3926 2525 957 4121 281 1282 7661 381 277 3344 169 2691 5644 1385 5477 1750 137 14876 912 694 82 2834
internal_value=3.9418e-10 0.591363 -0.287397 0.343392 -0.402191 0.960451 0.076217 0.503954 0.279228 -0.260493 1.10165 0.560002 -0.15123 -0.519408 1.25284 0.452068 -0.00321914 0.642707 0.544994 -0.144871 1.18194 -0.289268 -0.0435742 -0.35161 0.953226 -0.436395 -0.595326 0.338103 0.750131 -0.315977 -0.234826 1.09799 0.0253811 0.677162 -0.0497991 -0.149696 -0.128103 1.72847 2.09841 0.0232735 0.799178 0.658777 0.238523 -0.104411 0.798151 0.375274 1.00195 -0.219812 0.387579 0.504262 0.222487 0.335071 0.0831446 0.870248 -0.359563 0.442079 2.58968 -0.666669 -0.048108 1.00455 1.44295 -0.0715717
internal_weight=362634 118599 244035 70939 185479 47660 58556 48481 30940 83971 35571 44025 27616 101508 17621 18407 22458 30410 12089 37009 15335 15419 17407 46962 17950 48488 53020 12220 15486 38526 19602 11603 12533 6187 4456 7907 12846 2286 759 12197 12989 6111 3088 14319 1668 13615 15286 13094 558 4530 4142 2860 9496 9063 20687 9473 358 22522 8527 1110 3732 6112
internal_count=362634 118599 244035 70939 185479 47660 58556 48481 30940 83971 35571 44025 27616 101508 17621 18407 22458 30410 12089 37009 15335 15419 17407 46962 17950 48488 53020 12220 15486 38526 19602 11603 12533 6187 4456 7907 12846 2286 759 12197 12989 6111 3088 14319 1668 13615 15286 13094 558 4530 4142 2860 9496 9063 20687 9473 358 22522 8527 1110 3732 6112
is_linear=0
shrinkage=0.05


Tree=5
num_leaves=63
num_cat=0
split_feature=5 15 77 1 6 6 76 75 62 76 49 79 5 5 63 6 1 67 9 79 54 77 15 15 79 76 79 1 62 6 49 53 70 44 43 9 73 31 79 49 63 6 49 70 6 5 1 44 59 1 46 72 6 30 49 79 50 49 77 50 1 77
split_gain=2.22591e+07 4.03333e+06 3.14425e+06 1.47461e+06 1.17326e+06 918390 571385 505756 387044 345692 331689 313610 253424 217948 216920 192414 183346 180706 172427 147558 147296 138475 135051 110530 102010 96641.5 95347.8 91291.4 90956.3 89680.5 87883.1 83820.4 83154.8 77172.9 75314.1 71630.8 70840.3 69764.2 67212.3 64946.9 63583 63009.9 58736.4 57111.8 57546.9 59932.7 54901.1 54033.8 81483.6 52629.8 51427.2 50022.5 49130 48856.3 45615.4 45290.4 43844.9 49687.7 43829.9 42099.4 42049.5 41401.9
threshold=31.050000190734867 0.056500000879168517 -1.0000000180025095e-35 40.149999618530281 16.10000038146973 26.050000190734867 0.25881904510252091 1.0000000180025095e-35 43.708333333333336 0.60355339059327384 9.5000000000000018 0.6830127018922193 10.050000190734865 51.100000381469734 10.856641592438603 39.100000381469734 24.050000190734867 11.500000000000002 25.045000076293949 -0.9330127018922193 1.3381590843200686 0.37940952255126048 0.30949999392032629 0.331499993801117 0.6830127018922193 0.78656609248549325 0.25000000000000017 54.399999618530281 15.333333373069765 54.45000076293946 18.500000000000004 2.0993150472640996 29.644999504089359 25.214999198913578 0.73350000381469738 14.944999694824221 2.1199994087219243 48.995000839233406 0.6830127018922193 9.5000000000000018 7.5011110288182543 31.050000190734867 13.500000000000002 39.715000152587898 68.500000000000014 112.50000000000001 10.050000190734865 21.134999275207523 0.68000078201293956 15.150000095367433 24.884999275207523 0.99868422746658336 82.500000000000014 18.545000076293949 16.500000000000004 -0.9330127018922193 4.5000000000000009 16.500000000000004 0.60355339059327384 5.5000000000000009 20.050000190734867 0.1294095225512602
decision_type=10 10 2 10 10 10 2 2 10 2 2 2 10 10 8 10 8 8 10 2 8 2 10 10 2 2 2 10 8 10 2 8 8 8 8 8 10 10 2 2 8 10 2 10 10 10 10 8 8 10 10 8 10 8 2 2 2 2 2 2 10 2
left_child=1 4 3 6 12 10 11 13 33 16 -3 14 28 -5 29 23 38 -12 39 36 30 41 -22 -7 43 35 -23 -9 59 47 46 -10 -11 -4 56 -14 -15 49 58 -8 -24 -18 -13 44 45 -21 -19 48 -2 -17 -38 -25 -51 -26 -49 -29 -16 -58 -6 -1 -37 -40
right_child=2 5 8 7 9 15 18 27 31 32 17 42 25 19 34 37 21 20 -20 24 22 26 40 51 53 -27 -28 55 -30 -31 -32 -33 -34 -35 -36 60 50 -39 61 -41 -42 -43 -44 -45 -46 -47 -48 54 -50 52 -52 -53 -54 -55 -56 -57 57 -59 -60 -61 -62 -63
leaf_value=-0.53405768368444573 1.4978516309818222 -0.41936059604296816 -0.16173837060409438 0.91725967398493768 -0.053197196120855841 0.14545314130390374 -0.32908384839141769 0.58034939792448237 0.20763470012404986 -0.4650110309659285 -0.57837055937408055 0.19892182028156297 -0.50414027107894321 1.4666197263972343 0.66593369365471466 0.25930040059585224 0.058423743370287301 -0.1409147662856538 0.40140204253220102 1.1399870904008194 0.031317675734629104 -0.034115867313392501 0.15844478871661125 0.16334136116678644 0.91965092461248799 -0.49278377808251367 -0.28865087284337831 1.2030353182959017 -0.48544118671468733 0.82245873421728932 -0.27782072484725978 0.47566247835869158 -0.2929881217094592 0.076243737819775947 1.1590889691133774 -0.3646694748242007 1.8419702284865911 0.33423589200705001 -0.20146288625499659 0.095759101175409339 0.54788573110715966 0.48916966911807935 0.46830439197066531 0.52551076170485966 1.4075952159151472 2.7393448326547269 0.082560823727885896 0.56516347875394579 0.63629960905983018 0.68437229304236569 3.0598595303873863 0.49432953445948685 1.4950407081486912 0.22351282233377701 0.33524083715319314 0.79466234546334658 0.95978289828739161 0.41760931074373897 -0.22972101693604344 -0.65548907922335653 -0.23409128889060715 -0.44766973272783644
leaf_weight=10840 343 5862 8702 10509 4487 12545 1209 6502 7258 12923 1330 3027 6357 1469 2733 717 1977 4802 5358 8133 9169 14199 1905 1546 921 19896 4966 751 24277 3796 4346 4877 15393 5598 2195 17024 288 2766 2572 3515 2330 1488 6104 304 2996 59 6426 8640 1373 3644 124 4363 197 347 2875 7076 4841 463 16257 20898 9666 5080
leaf_count=10840 343 5862 8702 10509 4487 12545 1209 6502 7258 12923 1330 3027 6357 1469 2733 717 1977 4802 5358 8133 9169 14199 1905 1546 921 19896 4966 751 24277 3796 4346 4877 15393 5598 2195 17024 288 2766 2572 3515 2330 1488 6104 304 2996 59 6426 8640 1373 3644 124 4363 197 347 2875 7076 4841 463 16257 20898 9666 5080
internal_value=-9.77979e-10 -0.262519 0.584546 0.731215 -0.377653 0.0874488 0.540331 0.955911 0.107667 -0.231395 -0.0750762 0.632614 -0.484157 1.09099 0.717566 0.315493 -0.153648 -0.00848673 0.207245 1.21569 0.0176692 -0.0474796 0.13918 0.229435 1.15475 -0.405721 -0.100071 0.718818 -0.558291 0.608227 -0.0869106 0.315354 -0.371497 -0.0685759 0.899517 -0.353305 1.62912 0.532331 -0.238259 -0.0129698 0.372706 0.243402 0.379002 1.20171 1.22008 1.15151 -0.0130154 0.546764 0.80851 0.652544 2.20852 0.407732 0.72595 0.729146 0.507758 0.833846 0.828625 0.912455 -0.191538 -0.614015 -0.31738 -0.364914
internal_weight=362634 250248 112386 85951 188300 61948 46472 39479 26435 79342 36170 36390 108958 25150 27259 25778 51026 30308 10082 14641 28978 22630 13404 18454 12760 52943 19165 14329 56015 17027 15574 12135 28316 14300 10232 33047 1881 7324 28396 4724 4235 3465 9131 11492 11188 8192 11228 13231 1716 4558 412 5909 3841 1268 11515 7827 8037 5304 20744 31738 26690 7652
internal_count=362634 250248 112386 85951 188300 61948 46472 39479 26435 79342 36170 36390 108958 25150 27259 25778 51026 30308 10082 14641 28978 22630 13404 18454 12760 52943 19165 14329 56015 17027 15574 12135 28316 14300 10232 33047 1881 7324 28396 4724 4235 3465 9131 11492 11188 8192 11228 13231 1716 4558 412 5909 3841 1268 11515 7827 8037 5304 20744 31738 26690 7652
is_linear=0
shrinkage=0.05


Tree=6
num_leaves=63
num_cat=0
split_feature=5 0 15 77 77 0 5 49 77 0 62 76 0 79 0 5 0 66 43 43 5 77 79 50 23 79 30 50 79 76 49 49 79 79 79 79 79 4 49 73 46 16 44 5 0 49 37 37 43 77 49 49 79 0 71 78 37 30 76 9 79 49
split_gain=2.00982e+07 3.58846e+06 3.31628e+06 1.28168e+06 919003 915737 873011 496713 479428 270321 268928 255934 228442 197861 195158 180399 164516 156990 114931 112805 104690 94253 94190.5 94072.3 93789.1 85070.6 83221.4 81663 80625.3 78887.9 73221.5 71578.5 65213.3 64568.5 60590.2 60195.2 58472.8 56320.4 55806.4 52380.9 57169.5 51016.5 50360.4 50139.7 49783.3 49048.8 57481.3 48044.6 47961.3 46816.1 67896.5 44517.9 46283.1 44496.9 46241.3 44260.8 42175.9 40663.5 39958.9 39410.1 36602.6 36273.2
threshold=30.050000190734867 43.250000000000007 0.056500000879168517 -1.0000000180025095e-35 -0.12940952255126037 20.050000190734867 15.050000190734865 10.500000000000002 1.0000000180025095e-35 56.399999618530281 23.366666666666671 0.60355339059327384 31.050000190734867 -0.9330127018922193 35.100000381469734 16.10000038146973 23.050000190734867 0.35400001081870874 0.62149998545646679 0.049499999731779105 8.0500001907348651 0.37940952255126048 0.25000000000000017 10.500000000000002 28.054999351501468 0.6830127018922193 28.164999961853031 5.5000000000000009 0.6830127018922193 0.78656609248549325 9.5000000000000018 11.500000000000002 0.6830127018922193 0.6830127018922193 0.6830127018922193 0.25000000000000017 0.6830127018922193 16.10000038146973 8.5000000000000018 1.3899997472763064 21.73499965667725 15.434999942779543 26.035000801086429 47.299999237060554 35.100000381469734 12.500000000000002 14.765000343322756 22.164999961853031 0.73350000381469738 0.37940952255126048 11.500000000000002 11.500000000000002 1.0000000180025095e-35 8.0500001907348651 1.5700000163633379 -0.24999999999999994 17.515000343322757 12.175000190734865 0.78656609248549325 12.744999885559084 0.25000000000000017 18.500000000000004
decision_type=10 10 10 2 2 10 10 2 2 10 8 2 8 2 10 8 10 10 8 8 10 2 2 2 10 2 10 2 2 2 2 2 2 2 2 2 2 10 2 10 8 8 8 10 10 2 8 10 8 2 2 2 2 10 8 2 10 8 2 8 2 2
left_child=2 3 6 7 9 15 10 38 14 28 20 16 33 39 31 53 32 41 36 -6 27 -18 29 24 51 47 -13 -1 48 49 -17 -7 -8 43 -19 -23 -15 -33 -2 -11 -41 -5 -38 -9 -10 -35 -47 -16 57 50 -12 -14 -53 -4 -55 -44 -54 -3 -22 -48 -46 -32
right_child=1 4 5 17 19 8 11 12 44 13 22 26 23 18 25 30 21 34 -20 -21 58 35 -24 -25 -26 -27 -28 -29 -30 -31 61 37 -34 45 -36 -37 42 -39 -40 40 -42 -43 55 -45 60 46 59 -49 -50 -51 -52 52 56 54 -56 -57 -58 -59 -60 -61 -62 -63
leaf_value=-0.46672064767325588 -0.43164819602247068 1.286498664434345 -0.45374190968403971 -0.36153643404940916 0.35812622048442311 0.07647673890312856 -0.19356892607875642 0.37570012103197897 -0.061130069718442925 1.3964610739588039 -0.21055552862210625 -0.43851618679525572 0.4644116643428553 1.0402781515667767 0.90288562477059564 -0.34021882928644032 0.22603738670808757 0.15917205592779377 1.313275365698394 0.66599768801358017 -0.3944153284075021 -0.038365892625678875 -0.41471698290910858 0.34281165488988669 0.48791077297355595 0.3361573934417913 -0.26967441858254498 -0.61224620194641677 0.60708724910164991 -0.39612927704585488 0.035519855599689766 0.25475750158834609 -0.3591387282938126 -0.021353646182999599 -0.21404735001233199 -0.26739897189759382 0.91514412646760812 0.49942396731604383 0.032126443530750261 1.4887940704722349 2.3394368822505962 -0.08841792417407314 -0.10926813917280941 0.60374730233178164 0.24695626570066739 1.1283026741538646 -0.101904627913767 0.58499812939770901 1.1212792462968031 -0.1877944260318688 0.6295209361243379 0.82502082925510778 0.95634051597306091 -0.10404618608038019 -0.36717915403837326 0.78137480856494357 0.58698726958565073 0.85026765157002593 -0.4994171775366808 0.34589728545232684 -0.056607357029679041 -0.21181695486652538
leaf_weight=15258 788 558 3939 2144 6798 3356 22864 10275 9199 1495 518 14470 1672 9935 2018 1832 2691 10660 3732 5291 19772 11698 14873 3083 7130 2112 14725 26183 2664 4981 10145 6550 8038 1483 1211 3801 1110 3670 3668 409 382 8443 281 3149 2904 207 590 2892 2198 8433 449 7161 901 3186 3508 277 5436 12530 16725 2938 1509 1736
leaf_count=15258 788 558 3939 2144 6798 3356 22864 10275 9199 1495 518 14470 1672 9935 2018 1832 2691 10660 3732 5291 19772 11698 14873 3083 7130 2112 14725 26183 2664 4981 10145 6550 8038 1483 1211 3801 1110 3670 3668 409 382 8443 281 3149 2904 207 590 2892 2198 8433 449 7161 901 3186 3508 277 5436 12530 16725 2938 1509 1736
internal_value=-3.0732e-10 0.53395 -0.259495 0.308516 0.869493 0.0685484 -0.363059 0.453166 0.235353 0.99749 -0.455762 -0.236128 0.504082 1.13661 0.387514 -0.165838 -0.166411 -0.00374405 1.07192 0.492873 -0.504283 -0.0471095 -0.326495 0.60169 0.63748 0.60151 -0.353358 -0.558666 0.860923 -0.235255 -0.0459889 0.276827 -0.236636 0.37118 0.121099 -0.0945343 0.994287 0.342617 -0.0498876 1.57056 1.8996 -0.143728 0.720352 0.429195 0.00509881 0.221927 0.318522 0.715649 0.905161 -0.150009 0.179511 0.707778 0.737924 -0.320403 -0.241941 0.332861 0.639502 0.868866 -0.442533 0.27101 0.143154 -0.000619922
internal_weight=362634 118599 244035 70939 47660 58556 185479 48481 34210 35571 107192 78287 44025 17621 20598 24346 49092 22458 15335 12089 77938 18190 29254 25383 22300 7022 29195 41441 17950 14381 13713 13576 30902 18642 11871 15499 11603 10220 4456 2286 791 10587 1668 13424 13612 5218 3735 4910 15286 9400 967 15170 13498 10633 6694 558 6337 13088 36497 3528 4413 11881
internal_count=362634 118599 244035 70939 47660 58556 185479 48481 34210 35571 107192 78287 44025 17621 20598 24346 49092 22458 15335 12089 77938 18190 29254 25383 22300 7022 29195 41441 17950 14381 13713 13576 30902 18642 11871 15499 11603 10220 4456 2286 791 10587 1668 13424 13612 5218 3735 4910 15286 9400 967 15170 13498 10633 6694 558 6337 13088 36497 3528 4413 11881
is_linear=0
shrinkage=0.05


Tree=7
num_leaves=63
num_cat=0
split_feature=5 15 0 77 6 0 77 77 49 76 0 6 8 0 0 0 77 22 79 6 76 5 43 29 49 6 0 6 79 70 79 79 50 79 79 29 79 50 23 38 53 49 16 76 67 16 79 70 79 0 22 44 0 5 49 30 50 4 49 70 44 77
split_gain=1.81444e+07 3.28731e+06 2.95327e+06 1.09884e+06 1.03405e+06 848708 749387 433124 404626 296704 229075 225244 224477 208183 194526 171830 143343 122249 120067 108852 100990 96846.3 92052 91086.8 88007.9 85536.7 84987.9 77740 73019.3 71413.9 66777.9 66387.6 58606.2 57005 55326.5 55165.2 52033.2 51837 52734.1 50913.2 47954.7 47943.5 47443.3 46652.8 46542.6 45589.8 55742.4 43856.2 42698 42491.3 42007.2 40249.6 40143.1 38047.9 37307.7 37032.6 41027.6 36901.6 36505.5 36930.3 36417.5 35220.9
threshold=31.050000190734867 0.066500000655651106 44.149999618530281 1.0000000180025095e-35 16.10000038146973 23.050000190734867 -0.12940952255126037 -0.12940952255126037 10.500000000000002 0.60355339059327384 12.050000190734865 20.050000190734867 0.6745000183582307 30.050000190734867 25.050000190734867 41.049999237060554 0.1294095225512602 0.042500000447034843 0.6830127018922193 43.299999237060554 0.78656609248549325 63.500000000000007 0.049499999731779105 0.004500000039115549 12.500000000000002 7.0999999046325692 63.500000000000007 25.050000190734867 0.25000000000000017 29.644999504089359 0.6830127018922193 0.6830127018922193 1.5000000000000002 -0.9330127018922193 0.6830127018922193 0.047499999403953559 0.6830127018922193 10.500000000000002 27.425000190734867 59.004999160766609 1.8278449773788454 11.500000000000002 15.434999942779543 0.78656609248549325 6.5000000000000009 28.675000190734867 0.6830127018922193 39.715000152587898 1.0000000180025095e-35 39.049999237060554 0.01049999985843897 22.564999580383304 37.049999237060554 56.399999618530281 17.500000000000004 12.175000190734865 2.5000000000000004 22.149999618530277 12.500000000000002 15.284999847412111 26.664999961853031 0.60355339059327384
decision_type=10 10 10 2 10 10 2 2 2 2 10 10 8 8 8 10 2 10 2 8 2 10 8 8 2 8 10 8 2 8 2 2 2 2 2 8 2 2 10 8 8 2 8 2 8 10 2 10 2 10 8 8 10 10 2 8 2 10 2 8 10 2
left_child=1 4 3 8 10 11 12 15 40 14 25 23 18 34 31 24 41 42 26 54 30 -14 -8 44 48 -1 55 -9 52 -11 -12 61 -17 -28 53 50 -19 38 -21 60 -2 -16 -5 -27 -3 46 -26 57 -7 -29 -13 -48 -18 -10 -15 -4 -57 -35 -36 -60 -20 -6
right_child=2 5 6 17 9 7 22 27 13 29 20 35 21 19 16 32 28 36 39 37 -22 -23 -24 -25 45 43 33 49 -30 -31 -32 -33 -34 47 58 -37 -38 -39 -40 -41 -42 -43 -44 -45 -46 -47 51 -49 -50 -51 -52 -53 -54 -55 -56 56 -58 -59 59 -61 -62 -63
leaf_value=-0.57662703737979226 -0.27660843205266805 -0.73302046925092945 1.2390366813670453 -0.34383084252232354 -0.048296144403715553 0.33803299935524994 0.35422442454960995 -0.033993421034227707 0.37583961805726113 -0.41895691070260466 -0.24982993352224209 -0.030011831362966715 1.0366354135253386 0.51665542650046303 0.014724887815998528 0.052390959953437705 -0.038164820208674788 0.16963440220000231 0.96063273576146901 0.78120295028683362 -0.4454755129615216 1.3669495080450258 0.64577005642294516 -0.35589017496722386 0.70633482210549547 -0.40384388385677 1.4924241521336044 0.11041803510034792 -0.23958193118306148 -0.2600373528017117 -0.41130538873957967 -0.31954914974519238 0.82749345463218205 0.96498665259220184 -0.027165354189960012 -0.15107072515420428 -0.20027932341127799 0.38583512944515302 0.55228816096777755 0.47580018950075181 0.091669398463729276 0.47646541427295813 -0.061268785682142585 -0.51781589274346496 -0.080108166136760861 0.28024742244989376 0.21183970209541295 0.14927950002145854 0.019318882780223288 0.3466076971245442 0.17978764197864028 0.60974304750845709 0.20185835881654435 0.6671954994406728 0.29466711033245757 0.46301387374498298 0.86366456582426709 1.2439388010588326 1.2830700840596316 0.26129301890716594 0.37328070131583518 -0.19113058473684286
leaf_weight=23913 1349 285 619 1820 5476 2181 6031 7304 9872 12970 20571 3937 5392 12419 802 264 9125 9369 1302 8447 19905 3771 4913 8190 2741 20065 741 5838 4062 15538 9296 8848 3199 3972 1261 2885 1058 1346 3583 2279 2564 1880 8084 16251 6455 2238 1478 139 2028 2826 6056 1115 2153 1264 2233 673 12639 1690 91 3134 331 20373
leaf_count=23913 1349 285 619 1820 5476 2181 6031 7304 9872 12970 20571 3937 5392 12419 802 264 9125 9369 1302 8447 19905 3771 4913 8190 2741 20065 741 5838 4062 15538 9296 8848 3199 3972 1261 2885 1058 1346 3583 2279 2564 1880 8084 16251 6455 2238 1478 139 2028 2826 6056 1115 2153 1264 2233 673 12639 1690 91 3134 331 20373
internal_value=-2.27709e-10 -0.237016 0.52776 0.320273 -0.337693 0.0891821 0.844381 0.268149 0.451785 -0.202388 -0.437605 -0.111693 0.961583 0.495449 -0.132116 0.458779 0.00115024 0.0126083 0.8823 0.576971 -0.358232 1.17258 0.485106 -0.243855 0.367766 -0.503197 0.930799 0.0861627 -0.0578119 -0.332339 -0.300089 -0.201336 0.768404 1.07946 0.349188 0.0415281 0.1321 0.680099 0.713023 0.628489 -0.0352937 0.338391 -0.113194 -0.454845 -0.107716 0.469654 0.549124 1.02671 0.184469 0.187458 0.0971317 0.38294 0.00765624 0.40891 0.482824 0.860988 0.843409 1.04825 0.200935 0.290125 0.84158 -0.160872
internal_weight=362634 250248 112386 67894 191228 59020 44492 31212 47563 81227 110001 27808 33548 43650 52719 15244 18022 20331 24385 28028 49772 9163 10944 14930 11781 60229 20473 15968 15340 28508 29867 34697 3463 6542 15622 12878 10427 13376 12030 3912 3913 2682 9904 36316 6740 7572 5334 5801 4209 8664 9993 2593 11278 11136 14652 13931 13312 5662 4486 3225 1633 25849
internal_count=362634 250248 112386 67894 191228 59020 44492 31212 47563 81227 110001 27808 33548 43650 52719 15244 18022 20331 24385 28028 49772 9163 10944 14930 11781 60229 20473 15968 15340 28508 29867 34697 3463 6542 15622 12878 10427 13376 12030 3912 3913 2682 9904 36316 6740 7572 5334 5801 4209 8664 9993 2593 11278 11136 14652 13931 13312 5662 4486 3225 1633 25849
is_linear=0
shrinkage=0.05


Tree=8
num_leaves=63
num_cat=0
split_feature=5 0 15 6 36 0 59 59 0 0 76 0 6 43 0 36 59 6 76 76 76 76 6 0 5 79 29 0 6 6 50 37 76 6 6 79 75 59 42 22 36 79 76 29 50 79 13 6 67 30 50 6 45 76 67 69 36 6 59 79 5 79
split_gain=1.63826e+07 2.93081e+06 2.70394e+06 857327 779360 752036 711288 337645 330313 280754 270713 173523 167306 165070 163073 160586 156185 142429 101265 101259 94817.7 89513.8 83252 81352.3 76054.9 75346.1 74410.6 66246.8 62408.5 61359 59226.9 95510.8 55765.6 52925.4 52470.2 51666.9 50921.7 50330 49525.6 47445.1 47042.9 43302.2 41883.4 41162.6 39456.1 38957.7 38588.4 38073.9 37735.1 37393.3 36400 36101.6 34734.5 34127.1 34728.1 33644.5 33411.7 31254 31247.8 33378 31091 31041.6
threshold=30.050000190734867 40.049999237060554 0.056500000879168517 14.050000190734865 0.04150000028312207 20.050000190734867 1.0300016403198244 0.38500022888183599 56.399999618530281 19.10000038146973 0.37940952255126054 36.049999237060554 15.050000190734865 0.049499999731779105 15.050000190734865 0.63449999690055858 0.77999925613403331 36.049999237060554 0.78656609248549325 0.78656609248549325 0.37940952255126054 -0.70710678118654735 25.050000190734867 35.100000381469734 7.0499999523162851 0.6830127018922193 0.04150000028312207 28.10000038146973 30.050000190734867 51.100000381469734 2.5000000000000004 19.714999198913578 0.78656609248549325 36.049999237060554 48.20000076293946 0.6830127018922193 1.0000000180025095e-35 0.5949993133544923 35.549999237060554 0.015500000212341549 0.7305000126361848 -0.9330127018922193 -0.60355339059327362 0.0035000001080334191 5.5000000000000009 0.6830127018922193 -5.4968810081481925 22.050000190734867 130.50000000000003 8.6050000190734881 1.5000000000000002 30.050000190734867 46.004999160766609 0.78656609248549325 55.149999618530281 132.50000000000003 0.59250000119209301 96.500000000000014 1.9300007820129397 0.25000000000000017 51.100000381469734 0.25000000000000017
decision_type=10 10 10 10 8 10 8 8 10 10 2 10 8 8 10 8 10 8 2 2 2 2 8 10 8 2 8 8 8 8 2 8 2 8 10 2 2 10 10 8 10 2 2 8 2 2 10 10 10 8 2 10 8 2 8 8 10 10 10 2 10 2
left_child=2 4 3 14 16 12 13 22 21 18 17 28 43 42 24 30 20 39 25 23 38 -8 -7 58 44 47 51 -19 52 45 31 -10 35 -15 41 -16 50 61 -2 -6 46 -32 -3 -4 -1 -23 -29 -5 60 -41 -13 -14 -9 54 -26 -49 -35 -52 59 -11 -17 -25
right_child=1 6 5 9 10 7 8 11 15 19 -12 36 26 33 32 48 -18 27 -20 -21 -22 29 -24 37 53 -27 -28 40 -30 -31 34 -33 -34 56 -36 -37 -38 -39 -40 49 -42 -43 -44 -45 -46 -47 -48 55 -50 -51 57 -53 -54 -55 -56 -57 -58 -59 -60 -61 -62 -63
leaf_value=-0.45840646686560871 0.063069890922563501 0.35063281588368322 -0.19928301526774053 -0.25605610904100407 0.09702705794857458 -0.083381689738855305 0.60812834261223969 0.29566106845497525 1.2706080906769766 -0.089931425361730377 -0.0095626115546373087 0.12814155923652237 -0.042953240479988442 0.37861187619699871 -0.22126084438914978 0.9858314033972676 0.33892651322408773 0.37146749247035443 -0.40292026362355093 -0.29010226522481158 -0.22492445735107203 0.76690192941638879 0.15559845005763215 0.13871132613137255 -0.4367592116939733 -0.36593864479193594 -0.2289764440945278 0.66388734210118838 0.37470185262370226 0.9256655493878212 1.290503881689786 0.31732761732483844 -0.41982616897835928 0.68012240179744099 1.0499632801019003 -0.39815380260403066 0.4052467211251175 0.56215708253075058 -0.20878682069124493 0.7954575450636 0.83571257246237607 0.7861334582823889 0.07745065877392196 -0.42592904306801449 -0.59569430743581731 0.47970955926215608 0.47848142185940779 -0.15098577988777501 1.9791522982400225 0.32286353906703846 0.72234049844895998 0.15607193828580562 0.076732057121256622 -0.4868085266590173 -0.301609980964401 0.32471282934213619 1.2497829293156719 1.9700961129338133 0.14839114328788658 -0.21825108997503923 1.3075995037777011 -0.15227020714947187
leaf_weight=7872 11818 6014 3395 15299 2413 7609 9277 2855 373 19138 4062 261 8448 1577 11962 955 3087 6822 15139 6902 5266 7110 6994 3068 15387 10006 4496 3917 5665 6227 471 889 12360 4504 6755 6303 2671 543 1952 434 1395 4410 1830 4887 15614 1416 9898 10758 179 11765 3146 3120 4958 18567 6878 385 273 51 1098 6893 3510 1307
leaf_count=7872 11818 6014 3395 15299 2413 7609 9277 2855 373 19138 4062 261 8448 1577 11962 955 3087 6822 15139 6902 5266 7110 6994 3068 15387 10006 4496 3917 5665 6227 471 889 12360 4504 6755 6303 2671 543 1952 434 1395 4410 1830 4887 15614 1416 9898 10758 179 11765 3146 3120 4958 18567 6878 385 273 51 1098 6893 3510 1307
internal_value=-5.61011e-10 0.482073 -0.234283 -0.327798 0.247896 0.06193 0.74589 0.213091 0.850243 -0.217716 0.377719 0.348654 -0.150476 0.440342 -0.432771 1.0152 0.00902328 0.420649 -0.294223 -0.116385 -0.0444759 0.729824 0.0310761 -0.0789708 -0.477988 -0.249075 -0.0563622 0.500927 0.248348 0.806349 0.924424 0.599082 -0.337807 0.629766 0.959709 -0.282304 0.569231 0.108133 0.0245322 0.299606 0.558992 0.834803 0.2869 -0.333021 -0.549678 0.719205 0.53105 -0.204852 1.26732 0.339677 0.695894 0.0107257 0.156732 -0.436752 -0.39501 -0.13455 0.712678 0.742245 -0.112889 -0.12391 1.23878 0.0517827
internal_weight=362634 118599 244035 185479 62829 58556 55770 34210 41572 90536 40706 19607 24346 14198 94943 17542 22123 36644 51587 38949 19036 24030 14603 32047 64318 36448 16064 22032 13478 14753 12898 1262 30625 6354 11636 18265 6129 4918 13770 14612 15210 4881 7844 8282 23486 8526 13815 26442 4644 12199 3458 11568 7813 40832 22265 11143 4777 3197 27129 26031 4465 4375
internal_count=362634 118599 244035 185479 62829 58556 55770 34210 41572 90536 40706 19607 24346 14198 94943 17542 22123 36644 51587 38949 19036 24030 14603 32047 64318 36448 16064 22032 13478 14753 12898 1262 30625 6354 11636 18265 6129 4918 13770 14612 15210 4881 7844 8282 23486 8526 13815 26442 4644 12199 3458 11568 7813 40832 22265 11143 4777 3197 27129 26031 4465 4375
is_linear=0
shrinkage=0.05


Tree=9
num_leaves=63
num_cat=0
split_feature=6 0 15 49 5 0 49 49 0 8 9 6 1 5 0 49 0 43 76 6 5 49 0 62 29 50 37 43 50 53 50 31 0 50 6 37 76 5 50 0 39 9 6 45 71 2 68 49 5 76 22 69 31 50 44 50 69 37 6 5 44 50
split_gain=1.48851e+07 2.89001e+06 2.48601e+06 868064 817616 747560 520894 511602 319660 239581 233016 194964 186573 173457 171229 154977 153354 143196 82578.9 78700.9 78074 74063.6 73946.2 71931.2 70113.7 63482 86072.1 59989 54010.5 53027.5 52165.4 50110.8 47408.3 40633.3 40001.4 51679.2 39677.9 39657.8 39589.2 39545.4 39322.1 37354.8 36911.8 36664.8 35969.3 34213.1 33635 33350.3 32973.6 32965 32426.3 37285.9 31930.5 31142.6 61349.7 60535.7 32655.4 36822.7 31707.9 31089.8 30046.3 29185.5
threshold=30.050000190734867 40.049999237060554 0.066500000655651106 10.500000000000002 16.10000038146973 24.050000190734867 17.500000000000004 17.500000000000004 53.049999237060554 0.30050000548362737 15.875000000000002 10.050000190734865 18.050000190734867 15.050000190734865 27.050000190734867 9.5000000000000018 43.250000000000007 0.68649998307228099 0.78656609248549325 53.500000000000007 33.049999237060554 19.500000000000004 15.050000190734865 27.508333603541057 0.037499999627470977 2.5000000000000004 19.925000190734867 0.045500000938773162 10.500000000000002 3.0348500013351445 10.500000000000002 48.995000839233406 69.500000000000014 2.5000000000000004 59.500000000000007 16.015000343322757 0.60355339059327384 50.149999618530281 5.5000000000000009 9.0999999046325701 33.375000000000007 20.125000000000004 21.10000038146973 61.995000839233406 1.5700000163633379 35.149999618530281 18.500000000000004 9.5000000000000018 40.149999618530281 0.78656609248549325 0.0075000002980232247 11.500000000000002 40.989999771118171 10.500000000000002 25.894999504089359 11.500000000000002 114.50000000000001 39.174999237060554 76.500000000000014 6.0499999523162851 29.954999923706058 10.500000000000002
decision_type=10 10 10 2 10 10 2 2 8 8 8 10 8 8 10 2 10 8 2 10 8 2 10 8 8 2 8 8 2 10 2 10 10 2 10 8 2 8 2 10 10 8 8 10 8 8 8 2 8 2 10 8 10 2 8 2 10 10 10 8 8 2
left_child=2 3 4 29 11 13 8 12 15 20 47 23 30 39 18 -3 -11 25 42 31 52 61 49 38 50 26 -10 -8 34 -2 33 -14 -19 -5 35 -17 48 -27 -1 -4 -34 -36 -12 -18 -41 -23 -21 -6 -16 -13 -15 -52 -7 56 -55 -56 57 58 -39 -40 -57 -9
right_child=1 6 5 7 10 9 27 21 17 16 14 22 19 24 36 28 43 32 -20 46 -22 45 -24 -25 -26 37 -28 -29 -30 -31 -32 -33 40 -35 41 -37 -38 53 59 44 -42 -43 -44 -45 -46 -47 -48 -49 -50 -51 51 -53 -54 54 55 60 -58 -59 -60 -61 -62 -63
leaf_value=-0.4253794718517413 -0.16949205861546543 0.014925416332504049 -0.42616058041780508 0.10652846335776621 -0.41584435763649497 0.16396277862702305 0.34911428489993468 0.25822623966298897 1.2170568700998237 0.28607119200020692 -0.19721140764689374 -0.33649797264026576 0.51763205035847659 -0.065347616486646845 0.01074713984844408 1.306946318331299 0.75043148562792339 1.0852053313905303 -0.31448227216413516 0.61456235119691893 0.28829804470741854 -0.095060472471481056 -0.25885475680801034 -0.33519667211753568 -0.18334883930490092 0.81168069681112698 0.30900390578394032 0.56958766485995338 0.45229194796806732 0.081799649948474412 0.018970895165030692 0.35503479375659769 1.2963202553166155 0.3746018908189086 1.4112372692227364 0.67931652518214203 -0.15916037828133447 0.9714932838648187 -0.58613254071615051 -0.05403463792807528 1.8667671471988201 0.83258148019378364 -0.09465968327859145 0.40823155769768438 -0.31797430247233222 0.09688086832581666 0.97293625767317438 -0.26242523424714148 0.25580488270715834 -0.43779768946972741 -0.31800103756213427 0.13148432152461781 -0.0056213821728469567 1.0882710118446428 -0.30202061808480146 1.4317036926214186 1.4924718694566468 0.36152111267328535 1.2481657501447285 -0.48227645390882801 0.066790369235806987 -0.046708532456255301
leaf_weight=16105 10663 830 3725 1886 9764 4219 6367 6576 362 8474 21086 19812 12480 4904 10779 337 2977 2583 10392 5929 4901 4208 21640 9120 5330 4890 935 5986 1793 2614 1979 7639 1377 5643 300 12255 3060 6946 11730 2123 387 3965 15028 1062 3293 5179 736 5559 1573 13506 495 6792 8114 469 223 112 344 223 1217 18684 63 891
leaf_count=16105 10663 830 3725 1886 9764 4219 6367 6576 362 8474 21086 19812 12480 4904 10779 337 2977 2583 10392 5929 4901 4208 21640 9120 5330 4890 935 5986 1793 2614 1979 7639 1377 5643 300 12255 3060 6946 11730 2123 387 3965 15028 1062 3293 5179 736 5559 1573 13506 495 6792 8114 469 223 112 344 223 1217 18684 63 891
internal_value=-3.53839e-10 0.460123 -0.223023 0.241619 -0.310438 0.0680654 0.739426 0.331963 0.82783 0.240389 -0.185614 -0.397616 0.437681 -0.124197 -0.142412 0.683438 0.406916 0.967553 -0.190277 0.505226 0.119479 0.10432 -0.33082 -0.463594 -0.0320805 0.897571 0.562447 0.455951 0.713189 -0.120017 0.247406 0.455895 1.22166 0.30745 0.74094 0.696114 0.00202399 0.927574 -0.488766 -0.300761 1.42147 0.873284 -0.154537 0.660455 -0.214513 0.0108375 0.654137 -0.360186 0.0419547 -0.377561 0.0340551 0.100951 0.0523917 0.986626 0.700816 0.244241 1.01501 0.995424 1.01274 -0.522331 0.940335 0.22184
internal_weight=362634 118387 244247 66423 187838 56409 51964 53146 39611 29747 77241 110597 36292 26662 61918 19480 12513 20131 46506 26784 17234 16854 54958 55639 17521 15784 1297 12353 18650 13277 9508 20119 4347 7529 16857 12592 15412 14487 46519 9141 1764 4265 36114 4039 5416 9387 6665 15323 12352 33318 12191 7287 12333 9597 867 398 8730 8386 8163 30414 175 7467
internal_count=362634 118387 244247 66423 187838 56409 51964 53146 39611 29747 77241 110597 36292 26662 61918 19480 12513 20131 46506 26784 17234 16854 54958 55639 17521 15784 1297 12353 18650 13277 9508 20119 4347 7529 16857 12592 15412 14487 46519 9141 1764 4265 36114 4039 5416 9387 6665 15323 12352 33318 12191 7287 12333 9597 867 398 8730 8386 8163 30414 175 7467
is_linear=0
shrinkage=0.05


Tree=10
num_leaves=63
num_cat=0
split_feature=6 15 0 5 0 49 49 49 0 59 5 0 0 0 79 49 64 0 76 59 76 8 59 79 50 79 79 53 6 39 29 22 43 63 5 30 49 76 22 6 79 37 5 71 51 32 50 5 50 37 51 63 76 49 22 0 22 49 67 13 79 45
split_gain=1.34434e+07 2.46258e+06 2.4035e+06 782032 723203 696306 445610 417846 279422 253196 221752 202148 182259 159820 152380 131886 115693 109638 91428.5 80214.4 80034.5 79308.6 75521.6 69467.6 68324.7 64248.2 58775.6 57302.8 56403.4 55397.6 54349.1 60498.4 52898.4 50253.9 47615.4 46867.1 46158.7 44253.8 43103.3 42506.2 42432 41239.4 41847.2 40554.7 40333.7 39841.4 39416.6 37994.9 37570.4 61403.3 39990.4 35409 34827.8 34639.6 33578 33420 32264.1 32140.8 31961 30861.8 30660.6 30180.6
threshold=31.050000190734867 0.066500000655651106 40.049999237060554 16.10000038146973 28.10000038146973 10.500000000000002 17.500000000000004 17.500000000000004 53.049999237060554 0.19999933242797854 17.050000190734867 27.050000190734867 10.050000190734865 27.050000190734867 -0.9330127018922193 9.5000000000000018 13.768333196640016 43.250000000000007 0.78656609248549325 0.46000051498413091 0.78656609248549325 0.63449999690055858 0.92499923706054699 0.25000000000000017 5.5000000000000009 0.6830127018922193 0.6830127018922193 0.33484001457691198 55.149999618530281 33.995000839233406 0.0084999999962747114 0.0094999996945261973 0.024500000290572647 2.5884358211084728 6.0499999523162851 21.704999923706058 16.500000000000004 0.60355339059327384 0.016500000841915611 18.050000190734867 0.6830127018922193 16.015000343322757 49.149999618530281 2.4059999965829779 4.5000000000000009 29.005000114440922 2.5000000000000004 63.500000000000007 2.5000000000000004 20.554999351501468 4.5000000000000009 19.555050498528495 0.78656609248549325 17.500000000000004 0.016500000841915611 22.050000190734867 0.6055000126361848 5.5000000000000009 136.50000000000003 -4.2858364582061759 0.25000000000000017 52.004999160766609
decision_type=10 10 10 10 10 2 2 2 10 8 10 10 10 8 2 2 8 10 2 10 2 8 10 2 2 2 2 8 10 10 8 10 8 8 8 8 2 2 8 8 2 8 8 10 2 8 2 10 2 10 2 10 2 2 8 10 10 2 10 10 2 10
left_child=1 3 5 12 10 37 8 13 15 56 19 16 24 38 29 -4 -5 53 40 -3 39 48 23 52 46 28 41 -9 -15 35 31 -12 -8 -21 -26 51 61 60 -7 -18 55 -17 -43 -33 -31 -46 -1 -23 49 -16 -50 -10 -13 54 -11 -14 -6 -20 -37 -30 -2 -19
right_child=2 4 6 11 9 7 32 27 14 17 30 22 18 25 21 26 20 36 57 33 -22 47 -24 -25 34 -27 -28 -29 59 44 -32 43 -34 -35 -36 58 -38 -39 -40 -41 -42 42 -44 -45 45 -47 -48 -49 50 -51 -52 -53 -54 -55 -56 -57 -58 -59 -60 -61 -62 -63
leaf_value=-0.42694768400797312 0.036599993455908357 -0.3376250059149517 0.0073555802038792785 -0.38739692068440612 0.031674352056955166 0.13910453506150242 0.31411242149169749 -0.0013820240061904641 1.3489805534924035 0.083511891362870627 -0.031416270166949666 0.038526926574281653 -0.26352942443627547 0.49674525549580584 1.048138655966327 1.3227137391840149 -0.21543437668602286 0.79898794519876037 -0.32261646539917943 -0.26258557031711527 -0.30181700858530069 0.90154984368074997 0.30630648698810448 -0.21982941334961389 -0.56300697413469958 0.33220918534341404 0.45787774478277998 0.19379760884032673 0.87651210805301527 1.4836383296826394 -0.076208407338809861 0.2534882063848789 0.52899271737897391 0.015455919117583121 -0.44100219730538293 1.0391555844064417 0.40456356984875641 -0.2217343435497513 0.34054143733480519 -0.11077417080845096 -0.34319927344681972 0.62524628039078922 0.78983260197640892 -0.032531658439651424 1.4042150584551005 3.169290811469756 -0.28156358980772994 1.1570936763584767 0.88906032923986844 0.28275460812523412 0.67529229194668883 2.800165977370408 -0.18772226282309837 0.14365065490072715 0.39075240136248551 -0.13226760523323008 0.31923792097625331 -0.44153920863759394 1.9107225601162232 0.59616251754177119 -0.21233182201551515 0.49280628557093159
leaf_weight=11338 5160 7519 757 8504 8098 3792 4862 6743 101 1025 5340 10657 15984 13459 386 276 16640 2140 9867 2774 11972 3163 1537 4865 12431 4388 2544 8502 1642 381 7188 5632 6970 3924 22421 1729 2602 4776 8862 23265 10987 7862 7591 1589 52 83 7918 2693 7178 816 3147 72 2024 2756 6716 6961 1109 13394 112 2441 1627 1290
leaf_count=11338 5160 7519 757 8504 8098 3792 4862 6743 101 1025 5340 10657 15984 13459 386 276 16640 2140 9867 2774 11972 3163 1537 4865 12431 4388 2544 8502 1642 381 7188 5632 6970 3924 22421 1729 2602 4776 8862 23265 10987 7862 7591 1589 52 83 7918 2693 7178 816 3147 72 2024 2756 6716 6961 1109 13394 112 2441 1627 1290
internal_value=-1.43039e-10 -0.203726 0.454918 -0.291434 0.0765233 0.244429 0.709419 0.325545 0.791066 0.276444 -0.0749562 -0.171623 -0.376974 0.421676 0.921995 0.654061 -0.216455 0.393492 -0.31474 -0.22553 -0.188433 0.869228 -0.0297671 -0.0592066 -0.442755 0.503324 0.680852 0.107468 0.546127 1.28454 0.0334399 0.0961858 0.440694 -0.0996959 -0.484519 1.16612 0.563367 -0.105129 0.280177 -0.154416 -0.262398 0.716916 0.706096 0.190549 1.74678 2.48941 -0.367166 1.01907 0.793106 0.528543 0.823905 1.95294 0.00241555 0.295874 0.35007 -0.223708 0.0663119 -0.391094 1.09218 0.708907 -0.0230747 0.683835
internal_weight=362634 250467 112167 190765 59702 61392 50775 49829 38943 25736 33966 79464 111301 34584 19913 19030 60381 16529 57193 14217 51877 17383 19083 17546 54108 21930 18273 15245 17542 2530 19749 12561 11832 6698 34852 2014 6032 11563 12654 39905 33932 15729 15453 7221 516 135 19256 5856 11527 1202 10325 173 12681 10497 7741 22945 9207 23261 1841 4083 6787 3430
internal_count=362634 250467 112167 190765 59702 61392 50775 49829 38943 25736 33966 79464 111301 34584 19913 19030 60381 16529 57193 14217 51877 17383 19083 17546 54108 21930 18273 15245 17542 2530 19749 12561 11832 6698 34852 2014 6032 11563 12654 39905 33932 15729 15453 7221 516 135 19256 5856 11527 1202 10325 173 12681 10497 7741 22945 9207 23261 1841 4083 6787 3430
is_linear=0
shrinkage=0.05


Tree=11
num_leaves=63
num_cat=0
split_feature=5 15 77 5 5 5 76 79 49 49 76 62 8 62 49 77 58 1 58 79 64 79 9 31 5 79 72 62 28 67 78 72 76 77 79 30 9 79 73 31 67 77 54 54 5 16 38 76 44 79 9 53 16 52 37 78 38 51 38 30 79 49
split_gain=1.21911e+07 2.58033e+06 1.3861e+06 702618 631735 547332 327615 280274 209481 242560 193883 179226 173227 173051 162667 155777 151859 125189 119758 109091 92219.9 79806.6 74047.1 72735.3 70264.6 69589.5 67067.8 63333.5 57513.3 56710.8 56696.1 56075.4 50889.6 67479.6 50503.3 53000.1 50223.7 49033.4 47570.4 47556.8 47152.8 46639.6 46505.9 45845.7 45181.1 49578.1 42159.3 41823.8 41474.1 41417.7 40597 40482 39698 37302.3 36828.5 51440.6 36170.6 34792.7 34570.2 32666.4 52224.9 32304.7
threshold=33.049999237060554 0.050499999895691879 -1.0000000180025095e-35 50.149999618530281 15.050000190734865 21.050000190734867 0.25881904510252091 0.6830127018922193 11.500000000000002 17.500000000000004 0.37940952255126054 23.366666666666671 0.66950002312660228 46.083333333333336 9.5000000000000018 0.37940952255126048 3.0499992370605473 34.049999237060554 7.0499992370605478 0.6830127018922193 13.19166684150696 0.6830127018922193 24.925000190734867 41.004999160766609 8.0500001907348651 0.25000000000000017 0.86715686321258556 33.000000158945731 23.349999427795414 104.50000000000001 0.25000000000000011 0.81861472129821788 0.60355339059327384 0.37940952255126048 0.6830127018922193 12.614999771118166 20.335000038146976 0.25000000000000017 -7.0300002098083487 24.005000114440922 11.500000000000002 -0.37940952255126015 3.1185456514358525 2.6263842582702641 75.500000000000014 19.285000801086429 44.004999160766609 0.91597561503675362 27.964999198913578 0.93301270189221952 30.765000343322757 2.0993150472640996 30.605000495910648 11.276450157165529 15.09500026702881 0.25000000000000011 59.995000839233406 2.5000000000000004 73.009998321533217 13.194999694824221 1.0000000180025095e-35 18.500000000000004
decision_type=10 10 2 10 10 8 2 2 2 2 2 8 8 10 2 2 8 10 10 2 8 2 10 10 10 2 8 10 10 8 2 8 2 2 2 8 10 2 8 8 10 2 10 10 10 8 8 2 10 2 10 8 8 8 8 2 8 2 8 8 2 2
left_child=1 4 3 6 11 14 16 12 36 17 15 24 26 37 -3 43 34 28 39 27 -12 59 -8 61 30 32 44 -17 46 -14 -1 38 33 -13 35 -2 -7 -4 57 -16 -41 -37 -11 -6 -5 -46 -10 -22 56 -40 -51 -15 -19 -31 55 -36 -33 -9 -23 -18 -61 -20
right_child=2 5 13 7 10 8 22 31 9 42 20 25 29 51 18 19 21 52 23 -21 47 58 -24 -25 -26 -27 -28 -29 -30 53 -32 48 -34 -35 54 41 -38 -39 49 40 -42 -43 -44 -45 45 -47 -48 -49 -50 50 -52 -53 -54 -55 -56 -57 -58 -59 -60 60 -62 -63
leaf_value=-0.4856827312975856 0.83715868392953208 -0.33762872666683014 0.045915573116056672 0.57198751893384869 0.063912582876341217 -0.17911599723402588 -0.03866596828346823 -0.081902633765379762 0.51218243750238546 0.051018742777636322 -0.43529363284113853 0.41565423236558213 0.94201663748213815 0.17961504899578384 0.089831719741638061 -0.15984373003043975 0.95644856692727132 0.6973934286810084 0.40642646566480106 -0.32827275223565022 -0.18908538253266557 0.51785627410269697 0.27990667256440321 -0.0022506610067290025 -0.34540070365021375 -0.32683536969903509 0.80794555954232627 -0.012613474330512768 0.12566608832677437 0.83132574736403786 -0.36399334520103549 0.92914029198871073 -0.27846005004349605 -0.13022786806008951 0.086332809612011688 0.49367466607579846 0.065447654380323225 -0.17963460908548526 -0.12339835772483987 -0.49642806559768993 -0.12645701337249743 0.31674296108243083 0.25072872571141358 0.41163495226845531 1.6256174039095641 0.75471126966109137 0.2831547722812206 -0.31382073623549306 0.00076941535612236724 0.18823018684905238 1.294197282258351 0.38954644011281864 0.40811178034243334 1.5151600595595056 0.25213623452261785 1.419827559727467 0.46378328883106035 0.8960183525725699 0.16474869636811787 0.71118846085032272 0.47136051572011123 0.058684205795867375
leaf_weight=26019 866 5422 8506 7993 5439 2995 3429 126 3087 10791 5817 613 6848 5372 2388 18012 927 3178 2313 6336 26626 1783 3897 4649 36177 14733 10649 12287 3584 269 15142 643 6292 7404 130 11456 7019 3362 1121 928 11967 5519 3994 1148 176 2285 5756 8989 309 382 106 4011 1892 771 5236 163 1191 327 1134 8631 3080 939
leaf_count=26019 866 5422 8506 7993 5439 2995 3429 126 3087 10791 5817 613 6848 5372 2388 18012 927 3178 2313 6336 26626 1783 3897 4649 36177 14733 10649 12287 3584 269 15142 643 6292 7404 130 11456 7019 3362 1121 928 11967 5519 3994 1148 176 2285 5756 8989 309 382 106 4011 1892 771 5236 163 1191 327 1134 8631 3080 939
internal_value=-2.02142e-11 -0.17975 0.467567 0.563509 -0.275356 0.0778438 0.437537 0.739021 0.192091 0.254066 -0.173429 -0.356466 0.794353 0.108888 -0.0910786 -0.099344 0.495268 0.380054 -0.0334184 -0.139594 -0.250715 0.616319 0.130796 0.12463 -0.396236 -0.250559 0.719629 -0.100138 0.294627 0.994263 -0.440917 0.357545 -0.172023 -0.0884883 0.414697 0.455615 -0.00769676 -0.0179789 0.171405 -0.115126 -0.153082 0.43615 0.104968 0.124515 0.629665 0.816995 0.363106 -0.220568 0.53665 0.0439772 0.428461 0.269356 0.589441 1.33828 0.282662 0.828175 0.626937 0.624014 0.380584 0.67073 0.648114 0.306017
internal_weight=362634 261936 100698 79447 191034 70902 46251 33196 42296 32282 84654 106380 28991 21251 28606 43222 38925 17497 23184 36635 41432 15555 7326 7901 77338 29042 21103 30299 12427 7888 41161 4205 14309 8017 23370 17841 10014 11868 2062 15283 12895 16975 14785 6587 10454 2461 8843 35615 2143 1609 488 9383 5070 1040 5529 293 1834 453 2917 12638 11711 3252
internal_count=362634 261936 100698 79447 191034 70902 46251 33196 42296 32282 84654 106380 28991 21251 28606 43222 38925 17497 23184 36635 41432 15555 7326 7901 77338 29042 21103 30299 12427 7888 41161 4205 14309 8017 23370 17841 10014 11868 2062 15283 12895 16975 14785 6587 10454 2461 8843 35615 2143 1609 488 9383 5070 1040 5529 293 1834 453 2917 12638 11711 3252
is_linear=0
shrinkage=0.05


Tree=12
num_leaves=63
num_cat=0
split_feature=6 0 0 59 77 77 5 49 0 15 0 16 6 0 79 76 2 15 16 79 77 49 49 43 70 43 43 37 0 45 6 23 76 29 79 31 51 51 32 5 59 67 35 10 5 50 23 72 67 70 38 49 79 76 5 30 16 49 13 68 79 30
split_gain=1.10861e+07 2.14629e+06 1.81507e+06 806892 678429 515303 504341 264776 200897 193738 184110 159732 146547 129268 116319 85382.4 84802.3 83063 81970.4 72580 65423.5 66264.4 62181.3 61652.8 59593.5 60465.5 59584.4 57651.9 57608.8 53319.7 53084.2 52261.6 50676.9 48776 47250.9 47572.3 45527.7 43786.3 80222.5 41372.6 40565.3 40219.7 37920.4 37328.1 37976.4 36232.4 36080.1 34821.9 34585.1 37318 33714.6 32664.3 32634.2 31481.8 29405.4 29335.1 29250.2 36792.1 29164.7 31232.1 28760.9 28371.5
threshold=30.050000190734867 40.049999237060554 23.050000190734867 0.38500022888183599 1.0000000180025095e-35 -0.12940952255126037 14.050000190734865 10.500000000000002 63.500000000000007 0.037499999627470977 40.049999237060554 25.035000801086429 9.1500000953674334 28.10000038146973 -0.9330127018922193 0.60355339059327384 35.149999618530281 0.011500000022351744 15.734999656677248 0.6830127018922193 0.1294095225512602 11.500000000000002 9.5000000000000018 0.018499999307096008 39.444999694824226 0.62149998545646679 0.76649999618530285 17.115000724792484 34.100000381469734 48.995000839233406 55.149999618530281 17.48499965667725 0.78656609248549325 0.037499999627470977 0.6830127018922193 26.005000114440922 4.5000000000000009 4.5000000000000009 19.175000190734867 54.399999618530281 1.4200003147125246 131.50000000000003 27.94999980926514 78.034999847412124 68.500000000000014 5.5000000000000009 28.054999351501468 1.0613814592361452 54.399999618530281 34.32500076293946 70.005001068115249 12.500000000000002 0.6830127018922193 -0.78656609248549303 23.050000190734867 22.275000572204593 20.134999275207523 13.500000000000002 -4.3653607368469229 25.500000000000004 0.6830127018922193 8.6050000190734881
decision_type=10 10 10 10 2 2 10 2 10 10 10 8 8 8 2 2 10 10 8 2 2 2 2 8 10 8 8 8 10 10 10 8 2 10 2 10 2 2 10 8 8 8 10 10 10 2 10 8 8 10 8 2 2 2 10 8 8 2 10 10 2 8
left_child=2 4 6 11 7 8 12 40 19 18 22 17 45 34 37 20 53 31 -8 26 21 -14 -5 -7 25 43 27 -3 -13 -12 42 -4 54 -11 35 56 -31 41 47 -29 -2 55 46 44 -16 -1 -15 -39 -23 -50 -21 -36 -22 -6 -20 -10 57 -9 59 -32 -33 -24
right_child=1 5 3 10 16 23 9 13 14 33 29 28 15 30 24 -17 -18 -19 32 50 52 48 61 -25 -26 -27 -28 39 -30 36 58 60 -34 -35 51 -37 -38 38 -40 -41 -42 -43 -44 -45 -46 -47 -48 -49 49 -51 -52 -53 -54 -55 -56 -57 -58 -59 -60 -61 -62 -63
leaf_value=-0.36590626019401357 -0.20545792564374349 1.1642852408804776 -0.3621309238415768 -0.2343053836516171 0.068464966656635221 0.2404935690589948 -0.35180927129615736 0.30657564982589325 1.8375299520099286 -0.0019106563893285689 0.60823668113930429 -0.056250007822491933 -0.24566867308585272 0.4772455900588124 0.7880340474661115 -0.36472474032517765 0.10086120474094168 -0.037184058717793449 -0.20141669011557184 0.58217087980669624 -0.24078567877721413 -0.028072411672963066 0.48496282000068175 0.45936993298263396 0.049084767470241111 1.080092255719902 0.92145954338706337 0.59364087231674534 0.10169689217509725 0.47216142684710666 0.68091408747689075 -0.13890722368547298 -0.2885143476261674 -0.17805132041056809 -0.079403229220506286 0.25351724497575956 0.077784168189514585 0.51498198419629915 2.6183025316521529 0.7374862643549126 0.096438811706753474 1.7544400541430658 0.24284967198926444 0.64694125417779647 1.131910406567749 -0.46759843676022084 0.31220988190007887 1.676725309596786 0.24260679938849972 1.4287931013107302 0.27236302878557433 0.2028727061286893 -0.37820068724493877 -0.13699051136981294 -0.098605657720501824 0.92284446633205963 0.38016264505882952 1.0006864470925712 0.47566901033003772 1.7197043169339499 -0.31457458775155911 0.17955695200838334
leaf_weight=13280 2099 558 5590 887 2254 5485 11531 301 97 14217 3858 16868 4319 10985 2842 29681 8586 7502 22512 2026 11739 2622 809 7782 231 2362 2479 12903 8777 2060 2054 10075 12374 5432 1411 8502 1135 109 160 8160 2368 222 3378 2811 1119 25730 4741 158 572 75 1550 3745 6837 10790 10064 910 1604 522 3008 75 3031 12670
leaf_count=13280 2099 558 5590 887 2254 5485 11531 301 97 14217 3858 16868 4319 10985 2842 29681 8586 7502 22512 2026 11739 2622 809 7782 231 2362 2479 12903 8777 2060 2054 10075 12374 5432 1411 8502 1135 109 160 8160 2368 222 3378 2811 1119 25730 4741 158 572 75 1550 3745 6837 10790 10064 910 1604 522 3008 75 3031 12670
internal_value=-2.31933e-10 0.39709 -0.19247 0.0157591 0.208788 0.637787 -0.28169 0.319829 0.729979 -0.185837 0.273916 -0.0908988 -0.358621 0.360289 0.910513 -0.306678 -0.0211657 -0.177732 -0.232883 0.658088 -0.240829 -0.117122 0.171202 0.368879 0.842207 0.862265 0.689278 0.662657 -0.00219269 0.48313 0.433211 -0.234129 -0.202375 -0.050605 0.250391 0.309253 0.332062 1.2968 1.73298 0.649368 -0.0454195 1.14525 0.394843 0.786289 0.885181 -0.43298 0.427491 1.20246 0.0527148 0.380109 0.447886 0.125625 -0.291362 -0.101488 -0.169654 1.01095 0.504499 0.746826 0.575898 0.717508 -0.179533 0.197887
internal_weight=362634 118387 244247 73262 66423 51964 170985 44793 38697 76130 21419 51843 94855 40326 11021 55845 21630 26198 56481 27676 26164 7588 14366 13267 9365 9134 24100 21621 25645 7053 24241 18696 44950 19649 16085 10929 3195 1656 427 21063 4467 1229 19104 6772 3961 39010 15726 267 3269 647 3576 5156 18576 13044 32576 1007 2427 823 5137 2129 13106 13479
internal_count=362634 118387 244247 73262 66423 51964 170985 44793 38697 76130 21419 51843 94855 40326 11021 55845 21630 26198 56481 27676 26164 7588 14366 13267 9365 9134 24100 21621 25645 7053 24241 18696 44950 19649 16085 10929 3195 1656 427 21063 4467 1229 19104 6772 3961 39010 15726 267 3269 647 3576 5156 18576 13044 32576 1007 2427 823 5137 2129 13106 13479
is_linear=0
shrinkage=0.05


Tree=13
num_leaves=63
num_cat=0
split_feature=6 15 5 49 5 5 8 49 9 6 58 77 5 49 79 62 67 79 58 62 49 58 62 5 77 62 76 62 76 79 79 15 6 69 15 47 73 44 37 70 79 54 79 31 76 67 38 50 76 79 29 49 79 37 67 70 62 79 78 35 70 50
split_gain=1.00111e+07 1.80326e+06 1.46708e+06 599208 578751 486926 311476 293136 173416 167767 146407 143454 138197 124593 123170 108758 86262.2 79225.4 78306.7 75432.8 75121.4 74568.9 70796.7 65735.3 64006.5 61750.9 61395.2 54853.9 51260.1 50489.2 48898.8 47595.8 46876.4 46237.6 45423.2 44923.9 44338.4 40605.7 38842.7 38504.2 37445.6 37262.8 36229.4 36200.3 34717.6 33122.1 32817.3 35235.8 32340.5 32634.2 31085 30892.7 30464.1 36956.8 29891.2 29845.2 29538.6 28747.8 28275.8 52753.6 40307.8 55121
threshold=31.050000190734867 0.066500000655651106 43.350000381469734 10.500000000000002 17.050000190734867 22.149999618530277 0.63449999690055858 18.500000000000004 15.875000000000002 10.050000190734865 9.0499992370605487 -0.12940952255126037 40.149999618530281 9.5000000000000018 0.25000000000000017 34.541666507720954 11.500000000000002 0.6830127018922193 15.049999237060549 12.858333349227907 11.500000000000002 5.0500001907348642 41.366666666666674 66.500000000000014 -0.70710678118654757 21.866666555404667 0.78656609248549325 11.041666626930239 -0.78656609248549303 0.6830127018922193 0.6830127018922193 0.31749999523162847 52.20000076293946 100.50000000000001 0.43850000202655798 -11.284306049346922 -11.280000209808348 16.285000801086429 39.174999237060554 23.144999504089359 0.25000000000000017 5.3429882526397714 1.0000000180025095e-35 33.004999160766609 0.78656609248549325 120.50000000000001 49.004999160766609 6.5000000000000009 0.78656609248549325 0.6830127018922193 0.22749999910593036 11.500000000000002 -0.9330127018922193 21.045000076293949 45.049999237060554 29.505000114440922 20.366666666666671 0.25000000000000017 -0.6830127018922193 5.5499999523162851 26.265000343322757 11.500000000000002
decision_type=10 10 10 2 10 10 8 2 8 10 8 2 10 2 2 8 8 2 8 8 2 10 10 10 2 8 2 8 2 2 2 10 10 10 10 8 8 10 10 8 2 10 2 10 2 10 10 2 2 2 10 2 2 8 8 10 10 2 2 10 8 2
left_child=1 4 3 39 9 13 11 10 -6 27 19 14 21 -3 20 24 -15 35 43 -5 -4 50 -9 45 51 -16 30 -1 29 -13 -11 -20 46 38 -23 55 -34 -14 41 -2 -24 -22 -39 -18 -26 -8 47 -21 49 54 -7 -10 -37 56 -29 -12 -54 -17 59 -27 -60 -62
right_child=2 5 6 7 8 12 23 22 15 26 17 28 37 16 25 57 18 -19 31 32 33 34 40 -25 44 58 -28 48 -30 -31 -32 -33 36 -35 -36 52 -38 42 -40 -41 -42 -43 -44 -45 -46 -47 -48 -49 -50 -51 -52 -53 53 -55 -56 -57 -58 -59 60 -61 61 -63
leaf_value=-0.44363815912200144 -0.2676245821137066 -0.32096790203013775 0.37190164468139553 0.12897395909192255 -0.29418602777140362 0.10301637996955769 0.72577801985039869 -0.0093314386107967266 -0.047231410236975212 -0.18714628527039792 1.0016654702085184 0.44772916576538258 0.60979739909382802 -0.44185723853192116 0.23497244284533331 0.051801959841971584 0.042739948811062661 0.26471194354847327 0.023421749513165419 0.51548980256822041 0.64161046352640216 0.18481323738889968 0.26890650162635188 0.98710888005650621 -0.13580276130979588 1.4622330107796258 -0.32854345360201892 -0.34194088132853434 0.082036451241716032 -0.053417822197113413 -0.30905534025603543 0.33666693848286361 -0.066470455770779938 1.0627551986690014 0.44176592247951485 0.91864081793705576 0.55790762587361087 0.44791825968910798 0.094266559010731027 -0.04323677519441229 0.00023991564779552105 0.82629466264625906 0.18593559992757869 -0.12686607523881369 -0.24513242414698089 1.6037690885130045 0.2600488237105521 0.31045647086879957 -0.39059512589773981 -0.36512480197698793 -0.13887932659330687 0.23932883199397079 0.2507138923992337 0.4354446714452152 -0.15774786403835253 0.64777680783371683 0.8913324165216987 -0.10657110790848337 0.63034245066057393 0.58640437591291439 0.210288879822392 0.70893752347845673
leaf_weight=21593 2418 5025 2068 4419 14567 17235 7402 6369 3450 27261 943 5614 1610 1281 2707 11594 4499 2174 2940 3494 12105 5314 6362 4117 28245 186 21888 3621 1560 552 11780 2064 308 798 2543 464 3700 2768 285 9133 1629 3527 2522 10462 9774 109 10065 5235 17646 8624 1439 1293 227 4618 5623 1618 868 3806 1815 2273 2272 733
leaf_count=21593 2418 5025 2068 4419 14567 17235 7402 6369 3450 27261 943 5614 1610 1281 2707 11594 4499 2174 2940 3494 12105 5314 6362 4117 28245 186 21888 3621 1560 552 11780 2064 308 798 2543 464 3700 2768 285 9133 1629 3527 2522 10462 9774 109 10065 5235 17646 8624 1439 1293 227 4618 5623 1618 868 3806 1815 2273 2272 733
internal_value=-3.13424e-10 -0.175806 0.392572 0.235824 -0.250859 0.0640106 0.601178 0.307567 -0.139911 -0.319221 0.380074 0.529375 0.190592 -0.0970701 0.580747 -0.101272 -0.0441149 0.534813 -0.0185948 0.318044 0.656182 0.138749 0.115024 0.826535 -0.142303 0.438859 -0.261511 -0.380793 0.338085 0.402865 -0.22393 0.152626 0.354685 0.691354 0.267979 0.602014 0.509926 0.389933 0.672734 -0.0902084 0.214138 0.68328 0.323018 -0.075863 -0.163909 0.738519 0.321579 0.392526 -0.342582 -0.295166 0.0843761 0.0308884 0.529014 0.49737 -0.229899 0.778084 0.758528 0.0126612 0.514682 0.652652 0.444294 0.331923
internal_weight=362634 250467 112167 64044 190765 59702 48123 52493 72729 118036 38133 36495 33431 26271 28769 58162 21246 10912 19965 27221 18783 26531 14360 11628 42762 9986 60929 57107 7726 6166 39041 5004 22802 16715 7857 8738 4008 6900 15917 11551 7991 15632 5290 14961 38019 7511 18794 8729 35514 17868 18674 4743 6177 5713 9244 2561 1095 15400 7279 2459 4820 3005
internal_count=362634 250467 112167 64044 190765 59702 48123 52493 72729 118036 38133 36495 33431 26271 28769 58162 21246 10912 19965 27221 18783 26531 14360 11628 42762 9986 60929 57107 7726 6166 39041 5004 22802 16715 7857 8738 4008 6900 15917 11551 7991 15632 5290 14961 38019 7511 18794 8729 35514 17868 18674 4743 6177 5713 9244 2561 1095 15400 7279 2459 4820 3005
is_linear=0
shrinkage=0.05


Tree=14
num_leaves=63
num_cat=0
split_feature=5 49 0 49 77 0 6 77 76 79 49 79 9 1 79 6 4 76 0 76 9 79 0 6 43 43 79 0 50 37 73 74 18 5 50 28 64 38 49 6 30 50 44 72 6 78 74 54 30 6 79 6 4 0 9 44 37 45 6 9 32 37
split_gain=9.07783e+06 1.92201e+06 1.26583e+06 1.05633e+06 510747 373853 360048 263330 228148 205768 170365 133916 127897 115916 114912 114102 93760 92704.5 91945.6 74213.3 72971.6 65652.5 56910 54467.2 53961.8 51746.4 51382.3 49891.9 47173.9 46100.9 45129.2 55218.9 45071.4 43605.5 43040.2 42112.1 40703.4 36559.4 35077 34906.7 34562.7 45127.4 82270.6 54586.7 35723.9 33979.4 34073.3 41354.9 32133.3 31916.6 30710.4 30678.2 30401.3 30235.1 29391.7 29291.3 35523.7 28827.4 28743.3 28722.8 28680.5 28052.8
threshold=33.049999237060554 10.500000000000002 48.20000076293946 19.500000000000004 -0.12940952255126037 26.050000190734867 13.050000190734865 -0.5 0.25881904510252091 0.6830127018922193 17.500000000000004 0.6830127018922193 17.515000343322757 27.050000190734867 -0.9330127018922193 24.050000190734867 41.100000381469734 -0.60355339059327362 41.049999237060554 0.78656609248549325 25.57499980926514 0.6830127018922193 37.049999237060554 6.0499999523162851 0.70149999856948864 0.069499999284744277 0.6830127018922193 13.09999990463257 1.5000000000000002 15.09500026702881 1.2249994277954104 1.0000000180025095e-35 36.004999160766609 21.050000190734867 10.500000000000002 22.550000190734867 28.911833190917971 57.004999160766609 13.500000000000002 15.050000190734865 12.815000057220461 3.5000000000000004 20.845000267028812 0.5012953281402589 73.500000000000014 -0.6830127018922193 1.0000000180025095e-35 11.933761119842531 16.154999732971195 21.10000038146973 0.25000000000000017 96.500000000000014 44.100000381469734 11.050000190734865 13.135000228881838 33.975000381469734 30.005000114440922 104.06000137329103 60.500000000000007 20.554999351501468 28.285000801086429 22.48499965667725
decision_type=10 2 10 2 2 10 10 2 2 2 2 2 8 10 2 8 10 2 10 2 10 2 8 8 8 8 2 8 2 8 10 2 10 10 2 10 10 10 2 10 8 2 8 8 10 2 2 8 10 8 2 10 10 10 8 10 10 10 10 8 10 10
left_child=1 6 4 5 8 15 16 14 11 13 18 22 -8 39 30 53 23 26 37 33 -10 61 40 -1 45 -9 -6 -17 59 34 57 32 -32 -14 -13 -29 58 -7 -31 -5 -2 -42 43 -43 -44 46 47 48 -16 -15 -19 -30 -21 -3 -40 56 -33 -4 -24 -20 -49 -12
right_child=2 3 7 9 17 10 12 25 20 -11 21 29 19 49 24 27 -18 50 28 52 -22 -23 36 -25 -26 -27 -28 35 51 38 31 55 -34 -35 -36 -37 -38 -39 54 -41 41 42 44 -45 -46 -47 -48 60 -50 -51 -52 -53 -54 -55 -56 -57 -58 -59 -60 -61 -62 -63
leaf_value=-0.44769722331358902 0.7881751597614709 -0.17160232531883576 0.84160682878397042 -0.26385984588363803 0.20506062836906402 0.39540414855830114 -0.30788696431527196 0.34593413519695337 -0.016375986270059782 -0.32069546470915106 0.39154270803044694 1.2894910187119306 -0.15832410599459623 -0.092503195408842956 1.3609494946124148 -0.047163333401406514 -0.25432642242587361 0.011338063679477111 0.80498553689788377 -0.28598171786747695 0.28013051289015828 -0.057546991850410692 0.56061769825028585 -0.34342002573531621 0.87986312367263442 0.5518737060329959 -0.096821338568003887 0.24001673681820754 0.60806861088011732 0.06956554111645534 0.84520991444000748 2.3642751905854258 1.8714804001530443 -0.050839157904027446 0.16712470604358495 0.031389208930225412 0.42619577071900433 0.21648087131497978 -0.09070961799012095 -0.12718264358805106 0.20097844610364204 2.140779264227858 0.38367486232628256 0.79326038162806911 0.7770948566980177 0.61136827465757648 0.58086174164793858 1.1667948001009578 0.76434491929625603 0.045090777626311064 -0.19842210782648595 1.8072465497034569 -0.15201452304474106 -0.01700291450940301 0.33105505632408522 2.9602017713917625 1.1419639311431753 1.4717268651069666 0.76341125783652253 -0.25737583286813631 2.4103782407442731 0.16307685580573172
leaf_weight=18778 568 4736 1584 7576 11080 6520 18097 5181 3999 13869 1740 202 24891 6611 241 3124 20974 6985 85 11971 4313 3105 7533 37592 3800 7417 1615 8137 4323 2420 476 105 138 15197 148 3442 4512 5079 449 12185 2538 103 9117 278 616 9544 1759 204 3554 11627 2326 54 6553 9519 5162 54 137 205 2275 253 60 5898
leaf_count=18778 568 4736 1584 7576 11080 6520 18097 5181 3999 13869 1740 202 24891 6611 241 3124 20974 6985 85 11971 4313 3105 7533 37592 3800 7417 1615 8137 4323 2420 476 105 138 15197 148 3442 4512 5079 449 12185 2538 103 9117 278 616 9544 1759 204 3554 11627 2326 54 6553 9519 5162 54 137 205 2275 253 60 5898
internal_value=-5.62079e-11 -0.15511 0.403472 0.00673872 0.27561 0.157292 -0.268452 0.649256 0.37354 -0.155852 0.290925 0.428164 -0.191697 -0.0956865 0.754182 0.0324318 -0.344577 0.0787681 0.392738 -0.155823 0.137478 0.136315 0.481421 -0.378157 0.711159 0.46718 0.166657 0.130158 0.578914 0.25316 1.05963 1.3463 1.07587 -0.117578 0.81489 0.178 0.550481 0.317057 0.22868 -0.179582 0.406615 0.389485 0.436789 1.15755 0.408574 0.669428 0.764671 0.844326 0.802232 -0.00478496 -0.0410626 0.622863 -0.23859 -0.0683661 0.297305 1.90726 1.67231 0.913812 0.607656 0.00978605 1.44943 0.215123
internal_weight=362634 261936 100698 107883 66239 56015 154053 34459 44233 51868 27057 35921 76709 37999 21861 28958 77344 22006 16314 58612 8312 10743 27540 56370 19162 12598 12695 14703 4715 8381 2699 910 614 40088 350 11579 14320 11599 8031 19761 13220 12652 10114 381 9733 15362 5818 4059 3795 18238 9311 4377 18524 14255 5611 296 242 1789 9808 338 264 7638
internal_count=362634 261936 100698 107883 66239 56015 154053 34459 44233 51868 27057 35921 76709 37999 21861 28958 77344 22006 16314 58612 8312 10743 27540 56370 19162 12598 12695 14703 4715 8381 2699 910 614 40088 350 11579 14320 11599 8031 19761 13220 12652 10114 381 9733 15362 5818 4059 3795 18238 9311 4377 18524 14255 5611 296 242 1789 9808 338 264 7638
is_linear=0
shrinkage=0.05


Tree=15
num_leaves=63
num_cat=0
split_feature=0 6 77 49 0 5 49 75 49 15 0 79 79 79 6 6 64 79 79 0 70 6 49 49 70 5 73 3 74 39 0 35 77 49 9 73 50 36 10 63 79 30 50 30 45 63 5 49 28 50 6 73 5 4 37 5 30 74 70 22 30 11
split_gain=8.24357e+06 1.68681e+06 1.61266e+06 540301 477044 337007 289870 236812 224087 150537 141897 125550 125435 106444 98402.8 96986.6 79207.4 78002 72312.9 71205.6 63535.5 63408.6 61177.7 68610.4 52987 60109.3 51067.5 50432.9 49987.3 50825.5 43377.3 42910.6 40269.7 54568.4 38067.7 38006.9 47162.7 37790.7 37552.7 37256.9 36980.2 36123.6 35891.8 35733.7 35498.8 34695.3 35393.1 33876.6 32458.2 31612.9 30995.2 30905 33353.5 30846.1 29818.5 37862.8 49649.1 29460.3 29108.3 28343 28215.6 26652.4
threshold=32.100000381469734 22.050000190734867 -0.12940952255126037 9.5000000000000018 50.049999237060554 13.050000190734865 19.500000000000004 1.0000000180025095e-35 10.500000000000002 0.048499999567866332 16.10000038146973 -0.9330127018922193 0.6830127018922193 0.25000000000000017 41.049999237060554 8.0500001907348651 15.332916657129926 0.6830127018922193 0.6830127018922193 47.250000000000007 30.48499965667725 60.500000000000007 10.500000000000002 18.500000000000004 39.715000152587898 63.500000000000007 1.3649997711181643 45.049999237060554 1.0000000180025095e-35 20.894999504089359 17.35000038146973 22.150000572204593 1.0000000180025095e-35 12.500000000000002 22.345000267028812 -1.1300005912780759 2.5000000000000004 0.76250001788139354 94.009998321533217 1.9663841605003509 0.25000000000000017 9.3249998092651385 6.5000000000000009 11.454999923706056 70.005001068115249 28.493566523827756 72.500000000000014 12.500000000000002 18.349999427795414 5.5000000000000009 79.500000000000014 3.1600000858306889 102.50000000000001 43.250000000000007 20.454999923706058 35.149999618530281 14.954999923706056 1.0000000180025095e-35 34.854999542236335 0.44650000333786016 7.0650000572204599 13.994999885559084
decision_type=10 10 2 2 10 10 2 2 2 10 8 2 2 2 10 8 8 2 2 10 8 10 2 2 10 8 10 8 2 8 8 10 2 2 10 8 2 8 10 8 2 8 2 8 10 10 10 2 10 2 10 10 10 10 8 10 8 2 8 8 8 8
left_child=1 5 4 20 8 15 10 13 -2 16 47 26 19 27 48 49 -7 21 24 -9 -3 37 53 39 25 41 -6 -4 29 -28 -18 60 33 -11 -23 -27 -37 43 -20 -24 -8 -13 -22 -10 -30 -31 -47 -5 -12 -1 -16 52 -38 -17 55 56 -35 -29 -41 -45 -19 -43
right_child=2 3 7 6 11 9 40 12 17 32 14 18 -14 -15 50 22 30 31 38 -21 42 34 23 -25 -26 35 28 57 44 45 -32 -33 -34 54 -36 36 51 -39 -40 58 -42 61 -44 59 -46 46 -48 -49 -50 -51 -52 -53 -54 -55 -56 -57 -58 -59 -60 -61 -62 -63
leaf_value=-0.31342016117514493 -0.15620305908498086 -0.23167877186967845 -0.033312204585858006 -0.070043160116371558 0.84942856024711733 -0.33010574347887606 -0.020924465316261617 0.22723735505051235 0.72807933946075365 -0.062673266472520237 0.20749557792206899 1.1901932327311253 -0.006228810674427928 -0.17056392095870279 0.32343907214292728 -0.32611294336551372 -0.22786698389099946 1.0577439518254479 0.53715791500239751 0.4419701138323493 0.0054372988656913286 0.97806729841795925 -0.21702573971521055 -0.25455961239862074 0.1199736468445885 0.580728887387438 0.55622277960669797 0.19886735874157563 1.4498247450543191 0.978438700149034 -0.13630952271483732 0.16937406757903195 -0.14571246610054692 0.097265320478884254 0.58344187908905176 0.15466900738084921 0.92665622020368288 0.66697579431076137 0.15115278594083587 0.040373329543021801 -0.18103038095189927 0.75686139817759912 -0.17141141476023164 0.45504944504034689 2.5710712300406566 2.8565972261909227 1.3526207789144618 0.13135708779958305 0.087702868188280964 -0.41185482623289699 0.69634908392854633 0.60054253368625343 1.5985802033404612 -0.22373797022654332 0.053659147483061442 1.166439102519685 0.77878129311023991 0.028818302422848541 0.56352084597585195 0.33397511758546727 0.38293771199845705 0.58397947610319878
leaf_weight=12639 1651 15043 6159 6091 2073 10811 11464 8810 935 7248 15108 286 3592 5431 10327 30404 25437 162 2123 6872 6248 719 1438 9162 407 1355 305 7847 246 188 26324 3563 5738 1081 4073 217 4289 1750 896 2468 5262 2860 5305 13663 99 67 94 3177 9037 22999 589 710 193 9707 2213 127 355 3771 298 7480 3538 10110
leaf_count=12639 1651 15043 6159 6091 2073 10811 11464 8810 935 7248 15108 286 3592 5431 10327 30404 25437 162 2123 6872 6248 719 1438 9162 407 1355 305 7847 246 188 26324 3563 5738 1081 4073 217 4289 1750 896 2468 5262 2860 5305 13663 99 67 94 3177 9037 22999 589 710 193 9707 2213 127 355 3771 298 7480 3538 10110
internal_value=-2.28641e-10 -0.153756 0.369619 0.0241348 0.528047 -0.24632 0.106067 0.130749 0.413353 -0.171365 0.172989 0.690387 0.260289 0.023168 0.218982 -0.313048 -0.207013 0.439559 0.651006 0.321335 -0.163954 0.476696 -0.270467 -0.177823 0.684764 0.696246 0.990948 0.0823545 1.28461 1.02773 -0.181304 0.293222 -0.0382924 0.0176198 0.642652 0.817533 0.876854 0.44332 0.422597 -0.0105881 -0.0712938 0.634358 -0.0757695 0.425592 1.77157 1.43978 1.9785 -0.00100468 0.16266 -0.376945 0.34356 0.907038 0.95559 -0.301338 0.171742 0.338931 0.265746 0.143672 0.0967356 0.412216 0.412483 0.622101
internal_weight=362634 256100 106534 87651 64052 168449 61055 42482 37534 79334 44329 26518 19274 23208 35061 89115 62572 35883 23446 15682 26596 28620 53477 13366 20427 20020 3072 17777 999 654 51761 7263 16762 11024 4792 6764 5409 23828 3019 4204 16726 13256 11553 22078 345 349 161 9268 24145 35638 10916 5192 4482 40111 3776 1563 1436 11618 2766 21143 3700 12970
internal_count=362634 256100 106534 87651 64052 168449 61055 42482 37534 79334 44329 26518 19274 23208 35061 89115 62572 35883 23446 15682 26596 28620 53477 13366 20427 20020 3072 17777 999 654 51761 7263 16762 11024 4792 6764 5409 23828 3019 4204 16726 13256 11553 22078 345 349 161 9268 24145 35638 10916 5192 4482 40111 3776 1563 1436 11618 2766 21143 3700 12970
is_linear=0
shrinkage=0.05


Tree=16
num_leaves=63
num_cat=0
split_feature=6 0 0 8 77 77 6 0 59 0 0 76 77 62 0 76 76 28 77 23 43 3 77 22 76 67 78 71 4 43 9 45 78 6 0 76 67 70 76 0 51 35 45 70 76 42 36 59 25 23 76 0 73 55 55 44 78 68 70 30 78 44
split_gain=7.47537e+06 1.46604e+06 1.25374e+06 638159 487021 310657 260477 205583 176292 140259 120263 113892 75414.2 73613.7 70447.9 68449.4 65812.1 64187.6 63462.7 59241.9 59112.5 55942.6 54987.4 61828.9 51744.4 50706.2 45093.9 44582 42384.4 40658.7 38958.5 37445.8 36908.7 36338 33101.5 30666.6 29525.2 29414 28207.5 28194.3 26756.8 26627.9 26431 26377.7 24922.9 24865.4 24084.1 24034.4 23885 23561.2 23108.9 23099.1 22061.8 22635.1 22047.3 21980.1 21560.6 21161.3 36080.8 23387.9 25903.6 20851.6
threshold=30.050000190734867 42.049999237060554 20.050000190734867 0.063500002026557936 -1.0000000180025095e-35 -0.5 9.1500000953674334 24.050000190734867 0.5949993133544923 39.049999237060554 65.500000000000014 0.60355339059327384 -1.0000000180025095e-35 33.000000158945731 9.0999999046325701 1.0000000180025095e-35 0.12940952255126045 15.949999809265138 -0.12940952255126037 27.57499980926514 0.045500000938773162 41.049999237060554 -0.5 0.01049999985843897 0.25881904510252091 119.50000000000001 0.68301270189221941 0.16900000319583344 39.100000381469734 0.76649999618530285 24.07499980926514 52.004999160766609 0.68301270189221941 72.500000000000014 12.050000190734865 0.91597561503675362 11.500000000000002 31.035000801086429 -0.5 57.500000000000007 4.5000000000000009 40.95000076293946 45.995000839233406 20.244999885559086 -0.78656609248549303 40.850000381469734 0.0065000001341104516 3.4800024032592778 15.97499990463257 21.554999351501468 0.78656609248549325 39.049999237060554 -2.5400006771087642 5.9999997615814218 4.2000000476837167 13.855000019073488 -1.0000000180025095e-35 21.250000000000004 33.82500076293946 21.525000572204593 -0.93301270189221908 30.054999351501468
decision_type=10 10 10 10 2 2 8 8 8 10 10 2 2 10 10 2 2 10 2 10 8 8 2 10 2 8 2 10 10 8 8 10 2 10 10 2 10 8 2 10 2 10 10 8 2 10 10 10 10 10 2 10 8 10 8 10 2 8 10 8 2 10
left_child=2 4 6 11 7 10 32 15 14 22 29 12 51 -6 26 61 57 19 31 24 -7 45 23 -5 33 28 55 -13 38 43 -17 -11 36 54 -18 -16 -1 -30 47 56 -33 -23 -25 -3 -24 -14 -15 -12 -45 -28 -38 -4 -27 -54 -9 -8 -22 59 -59 60 -10 -2
right_child=1 5 3 9 13 20 8 17 16 18 25 27 21 46 35 30 34 -19 -20 -21 39 41 44 42 -26 52 49 -29 37 -31 -32 40 -34 -35 -36 -37 50 -39 -40 -41 -42 -43 -44 48 -46 -47 -48 -49 -50 -51 -52 -53 53 -55 -56 -57 -58 58 -60 -61 -62 -63
leaf_value=-0.54138677809232849 0.3033985034758262 0.91170440037360645 0.092225009340698383 0.0036188019904633962 -0.10412089074627151 0.26336431473083938 -0.42677433456409131 0.26347051414672346 0.84679174358646092 0.54347690286923456 0.75653927493547701 -0.30223978971341348 -0.11663402819994867 0.030319751387566825 -0.18511316324694577 -0.079423637025721819 -0.19772150247699577 0.248373157978721 0.17098385258371876 0.25529302937217907 0.26694709468090888 0.0016713043853464398 0.056714009490812012 0.3514690315201156 0.24671833473953453 0.27053075962914874 -0.26430718660373781 -0.14471805205640592 0.54703631080420956 0.77844752623636604 0.13690892131650856 0.40715431876188818 -0.26028040869736063 0.7571369759643013 -0.061700583501759533 -0.28277624987534461 -0.3133476173513387 1.483373121686369 0.87898694519871712 0.54332923954249324 0.050929060883760195 -0.1694055373471024 0.17293993241572947 0.61977249300870441 -0.13416438176326506 -0.27383266330569989 0.18310459151353153 0.5089430898286148 0.50260976818616254 -0.07157384876999244 -0.39531958340001272 0.39949242428289411 0.58756707132140362 1.4839343555431854 0.47973513948075547 -0.30978696034727121 0.45416095396404171 0.14998641101922452 1.1914766072672098 -0.11618098253587578 0.052149088044019902 0.072733661195403657
leaf_weight=2293 4104 514 2641 3846 10521 6753 5340 1323 105 3403 2696 7629 16884 8624 39974 4531 11101 12791 3647 6017 2479 17079 6762 3466 2868 52 4130 10923 112 2365 3849 1513 10231 1093 7491 10061 16487 334 2475 4736 809 2624 5159 7152 2289 2956 3680 1540 11103 2574 17968 796 83 465 10789 16182 4051 721 94 2665 4404 1287
leaf_count=2293 4104 514 2641 3846 10521 6753 5340 1323 105 3403 2696 7629 16884 8624 39974 4531 11101 12791 3647 6017 2479 17079 6762 3466 2868 52 4130 10923 112 2365 3849 1513 10231 1093 7491 10061 16487 334 2475 4736 809 2624 5159 7152 2289 2956 3680 1540 11103 2574 17968 796 83 465 10789 16182 4051 721 94 2665 4404 1287
internal_value=-1.62119e-10 0.326073 -0.158048 -0.012861 0.183532 0.543263 -0.246436 0.272927 -0.202595 0.172557 0.644879 -0.105956 -0.0612637 -0.00701658 -0.240381 0.109349 -0.0913439 0.337508 0.334001 0.38912 0.380336 -0.0807899 0.102254 0.17034 0.439219 0.813262 -0.303542 -0.209495 0.776248 0.583076 0.0199396 0.437848 -0.344273 0.481029 -0.142917 -0.204751 -0.367657 1.24824 0.744881 0.45045 0.283043 -0.0211123 0.244683 0.558458 0.00844082 -0.140055 0.0760161 0.666526 0.548512 -0.190307 -0.356095 0.163387 1.25478 1.34817 0.456112 -0.338814 0.383088 0.0286762 0.270109 0.00124831 0.0706537 0.248332
internal_weight=362634 118387 244247 92426 71477 46910 151821 48652 104842 30894 28891 61532 42980 22825 78261 13771 26581 34881 9372 22090 18019 39543 21522 12471 16073 7757 28226 18552 7157 21134 8380 5725 46979 13205 18592 50035 36748 446 6711 11266 2322 19703 8625 18769 9051 19840 12304 4236 18255 6704 34455 3437 600 548 12112 21522 6530 7989 815 7174 4509 5391
internal_count=362634 118387 244247 92426 71477 46910 151821 48652 104842 30894 28891 61532 42980 22825 78261 13771 26581 34881 9372 22090 18019 39543 21522 12471 16073 7757 28226 18552 7157 21134 8380 5725 46979 13205 18592 50035 36748 446 6711 11266 2322 19703 8625 18769 9051 19840 12304 4236 18255 6704 34455 3437 600 548 12112 21522 6530 7989 815 7174 4509 5391
is_linear=0
shrinkage=0.05


Tree=17
num_leaves=63
num_cat=0
split_feature=0 77 49 49 0 0 76 4 79 8 79 76 49 49 68 79 79 28 76 79 62 76 62 1 9 79 9 44 4 38 76 31 67 67 76 70 16 23 69 35 50 13 44 51 35 44 50 47 0 45 50 29 66 79 52 47 49 67 51 70 79 50
split_gain=6.75904e+06 1.53292e+06 1.13075e+06 514277 507108 316092 210553 184003 162235 141216 133334 94683.9 90408.4 88924.7 85692 82037.4 69935 69414.9 65831.4 69207.1 57416.9 56520.2 54077.6 52341.3 51833.4 61747.5 50118.4 49101.6 46167.7 44003.1 43253.6 43211.7 41912.9 39979.7 38949.5 38519.4 36580.5 36118.6 35576.1 34680 33723.6 32126.3 31682.6 31255.9 31119.7 30352.9 38543.5 30135.9 29891.3 28484.2 28323.8 27560.9 27316.6 26323 26165.5 25905.4 25619.6 25482.9 28715.3 25354.6 25254.6 25165.6
threshold=30.050000190734867 1.0000000180025095e-35 9.5000000000000018 18.500000000000004 49.149999618530281 16.10000038146973 0.60355339059327384 38.049999237060554 0.25000000000000017 0.62950000166893016 0.6830127018922193 -0.91597561503675329 11.500000000000002 16.500000000000004 6.0499999523162851 0.6830127018922193 0.25000000000000017 22.94999980926514 0.25881904510252091 0.6830127018922193 20.508333325386051 1.0000000180025095e-35 43.708333333333336 20.050000190734867 28.464999198913578 0.6830127018922193 29.585000038146976 29.045000076293949 16.10000038146973 54.010000228881843 0.78656609248549325 29.994999885559086 104.50000000000001 44.149999618530281 0.78656609248549325 30.275000572204593 17.105000495910648 13.644999980926515 17.500000000000004 22.349999427795414 11.500000000000002 4.5827825069427499 26.804999351501468 4.5000000000000009 21.550000190734867 25.82499980926514 10.500000000000002 -7.8935935497283927 6.0499999523162851 43.995000839233406 6.5000000000000009 0.16950000077486041 0.9950000063981862 -0.5 10.472000598907472 -13.136423110961912 13.500000000000002 121.50000000000001 3.5000000000000004 15.704999923706056 -0.24999999999999994 5.5000000000000009
decision_type=10 2 2 2 10 8 2 10 2 8 2 2 2 2 8 2 2 10 2 2 10 2 8 8 10 2 10 10 10 8 2 10 8 8 2 10 8 8 8 10 2 8 10 2 10 10 2 10 10 8 2 10 8 2 8 8 2 10 2 8 2 2
left_child=2 4 7 5 6 21 13 14 11 15 23 -3 16 18 30 28 -7 24 19 26 61 27 -13 -5 25 31 47 38 35 42 50 -14 -11 -26 -16 -6 -15 -27 -4 56 45 -28 -17 -24 -38 46 -31 -2 -23 -40 -1 -22 -10 -20 -34 -37 -21 -30 -59 -51 -33 -9
right_child=1 8 3 10 9 12 -8 20 52 32 -12 22 17 36 34 29 -18 -19 53 39 51 48 43 -25 33 37 41 -29 57 40 -32 60 54 -35 -36 55 44 -39 49 -41 -42 -43 -44 -45 -46 -47 -48 -49 -50 59 -52 -53 -54 -55 -56 -57 -58 58 -60 -61 -62 -63
leaf_value=-0.22286337102632117 0.60135901098585021 0.27916783346697305 -0.015414749050055861 -0.18480635913095755 0.62541102292603012 0.12646538661320489 -0.27703199977030363 -0.16671523801855725 -0.20319485800370274 0.7060910738261702 -0.27336395468496083 -0.018561267183503611 0.53173250110731052 0.60037101276932303 -0.18387223623152643 0.64520307902825713 -0.12632001844602739 0.085159409789466567 0.3295968558691334 0.15142197962358062 -0.21339438052968102 -0.27647026481342241 0.19783731582519493 -0.052562401262914164 0.013220741229320704 -0.003976374122218556 0.44137480748382107 -0.24836220714885965 0.62903028612716128 -0.05598855745213404 -0.38788622977289888 0.42024781169473668 0.62307860540805871 0.3531330451729543 -0.28611804619953957 0.58732425364430718 0.26151991846561212 0.28737477652462101 0.60681978083880894 0.15410270640727833 0.42759541985217586 0.2624240809491401 0.0056350198269275766 0.017221316324395289 0.074042160850460864 -0.29837480238744168 0.50968873533384718 0.44613872931874926 -0.098144369925554517 0.64076392585300357 -0.34145337293171263 -0.094343339468830723 -0.039437253789748154 0.056566374393245057 1.1629355817155176 0.35667022631832279 0.46610441634187388 1.5380490998211114 0.40639585983874493 0.097867200262509738 0.19410775534473518 -0.26484534148758615
leaf_weight=9106 6246 6449 2133 11014 3281 9252 1388 10773 5130 8620 15069 10769 3531 658 17301 1171 3885 7257 1691 875 6406 2851 7390 23334 2877 1812 6963 1061 8724 708 23602 2376 302 1237 20177 1629 9488 2576 490 3208 970 3920 232 3544 2887 442 524 6262 13371 251 11262 20163 5057 1847 874 4817 2480 161 86 1502 2570 16602
leaf_count=9106 6246 6449 2133 11014 3281 9252 1388 10773 5130 8620 15069 10769 3531 658 17301 1171 3885 7257 1691 875 6406 2851 7390 23334 2877 1812 6963 1061 8724 708 23602 2376 302 1237 20177 1629 9488 2576 490 3208 970 3920 232 3544 2887 442 524 6262 13371 251 11262 20163 5057 1847 874 4817 2480 161 86 1502 2570 16602
internal_value=-1.82369e-10 0.309269 -0.150668 -0.0303631 0.433257 0.0692578 0.329806 -0.247032 0.0490804 0.585578 -0.149367 0.110952 0.157337 0.34791 -0.294469 0.517222 0.0517093 0.214592 0.391031 0.415123 -0.175408 -0.0827244 0.0609669 -0.0949676 0.269913 0.319315 0.45538 0.056792 0.561399 0.313112 -0.341818 0.398126 0.744292 0.115426 -0.238918 0.485947 0.237099 0.167063 0.130779 0.271643 0.193012 0.376918 0.539444 0.139295 0.217783 0.057082 0.184608 0.52365 -0.129485 0.269804 -0.288435 -0.123048 -0.121903 0.187062 1.0243 0.41496 0.384034 0.64321 1.14403 0.175601 0.302743 -0.226228
internal_weight=362634 118793 243841 108449 80454 59032 47913 135392 38339 32541 49417 28152 37373 46525 81448 22745 13137 24236 33492 29954 53944 21659 21703 34348 16979 12865 23391 5437 18698 4047 43970 8477 9796 4114 37478 9727 13033 4388 4376 6563 2644 10883 1403 10934 12375 1674 1232 12508 16222 2243 20368 26569 10187 3538 1176 6446 3355 8971 247 1753 4946 27375
internal_count=362634 118793 243841 108449 80454 59032 47913 135392 38339 32541 49417 28152 37373 46525 81448 22745 13137 24236 33492 29954 53944 21659 21703 34348 16979 12865 23391 5437 18698 4047 43970 8477 9796 4114 37478 9727 13033 4388 4376 6563 2644 10883 1403 10934 12375 1674 1232 12508 16222 2243 20368 26569 10187 3538 1176 6446 3355 8971 247 1753 4946 27375
is_linear=0
shrinkage=0.05


Tree=18
num_leaves=63
num_cat=0
split_feature=5 5 6 15 15 77 76 1 77 43 6 6 76 77 76 79 79 79 62 69 77 4 79 79 75 31 6 58 69 29 58 38 51 31 63 73 79 6 76 77 76 13 76 42 1 73 79 31 29 58 58 68 59 70 78 51 79 78 45 30 62 6
split_gain=6.18488e+06 1.14714e+06 799926 415646 355938 251820 183103 167914 122190 117452 106881 101713 100773 91235.7 89308.2 84728.1 69460.6 68239.5 62843.3 61723.9 64919.1 61606 59669.7 53918.5 59321.8 49833.8 45694.7 45261.7 43805.4 43689.7 43091.8 42290.3 40985.7 39482.6 38600.6 38460 37999 37490.7 34891 52520.3 34295.7 33123.3 31974 31623.5 31068.6 28098.9 27569.8 27434.1 25915.5 25830.8 25409.2 25150.5 24984.3 24318.2 30210.7 23993.2 22946.1 22790.9 22726.9 22630.7 22482.3 22306.5
threshold=28.050000190734867 43.350000381469734 18.050000190734867 0.1345000043511391 0.074500001966953291 -0.12940952255126037 0.60355339059327384 32.049999237060554 0.37940952255126048 0.69650000333786022 37.049999237060554 35.100000381469734 0.12940952255126045 0.37940952255126048 0.25881904510252091 0.25000000000000017 1.0000000180025095e-35 0.6830127018922193 36.166666825612388 11.500000000000002 -0.12940952255126037 42.049999237060554 0.6830127018922193 0.6830127018922193 1.0000000180025095e-35 41.004999160766609 6.0499999523162851 1.0000000180025095e-35 29.19999980926514 0.037499999627470977 6.0000009536743173 95.009998321533217 2.5000000000000004 37.995000839233406 26.999382708992844 -8.1500000953674299 0.25000000000000017 71.500000000000014 0.37940952255126054 0.37940952255126048 0.78656609248549325 6.2016794681549081 0.25881904510252091 44.049999237060554 23.050000190734867 4.8500008583068857 0.25000000000000017 46.989999771118171 inf 16.050000190734867 18.10000038146973 6.0499999523162851 1.4200003147125246 28.134999275207523 -0.24999999999999994 4.5000000000000009 -0.9330127018922193 -0.93301270189221908 73.014999389648452 20.884999275207523 39.708333333333336 46.100000381469734
decision_type=10 10 10 8 10 2 2 8 2 8 8 10 2 2 2 2 2 2 8 8 2 10 2 2 2 10 8 10 8 8 10 8 2 10 8 8 2 10 2 2 2 10 2 10 8 10 2 10 8 10 10 8 10 10 2 2 2 2 8 10 8 10
left_child=2 3 6 12 15 7 8 16 14 17 27 33 13 46 19 18 42 29 40 59 44 26 28 24 -7 37 -8 -5 -10 41 -12 53 -18 49 -11 -34 52 45 39 -17 -4 -9 -3 60 -21 -13 -2 50 -36 -6 -29 -28 -14 58 -55 -37 -52 -30 -19 -1 -15 -56
right_child=1 5 4 10 11 23 21 9 22 34 30 25 36 43 -16 38 32 31 -20 20 -22 -23 -24 -25 -26 -27 51 47 57 -31 -32 -33 35 -35 48 55 -38 -39 -40 -41 -42 -43 -44 -45 -46 -47 -48 -49 -50 -51 56 -53 -54 54 61 -57 -58 -59 -60 -61 -62 -63
leaf_value=-0.10557838273873502 0.3310393588869156 0.51509174759606668 -0.065837127311707391 0.10939031334393368 0.10399713964503372 0.11063291706374841 -0.38725987142448864 0.55353802719507339 -0.26967441402630493 0.70304609554081776 0.28532895675572001 0.2888612996859789 -0.071200638350098544 -0.037066754384857042 -0.1840335026459177 0.028765024206191099 0.066805294053736933 0.63765124776543036 0.062945472614774928 0.10138040566908875 -0.065599971154988571 -0.20768723254894961 -0.29331958238919081 -0.10529439984516065 0.36504223284777965 0.12900628882230117 -0.32597401875624471 0.28225085119237586 0.015686126363184304 0.76130474715932017 0.44366013699464396 0.02668738146347472 0.72218321658865148 -0.0027182859165603476 0.95849061464828678 0.41786360376005122 -0.20711079122979009 0.92630267484973272 -0.25480806604239464 -0.19444739912913678 -0.18565263283706479 0.38746010683949894 0.2798803614780731 -0.24162566594727797 0.35727609242163783 0.71812886721262315 0.13453497474565651 0.17034102252577926 1.7864919834430808 0.38659456827587924 1.3397587126916213 -0.2464234346165943 0.12507654219164693 -0.05530227736399778 0.13138932321220637 0.079684899485381988 0.48957357241544686 -0.15283873227161265 0.24525176068217083 -0.46050678210930329 0.10486459346204924 0.70220488091420319
leaf_weight=1546 3553 4855 23635 11708 7133 3741 15002 16603 8439 5169 13047 3034 7782 5618 8985 3680 2676 1308 7727 2787 3804 18650 16178 1085 5913 3602 19224 5145 2250 2135 6408 933 537 14136 809 1044 4399 299 10167 9283 7992 3665 2057 1153 2065 436 3587 5734 107 912 89 20564 2048 509 305 1054 733 18515 514 633 5543 390
leaf_count=1546 3553 4855 23635 11708 7133 3741 15002 16603 8439 5169 13047 3034 7782 5618 8985 3680 2676 1308 7727 2787 3804 18650 16178 1085 5913 3602 19224 5145 2250 2135 6408 933 537 14136 809 1044 4399 299 10167 9283 7992 3665 2057 1153 2065 436 3587 5734 107 912 89 20564 2048 509 305 1054 733 18515 514 633 5543 390
internal_value=-1.92052e-10 0.273017 -0.156176 0.14759 -0.0418981 0.446293 -0.232037 0.498557 -0.171055 0.558056 0.250873 0.10108 0.016156 0.0901197 -0.0674816 -0.10952 0.340612 0.512351 -0.0648833 0.0291698 0.0890458 -0.286179 -0.216289 0.228897 0.266457 0.261994 -0.312897 0.178895 -0.173617 0.546169 0.337479 0.320988 0.204636 0.0476065 0.756059 0.344611 -0.0849678 0.389088 -0.185466 -0.131081 -0.096114 0.523507 0.445093 0.00766843 0.210289 0.342798 0.232319 0.248441 1.05521 0.136033 0.323492 -0.284859 -0.0303079 0.411729 0.237363 0.247968 0.581625 -0.134578 0.526952 -0.208685 0.033422 0.451703
internal_weight=362634 131956 230678 76547 92036 55409 138642 44670 65202 32447 42864 29552 33683 19454 19820 62484 12223 26362 39354 10835 8656 73440 45382 10739 9654 7371 54790 23409 29204 22403 19455 3959 5311 22181 6085 2635 14229 3769 23130 12963 31627 20268 6912 12314 4852 3470 7140 11701 916 8045 5967 39788 9830 3026 1204 2098 822 20765 1822 2179 11161 695
internal_count=362634 131956 230678 76547 92036 55409 138642 44670 65202 32447 42864 29552 33683 19454 19820 62484 12223 26362 39354 10835 8656 73440 45382 10739 9654 7371 54790 23409 29204 22403 19455 3959 5311 22181 6085 2635 14229 3769 23130 12963 31627 20268 6912 12314 4852 3470 7140 11701 916 8045 5967 39788 9830 3026 1204 2098 822 20765 1822 2179 11161 695
is_linear=0
shrinkage=0.05


Tree=19
num_leaves=63
num_cat=0
split_feature=5 49 49 0 0 5 49 0 43 49 9 79 0 4 79 0 28 37 76 59 0 28 30 5 79 47 79 50 49 37 79 0 50 67 36 70 29 79 44 49 49 4 51 32 50 9 5 51 70 49 9 5 79 73 37 50 37 79 43 30 78 50
split_gain=5.5928e+06 1.34069e+06 732231 650359 262068 228303 206215 197445 147070 144651 107624 81758.2 79479.4 74208.3 71740.1 68140.5 61318.1 65771.8 59729.5 51590.1 50791.5 48984.8 48262.1 46717.7 41257.6 40086.9 39003 37722.3 36294.5 38341.7 33961.1 33570.4 31435.4 31400.2 31191.8 30474.4 30365.2 28598.8 28054.6 27788.7 34201.1 27613 27461.2 55542.7 26863.4 33449 44482.5 26355 27419.1 46048.5 25336.1 25139 25013 24478.5 24459.1 28222.5 35818.2 24317.5 24295.6 24114.5 23879 23643.6
threshold=35.149999618530281 10.500000000000002 18.500000000000004 48.20000076293946 28.10000038146973 12.09999990463257 10.500000000000002 21.19999980926514 0.4825000017881394 17.500000000000004 16.185000419616703 0.25000000000000017 16.10000038146973 40.049999237060554 0.6830127018922193 69.500000000000014 26.44999980926514 29.545000076293949 0.78656609248549325 0.68000078201293956 37.049999237060554 22.94999980926514 12.614999771118166 54.399999618530281 0.6830127018922193 -11.635181427001951 0.6830127018922193 6.5000000000000009 13.500000000000002 15.09500026702881 -0.9330127018922193 35.100000381469734 6.5000000000000009 7.5000000000000009 0.29449999332427984 39.444999694824226 0.032500000670552261 0.6830127018922193 26.595000267028812 12.500000000000002 17.500000000000004 45.049999237060554 4.5000000000000009 15.284999847412111 5.5000000000000009 21.945000648498539 82.500000000000014 4.5000000000000009 29.425000190734867 12.500000000000002 10.815000057220461 7.0499999523162851 -0.5 -5.5899996757507315 16.285000801086429 2.5000000000000004 20.554999351501468 0.25000000000000017 0.73849999904632579 13.565000057220461 0.68301270189221941 10.500000000000002
decision_type=10 2 2 8 10 10 2 10 8 2 8 2 8 10 2 10 10 10 2 10 10 10 8 10 2 8 2 2 2 8 2 10 2 8 10 10 8 2 10 2 2 10 2 8 2 10 10 2 10 2 8 8 2 10 10 2 10 2 8 10 2 2
left_child=1 5 4 6 12 13 -2 24 19 14 -7 20 34 32 22 58 17 25 27 57 -9 47 -8 31 33 37 53 -12 -16 61 42 -24 50 -4 -3 -32 54 -6 -29 52 -41 -20 -17 -44 45 46 -25 48 49 -14 -1 -34 -27 -11 -21 56 -56 -5 -10 -51 -15 -30
right_child=3 2 7 8 16 10 9 11 15 26 18 -13 21 60 28 30 -18 -19 41 36 -22 -23 23 44 -26 39 -28 38 29 -31 35 -33 51 -35 -36 -37 -38 -39 -40 40 -42 -43 43 -45 -46 -47 -48 -49 -50 59 -52 -53 -54 -55 55 -57 -58 -59 -60 -61 -62 -63
leaf_value=-0.37894417372948946 -0.024673102001803372 0.018370208364647263 -0.54250080592224825 0.3830144873077197 0.69032533002514307 -0.26417119150465174 0.70398575753354753 -0.0047946959707593868 0.51695780863178753 0.34260167545164188 -0.040965213391012355 -0.12793799195158947 0.097385788430943435 -0.22716147006941287 0.020038374544753337 0.94366629436637828 0.14734408472395505 0.20186336359760607 -0.229001148273515 0.95900742395196925 0.16839597762301037 0.0004384999376292548 0.24006718975912858 0.46193391098515008 -0.26834127644875294 0.45865201984616627 -0.11373173168968714 -0.17702290542109309 1.5439258267050207 0.23419636456490811 0.76735698962051113 0.36820446750863955 -0.39002807341540474 -0.13501106139772207 -0.15298048180384419 -0.25451451904078326 0.65465515309787792 0.18474930349492028 -0.06515483374038504 0.46628000071614084 0.19210324885846269 -0.10660704511674018 0.74941337913274764 2.3884058556824086 0.54543083633218081 0.27333846871998196 1.4445398313599034 0.060906935226446537 0.11788715883890051 0.26235818144185197 -0.23558419711170653 -0.29734261673936957 0.044285938447840574 0.12693876189123141 0.64700281710053487 0.47171816548957957 0.081278045020763121 0.17899692188399827 0.69220852827076862 0.52668479355276121 -0.10926080751080176 0.26161007234605693
leaf_weight=3716 6694 7007 486 4537 1721 16900 972 18337 6186 1530 20991 11332 1917 16268 2329 725 5962 5943 14878 236 5504 5711 9811 592 11264 539 1513 14299 92 4996 2682 10671 13347 17351 4277 75 2225 334 9217 5263 1451 6676 100 107 3830 2746 143 3535 3749 1624 18062 16190 1123 9396 384 11261 1031 2154 2907 1841 5835 59
leaf_count=3716 6694 7007 486 4537 1721 16900 972 18337 6186 1530 20991 11332 1917 16268 2329 725 5962 5943 14878 236 5504 5711 9811 592 11264 539 1513 14299 92 4996 2682 10671 13347 17351 4277 75 2225 334 9217 5263 1451 6676 100 107 3830 2746 143 3535 3749 1624 18062 16190 1123 9396 384 11261 1031 2154 2907 1841 5835 59
internal_value=-1.02413e-10 -0.112806 0.0157778 0.341799 0.155282 -0.20841 0.235528 -0.0970795 0.511825 0.271309 -0.151577 -0.0173674 0.0578732 -0.27263 0.321804 0.646516 0.284635 0.334625 -0.122772 0.432953 0.0351886 0.122009 0.357667 0.345556 -0.193424 0.410265 0.124192 -0.0896866 0.183814 0.257921 0.827764 0.306826 -0.305621 -0.146114 -0.0465772 0.739559 0.484059 0.608154 -0.133177 0.361714 0.407026 -0.191092 1.08869 1.59662 0.454058 0.353525 0.653108 0.176824 0.2217 0.294014 -0.260046 -0.339225 0.178668 0.157139 0.454662 0.445272 0.234803 0.317336 0.572985 0.402798 -0.196037 1.04289
internal_weight=362634 272650 116271 89984 51997 156379 55374 64274 34610 48680 82961 35173 29661 73418 36241 12782 22336 16374 66061 21828 23841 18377 28765 27793 29101 10431 12439 44507 7476 5147 3689 20482 51315 17837 11284 2757 15137 2055 23516 8376 6714 21554 932 207 7311 3481 735 12666 9131 5382 21778 29537 1662 10926 12912 12676 1415 6691 9093 3465 22103 151
internal_count=362634 272650 116271 89984 51997 156379 55374 64274 34610 48680 82961 35173 29661 73418 36241 12782 22336 16374 66061 21828 23841 18377 28765 27793 29101 10431 12439 44507 7476 5147 3689 20482 51315 17837 11284 2757 15137 2055 23516 8376 6714 21554 932 207 7311 3481 735 12666 9131 5382 21778 29537 1662 10926 12912 12676 1415 6691 9093 3465 22103 151
is_linear=0
shrinkage=0.05


Tree=20
num_leaves=63
num_cat=0
split_feature=6 5 5 15 76 15 53 77 9 76 50 72 63 6 77 63 76 58 69 77 67 76 50 9 77 5 38 77 35 77 76 50 4 73 45 27 50 45 73 73 39 29 77 36 38 73 47 77 50 67 76 64 30 67 50 4 2 50 29 5 50 67
split_gain=5.111e+06 1.11031e+06 594784 357907 251310 203604 165276 137111 99773.1 84725.8 82148.4 81382.9 73118 70783.1 63623.1 62657.3 56641.7 54604.1 53064.5 65750.2 51462.9 50755 47773.2 47276.1 46838.6 42211.8 40967.5 40565.7 42145.6 38389.5 39282.4 38160.6 37732.7 36841.9 36450.7 36441.8 35521.2 32635.9 32458.5 31516.4 31969.2 30170.2 30072.2 35523.2 29678.5 29280.9 28040.9 27967.4 27382.6 26750.2 26722.1 25563.7 25299.3 23934.7 23845.5 23600.5 23370.3 23259.9 27971 22728.1 22549 25461.9
threshold=33.100000381469734 22.149999618530277 43.350000381469734 0.1225000023841858 0.60355339059327384 0.13749999552965167 16.979175567626957 0.37940952255126048 14.074999809265138 0.25881904510252091 10.500000000000002 0.81861472129821788 11.730302638892152 7.0999999046325692 -0.12940952255126037 23.209193580705627 0.12940952255126045 9.0499992370605487 11.500000000000002 -0.12940952255126037 38.350000381469734 0.60355339059327384 10.500000000000002 31.535000801086429 0.1294095225512602 57.20000076293946 39.004999160766609 0.25881904510252057 15.550000190734865 0.37940952255126048 1.0000000180025095e-35 4.5000000000000009 43.250000000000007 -7.7249994277954093 40.965000152587898 -8.6072211265563947 10.500000000000002 51.004999160766609 -11.280000209808348 1.4500017166137698 22.785000801086429 0.2334999963641167 -0.12940952255126037 0.25749999284744268 56.995000839233406 -3.7599999904632564 -12.699152469635008 -0.5 8.5000000000000018 7.5000000000000009 -1.0000000180025095e-35 20.422499974568691 20.884999275207523 51.100000381469734 2.5000000000000004 47.250000000000007 29.050000190734867 6.5000000000000009 0.030499999411404136 36.049999237060554 6.5000000000000009 23.500000000000004
decision_type=10 10 8 10 2 8 8 2 8 2 2 10 10 10 2 10 2 10 8 2 8 2 2 10 2 8 10 2 8 2 2 2 10 10 10 10 2 10 8 10 8 10 2 10 10 8 8 2 2 10 2 8 10 8 2 10 8 2 10 10 2 10
left_child=1 4 5 8 7 16 11 9 -3 18 20 22 41 55 34 25 24 42 52 37 49 29 35 33 36 -8 -19 28 -13 30 51 -17 -15 -24 -14 45 38 -20 48 -33 -41 44 43 50 57 -4 -28 -37 -2 -9 60 -10 -1 -39 -22 -6 -31 58 -5 -45 61 -7
right_child=2 3 6 12 13 17 15 10 21 -11 -12 27 14 32 -16 31 -18 26 19 -21 54 -23 23 -25 -26 -27 46 -29 -30 56 -32 39 -34 -35 -36 47 -38 53 -40 40 -42 -43 -44 59 -46 -47 -48 -49 -50 -51 -52 -53 -54 -55 -56 -57 -58 -59 -60 -61 -62 -63
leaf_value=-0.075747587543046058 -0.33340343026148561 -0.21172301661510093 0.68388674631058122 0.33550217869980536 -0.3337881865376256 -0.20875403702631595 0.4163543140424335 -0.50666619803583657 0.38358105219513827 -0.13621178846757731 -0.27939038326288174 0.52998718398004485 0.53173616858091965 -0.24158314216354806 0.075365812401240267 0.32265831502312992 -0.047880369426840687 0.54746663712298116 0.2786211065701884 -0.049520518204436072 -0.1959349273515438 -0.11633081885264325 0.47517226757342468 1.1547905955421791 0.049232175750999974 0.5931958981798523 0.51778501058794768 0.15241386925062972 0.36804495803937598 -0.084217465781863954 0.00069847051281369903 0.69609411203787486 -0.14883101464615464 -0.13403490932778189 0.27623270913446579 0.33205652094802107 0.025762928400478953 0.013919775770631021 0.37488886446081704 0.72738882696675033 1.2985997797153264 -0.12394643268270059 0.13262602830481204 0.14235254246345927 0.068938425729910352 0.33637216779030737 0.25209176750713402 0.15742818304707629 0.74781385807141865 -0.20474259656009766 0.12723798721860499 0.12324291627039906 -0.4228409429504596 0.34515533309063506 -0.087867499899552587 -0.21686002046655373 0.016337087084706613 0.11739159609457644 0.11322609813540566 0.27969564817526571 0.32428466252323074 0.61315111688703794
leaf_weight=2091 296 8097 1014 3773 23989 100 6665 776 1346 12936 13898 8612 2318 41001 2477 470 7404 2405 3752 5829 6263 10587 301 89 7833 6835 1238 1194 7531 9832 5351 2082 14968 1414 3509 5753 1354 3163 3310 449 539 1240 6389 5757 11060 1507 5019 3812 73 13434 888 3149 701 659 27597 5262 14015 6824 2265 6318 2188 1633
leaf_count=2091 296 8097 1014 3773 23989 100 6665 776 1346 12936 13898 8612 2318 41001 2477 470 7404 2405 3752 5829 6263 10587 301 89 7833 6835 1238 1194 7531 9832 5351 2082 14968 1414 3509 5753 1354 3163 3310 449 539 1240 6389 5757 11060 1507 5019 3812 73 13434 888 3149 701 659 27597 5262 14015 6824 2265 6318 2188 1633
internal_value=-6.80109e-11 -0.116205 0.303215 0.0312646 -0.188003 0.186239 0.429735 -0.130268 -0.0503436 -0.0408025 -0.172326 0.361388 0.158988 -0.249721 0.287638 0.554986 0.0622988 0.264908 0.0354071 0.0767154 -0.141371 -0.0208339 0.271209 0.0311961 0.125704 0.505889 0.372076 0.433638 0.454438 0.00917305 0.0922333 0.74222 -0.216778 -0.0271128 0.377873 0.307034 0.244718 0.173867 0.325302 0.806453 1.03901 0.116531 0.225021 0.259984 0.128996 0.47615 0.304661 0.262461 -0.119504 -0.22123 0.374906 0.2012 -0.162894 0.0710323 -0.107856 -0.312754 -0.0251211 0.18064 0.252121 0.214215 0.430996 0.565724
internal_weight=362634 262162 100472 85843 176319 52205 48267 91099 52377 29131 61968 31227 33466 85220 8304 17040 20270 31935 16195 13403 48070 44280 13890 1804 12866 13500 8662 17337 16143 33693 9846 3540 55969 1715 5827 12086 5033 7574 3679 3070 988 25162 23273 16884 23922 2521 6257 9565 369 14210 4809 4495 2792 3822 33860 29251 23847 12862 6038 12075 3921 1733
internal_count=362634 262162 100472 85843 176319 52205 48267 91099 52377 29131 61968 31227 33466 85220 8304 17040 20270 31935 16195 13403 48070 44280 13890 1804 12866 13500 8662 17337 16143 33693 9846 3540 55969 1715 5827 12086 5033 7574 3679 3070 988 25162 23273 16884 23922 2521 6257 9565 369 14210 4809 4495 2792 3822 33860 29251 23847 12862 6038 12075 3921 1733
is_linear=0
shrinkage=0.05


Tree=21
num_leaves=63
num_cat=0
split_feature=6 0 0 8 77 77 5 0 0 0 59 16 78 6 5 0 79 67 70 64 77 22 77 2 79 70 6 76 31 4 70 59 76 51 32 73 79 70 66 43 6 69 47 70 79 70 5 43 13 29 67 76 78 70 76 68 70 59 6 51 63 70
split_gain=4.61737e+06 919553 790700 379650 252482 240978 181461 113504 102670 87208 76843.7 75290.5 61635.2 56209.5 51578.3 49514.9 49223.7 44046.9 44040.2 42851.7 40872.3 43808.3 37911.5 34397.4 34188.8 40010.6 33944.6 33760.6 31785.4 31423.8 30248.8 29946 34034.6 29401.3 60064 31749.8 28903.6 30658.6 27405.6 26358.1 26295.3 28124.4 26274.2 26254.4 27981.9 25696.5 24703.5 24174.5 24017.3 23401.8 23011.2 22911.9 23442 40558.8 22771.8 22455.5 23630.7 26054.1 22142.8 21634 21167.6 21059.4
threshold=30.050000190734867 39.049999237060554 20.050000190734867 0.063500002026557936 -1.0000000180025095e-35 -0.5 12.09999990463257 17.35000038146973 63.500000000000007 41.049999237060554 0.5949993133544923 17.105000495910648 0.68301270189221941 47.299999237060554 19.10000038146973 51.100000381469734 -0.9330127018922193 10.500000000000002 39.444999694824226 13.19166684150696 -0.5 0.015500000212341549 -0.5 35.149999618530281 0.25000000000000017 20.945000648498539 88.500000000000014 0.78656609248549325 29.994999885559086 31.050000190734867 35.034999847412116 1.1900014877319338 -1.0000000180025095e-35 4.5000000000000009 19.175000190734867 2.4100000858306889 0.6830127018922193 23.515000343322757 3.3319999799132352 0.76649999618530285 85.500000000000014 40.099999904632575 -7.1266224384307852 32.975000381469734 0.93301270189221952 31.904999732971195 39.100000381469734 0.71650001406669628 0.99928176403045665 0.034500000998377807 131.50000000000003 -0.25881904510252113 -0.6830127018922193 24.154999732971195 -0.78656609248549303 6.0499999523162851 37.014999389648445 2.1049995422363286 15.050000190734865 3.5000000000000004 1.7224014243685137 27.564999580383304
decision_type=10 10 10 10 2 2 10 8 10 10 8 8 2 10 8 10 2 8 10 10 2 10 2 10 2 8 10 2 10 10 8 10 2 2 10 8 2 10 8 8 10 10 10 10 2 10 10 8 10 10 8 2 2 8 2 8 8 10 8 2 10 10
left_child=2 4 6 11 7 8 12 51 24 20 19 54 17 28 -13 -7 33 -1 29 -8 21 -5 42 -6 39 -26 36 55 61 47 -31 45 -33 50 35 -35 37 -15 -17 40 -3 -42 -11 59 -45 -14 -16 -18 -39 -23 -10 52 53 -2 -4 -19 -57 -58 -21 -38 -54 -9
right_child=1 5 3 9 23 15 10 13 16 22 -12 14 31 26 46 38 18 27 -20 58 -22 49 -24 -25 25 -27 -28 -29 -30 30 -32 32 -34 34 -36 -37 43 48 -40 -41 41 -43 -44 44 -46 -47 -48 -49 -50 -51 -52 -53 60 -55 -56 56 57 -59 -60 -61 -62 -63
leaf_value=-0.4533984727146112 1.9015590759515764 0.43560640750069823 0.02902612901066683 0.011417148532346433 -0.065090250570544753 0.20467649457808609 -0.28616120865747868 0.40586100221424187 0.66285805730040059 0.52258662264094891 -0.056591108681403504 -0.11583559169593215 -0.21720536855820929 0.6149212735683478 -0.027565083608977661 0.30187788828997969 0.51371765819575177 -0.25043806768404558 -0.18743902624565334 -0.19172996088700045 0.0067820891664265972 0.25036160100967925 0.17522991994532158 0.066970536045123152 0.68954044955041127 0.29563510848316005 0.70783825473242257 -0.30117899405419968 0.15499029839547912 0.6634079476962218 1.2462889510491977 0.46250554474173877 -0.091166709159273454 0.31220772930957974 2.1291728586068861 1.4741045230366652 -0.025917812524061685 0.3794257308563036 0.48032499077952412 0.6277469868973512 1.3240495875940597 0.57499664855272103 0.25688061601528261 0.17087629614306576 1.4199830147717147 -0.057629828213808659 0.12830092624380171 0.75865352362917937 0.20081819889302835 0.053754696479928414 1.2739082775342672 -0.058423520888420892 -0.18010941851768913 0.25012685415302888 -0.22149503832972647 -0.18381220235954557 0.0099233246649974641 1.0257844358244363 -0.12291978709996805 0.30750085525177911 0.22389632309510821 0.21550465217182904
leaf_weight=3164 50 14747 997 4299 13005 11375 6942 2294 875 1898 20524 20547 11921 927 27125 6992 4993 21630 180 20858 9777 6774 4372 7942 726 5754 540 27853 18569 634 343 379 1037 137 135 103 1352 4921 3108 2407 163 542 1825 102 80 3200 2805 1262 3048 1949 187 4563 485 145 10058 6763 879 68 26603 760 978 3963
leaf_count=3164 50 14747 997 4299 13005 11375 6942 2294 875 1898 20524 20547 11921 927 27125 6992 4993 21630 180 20858 9777 6774 4372 7942 726 5754 540 27853 18569 634 343 379 1037 137 135 103 1352 4921 3108 2407 163 542 1825 102 80 3200 2805 1262 3048 1949 187 4563 485 145 10058 6763 879 68 26603 760 978 3963
internal_value=-1.02836e-10 0.256269 -0.124214 -0.00891373 0.127206 0.406725 -0.194407 0.196851 0.491173 0.1341 -0.139031 -0.0807182 -0.248366 0.230449 -0.0548347 0.276218 0.637023 -0.271798 0.585099 -0.170132 0.0840435 0.142052 0.275081 -0.0150198 0.438146 0.339767 0.320648 -0.261752 0.187832 0.604327 0.868043 -0.162845 0.0570266 0.904847 1.28545 0.810855 0.301963 0.34277 0.35679 0.473842 0.449868 0.748182 0.392339 0.143717 0.719934 -0.183435 -0.0129575 0.563136 0.311112 0.206433 0.770454 -0.000582325 0.158603 0.673571 -0.198902 -0.224322 -0.151057 0.0828679 -0.15316 0.0940624 0.0899641 0.285295
internal_weight=362634 118387 244247 92426 63724 54663 151821 42777 33188 30894 74927 61532 76894 36556 50477 21475 8849 60357 7412 54403 22799 13022 8095 20947 24339 6480 11730 57193 24826 7232 977 16537 1416 1437 375 240 11190 8896 10100 17859 15452 705 3723 2294 182 15121 29930 6255 7969 8723 1062 6221 1658 195 11055 29340 7710 947 47461 2112 1463 6257
internal_count=362634 118387 244247 92426 63724 54663 151821 42777 33188 30894 74927 61532 76894 36556 50477 21475 8849 60357 7412 54403 22799 13022 8095 20947 24339 6480 11730 57193 24826 7232 977 16537 1416 1437 375 240 11190 8896 10100 17859 15452 705 3723 2294 182 15121 29930 6255 7969 8723 1062 6221 1658 195 11055 29340 7710 947 47461 2112 1463 6257
is_linear=0
shrinkage=0.05


Tree=22
num_leaves=63
num_cat=0
split_feature=0 6 77 49 0 5 49 76 6 59 6 62 49 43 0 6 64 50 22 31 38 50 37 25 63 6 76 71 38 50 6 9 4 37 51 50 73 50 9 67 5 9 38 73 71 71 37 49 68 44 78 40 0 38 35 51 67 73 11 62 22 37
split_gain=4.19166e+06 948284 754812 303799 238831 167144 160026 116274 111022 105167 80802.3 65724.5 61105.3 59240.5 57254 52930.5 45198.5 43302.6 41924 40994.1 40987.1 36607.1 64139.2 32853.7 29574.6 29371 28701.3 28603.8 30908.6 26664.9 26332.7 26717.5 26112 28543.3 31775.3 28489 28058.3 25573.5 30310.7 25208.2 25181.6 24970.7 26950.4 24043.3 23811.7 23421 22065.9 29662.4 23454.1 21852.7 21810 21654.8 21268.4 21167.4 21056 20921.5 33219 20753.9 24757.2 20601.9 20526.7 20478.6
threshold=33.049999237060554 21.10000038146973 -0.12940952255126037 9.5000000000000018 53.049999237060554 9.0999999046325701 19.500000000000004 0.37940952255126054 28.050000190734867 0.87000179290771495 36.049999237060554 22.683333237965908 12.500000000000002 0.6264999806880952 47.250000000000007 39.100000381469734 17.481666644414272 5.5000000000000009 0.0084999999962747114 50.995000839233406 90.009998321533217 2.5000000000000004 19.714999198913578 25.925000190734867 0.70710678118764758 9.1500000953674334 0.12940952255126045 2.0500000289175664 42.995000839233406 10.500000000000002 85.500000000000014 22.265000343322757 21.050000190734867 27.525000572204593 5.5000000000000009 10.500000000000002 2.9799997806549077 6.5000000000000009 23.875000000000004 104.50000000000001 72.500000000000014 13.885000228881838 64.99499893188478 3.0399994850158696 0.096000001823995276 0.4579999977140688 21.314999580383304 12.500000000000002 25.500000000000004 20.945000648498539 -0.93301270189221908 -7.0469486713409415 7.0499999523162851 64.014999389648452 26.650000572204593 3.5000000000000004 103.50000000000001 -2.1499986648559566 24.454999923706058 14.50833320617676 0.64650002121925365 20.454999923706058
decision_type=10 10 2 2 10 8 2 2 8 10 10 10 2 8 10 8 8 2 8 10 10 2 8 10 8 8 2 10 10 2 10 8 10 10 2 2 10 2 10 8 8 8 10 8 10 10 8 2 10 8 2 8 10 8 10 2 10 8 10 8 8 8
left_child=1 5 4 16 7 17 10 15 41 11 18 25 -11 21 26 20 -3 44 -5 24 43 22 53 30 -12 -7 -10 28 51 40 -17 -32 33 34 -23 -35 -37 38 -18 -15 46 -4 -43 -2 -1 -13 47 -26 -48 -34 -47 -20 -19 -6 -8 56 -51 -41 -59 -31 -16 -14
right_child=2 3 8 6 13 9 54 -9 14 12 19 45 61 39 60 23 37 52 27 -21 -22 32 -24 -25 29 -27 -28 -29 -30 59 31 -33 49 35 -36 36 -38 -39 -40 57 -42 42 -44 -45 -46 50 48 -49 -50 55 -52 -53 -54 -55 -56 -57 -58 58 -60 -61 -62 -63
leaf_value=-0.26389386885982641 0.24139135992016239 -0.22299770172346017 -0.26021594010825783 -0.0098850551483995654 0.95617346663010716 -0.25290273975592265 -0.019818770761412838 -0.13299008160489798 0.13753118485295787 -0.087154708485931875 -0.35361964897191167 -0.18043205198155052 0.26268364931926119 0.60883461952918194 0.22535297113459488 0.39769764251427731 -0.089897399352522667 -0.33240952204506957 0.4543743090411681 0.10683971700346469 0.044688133465958395 0.63022210830917358 0.034849488452093395 0.28062789762562423 0.1209560658414401 -0.17549948494794965 -0.078309585717630373 0.033170114613434484 0.10817594183731494 -0.16413170156440968 1.2496798140906618 0.53471664906155025 0.192679836855429 0.41206399308843955 0.21448944654319113 -0.160786501086322 1.1005504878759385 -0.14039343946282465 0.069363551837082843 0.2901159327603498 0.60314212584982052 0.061191245003711328 -0.082738499953629752 0.39443098043232294 -0.14848276878184669 0.067853981525991799 0.23216612536684111 0.56655047840865602 1.0527968339918352 0.6504138543668101 -0.10127907889270592 0.19583809631494553 -0.25081677044733897 0.22191001052030279 -0.14821077111077732 0.4919440009031994 1.2588057448496541 0.5384054907469773 1.1883457219536202 0.19831377301381592 0.39536898057153502 0.042711758110140455
leaf_weight=7425 8976 7288 863 10529 323 17138 15138 1434 12793 12085 197 9268 1756 4898 6293 15639 8575 15470 1237 7468 2063 2850 1130 6832 531 43021 1751 6683 7938 561 173 534 328 6362 548 373 50 10030 4585 118 621 10426 4727 3594 11227 2067 8231 1259 88 2268 24482 2346 16511 141 4047 1935 249 204 520 1302 2473 2662
leaf_count=7425 8976 7288 863 10529 323 17138 15138 1434 12793 12085 197 9268 1756 4898 6293 15639 8575 15470 1237 7468 2063 2850 1130 6832 531 43021 1751 6683 7938 561 173 534 328 6362 548 373 50 10030 4585 118 621 10426 4727 3594 11227 2067 8231 1259 88 2268 24482 2346 16511 141 4047 1935 249 204 520 1302 2473 2662
internal_value=-8.56828e-11 -0.105523 0.273848 0.0168446 0.383184 -0.179535 0.0755102 0.308941 0.102744 -0.145576 0.123447 -0.165624 -0.0289822 0.513861 0.172381 0.325701 -0.114384 -0.254973 0.0695296 0.199922 0.251248 0.465874 0.238089 0.372706 0.254272 -0.19755 0.111545 0.115462 0.163197 0.263781 0.411191 0.709665 0.49014 0.444886 0.563176 0.385646 -0.0116923 -0.0802494 -0.0344102 0.652279 0.294098 0.0013929 0.0162922 0.285148 -0.194426 -0.112 0.275113 0.434366 0.240847 0.586546 -0.088111 0.285096 -0.290285 0.733046 -0.0469026 0.615564 0.7106 0.904998 1.00521 0.0891716 0.273317 0.130143
internal_weight=362634 261766 100868 98654 61542 163112 68176 39245 39326 112479 48991 95976 16503 22297 23310 37811 30478 50633 28733 20258 14633 16557 1594 23178 12790 60159 14544 18204 11521 12593 16346 707 14963 10183 3398 6785 423 23190 13160 5740 10730 16016 15153 12570 18652 35817 10109 1790 8319 4780 26549 3583 31981 464 19185 4452 2517 842 724 1863 8766 4418
internal_count=362634 261766 100868 98654 61542 163112 68176 39245 39326 112479 48991 95976 16503 22297 23310 37811 30478 50633 28733 20258 14633 16557 1594 23178 12790 60159 14544 18204 11521 12593 16346 707 14963 10183 3398 6785 423 23190 13160 5740 10730 16016 15153 12570 18652 35817 10109 1790 8319 4780 26549 3583 31981 464 19185 4452 2517 842 724 1863 8766 4418
is_linear=0
shrinkage=0.05


Tree=23
num_leaves=63
num_cat=0
split_feature=5 0 0 8 49 77 77 6 6 59 79 6 50 6 6 70 77 50 51 5 70 38 51 32 73 51 6 79 49 79 54 49 78 0 70 44 51 68 9 49 67 70 31 45 44 5 76 0 37 70 0 59 44 79 61 0 44 67 27 50 78 63
split_gain=3.80186e+06 809588 535655 298465 264167 225198 163064 118893 91557.2 86418.1 85971.4 68821.5 54095.7 53082.1 51193.6 49208.5 106728 57955.1 66991.9 46489 46437.8 45135.6 40531.5 71765.3 50632 47150.6 40217.2 39459.6 39242.3 37510.7 37434.7 36464.8 35707.2 41667.4 35090.5 34738.1 45198.5 34154.8 33089.7 32541.8 31495.8 37174.3 30814.2 30300.5 28441.3 27948.3 27748.6 27393.2 27384.5 27296.6 26844.4 26487.4 32661.2 26181.3 25899.3 25398.4 25261 25195.6 24764.8 24564.2 22875 22241.3
threshold=28.050000190734867 43.250000000000007 17.35000038146973 0.043500000610947616 10.500000000000002 -0.5 -0.12940952255126037 9.1500000953674334 34.049999237060554 0.46000051498413091 -0.9330127018922193 19.10000038146973 10.500000000000002 51.100000381469734 36.049999237060554 22.835000038146976 -0.9159756150367534 2.5000000000000004 3.5000000000000004 46.149999618530281 39.715000152587898 62.004999160766609 4.5000000000000009 19.175000190734867 2.8699994087219243 5.5000000000000009 98.500000000000014 0.6830127018922193 11.500000000000002 0.25000000000000017 0.28230550885200506 10.500000000000002 0.68301270189221941 8.0500001907348651 31.904999732971195 24.765000343322757 1.0000000180025095e-35 14.050000190734865 32.145000457763679 17.500000000000004 116.50000000000001 35.385000228881843 45.995000839233406 50.010000228881843 37.664999008178718 62.049999237060554 -0.91597561503675329 63.500000000000007 23.07499980926514 34.32500076293946 35.100000381469734 0.19999933242797854 21.925000190734867 0.6830127018922193 -0.0030000042170286174 47.250000000000007 35.045000076293952 48.550001144409187 0.11168714612722398 1.5000000000000002 0.25000000000000011 8.312640976248149
decision_type=10 8 10 10 2 2 2 8 8 8 2 10 2 8 8 8 2 2 2 10 10 10 2 10 10 2 10 2 2 2 8 2 2 10 10 10 2 8 10 2 10 8 10 10 10 10 2 10 10 10 10 8 8 2 8 10 10 10 10 2 2 8
left_child=2 4 7 11 29 10 12 60 21 32 22 53 15 43 -7 16 -6 18 35 61 47 31 40 24 -24 -26 42 58 -11 57 -18 -5 33 -9 -34 -17 -37 -30 -14 -33 41 -3 48 -12 51 -42 -16 -15 55 -39 -13 52 -21 -4 -49 -10 -25 -2 -8 -23 -1 -19
right_child=1 5 3 8 6 14 27 9 26 28 13 50 38 20 46 17 30 19 -20 44 -22 59 23 56 25 -27 -28 -29 37 -31 -32 39 34 -35 -36 36 -38 49 -40 -41 45 -43 -44 -45 -46 -47 -48 54 -50 -51 -52 -53 -54 -55 -56 -57 -58 -59 -60 -61 -62 -63
leaf_value=-0.28546143193028833 -0.13295139396389208 0.67377086922662355 -0.11263154459643993 -0.055407192760476336 0.14484161953600727 0.13835739146581619 0.14375862208851081 -0.26570934126361656 0.34419435641225166 -0.11599846784378028 0.43710140675515397 -0.056444789307720337 0.077837797531995434 0.45746927570688967 0.33278138423066839 -0.25091335936848952 1.6489629886804247 0.15875247627531439 0.35060574701565267 1.8502868542671207 -0.12181340439773694 -0.26786633103226476 0.46950071364246909 1.2692586326794257 2.666949513175271 0.85680091573964234 1.4642641318378165 -0.11714953846741918 -0.022136845512299486 -0.18043248086430336 0.62135286406812429 0.22238603492049741 -0.15723274063629877 -0.17139742106611613 0.034511103089568534 1.0435881548071817 0.0040926208289925889 0.20297037013106914 1.0325427764135859 0.049502368591612916 1.9467849554373853 0.23611303787804427 0.1173851274538491 0.28676299384700549 -0.19552121462447269 0.80433577876728113 0.1313963430312465 0.47999680924360733 0.16771566605145277 1.0533472538845881 0.07376553715523973 0.32567350618448065 0.5366907209514441 -0.20705941836730668 0.71653103950610753 0.73083276822235221 2.2550009308418013 0.028329984663639549 0.026927137652239086 -0.012992167571123595 -0.20792688143971416 0.27046098953864117
leaf_weight=27246 3271 1219 28320 2947 1899 7464 8040 18710 2107 17636 6272 26542 6734 8382 11226 1562 93 11188 1193 50 296 1082 548 168 55 104 67 3019 5884 4596 1884 5907 11615 31308 3003 118 919 932 92 5048 62 806 3260 7198 241 392 2018 2128 1765 105 4652 8056 883 9909 2537 532 106 9325 10407 7485 14616 7405
leaf_count=27246 3271 1219 28320 2947 1899 7464 8040 18710 2107 17636 6272 26542 6734 8382 11226 1562 93 11188 1193 50 296 1082 548 168 55 104 67 3019 5884 4596 1884 5907 11615 31308 3003 118 919 932 92 5048 62 806 3260 7198 241 392 2018 2128 1765 105 4652 8056 883 9909 2537 532 106 9325 10407 7485 14616 7405
internal_value=-5.40256e-11 0.214053 -0.122446 -0.0350571 0.115784 0.370138 0.162671 -0.188876 0.0961583 -0.15625 0.457051 -0.0921377 0.21961 0.426783 0.243078 0.244403 0.412548 0.223788 0.0404142 0.24878 0.497469 0.0450914 0.691611 0.963651 0.69742 1.48295 0.244576 0.0504228 -0.0764032 -0.0581651 0.669693 0.100722 -0.186586 -0.206676 -0.117842 -0.101971 0.122377 0.0244931 0.0907052 0.142722 0.583959 0.499572 0.233914 0.356765 0.340511 0.960353 0.302096 0.511518 0.320172 0.289074 -0.0370264 0.354882 0.607087 -0.137107 0.608633 0.422137 1.6506 -0.0135525 0.0778473 -0.0451824 -0.25839 0.203242
internal_weight=362634 131956 230678 99623 80975 50981 63783 131055 30200 89193 30273 69423 42317 26813 20708 35491 3876 31615 3792 27823 13343 22469 3460 981 707 159 7731 21466 24557 17192 1977 13902 64636 50018 14618 2599 1037 6921 6826 10955 2479 2025 7664 13470 9230 454 13244 13047 4404 1037 31194 8989 933 38229 4665 2639 274 12596 18447 8567 41862 18593
internal_count=362634 131956 230678 99623 80975 50981 63783 131055 30200 89193 30273 69423 42317 26813 20708 35491 3876 31615 3792 27823 13343 22469 3460 981 707 159 7731 21466 24557 17192 1977 13902 64636 50018 14618 2599 1037 6921 6826 10955 2479 2025 7664 13470 9230 454 13244 13047 4404 1037 31194 8989 933 38229 4665 2639 274 12596 18447 8567 41862 18593
is_linear=0
shrinkage=0.05


Tree=24
num_leaves=63
num_cat=0
split_feature=6 5 5 8 76 53 8 77 76 9 79 72 76 76 4 77 4 37 79 76 79 77 68 44 27 45 67 72 79 67 79 70 73 59 77 73 6 79 72 45 62 76 77 73 16 79 67 44 46 74 79 32 50 30 37 50 67 54 38 6 79 70
split_gain=3.43956e+06 823034 365159 229333 184261 121443 117020 99984.8 88190 77280.1 71866.3 63600.6 63093.5 61527.9 63717.2 58780.3 54898 50375.2 49318.8 46396.2 45307.2 43480.2 40709.6 39680.7 39565.7 39420.7 39215.9 38956 39846.7 45004.3 37376.6 34591.6 38013.9 32788.4 31541.7 31324.1 30111.1 30077.2 29041 28237.7 27578.8 27386.6 26067.1 25944.2 25413.3 51272.9 25408.7 24576.1 23994.7 23546.3 47240.1 33989.8 32614.4 32633.7 25321.4 25306.7 48067.1 25642.5 23503 23153.4 22779.8 26744.8
threshold=34.049999237060554 22.149999618530277 43.350000381469734 0.063500002026557936 0.60355339059327384 0.96479997038841259 0.63449999690055858 0.37940952255126048 -1.0000000180025095e-35 12.744999885559084 0.6830127018922193 0.90954548120498668 0.25881904510252091 -1.0000000180025095e-35 20.050000190734867 -0.37940952255126015 44.100000381469734 17.515000343322757 1.0000000180025095e-35 0.60355339059327384 0.6830127018922193 0.1294095225512602 6.0499999523162851 20.744999885559086 -8.6072211265563947 39.995000839233406 38.350000381469734 1.3080669045448305 0.6830127018922193 11.500000000000002 0.25000000000000017 32.704999923706062 -5.1499986648559561 1.2500009536743166 -0.70710678118654757 -13.959999561309813 75.500000000000014 1.0000000180025095e-35 0.72255688905715953 45.004999160766609 38.350000222524017 0.12940952255126045 -0.9159756150367534 -3.0500000715255733 28.675000190734867 0.6830127018922193 121.50000000000001 27.644999504089359 21.535000801086429 1.0000000180025095e-35 -0.9330127018922193 16.564999580383304 2.5000000000000004 16.695000648498539 38.254999160766609 10.500000000000002 91.500000000000014 17.325203895568851 42.004999160766609 86.500000000000014 1.0000000180025095e-35 29.275000572204593
decision_type=10 10 8 10 2 8 8 2 2 8 2 8 2 2 10 2 10 8 2 2 2 2 8 8 10 10 8 8 2 8 2 8 8 10 2 8 10 2 10 10 8 2 2 10 8 2 10 10 8 2 2 10 2 8 10 2 10 10 10 10 2 8
left_child=1 4 5 9 7 33 11 12 15 -3 26 20 27 14 44 25 22 59 42 21 24 -11 -6 -13 43 -5 -9 58 29 -29 40 32 -22 -2 60 -19 46 -15 -34 -30 -23 49 -10 48 45 -7 -8 -31 -4 52 51 -51 -25 -54 -52 57 -57 -55 -1 -16 61 -26
right_child=2 3 6 8 16 13 36 10 18 19 -12 23 -14 37 17 -17 -18 35 -20 -21 31 30 -24 41 34 -27 -28 28 39 47 -32 -33 38 -35 -36 -37 -38 -39 -40 -41 -42 -43 -44 -45 -46 -47 -48 -49 -50 50 54 -53 53 55 -56 56 -58 -59 -60 -61 -62 -63
leaf_value=0.065738575249681006 0.0043729946648646432 -0.21828371822369827 0.3932730862936229 0.390528836198345 -0.26450173493812373 0.37176930053325302 0.443088276132936 -0.18070819784801184 0.19852003901885937 0.14627216465210807 -0.22139243215279128 0.14915748087103781 -0.11155364794989327 0.16635941088936756 0.63681537731508542 0.10518779649869255 -0.13562697013056135 -0.36161275178722174 -0.07012277761031302 -0.11255582095642901 0.33496337115111152 -0.026442302921067497 -0.18476092417525025 0.14556215540351369 0.74037741543815272 0.19539904200908065 -0.075145603547853435 -0.29027637165792269 0.14845717153900226 0.34964036028121814 -0.10366467825161736 0.61303932940902417 -0.25117479298322193 0.23338187784359876 0.16619779872005105 0.33906234776844824 0.66128482270401812 -0.028933014585542469 0.12351879080489543 -0.12593270457254976 0.091115879315980919 0.15381255305934755 0.026586650942358316 0.33132354036468553 0.14859719875998997 0.11792183632457653 0.98447205898528167 0.083982359450022179 0.85192544019192606 0.48654252981292717 0.30504451144794159 1.6063943105885106 0.78368255959064725 0.47676029510686196 -0.46097031587080378 0.36255979847169018 -0.84665521606072491 1.3500134041248 -0.10740296956729174 1.7378021697998047 0.17511973063053907 0.34126357029425847
leaf_weight=3180 11827 5467 541 3863 36546 4804 9124 12302 4122 4939 19241 1632 13056 5362 1062 12949 20435 164 7125 10183 724 12139 28478 723 465 7844 30888 401 1667 2740 8324 272 1168 1801 6339 5825 2207 3118 928 2143 8470 985 4739 1825 10265 3395 222 1276 603 161 3842 117 881 7650 111 423 102 85 5109 50 1892 4313
leaf_count=3180 11827 5467 541 3863 36546 4804 9124 12302 4122 4939 19241 1632 13056 5362 1062 12949 20435 164 7125 10183 724 12139 28478 723 465 7844 30888 401 1667 2740 8324 272 1168 1801 6339 5825 2207 3118 928 2143 8470 985 4739 1825 10265 3395 222 1276 603 161 3842 117 881 7650 111 423 102 85 5109 50 1892 4313
internal_value=-6.79104e-11 -0.0917493 0.258447 0.0312637 -0.154249 0.160771 0.35682 -0.105146 0.119287 -0.040976 -0.141019 0.312149 -0.0294109 0.211262 0.249974 0.178593 -0.207113 0.37726 0.0278161 -0.018973 0.249746 0.00916101 -0.229578 0.383357 0.283649 0.259787 -0.105213 0.0355235 0.112602 0.214801 -0.0142445 0.0745516 0.0226123 0.0346375 0.24606 0.319875 0.495174 0.0945526 -0.0852799 -0.00587813 0.0218724 0.408703 0.106567 0.448345 0.201022 0.266657 0.455948 0.265233 0.635028 0.426515 0.327841 0.957847 0.46884 0.494409 0.283535 0.463556 0.127627 0.486356 -0.0409788 0.68632 0.32196 0.380106
internal_weight=362634 267626 95008 90164 177462 47673 47335 92003 40642 49522 62431 35782 29572 34045 25565 24656 85459 7101 15986 44055 19070 33872 65024 16712 15978 11707 43190 16516 8227 4417 28933 3092 2820 13628 13009 5989 11553 8480 2096 3810 20609 15080 8861 2969 18464 8199 9346 4016 1144 14095 4231 278 9864 9141 3953 8260 525 7735 8289 1112 6670 4778
internal_count=362634 267626 95008 90164 177462 47673 47335 92003 40642 49522 62431 35782 29572 34045 25565 24656 85459 7101 15986 44055 19070 33872 65024 16712 15978 11707 43190 16516 8227 4417 28933 3092 2820 13628 13009 5989 11553 8480 2096 3810 20609 15080 8861 2969 18464 8199 9346 4016 1144 14095 4231 278 9864 9141 3953 8260 525 7735 8289 1112 6670 4778
is_linear=0
shrinkage=0.05


Tree=25
num_leaves=63
num_cat=0
split_feature=0 77 6 0 49 49 6 79 49 0 49 79 76 79 6 9 79 38 64 74 32 73 50 9 74 75 59 67 76 49 9 18 44 11 78 50 30 30 45 64 16 78 4 54 79 23 47 49 30 67 6 78 67 78 50 73 5 30 8 30 44 74
split_gain=3.15675e+06 703177 556260 233071 186629 127395 112813 111865 101555 98663.5 72998.3 78557.8 69834.6 66075.4 55216.2 51989.2 70399.1 41874.6 39315.8 38226.5 77705.3 46032.5 37127.9 61621.4 40085 36632.7 36528.5 35259.2 34800.1 34069.6 33310 32769.5 32313.3 32087.9 31985.4 31008 33427.5 29230 28762 28078.4 27146.7 53157.7 36974.8 32062.9 26049.5 25994.5 25929 25824.6 24187.7 24066.1 23925.7 23872.9 26649 29562.6 23662.1 47703.9 47347.1 28487.4 23490.6 22985.9 24637.7 22268.5
threshold=30.050000190734867 -0.12940952255126037 20.050000190734867 53.049999237060554 9.5000000000000018 9.5000000000000018 9.1500000953674334 0.25000000000000017 17.500000000000004 47.250000000000007 12.500000000000002 1.0000000180025095e-35 0.78656609248549325 -0.9330127018922193 39.100000381469734 28.545000076293949 0.6830127018922193 65.005001068115249 17.481666644414272 1.0000000180025095e-35 18.304999351501468 2.8699994087219243 2.5000000000000004 23.035000801086429 1.0000000180025095e-35 1.0000000180025095e-35 0.87000179290771495 131.50000000000003 -0.78656609248549303 12.500000000000002 12.315000057220461 10.965000152587892 34.315000534057624 43.764999389648445 0.68301270189221941 2.5000000000000004 20.785000801086429 8.6050000190734881 102.00999832153322 30.724999904632572 29.914999961853031 -0.6830127018922193 29.050000190734867 11.933761119842531 0.6830127018922193 17.615000724792484 -12.981659412384031 10.500000000000002 22.355000495910648 11.500000000000002 65.500000000000014 1.0000000180025095e-35 32.500000000000007 -0.93301270189221908 9.5000000000000018 0.069999843835830702 85.500000000000014 18.884999275207523 0.7305000126361848 19.755000114440922 26.664999961853031 1.0000000180025095e-35
decision_type=10 2 10 10 2 2 8 2 2 10 2 2 2 2 8 10 2 10 8 2 10 8 2 8 2 2 8 10 2 2 8 10 10 10 2 2 10 8 10 10 8 2 10 10 2 10 8 2 8 10 10 2 10 2 2 10 10 10 8 10 8 2
left_child=2 3 6 5 18 -2 34 9 10 25 11 47 26 19 17 16 35 37 -4 27 21 -21 23 -15 40 -3 51 48 45 -28 -18 50 -22 54 49 61 38 -7 -37 -23 41 43 46 59 -10 -9 -42 -6 -5 -1 -16 52 -8 -54 57 -56 -57 -26 -59 -24 -61 -12
right_child=1 7 4 13 8 14 12 28 44 -11 15 -13 -14 22 31 -17 30 -19 -20 20 32 39 24 -25 33 -27 29 -29 -30 -31 -32 -33 -34 -35 -36 36 -38 -39 -40 -41 42 -43 -44 -45 -46 -47 -48 -49 -50 -51 -52 -53 53 -55 55 56 -58 58 -60 60 -62 -63
leaf_value=-0.39772756774349605 -0.21650544176858921 0.030443288123970957 -0.20283465773931889 0.94988899318923969 0.036087549452211591 0.59120342962076766 -0.23401565746975611 0.24215732667656653 -0.0081688691960058579 0.26611579748072617 -0.0081379432973251974 -0.06343071272086119 -0.19187300891018122 0.66163781024132373 0.3591105143526952 -0.0052773822051679214 -0.14884176649320818 0.099273442204937209 -0.073064177487190018 0.2550349683485949 1.1814866456518069 1.8685456344290921 1.0155368454699669 -0.0085141055404143098 0.77957922192799456 0.15694506115219664 -0.080516432654128112 1.1126218699342481 -0.1517723412941398 0.080227808267885878 0.16222694674741106 0.27854775389932951 2.3144638766542727 -0.065361949036785202 -0.14996526296999965 0.59952260154739534 0.28024588018602142 0.23735991032744985 0.034138697974147307 0.56984182183483723 0.551900020503861 0.46520634277870299 0.7600076871712137 1.7987518293881104 -0.13676463915389284 -0.021583128632557114 0.31577526049663152 0.18606214868822166 0.40653238657310703 -0.23119317197616104 0.59111739670038232 -0.080759658572144413 0.028340574482661036 -0.14614611608865369 -0.20651646692934167 0.30148572891538361 1.6990518003250614 0.28057024401777608 0.58439808960606043 0.090838981976570643 0.72307682857698397 0.53759897506107113
leaf_weight=2294 1413 18776 7657 238 4765 614 7285 1060 19159 8299 871 9990 30555 486 5740 2890 1067 6636 24549 313 139 92 545 1166 494 8232 11828 255 5325 4570 4449 19343 115 487 12782 2095 2674 11804 252 76 1569 4092 703 76 4957 7876 4489 7219 1469 39938 1378 20500 2795 18462 498 741 66 2153 903 184 948 238
leaf_count=2294 1413 18776 7657 238 4765 614 7285 1060 19159 8299 871 9990 30555 486 5740 2890 1067 6636 24549 313 139 92 545 1166 494 8232 11828 255 5325 4570 4449 19343 115 487 12782 2095 2674 11804 252 76 1569 4092 703 76 4957 7876 4489 7219 1469 39938 1378 20500 2795 18462 498 741 66 2153 903 184 948 238
internal_value=-7.1768e-11 0.211356 -0.102967 0.314294 -0.00664876 0.251054 -0.162178 0.0675956 0.0450226 0.115333 0.0976168 0.0401141 -0.129462 0.447393 0.265569 0.184543 0.231648 0.20067 -0.103917 0.679428 0.98698 0.613389 0.415464 0.188637 0.436342 0.0690008 -0.100321 0.564214 -0.0505918 -0.0357182 0.102055 0.312301 1.69445 0.321556 -0.219265 0.348261 0.401111 0.254855 0.538817 1.28104 0.484985 0.563899 0.416763 0.794275 -0.0346015 0.00970211 0.376931 0.12643 0.48229 -0.240239 0.404026 -0.121922 -0.151487 -0.123204 0.360368 0.178309 0.415785 0.427293 0.370347 0.748753 0.62031 0.108981
internal_weight=362634 118793 243841 69225 92832 46928 151009 49568 60626 35307 36510 21974 95995 22297 45515 14536 11646 19054 32206 2697 735 481 19600 1652 17948 27008 65440 1962 14261 16398 5516 26461 254 5342 55014 6130 5021 12418 2347 168 12606 5845 6761 1753 24116 8936 6058 11984 1707 42232 7118 49042 28542 21257 4855 1305 807 3550 3056 1677 1132 1109
internal_count=362634 118793 243841 69225 92832 46928 151009 49568 60626 35307 36510 21974 95995 22297 45515 14536 11646 19054 32206 2697 735 481 19600 1652 17948 27008 65440 1962 14261 16398 5516 26461 254 5342 55014 6130 5021 12418 2347 168 12606 5845 6761 1753 24116 8936 6058 11984 1707 42232 7118 49042 28542 21257 4855 1305 807 3550 3056 1677 1132 1109
is_linear=0
shrinkage=0.05


Tree=26
num_leaves=63
num_cat=0
split_feature=5 6 5 49 49 76 49 79 38 15 72 4 36 70 79 49 79 77 49 69 69 45 70 31 77 49 30 9 30 78 29 79 72 79 44 78 37 49 79 70 51 78 49 72 44 30 62 44 79 47 6 1 44 78 37 30 9 58 44 25 58 30
split_gain=2.84938e+06 691496 246184 243052 144247 142123 125933 94777.3 91171.1 75457.5 66108.9 63474.2 62933.2 57838.7 55740.8 52654.1 46161.3 45436.3 43857.6 43132.5 41188.1 41080.9 40711.2 38972.5 37600.2 68508 36657.6 38715.7 36777 34373.6 34251 33218.3 32660.2 31924.4 31734.2 31225 37710.4 30805 29562.6 37622.9 29012.4 28781.3 28629.9 28407.8 32157.9 26515.3 25574.1 24661.3 24492.9 23945.4 23702.4 23687.5 43552.6 22565.6 22467.1 22288 22225.4 22178.6 21580.9 21541.5 21296.4 21231.7
threshold=35.149999618530281 21.10000038146973 51.100000381469734 10.500000000000002 19.500000000000004 0.78656609248549325 11.500000000000002 0.6830127018922193 44.995000839233406 0.018499999307096008 0.92340287566185009 18.050000190734867 0.7305000126361848 29.795000076293949 0.6830127018922193 5.5000000000000009 0.6830127018922193 1.0000000180025095e-35 12.500000000000002 29.19999980926514 11.500000000000002 98.009998321533217 30.275000572204593 60.010000228881843 0.1294095225512602 12.500000000000002 18.085000038146976 17.515000343322757 11.944999694824221 -0.24999999999999994 0.03849999979138375 0.25000000000000017 0.88832202553749096 0.25000000000000017 27.964999198913578 0.68301270189221941 21.755000114440922 17.500000000000004 -0.9330127018922193 37.844999313354499 5.5000000000000009 -0.24999999999999994 12.500000000000002 0.76961538195610057 21.675000190734867 20.884999275207523 40.016666491826378 24.185000419616703 0.25000000000000017 -6.268817424774169 39.100000381469734 13.050000190734865 21.675000190734867 0.25000000000000011 14.765000343322756 18.654999732971195 18.494999885559086 17.099998474121097 25.894999504089359 28.82499980926514 10.100000381469728 7.0650000572204599
decision_type=10 10 10 2 2 2 2 2 10 10 8 10 8 8 2 2 2 2 2 8 8 10 8 10 2 2 8 8 10 2 8 2 8 2 8 2 8 2 2 10 2 2 2 8 8 10 10 10 2 8 10 10 8 2 8 8 10 10 8 10 8 10
left_child=1 5 6 13 8 9 33 12 11 14 37 60 17 47 19 -7 22 30 -13 -1 45 26 35 -12 25 -22 28 -28 -9 -20 43 46 -30 -2 50 36 40 54 57 -40 -10 -29 -37 56 -45 -11 -6 -3 -38 -31 -34 -18 -53 58 -8 -46 -4 -14 -15 -41 -5 -44
right_child=2 3 7 4 31 15 10 21 16 20 23 18 38 53 -16 -17 51 -19 29 -21 24 -23 -24 -25 -26 -27 27 41 32 49 -32 -33 34 -35 -36 42 48 -39 39 59 -42 -43 61 44 55 -47 -48 -49 -50 -51 -52 52 -54 -55 -56 -57 -58 -59 -60 -61 -62 -63
leaf_value=-0.18655343475613309 0.067507243284820315 -0.16421184447670434 0.57952294009550698 0.11421409776232264 -0.036865715449289627 -0.14261967031223238 0.62423346737124885 -0.18680632862972446 1.0105120845557405 -0.11001962061758747 0.3114577222194716 0.1621637907144137 0.67197244323510774 -0.14454693490034809 -0.19766521885369198 -0.23881785446391307 -0.1580597584838814 0.11077030636301999 0.28323802486811034 -0.077633664457132129 -0.054726092026299446 -0.22291359514603856 0.062331008425548666 0.17485026491701908 -0.092358559450951117 0.14803858810355638 1.0876935703528894 -0.31691237789923399 0.21852493151569585 0.77714977209498237 0.55852807713060038 -0.11737468588651434 0.36415972956718307 -0.1523637415788926 -0.092029280074301278 -0.043706987552583204 0.42869637000766841 0.076864270972428372 0.52001351962710096 0.26171308730527298 -0.10641013293094199 0.18774025188173463 0.71538276991982397 0.14678558002462522 0.5989719368592209 -0.39362242687407062 0.089586690506475566 0.038414638747454398 0.089705544251184433 0.43118979053883877 0.98559545989849351 -0.1147310544643959 0.14691326598981999 0.049254409438117569 0.18982567138335918 0.39103526768789143 0.2404069001979543 1.2912513444643645 -0.008159612594830435 -0.60916820179138875 0.26027069640103651 0.1900864272094917
leaf_weight=12236 8515 16109 523 7592 9478 22520 305 303 321 2365 17673 1602 1037 4803 25158 38616 2229 1844 1328 35344 11940 701 10747 7410 14201 6398 74 635 1012 1043 2154 6462 231 2048 124 1462 1175 8421 3672 194 71 509 207 1217 1469 1265 6916 1656 975 961 457 2855 3591 7264 12334 10499 6343 168 7322 112 3718 2720
leaf_count=12236 8515 16109 523 7592 9478 22520 305 303 321 2365 17673 1602 1037 4803 25158 38616 2229 1844 1328 35344 11940 701 10747 7410 14201 6398 74 635 1012 1043 2154 6462 231 2048 124 1462 1175 8421 3672 194 71 509 207 1217 1469 1265 6916 1656 975 961 457 2855 3591 7264 12334 10499 6343 168 7322 112 3718 2720
internal_value=-2.27561e-10 -0.0805177 0.243967 0.0219893 0.079968 -0.142372 0.180612 0.351925 0.134339 -0.108123 0.216263 0.22751 0.383317 -0.08015 -0.137472 -0.203382 0.0769091 0.349259 0.377152 -0.105644 -0.0491026 0.125116 0.123266 0.271101 -0.0312813 0.0160171 0.198051 -0.0206816 0.323306 0.480516 0.369064 -0.0213645 0.408045 0.0248777 0.644244 0.217749 0.357199 0.150948 0.541347 0.475625 0.808212 -0.0923772 0.136983 0.348711 0.391658 -0.208851 0.0164797 -0.145324 0.274968 0.611248 0.776945 -0.017557 0.0310283 -0.0204353 0.200309 0.416558 0.266238 0.758312 -0.0621859 -0.0570408 0.162228 0.227236
internal_weight=362634 272650 89984 102607 65453 170043 56706 33278 42597 108907 46143 16244 29232 37154 72738 61136 26353 24049 4934 47580 36169 4046 17678 25083 32539 18338 3345 1218 2127 3332 22205 22856 1824 10563 812 6931 2542 21060 5183 3978 392 1144 4389 20051 13185 3630 16394 17765 2150 2004 688 8675 6446 19389 12639 11968 6866 1205 12125 306 11310 2927
internal_count=362634 272650 89984 102607 65453 170043 56706 33278 42597 108907 46143 16244 29232 37154 72738 61136 26353 24049 4934 47580 36169 4046 17678 25083 32539 18338 3345 1218 2127 3332 22205 22856 1824 10563 812 6931 2542 21060 5183 3978 392 1144 4389 20051 13185 3630 16394 17765 2150 2004 688 8675 6446 19389 12639 11968 6866 1205 12125 306 11310 2927
is_linear=0
shrinkage=0.05


Tree=27
num_leaves=63
num_cat=0
split_feature=0 5 77 77 6 76 0 22 0 79 76 77 79 16 79 0 9 31 44 76 77 62 28 38 73 6 18 78 6 30 17 5 38 10 73 79 51 6 73 71 9 9 50 42 30 49 9 79 51 73 49 9 79 22 44 30 79 23 44 71 32 44
split_gain=2.60447e+06 637154 440042 159136 157619 123396 119570 74789.7 60313 60055.8 57123.5 52753 46357.3 45947.5 42877.6 41763.5 41483.6 39321.7 36990.3 34013.9 41956 32129.2 31335.4 31761.9 30295.9 28447.7 28125.4 27021.9 26844.7 26202 25317.2 27933 24896.8 24571.5 24182.7 24116.7 28435.5 26706.9 23681.5 23149.2 22894.6 22192.3 21759.8 24914.5 21745.3 21449 25173.2 21354.1 43445.7 27937.7 21098.4 21085.2 24719.7 21045.8 20858.2 28714.3 20395.2 20709.8 20204 20086.9 20031.7 19425
threshold=34.100000381469734 23.050000190734867 -0.5 -0.5 13.050000190734865 -0.91597561503675329 54.500000000000007 0.016500000841915611 16.10000038146973 0.6830127018922193 -0.91597561503675329 -0.5 1.0000000180025095e-35 15.885000228881838 -0.9330127018922193 7.0499999523162851 28.295000076293949 51.989999771118171 14.055000305175783 0.37940952255126054 0.1294095225512602 53.708333333333336 11.050000190734865 32.995000839233406 1.5100007057189944 102.50000000000001 38.614999771118171 0.68301270189221941 49.250000000000007 21.525000572204593 100.00500106811525 68.500000000000014 171.38999938964847 93.009998321533217 -1.1300005912780759 -0.9330127018922193 4.5000000000000009 48.20000076293946 -1.7100005149841306 0.49300000764196744 19.285000801086429 28.125000000000004 6.5000000000000009 15.050000190734865 7.0650000572204599 12.500000000000002 28.545000076293949 -0.9330127018922193 2.5000000000000004 -2.1499986648559566 11.500000000000002 25.57499980926514 0.6830127018922193 0.43050000071525579 37.664999008178718 26.974999427795414 0.6830127018922193 17.48499965667725 21.585000038146976 1.5450000296696091 31.005000114440922 20.945000648498539
decision_type=10 10 2 2 10 2 10 8 10 2 2 2 2 8 2 8 10 10 8 2 2 8 10 8 10 10 10 2 8 8 10 8 10 8 8 2 2 8 8 10 8 8 2 10 8 2 10 2 2 8 2 10 2 10 10 10 2 8 10 10 10 8
left_child=1 4 6 7 15 9 17 41 18 16 51 45 59 -12 26 -1 24 25 -6 20 -17 -18 23 -9 32 47 29 -20 -19 -8 31 -16 -4 -11 -33 54 37 -37 -28 -15 -30 -3 43 -41 -29 -10 58 48 -2 -50 -49 52 -5 -51 55 -23 57 -14 -47 -7 -32 -36
right_child=2 3 5 10 8 12 14 22 11 33 13 -13 56 39 30 19 21 28 27 -21 -22 35 -24 -25 -26 -27 38 44 40 -31 60 34 -34 -35 61 36 -38 -39 -40 42 -42 -43 -44 -45 -46 46 -48 50 49 53 -52 -53 -54 -55 -56 -57 -58 -59 -60 -61 -62 -63
leaf_value=-0.23160131434905296 0.20949632172186525 -0.0025394511856059064 0.21831147722982888 0.25737435520297075 -0.22351682913215801 -0.048896786710776338 1.2840559624777788 0.45656213845072957 0.011437275468513357 0.088765752643006152 -0.17259122618478623 -0.070531874258036059 -0.24632805853271333 -0.12212273148186961 0.39007334542784428 0.02688731012325592 0.10935962077958249 0.14255997616482616 -0.12816773665033473 -0.18475858377618473 -0.14279391998606777 0.49863772477931767 0.10862166833132403 0.1957087163418727 0.467260278489257 0.98296772415439282 0.37160535559610086 0.43534164025942057 0.7595443404480523 0.50677958735657558 0.34600580656701241 0.29853585165118618 0.91684427296347693 -0.17139881348753627 0.12803377564283994 0.18655208198460013 0.04990606114022271 0.42905387048509813 1.2292395770337574 0.085362223594420972 0.27100972100455523 0.14922634444731744 -0.061994880065892558 -0.054690285112704962 -0.040838795716511368 0.096136304907006129 -0.1265794711648742 0.05755694298032904 1.3863596414933441 0.75443156522508437 0.30623419347516012 0.0096225506377029257 0.024789338191224849 0.27672845635860532 0.077762340430587121 1.707196107850625 -0.2317322561379713 0.0080374948934577098 0.39690460920804965 0.11381590471792183 0.025405931328709826 0.66117843752393912
leaf_weight=27272 924 13031 3791 2598 8116 2377 116 1326 5188 4291 7038 36739 958 5632 8412 4585 8532 7336 30209 40652 17733 896 11310 9729 2403 159 108 247 255 1660 2021 710 132 1151 183 3069 1940 1802 316 8448 4028 2955 10986 5088 8170 1045 529 900 122 651 16312 5381 2039 357 286 52 1678 4858 1199 9388 642 2573
leaf_count=27272 924 13031 3791 2598 8116 2377 116 1326 5188 4291 7038 36739 958 5632 8412 4585 8532 7336 30209 40652 17733 896 11310 9729 2403 159 108 247 255 1660 2021 710 132 1151 183 3069 1940 1802 316 8448 4028 2955 10986 5088 8170 1045 529 900 122 651 16312 5381 2039 357 286 52 1678 4858 1199 9388 642 2573
internal_value=-1.10119e-10 -0.0800552 0.224285 0.0324462 -0.133036 0.11669 0.331473 0.108102 -0.0867714 0.183046 -0.0290131 -0.0452471 0.0190297 -0.0575579 0.439177 -0.179915 0.218522 0.273391 -0.126482 -0.15753 -0.107935 0.176953 0.167134 0.226997 0.327453 0.316912 0.644899 -0.106093 0.200631 0.557548 0.408052 0.439291 0.241816 0.0337401 0.558743 0.248638 0.21179 0.276264 1.01079 -0.0307089 0.300096 0.0255143 -0.00971372 0.0327184 -0.0268651 0.0714392 0.183697 0.311415 0.463796 0.671737 0.293231 0.0769598 0.155101 0.585245 0.452021 0.56493 -0.0781669 -0.0338611 0.256841 0.0809414 0.268715 0.625777
internal_weight=362634 267245 95389 85561 181684 47604 47785 38351 91442 28345 47210 44700 19259 37192 16741 90242 22903 31044 46742 62970 22318 16577 22365 11055 6326 19425 2200 38626 11619 1776 14541 11878 3923 5442 3466 8045 6811 4871 424 30154 4283 15986 24522 13536 8417 7961 2773 19266 2054 1130 17212 10018 4637 1008 1234 948 7494 5816 2244 11765 2663 2756
internal_count=362634 267245 95389 85561 181684 47604 47785 38351 91442 28345 47210 44700 19259 37192 16741 90242 22903 31044 46742 62970 22318 16577 22365 11055 6326 19425 2200 38626 11619 1776 14541 11878 3923 5442 3466 8045 6811 4871 424 30154 4283 15986 24522 13536 8417 7961 2773 19266 2054 1130 17212 10018 4637 1008 1234 948 7494 5816 2244 11765 2663 2756
is_linear=0
shrinkage=0.05


Tree=28
num_leaves=63
num_cat=0
split_feature=0 77 5 0 77 49 79 6 49 0 79 79 71 28 44 6 70 6 66 74 32 58 67 4 9 79 70 64 67 9 4 37 36 44 49 4 42 70 62 75 77 58 42 31 66 74 37 63 68 37 10 45 74 11 9 49 5 31 0 66 37 79
split_gain=2.35588e+06 528513 428299 179081 145316 92697 91887.6 90622 81679.2 75508.9 61631.3 54361.2 42569.6 39469.2 38855.1 37791.4 37526.9 38949.4 37175 35893.8 72225.5 42944.4 35177.4 35046.9 33581.8 41077.2 42471.1 33590.5 32439.5 32238.6 31351.1 30630.4 30629.3 29876.3 29566.7 29450.9 28127.3 27118.8 26530.8 26522.5 25389.3 24954.4 23923.3 22576.7 21967.4 21007 37548.3 28372.7 20681.2 27786.1 20144.2 20047.7 28114.8 19740.2 19445.1 19104.4 18973.6 18816.8 18329.7 22667.4 17763.4 36498
threshold=30.050000190734867 -0.12940952255126037 19.10000038146973 50.049999237060554 -0.5 9.5000000000000018 0.25000000000000017 11.050000190734865 12.500000000000002 47.250000000000007 0.25000000000000017 -0.9330127018922193 0.4579999977140688 22.349999427795414 36.48500061035157 83.500000000000014 39.98500061035157 48.20000076293946 0.061000000045169152 1.0000000180025095e-35 19.175000190734867 8.0499992370605487 11.500000000000002 57.049999237060554 28.464999198913578 0.6830127018922193 23.515000343322757 18.185500240325933 131.50000000000003 12.315000057220461 21.050000190734867 33.475000381469734 0.76250001788139354 34.315000534057624 10.500000000000002 45.049999237060554 22.250000000000004 29.425000190734867 12.074999968210859 1.0000000180025095e-35 1.0000000180025095e-35 -47.499999999999993 28.849999427795414 24.005000114440922 0.03099999931873754 1.0000000180025095e-35 19.814999580383304 5.7532599454569757 9.8499999046325701 31.48499965667725 34.995000839233406 49.995000839233406 1.0000000180025095e-35 36.98500061035157 22.425000190734867 14.500000000000002 38.049999237060554 34.995000839233406 65.500000000000014 1.1019999985001052 35.944999694824226 -0.5
decision_type=10 2 10 8 2 2 2 10 2 10 2 2 10 10 10 10 10 8 10 2 10 8 8 8 10 2 8 10 10 8 8 10 8 10 2 8 10 8 8 2 2 10 10 8 10 2 8 10 10 10 10 10 2 10 10 2 10 10 10 8 10 2
left_child=2 3 7 5 8 -2 9 22 10 39 34 19 -6 14 15 32 17 51 35 28 21 -21 -1 44 25 26 27 -10 37 -27 53 -25 42 -22 -4 -9 56 -5 -29 -3 -8 -28 50 -20 -24 -11 47 -47 49 -23 -7 -13 -53 -19 -17 -31 -14 -43 -32 -60 61 -55
right_child=1 6 4 11 12 13 40 18 24 45 -12 16 36 -15 -16 54 -18 30 43 20 33 48 23 31 -26 29 41 38 -30 55 58 -33 -34 -35 -36 -37 -38 -39 -40 -41 -42 57 -44 -45 -46 46 -48 -49 -50 -51 -52 52 -54 60 -56 -57 -58 -59 59 -61 -62 -63
leaf_value=-0.32579594184472543 -0.19196628247038294 0.027878802026472423 0.011092953196923312 1.1069532845701491 -0.13345979674363492 0.3608216651052501 0.056333703952266528 -0.16481554674795337 0.43370497998216062 0.28462790207118371 -0.083523761508255939 0.35175944707486601 -0.020568391994133503 0.13922815918762582 0.041470762633669868 1.0034790905618833 -0.22844782873327213 0.38228878344838502 0.051055471046372453 0.11810959236658861 1.0516267634776175 1.9271187339837734 -0.21237455479867273 -0.093465621388790734 0.0085535787573025029 -0.16711781422420674 0.4941471072260526 1.9045996591664744 0.98847372172109993 0.089178432278148034 0.42881152797486977 0.79530607951919041 0.43595636519019232 2.1148870453238486 0.14134100008742062 -0.072933256905492197 -0.099490583039570243 0.34877292334825333 0.7738415374353742 0.13551762107678855 -0.091351448387262571 0.32223733799567661 0.099869497130099766 -0.081179365021760347 -0.14695471836304644 0.32130425976295224 0.064123635805086829 1.8285017672574746 0.48588328484635235 0.57358598736616284 0.23637549457886703 0.29205009838333007 0.039190964320529945 0.66371848820681933 0.44993150015846317 0.32656737752187381 0.11919784702524193 0.060400274018706346 1.0467451742545639 0.55399571470468711 -0.3980939257889986 0.059701546810408151
leaf_weight=4114 1398 18776 8796 126 13877 3923 4074 29251 1008 5848 9347 4865 30006 10677 2066 225 279 6345 3590 298 147 91 37016 8979 2328 842 728 69 263 2315 3439 98 2190 120 8634 12426 11743 1844 209 8232 10187 1151 2683 31995 19641 76 2322 53 118 65 19007 3351 1636 348 538 1337 2642 1699 266 1904 124 889
leaf_count=4114 1398 18776 8796 126 13877 3923 4074 29251 1008 5848 9347 4865 30006 10677 2066 225 279 6345 3590 298 147 91 37016 8979 2328 842 728 69 263 2315 3439 98 2190 120 8634 12426 11743 1844 209 8232 10187 1151 2683 31995 19641 76 2322 53 118 65 19007 3351 1636 348 538 1337 2642 1699 266 1904 124 889
internal_value=-5.72115e-11 0.182587 -0.0889517 0.27183 -0.00723172 0.20846 0.0579541 -0.142686 0.068197 0.10122 0.0200626 0.373886 -0.0570226 0.222011 0.250865 0.26601 0.347973 0.354915 -0.105373 0.57166 0.850486 0.533535 -0.18396 -0.175083 0.178491 0.220767 0.32146 0.567904 0.466897 0.111784 0.410682 -0.08387 0.256483 1.5295 0.0756117 -0.137421 -0.0331277 0.397266 1.0545 0.060687 -0.0491616 0.232883 0.241137 -0.0678388 -0.189696 0.233128 0.110251 0.94054 0.985347 1.36315 0.257666 0.279546 0.209099 0.345225 0.613166 0.176087 -0.00925798 0.166146 0.500611 0.614397 0.172436 0.229627
internal_weight=362634 118793 243841 69225 96731 42707 49568 147110 38463 35307 26777 26518 58268 41309 30632 28566 23446 23167 77262 3072 839 572 69848 65734 11686 9358 4864 1286 2233 4494 13315 9077 27803 267 17430 41677 44391 1970 278 27008 14261 3578 25613 35585 56657 8299 2451 129 274 156 22930 9852 4987 7706 763 3652 32648 2850 5609 2170 1361 1237
internal_count=362634 118793 243841 69225 96731 42707 49568 147110 38463 35307 26777 26518 58268 41309 30632 28566 23446 23167 77262 3072 839 572 69848 65734 11686 9358 4864 1286 2233 4494 13315 9077 27803 267 17430 41677 44391 1970 278 27008 14261 3578 25613 35585 56657 8299 2451 129 274 156 22930 9852 4987 7706 763 3652 32648 2850 5609 2170 1361 1237
is_linear=0
shrinkage=0.05


Tree=29
num_leaves=63
num_cat=0
split_feature=6 0 0 77 5 77 77 76 23 76 77 79 0 50 10 79 0 9 38 50 28 70 6 5 46 70 22 64 10 68 35 71 9 71 35 51 79 79 68 68 68 43 76 64 76 64 70 40 6 18 23 67 79 4 8 22 44 50 35 25 33 35
split_gain=2.14416e+06 552461 296521 185151 145319 81518.3 74901.1 72530.6 58521.7 57625.6 54631.2 51140.5 46973.9 45747.1 44398.2 43538.8 41617.2 39895.2 36783.2 35631.4 33565.7 31440.9 31032.6 44196.9 29726.2 37419.7 28336.3 34729.7 28272.2 28094.2 41544 27777.9 27040.8 26172.4 25902.1 25183.6 23866.1 23732.7 23704.6 23624.2 23371.8 22986.3 22512.7 25337.1 22491.8 22474.3 28118.2 21595.7 21247.3 20358.9 20235.5 19644.2 22990.6 19571.2 19472.5 19084.8 19034.9 19001.8 18665.5 18520.2 18343.7 18187.3
threshold=35.100000381469734 24.050000190734867 44.149999618530281 -0.5 14.050000190734865 -0.12940952255126037 -0.5 -0.78656609248549303 17.744999885559086 1.0000000180025095e-35 -0.70710678118654757 -0.9330127018922193 13.09999990463257 6.5000000000000009 42.004999160766609 -0.5 8.0500001907348651 12.944999694824221 56.004999160766609 1.5000000000000002 22.349999427795414 40.340000152587898 68.500000000000014 112.50000000000001 35.98500061035157 35.245000839233406 0.033500000834465034 27.416666825612392 32.995000839233406 14.050000190734865 8.9449996948242205 0.37400000164052477 31.304999351501468 0.096000001823995276 21.349999427795414 4.5000000000000009 0.6830127018922193 0.25000000000000017 1.0500000119209292 18.500000000000004 24.399999618530277 inf -0.37940952255126059 15.637499968210857 0.91597561503675362 14.992499907811485 23.394999504089359 -17.555862426757809 90.500000000000014 52.004999160766609 16.685000419616703 82.500000000000014 0.25000000000000017 40.049999237060554 0.44750000536441809 0.050499999895691879 23.925000190734867 6.5000000000000009 8.9449996948242205 20.994999885559086 -4.0279769897460929 3.0499999523162846
decision_type=10 10 8 2 10 2 2 2 8 2 2 2 10 2 10 2 10 8 10 2 10 10 10 10 8 8 8 8 10 8 10 10 10 10 10 2 2 2 8 8 8 8 2 8 2 8 8 8 10 10 10 8 2 10 10 10 10 2 10 10 8 8
left_child=1 4 5 9 13 12 11 14 -9 18 45 24 -2 29 -5 -11 38 -12 32 -20 26 22 23 -13 25 40 -14 48 -24 33 -31 -10 -3 -1 -16 -17 -33 42 -15 60 53 -27 43 -8 57 -6 50 -30 -28 61 -47 -21 -53 -4 56 -7 -39 -19 -57 -58 -26 -49
right_child=2 3 6 7 10 55 37 8 31 15 17 21 20 16 34 35 -18 44 19 51 -22 -23 28 -25 39 41 27 -29 47 30 -32 36 -34 -35 -36 -37 -38 54 -40 -41 -42 -43 -44 -45 -46 46 -48 49 -50 -51 -52 52 -54 -55 -56 58 59 -59 -60 -61 -62 -63
leaf_value=-0.18270499716121782 -0.064351626649263707 0.35024354655505363 0.62627660337669677 0.14976835459378526 -0.08988375008027874 -0.032490299178255792 1.4019899374246598 -0.1906864677932851 -0.1284579926099487 0.21210649126617828 -0.19674083402151576 0.31063830428738959 0.12310443323214 -0.40471577737569864 0.06161443689368027 0.056446022254812815 -0.14777888226722644 -0.033094081195895304 -0.17193296834850005 0.15107394550019959 0.097048945749161591 -0.24476391106581374 0.83080920093405197 1.6700467391808829 0.487800497722711 0.14560347708395793 0.28080093002949574 0.14412474763483366 0.92045614296524991 -0.05910230258859657 0.53397932388602998 0.011867534719146937 0.12747362546857535 -0.097649358121522742 -0.06463515854072531 -0.16217845765843836 -0.15227843485967274 0.21243937221663331 -0.22048486306461809 1.8321501944010909 -0.34870383409517158 0.87411124711826216 -0.03844231541883894 0.27356283666769898 -0.1535708299571398 0.084537509345023881 0.0059132194039720996 1.2624090417036935 0.6767038814150782 -0.098711756459582398 0.43057504757634252 0.8142016739161515 0.095610728830099107 1.2757047961079158 0.64228703516187624 0.18236279009382803 0.14740595247286778 -0.094195343982075561 0.033737280458381057 -0.16911545574307837 1.0041211656829556 0.40592800510596894
leaf_weight=14012 1940 5700 1078 8561 5185 6005 50 6344 5329 2982 8159 17119 6120 1874 9911 3583 29877 23396 831 5031 7639 227 463 60 332 854 12955 5753 205 1206 391 23953 1790 25511 6885 2083 2440 1635 25566 55 56 124 591 9757 8630 1105 13526 63 348 199 684 251 200 130 166 3091 866 27896 6673 991 357 3840
leaf_count=14012 1940 5700 1078 8561 5185 6005 50 6344 5329 2982 8159 17119 6120 1874 9911 3583 29877 23396 831 5031 7639 227 463 60 332 854 12955 5753 205 1206 391 23953 1790 25511 6885 2083 2440 1635 25566 55 56 124 591 9757 8630 1105 13526 63 348 199 684 251 200 130 166 3091 866 27896 6673 991 357 3840
internal_value=-4.46427e-11 -0.0697214 0.212012 0.0352657 -0.117929 0.131938 0.315171 -0.00841571 -0.052056 0.158664 -0.0714668 0.366816 0.174718 -0.159739 0.0570972 0.0574618 -0.18861 -0.0930137 0.22207 0.133164 0.188852 0.34066 0.346714 0.315386 0.561073 0.470194 0.216707 0.246768 0.459541 -0.119496 0.0861043 -0.0243317 0.297005 -0.127804 0.00986233 -0.0239272 -0.00330756 0.22272 -0.233067 0.834932 0.649874 0.237971 0.261255 0.279316 -0.0788902 9.08411e-05 0.0305524 0.41963 0.291158 0.394601 0.21684 0.179413 0.495536 0.696165 0.113182 0.0376503 0.0880294 -0.066325 0.0807878 -0.0215077 0.755328 0.419753
internal_weight=362634 272892 89742 85874 187018 50524 39218 63423 38066 22451 88581 25162 34755 98437 25357 8648 57317 68081 13803 6313 32815 22176 21949 17179 2986 2242 25176 19056 4770 41120 1597 31722 7490 39523 16796 5666 26393 14056 27440 744 1264 978 10398 9807 59922 20500 15315 4307 13303 4102 1789 5482 451 1208 3658 15769 3492 51292 9764 1857 689 3903
internal_count=362634 272892 89742 85874 187018 50524 39218 63423 38066 22451 88581 25162 34755 98437 25357 8648 57317 68081 13803 6313 32815 22176 21949 17179 2986 2242 25176 19056 4770 41120 1597 31722 7490 39523 16796 5666 26393 14056 27440 744 1264 978 10398 9807 59922 20500 15315 4307 13303 4102 1789 5482 451 1208 3658 15769 3492 51292 9764 1857 689 3903
is_linear=0
shrinkage=0.05


Tree=30
num_leaves=63
num_cat=0
split_feature=6 5 5 15 76 76 6 53 9 31 77 59 54 5 76 1 79 51 51 78 73 51 76 77 44 58 73 79 70 50 79 64 67 79 51 67 67 50 70 50 70 6 16 58 73 70 79 5 78 37 51 58 50 44 67 59 77 67 70 44 30 37
split_gain=1.93811e+06 523876 166675 132970 126842 74971.4 74051.3 66331.2 49040.9 48930.3 43396 42671.2 42103.4 39286.5 36781.8 35191.8 32103.6 43142.8 34619 29260.8 28172.3 32960.9 28155.4 28554.3 25622.3 25362.5 34578.1 32775.1 36265.6 24977.6 24725.6 23696.2 23528.7 23380.1 25200.6 26812.8 23337.5 23176.7 77578.3 33678.5 24458.4 23820.8 23165.3 24197.3 22800.9 22666.5 37306.6 25623.4 22624.9 22174.7 24496.4 21623.3 27605 21483.3 21313.6 21291.3 21060.7 25697.5 29056.6 20846.4 32149.2 23164.2
threshold=36.049999237060554 23.050000190734867 48.250000000000007 0.086500000208616271 0.78656609248549325 0.12940952255126045 11.050000190734865 17.454825401306156 12.744999885559084 30.994999885559086 0.25881904510252057 0.87000179290771495 5.3429882526397714 38.049999237060554 -1.0000000180025095e-35 18.050000190734867 0.25000000000000017 3.5000000000000004 4.5000000000000009 -0.24999999999999994 -12.469998359680174 3.5000000000000004 0.37940952255126054 0.37940952255126048 16.285000801086429 -8.0499992370605451 -8.1500000953674299 0.6830127018922193 31.664999961853031 11.500000000000002 1.0000000180025095e-35 26.866666634877529 135.50000000000003 -0.68301270189221952 3.5000000000000004 87.500000000000014 48.550001144409187 11.500000000000002 24.425000190734867 10.500000000000002 19.714999198913578 61.500000000000007 31.375000000000004 -37.499999999999993 -13.959999561309813 29.57499980926514 -0.68301270189221952 41.100000381469734 0.68301270189221941 37.68499946594239 4.5000000000000009 10.100000381469728 1.5000000000000002 13.284999847412111 69.500000000000014 1.4200003147125246 -0.12940952255126037 40.149999618530281 30.214999198913578 20.644999504089359 17.345000267028812 19.054999351501468
decision_type=10 10 8 10 2 2 8 8 8 10 2 8 10 10 2 10 2 2 2 2 8 2 2 2 10 10 8 2 8 2 2 10 10 2 2 8 10 2 10 2 10 10 10 8 8 8 2 10 2 10 2 10 2 8 8 10 2 8 8 8 8 8
left_child=1 4 5 8 6 9 36 12 -3 19 -6 15 25 51 56 48 20 37 31 -2 21 -11 23 -10 -15 26 33 53 -29 -30 42 -19 49 -4 35 -35 -1 39 -39 40 -18 -40 43 -26 -21 46 -22 -47 -8 54 -51 -5 -53 -28 -9 -7 57 58 -13 61 -61 -27
right_child=2 3 7 13 10 55 11 32 22 16 -12 14 -14 24 -16 -17 17 18 -20 44 45 -23 -24 -25 30 59 27 28 29 -31 -32 -33 -34 34 -36 -37 -38 38 41 -41 -42 -43 -44 -45 -46 47 -48 -49 -50 50 -52 52 -54 -55 -56 -57 -58 -59 -60 60 -62 -63
leaf_value=-0.17729925873941976 0.18325088102929127 -0.16235818520081802 -0.062357342021262398 0.045937935708714323 -0.20099860499168917 -0.062084670853612425 -0.13970089801137756 0.30644541500648892 0.11633976354362674 -0.61952085621724617 -0.1158965416092725 0.14797170643433688 0.3877139273959731 0.31995147842289628 -0.046130121789242209 -0.043337990383075134 0.42101446058578001 0.50705756236171384 0.10486624337318357 -0.22367726646320163 0.56575749213086446 0.63037140993135321 -0.058311853477165887 -0.0031625295995761377 1.0747994529650264 0.44992910495559379 1.1107230501154723 -0.20550531081665502 0.033972282000906663 1.0508067964494807 0.052022300974468409 -0.068637438118892988 0.87042163655989713 0.14255191362009961 0.74980151950712171 1.2130882409485906 -0.093583096062024668 -0.12869522424124874 0.47911473192541182 -0.32853139567466649 -0.033977051708334878 1.3964103886244319 0.074997094682998075 0.25464924503894698 0.36240576959713922 0.11210251124348553 0.21033298637403106 0.24687279372596616 -0.037697258200121313 0.2701230086214747 -0.36578305206882455 -0.2414136121866759 0.19076489785896761 0.15232084138865901 0.44515750671681353 0.10034007579836596 -0.032669034314860984 0.32011358175260529 -0.17611819817758173 0.50052176705476714 0.2466322607023296 -0.077709193522478376
leaf_weight=20884 5396 5579 235 24523 39841 4443 24025 4482 6626 214 24006 3152 3985 2311 14220 34680 322 1085 3109 171 969 70 15535 20354 92 283 59 1266 146 103 4851 214 243 514 496 66 13843 906 517 949 3571 82 2308 4003 5618 9521 3101 5602 7026 717 192 400 4844 6529 7247 3696 2499 1485 886 1561 6196 785
leaf_count=20884 5396 5579 235 24523 39841 4443 24025 4482 6626 214 24006 3152 3985 2311 14220 34680 322 1085 3109 171 969 70 15535 20354 92 283 59 1266 146 103 4851 214 243 514 496 66 13843 906 517 949 3571 82 2308 4003 5618 9521 3101 5602 7026 717 192 400 4844 6529 7247 3696 2499 1485 886 1561 6196 785
internal_value=-8.58476e-11 -0.0637919 0.209452 0.0342568 -0.111845 0.150405 -0.0821043 0.292806 -0.0229795 0.177667 -0.169001 -0.0576997 0.240481 0.0977832 0.00216368 -0.0779562 0.144611 0.0752735 0.19544 0.267016 0.182899 -0.311449 -0.00468958 0.026186 0.168308 0.208313 0.151226 0.112682 -0.0970143 0.454591 0.137169 0.412216 0.383084 0.389461 0.488139 0.264372 -0.143928 -0.00818207 0.163196 -0.0614502 0.00365646 0.604688 0.201677 0.273075 0.345094 0.190214 0.294954 0.162025 -0.11662 0.373714 0.135806 0.0656444 0.157799 0.160904 0.392151 0.011674 0.0877705 0.142266 0.0768613 0.26921 0.297724 0.0621051
internal_weight=362634 277973 84661 91426 186547 49556 122700 35105 48094 41417 63847 87973 22224 43332 22242 65731 30232 10755 4408 11185 19477 284 42515 26980 13565 18239 9414 8103 1515 249 11254 1299 12881 1311 1076 580 34727 6347 1505 4842 3893 599 6403 4095 5789 19193 4070 15123 31051 12638 909 29767 5244 6588 11729 8139 8022 5523 4038 8825 7757 1068
internal_count=362634 277973 84661 91426 186547 49556 122700 35105 48094 41417 63847 87973 22224 43332 22242 65731 30232 10755 4408 11185 19477 284 42515 26980 13565 18239 9414 8103 1515 249 11254 1299 12881 1311 1076 580 34727 6347 1505 4842 3893 599 6403 4095 5789 19193 4070 15123 31051 12638 909 29767 5244 6588 11729 8139 8022 5523 4038 8825 7757 1068
is_linear=0
shrinkage=0.05


Tree=31
num_leaves=63
num_cat=0
split_feature=0 5 77 49 0 0 76 6 77 78 79 49 9 79 70 44 38 79 76 67 73 67 27 68 70 6 49 51 32 72 79 3 43 79 79 79 44 10 38 77 51 67 78 6 9 2 68 37 42 49 47 43 30 65 18 73 70 49 66 70 22 64
split_gain=1.77673e+06 424225 305314 119762 104298 84184.6 83971.1 66974.9 57612.7 48032.8 45147.2 42129.8 38328.8 36376.3 31638.2 31232.7 30750.6 30484.8 29382.1 28870.5 27898 27309.9 26974.8 26454.2 26414.8 25711.8 25642.7 25210.2 50987.2 41079.7 23464.8 22868.3 23132.2 22329.1 22254.7 22219.5 22078.4 21821.6 21352.4 21227.4 21920.8 20959.4 20833.8 20557 25560.7 20313.2 20094.8 21523.1 20027.6 19971 21886 19481.4 20375.5 19349.5 18994.8 21032 18986.2 18851.5 18737 18522.6 18303.3 27945
threshold=34.100000381469734 22.149999618530277 -0.5 9.5000000000000018 10.050000190734865 54.500000000000007 -0.91597561503675329 28.050000190734867 -0.5 0.68301270189221941 0.6830127018922193 12.500000000000002 27.884999275207523 0.6830127018922193 38.674999237060554 8.7049999237060565 87.020000457763686 -0.9330127018922193 0.91597561503675362 48.550001144409187 1.5100007057189944 120.50000000000001 -2.4486876726150508 1.0500000119209292 39.98500061035157 49.250000000000007 10.500000000000002 4.5000000000000009 18.304999351501468 1.0613814592361452 0.6830127018922193 32.100000381469734 0.71650001406669628 0.25000000000000017 0.25000000000000017 0.6830127018922193 34.315000534057624 93.009998321533217 182.22499847412112 0.37940952255126048 4.5000000000000009 104.50000000000001 0.25000000000000011 85.500000000000014 22.185000419616703 44.049999237060554 9.8499999046325701 31.365000724792484 75.549999237060561 17.500000000000004 -10.720637798309324 0.78049999475479137 8.6050000190734881 11.583333353201551 40.004999160766609 0.25000095367431646 37.844999313354499 12.500000000000002 3.2099999822676186 29.714999198913578 0.035499999299645431 26.483333746592205
decision_type=10 10 2 2 10 10 2 8 2 2 2 2 10 2 8 10 10 2 2 10 10 10 10 8 10 10 2 2 10 8 2 10 8 2 2 2 10 8 10 2 2 8 2 10 8 8 10 10 10 2 8 8 8 10 10 8 10 2 10 10 8 10
left_child=1 4 5 19 9 16 10 48 11 14 12 30 20 39 23 -11 43 27 -10 -3 38 33 35 -1 31 -18 -16 54 29 -29 -6 32 -19 45 42 60 -30 -12 -4 -8 -41 -17 -21 51 -45 -14 47 -31 -5 50 -24 52 -2 57 -7 -56 -34 -43 -35 -13 -9 -62
right_child=2 3 6 7 8 17 13 22 18 15 37 59 21 -15 26 41 25 24 -20 34 -22 -23 49 -25 -26 -27 -28 28 36 46 -32 -33 56 58 -36 -37 -38 -39 -40 40 -42 53 -44 44 -46 -47 -48 -49 -50 -51 -52 -53 -54 -55 55 -57 -58 -59 -60 -61 61 -63
leaf_value=-0.35188311734754996 0.52442543812679243 -0.12854509400119912 0.18422765107747544 0.0065525280855083705 0.0016951555867136523 0.34885704686502711 -0.14405935354433083 0.10497153691254357 -0.081172631516271188 -0.22950261768836225 0.072764659095076969 0.18547851177520758 0.047012324928951854 -0.20736538254362014 -0.096468461709483325 -0.065824975465351224 0.031833210576444858 0.29179456048978314 -0.15094066161642658 -0.057523000762367028 0.43157273419652759 0.54363634343317246 0.20940123031720162 -0.18042522928384239 -0.31270067643422589 0.24166929237575091 0.30562998810022424 -0.10160920547650142 0.98631832637918115 1.9436820048595902 -0.13955059338907433 0.53406944808020196 0.49899166507502762 -0.10572776244495652 -0.14073950690314058 0.042718696025673283 2.0412760415247511 -0.17241029814613917 0.89494647173159714 0.093505837046157614 -0.031126661380296697 -0.27449497877494661 0.074093522125590963 1.1748969149783377 0.37664300654251576 0.18582769351404083 0.42823287641948404 0.62433517884596124 -0.18266331917090292 -0.0040994510068441221 0.065171702320397151 0.40913246885483529 0.22296155771666287 0.48989744045155464 0.37598284000922355 1.1970363779197777 -0.03819056069096919 0.33618196723047306 0.31078476787609899 -0.099485798247692672 0.31158407473850797 0.11381986032956726
leaf_weight=2354 575 11494 3469 25388 9745 1282 1493 4725 66000 2943 4291 3533 3425 1678 1414 12226 3344 10435 19564 6076 2218 416 3346 50760 154 2591 551 170 109 69 4211 1448 2327 1506 3201 3760 91 1151 109 10863 5225 282 5952 123 543 11431 111 56 1480 7307 12296 1637 22231 331 157 155 177 229 329 680 4381 3016
leaf_count=2354 575 11494 3469 25388 9745 1282 1493 4725 66000 2943 4291 3533 3425 1678 1414 12226 3344 10435 19564 6076 2218 416 3346 50760 154 2591 551 170 109 69 4211 1448 2327 1506 3201 3760 91 1151 109 10863 5225 282 5952 123 543 11431 111 56 1480 7307 12296 1637 22231 331 157 155 177 229 329 680 4381 3016
internal_value=-3.45293e-11 -0.0661212 0.185247 0.02052 -0.111925 0.274531 0.0956247 0.0568199 -0.0799541 -0.158576 0.150363 0.000909075 0.181123 0.0150619 -0.180735 -0.0823476 0.225796 0.364904 -0.0971249 -0.0687239 0.292247 0.143473 0.0988127 -0.188024 0.338659 0.12344 0.0162828 0.538367 0.812874 0.490978 -0.0409235 0.345632 0.324544 0.133499 -0.0235743 0.148907 1.46632 0.0209094 0.205879 0.0362913 0.0530282 -0.0492074 0.00760682 0.249989 0.524068 0.153824 0.917842 1.35261 -0.00387026 0.0641445 0.096024 0.242521 0.230562 0.192083 0.434005 0.783878 0.46102 -0.000825662 -0.0310506 0.139484 0.181845 0.230949
internal_weight=362634 267245 95389 92422 174823 47785 47604 65699 103733 71090 28345 18169 22903 19259 55079 16011 31044 16741 85564 26723 5796 17107 38831 53114 14541 5935 1965 2200 606 406 13956 14387 12939 16691 15229 15882 200 5442 3578 17581 16088 13068 12028 25109 666 14856 236 125 26868 22949 15642 24443 22806 842 1594 312 2504 511 1835 4213 12122 7397
internal_count=362634 267245 95389 92422 174823 47785 47604 65699 103733 71090 28345 18169 22903 19259 55079 16011 31044 16741 85564 26723 5796 17107 38831 53114 14541 5935 1965 2200 606 406 13956 14387 12939 16691 15229 15882 200 5442 3578 17581 16088 13068 12028 25109 666 14856 236 125 26868 22949 15642 24443 22806 842 1594 312 2504 511 1835 4213 12122 7397
is_linear=0
shrinkage=0.05


Tree=32
num_leaves=63
num_cat=0
split_feature=0 6 6 49 5 49 59 0 59 16 79 79 70 49 49 70 30 43 49 68 0 59 45 74 37 49 78 49 16 37 50 50 69 70 50 10 70 30 69 50 44 16 73 50 73 67 58 70 5 28 44 47 35 33 4 30 44 79 79 4 0 6
split_gain=1.60517e+06 412906 228459 122046 90098.2 88963.5 73950.4 72020.6 49195.2 43211.6 42042.1 40063.7 45949.2 58242.3 43156.3 39108.2 37637 37615.1 34789.4 34457.6 32017.2 30474.7 29623.4 31455.7 29292.9 28700.8 28578.4 28441.1 28853.8 25582.7 43076.1 24322.6 25126.3 27314.7 24013.9 23497.6 23246.1 28616.5 25798 23190.6 22865.3 29579.1 27200.9 21520.4 21282.3 20439.2 20364.4 23451.2 19963.8 19625.1 19186.2 19142.2 18920.1 18737.9 18483.8 17572.7 17554.3 17167.3 17056.8 24367.2 16598.1 16479.2
threshold=35.100000381469734 22.050000190734867 39.100000381469734 10.500000000000002 9.0999999046325701 17.500000000000004 0.87000179290771495 54.500000000000007 0.87000179290771495 13.484999656677248 1.0000000180025095e-35 0.6830127018922193 22.994999885559086 13.500000000000002 13.500000000000002 30.48499965667725 17.964999198913578 0.70149999856948864 9.5000000000000018 7.7500000000000009 17.35000038146973 0.46000051498413091 39.995000839233406 1.0000000180025095e-35 16.015000343322757 12.500000000000002 0.68301270189221941 15.500000000000002 18.724999427795414 19.925000190734867 2.5000000000000004 2.5000000000000004 31.149999618530277 29.214999198913578 7.5000000000000009 35.995000839233406 20.564999580383304 14.114999771118166 5.349999427795411 6.5000000000000009 22.884999275207523 13.105000019073488 -0.53999948501586903 10.500000000000002 2.0800000429153447 32.500000000000007 -4.9499998092651358 21.954999923706058 68.500000000000014 9.4499998092651385 30.154999732971195 -11.162656784057615 8.1500000953674334 2.1843458414077763 18.050000190734867 14.784999847412111 26.035000801086429 0.25000000000000017 1.0000000180025095e-35 17.149999618530277 54.500000000000007 60.500000000000007
decision_type=10 10 8 2 8 2 10 10 10 8 2 2 10 2 2 8 10 8 2 10 8 10 10 2 10 2 2 2 8 10 2 2 8 10 2 8 8 8 10 2 8 8 8 2 8 10 8 10 10 8 10 8 10 10 8 10 8 2 2 10 10 10
left_child=1 4 6 15 26 11 10 18 9 -6 -2 12 13 34 -13 -3 51 19 -4 29 -11 48 60 -24 -25 -10 -1 35 -29 53 -31 -23 33 -33 61 -20 37 45 -38 -17 42 -42 -16 -7 52 -27 47 -44 -14 -19 -43 54 -30 -9 -15 -55 -41 -37 59 -26 -8 -5
right_child=2 3 7 5 8 43 22 17 25 20 -12 14 21 16 40 39 -18 49 27 -21 -22 31 23 24 58 36 -28 28 44 30 -32 32 -34 -35 -36 57 38 -39 -40 56 41 50 46 -45 -46 -47 -48 -49 -50 -51 -52 -53 -54 55 -56 -57 -58 -59 -60 -61 -62 -63
leaf_value=-0.18258822231212793 0.098217525668056194 -0.10522223246742919 -0.096918309298282559 0.031410498564541513 -0.17926428594160676 0.0083987810784642465 0.20898942388809286 0.36546743327559805 -0.047296534636492145 -0.11360849425513718 -0.040793999386510411 -0.064941202220130778 0.21192812497394509 0.39767989150134686 -0.19948506197845822 0.06025005197424918 1.3164949582780909 0.30240374271600617 0.44109392829051353 0.37741849538600158 -0.053658686799096356 -0.11995184704793965 0.18125226998449787 0.39466150993105487 -0.075864487521983381 0.019369884197939339 -0.094271056932099986 0.46514037465564462 0.22621834717287861 -0.15601617701781012 0.23982857685648404 0.20977744587059638 0.15142966719833881 -0.028928028830902355 0.53553119710268682 0.27462052454788993 0.38060064248824388 0.69403897558649386 -0.025500945790492169 -0.15963393496183559 -0.10957196845418722 0.33975421779502707 0.72017261442956915 -0.13131454645083263 0.25677118566327495 0.47790041541647632 0.0061542809890206768 -0.017475473238259889 0.58915840517869567 0.54659616416680878 -0.12425372619483516 0.34071940533913797 0.067244809162199312 0.6225234441514369 1.035306910612485 1.6827979818257419 -0.0026796736234651307 0.14628086695542716 -0.13955619737782723 0.27398910666152848 0.39701903087648571 0.79799812917839996
leaf_weight=39903 11463 18392 922 1768 13827 24352 4302 655 13281 45500 10350 5694 2899 221 905 8215 137 1202 1642 7097 43625 1252 8428 456 1191 865 11889 747 2530 757 7461 1583 11778 4933 313 9857 445 300 3227 2828 553 2272 273 3108 3229 338 772 178 399 2608 247 1114 7192 135 234 55 4814 3542 1837 855 1614 73
leaf_count=39903 11463 18392 922 1768 13827 24352 4302 655 13281 45500 10350 5694 2899 221 905 8215 137 1202 1642 7097 43625 1252 8428 456 1191 865 11889 747 2530 757 7461 1583 11778 4933 313 9857 445 300 3227 2828 553 2272 273 3108 3229 338 772 178 399 2608 247 1114 7192 135 234 55 4814 3542 1837 855 1614 73
internal_value=-8.43388e-11 -0.0604972 0.182919 0.0207841 -0.107101 0.0610016 0.0947899 0.254826 -0.0835473 -0.0970232 0.0322583 0.11097 0.143936 0.303492 0.0301612 -0.0556115 0.521729 0.328232 0.205405 0.294912 -0.0842642 0.116976 0.167798 0.124939 0.0155582 -0.00837519 -0.162315 0.215104 0.162982 0.230303 0.203365 0.0932536 0.107845 0.0290632 0.130645 0.262571 0.0915116 0.25715 0.0237134 0.00193034 0.134298 0.221562 0.00832407 -0.00741437 0.145554 0.148201 0.162099 0.429039 0.257566 0.469557 0.294256 0.452333 0.108615 0.492279 0.725602 0.929445 -0.0607622 0.240694 -0.0289618 0.0703353 0.260288 0.0618075
internal_weight=362634 272507 90127 99307 173200 65058 40496 49631 121408 102952 21813 37598 26704 3860 10894 34249 1706 19970 29661 16160 89125 22844 18683 12767 4339 18456 51792 28739 13698 9063 8218 19546 18294 6516 2154 15041 5175 1503 3672 15857 5200 3072 2128 27460 12951 1203 1223 451 3298 3810 2519 1569 9722 845 455 190 7642 13399 3883 2046 5916 1841
internal_count=362634 272507 90127 99307 173200 65058 40496 49631 121408 102952 21813 37598 26704 3860 10894 34249 1706 19970 29661 16160 89125 22844 18683 12767 4339 18456 51792 28739 13698 9063 8218 19546 18294 6516 2154 15041 5175 1503 3672 15857 5200 3072 2128 27460 12951 1203 1223 451 3298 3810 2519 1569 9722 845 455 190 7642 13399 3883 2046 5916 1841
is_linear=0
shrinkage=0.05


Tree=33
num_leaves=63
num_cat=0
split_feature=0 6 5 0 53 53 6 43 6 50 68 43 45 51 37 50 51 44 35 51 70 0 30 9 31 76 6 31 50 76 78 71 76 71 46 73 50 51 50 58 73 73 44 0 71 42 18 19 9 30 45 37 37 3 42 70 51 11 73 73 30 30
split_gain=1.45537e+06 329753 243662 108573 84919.4 76769.4 54476.9 39344 34361.3 34250.8 32028.3 31854 31684.1 41295.6 31464.9 47064.5 35542.6 30139.1 32190.6 29556.1 30365.6 28907.8 27358.9 26943.3 26440.6 27270.8 25528.1 24806 24374.7 23072.1 22603.3 21327.3 38502.7 22992.2 20484.6 19796.5 28047.2 29460.6 25625.3 38056.5 19643.2 20163.4 19575 19569.7 21539.5 19497.1 19490.7 19380.2 18884.3 18581 18549.6 20143.6 18420.3 18334.1 17780.4 23890.6 18350.7 17109.3 17094.7 16992.2 16629.7 18211.9
threshold=29.050000190734867 36.049999237060554 18.10000038146973 50.049999237060554 0.96479997038841259 2.238764882087708 9.1500000953674334 0.69650000333786022 42.049999237060554 6.5000000000000009 7.7500000000000009 0.039499999955296523 41.004999160766609 4.5000000000000009 19.054999351501468 2.5000000000000004 2.5000000000000004 36.48500061035157 31.550000190734867 5.5000000000000009 30.144999504089359 8.0500001907348651 8.6050000190734881 15.875000000000002 25.005000114440922 -1.0000000180025095e-35 64.500000000000014 26.994999885559086 2.5000000000000004 0.78656609248549325 -0.24999999999999994 2.6400000526919034 -0.37940952255126059 1.9930000016465785 41.004999160766609 -0.045000076293945306 4.5000000000000009 1.0000000180025095e-35 6.5000000000000009 22.10000038146973 2.8149995803833012 8.0599999427795428 13.855000019073488 59.149999618530281 2.3319999852101323 40.850000381469734 15.925000190734865 11.934367179870607 21.045000076293949 22.744999885559086 102.00999832153322 23.144999504089359 29.275000572204593 14.050000190734865 11.829999923706056 19.515000343322757 2.5000000000000004 27.005000114440922 1.2800016403198244 1.4799997210502627 18.314999580383304 15.574999809265138
decision_type=10 8 10 10 8 10 8 8 8 2 10 8 10 2 8 2 2 10 10 2 10 10 8 10 10 2 10 10 2 2 2 8 2 10 10 8 2 2 2 10 8 10 8 10 8 10 10 10 8 8 10 8 8 8 10 10 2 8 10 8 8 10
left_child=2 5 6 11 23 29 -1 10 31 24 14 -3 40 -14 -5 16 -16 18 26 20 35 42 -15 50 25 -8 47 -10 -26 45 -25 32 33 48 -28 60 -37 59 39 -39 43 53 -11 44 -7 -2 -22 -13 57 -19 51 -4 -21 -42 -32 56 -56 -6 -30 -38 61 -17
right_child=1 3 4 7 8 12 9 -9 27 21 -12 17 13 22 15 19 -18 49 -20 52 46 -23 -24 30 28 -27 34 -29 58 -31 54 -33 -34 -35 -36 36 37 38 -40 -41 41 -43 -44 -45 -46 -47 -48 -49 -50 -51 -52 -53 -54 -55 55 -57 -58 -59 -60 -61 -62 -63
leaf_value=-0.16031905683826694 0.02992697550130783 0.082003091133071943 -0.11106278109887158 0.54906007853087413 0.23719667170703121 0.23236277684170223 0.19245954955207234 0.41777057919990546 0.30455752343728792 -0.2987099279108012 0.32847681084744801 0.19151318636288933 0.12663627376321038 0.38839474402388824 -0.30340981108952414 0.38746202758871595 0.26137071109571774 0.47322625515954142 0.054472194077932551 -0.21889354223252411 0.31821589529655819 -0.095893786100762449 -0.061734498953498987 -0.072518052629589061 -0.13137219719741902 -0.044516043607876879 0.28881319917365567 0.087220131250030614 -0.076430430506553418 -0.11067408738815764 0.05172145047367771 -0.052395377729595322 0.012466463182037202 0.0076110035526768512 0.60892706121776619 0.21721191834179915 1.9573648251019993 0.35076353927684384 0.42122573215835735 1.8610212677790796 0.52090303900295898 0.011753210880237484 -0.15165515978160873 0.3953961909314867 0.031353718678782179 -0.10000108503888157 0.12994560365934948 0.55904631085693834 0.11835193160610638 -0.035206649818356722 -0.24103061001186421 0.11641130383531735 0.17139570090004624 0.24600821573993115 -0.15224546483598458 -0.05815759520422397 0.42729920332908239 0.56847648138278417 0.012731005696070108 0.86964094068469677 0.40353112457142704 -0.35293204802533856
leaf_weight=45781 22995 9740 9844 641 1030 2093 1973 4933 1654 2740 9954 20711 11579 359 791 130 430 197 3355 560 2037 35635 5655 20216 12418 3156 3237 6366 15129 4352 9595 8357 23405 1487 591 809 52 86 1171 81 932 559 12999 642 3669 3302 4228 365 1516 2046 2441 1080 657 1737 195 10837 456 627 8339 116 336 230
leaf_count=45781 22995 9740 9844 641 1030 2093 1973 4933 1654 2740 9954 20711 11579 359 791 130 430 197 3355 560 2037 35635 5655 20216 12418 3156 3237 6366 15129 4352 9595 8357 23405 1487 591 809 52 86 1171 81 932 559 12999 642 3669 3302 4228 365 1516 2046 2441 1080 657 1737 195 10837 456 627 8339 116 336 230
internal_value=-1.26351e-10 0.137808 -0.0728067 0.212906 -0.0129801 0.0502392 -0.115719 0.289987 0.0383506 -0.0936184 0.261732 0.160725 0.11134 0.0714288 0.207957 0.189292 -0.104511 0.185863 0.199866 0.22348 0.253875 -0.12082 -0.0348645 -0.0547121 -0.0595466 0.0466426 0.219453 0.132043 -0.0747236 -0.00403558 -0.034743 0.0177199 0.0385984 0.169847 0.338235 0.384368 0.454665 0.582221 0.503859 1.08328 0.184238 0.28481 -0.177256 0.133544 0.104369 0.0136125 0.19116 0.197878 0.245877 0.0094484 -0.116419 -0.0885736 -0.00819508 0.342 0.00147863 -0.0404851 0.253703 0.362551 -0.0447483 1.20632 0.150549 -0.0855675
internal_weight=362634 125358 237276 67484 99106 57874 138170 27242 44442 92389 22309 40242 27225 17593 12355 11714 1221 30502 28259 10493 9276 51374 6014 54664 41015 5129 24904 8020 35886 30649 41299 36422 28065 4660 3828 3011 2315 1506 1338 167 9632 3228 15739 6404 5762 26297 6265 21076 3173 2243 13365 10924 1217 2669 21083 11488 651 1657 23468 168 696 360
internal_count=362634 125358 237276 67484 99106 57874 138170 27242 44442 92389 22309 40242 27225 17593 12355 11714 1221 30502 28259 10493 9276 51374 6014 54664 41015 5129 24904 8020 35886 30649 41299 36422 28065 4660 3828 3011 2315 1506 1338 167 9632 3228 15739 6404 5762 26297 6265 21076 3173 2243 13365 10924 1217 2669 21083 11488 651 1657 23468 168 696 360
is_linear=0
shrinkage=0.05


Tree=34
num_leaves=63
num_cat=0
split_feature=5 0 0 8 76 77 77 6 0 67 22 70 76 28 62 6 29 42 49 77 51 51 79 79 73 73 30 73 51 78 62 70 44 70 20 79 52 73 42 51 44 78 37 49 28 6 16 79 6 78 68 67 6 73 28 79 78 67 42 63 44 46
split_gain=1.32531e+06 339734 173327 169598 64977.3 61714 52009.4 51752.4 40887.6 38318.4 36245.3 33213.2 32879.7 38649.5 32254.3 30755.7 30085.1 37670.3 26640.6 25495.4 23802 31149.8 22937.2 22819.4 31597.9 21182.8 20969.8 20944.5 42474.7 36263.7 29263.6 24338.5 26902.1 22177.6 20743.8 23456 20576.2 20133.2 28383.2 20403 20811.9 19989.4 19998.6 24910.3 19925.8 19397 19352 19252.7 19122.4 19018.7 30173.1 18302.2 17992.5 17908.4 17875.3 17460.7 17311.9 20278 22905.1 17112.6 17106.1 16763.1
threshold=35.149999618530281 18.10000038146973 49.149999618530281 0.04150000028312207 0.78656609248549325 -0.5 -0.70710678118654757 36.049999237060554 6.0499999523162851 50.299999237060554 0.072499997913837447 29.134999275207523 -0.37940952255126059 32.350000381469734 44.366666666666674 18.050000190734867 0.034500000998377807 17.849999427795414 5.5000000000000009 -0.70710678118654757 4.5000000000000009 3.5000000000000004 0.25000000000000017 1.0000000180025095e-35 -2.4549999237060542 1.6999979019165041 23.814999580383304 0.63999962806701671 4.5000000000000009 0.68301270189221941 52.691666603088386 27.914999961853031 19.925000190734867 38.674999237060554 2.9245090484619145 0.6830127018922193 1.6590499281883242 -5.5899996757507315 17.44999980926514 2.5000000000000004 19.515000343322757 0.25000000000000011 29.005000114440922 13.500000000000002 11.650000095367433 19.10000038146973 12.914999961853029 0.93301270189221952 98.500000000000014 -0.5 4.7000000476837167 77.500000000000014 42.049999237060554 3.9300012588500981 8.6450004577636737 -0.5 1.0000000180025095e-35 139.50000000000003 3.6499999761581425 2.3380903888997877 20.545000076293949 16.974999427795414
decision_type=10 10 8 10 2 2 2 8 8 8 8 8 2 10 8 8 10 10 2 2 2 2 2 2 8 8 8 8 2 2 8 10 8 10 10 2 10 10 10 2 8 2 10 2 8 8 8 2 10 2 10 10 10 10 8 2 2 8 10 10 8 8
left_child=1 4 5 9 8 10 14 16 47 19 22 12 13 48 23 -10 17 26 -6 -3 21 -19 41 24 -4 37 44 28 30 33 -8 49 -33 -30 35 36 59 38 39 40 -7 -2 43 -43 -5 -11 -21 -1 -9 50 -29 -26 -52 60 -53 -14 -17 -58 -59 -12 -51 -31
right_child=2 3 6 7 18 25 27 11 15 45 34 -13 55 -15 -16 56 -18 20 -20 46 -22 -23 -24 -25 51 -27 -28 31 29 61 -32 32 -34 -35 -36 -37 -38 -39 -40 -41 -42 42 -44 -45 -46 -47 -48 -49 -50 53 52 54 -54 -55 -56 -57 57 58 -60 -61 -62 -63
leaf_value=-0.12092120531954383 0.20606232814496997 0.10869537886824659 -0.05475538288331188 0.32076805546846676 -0.10250107945472418 -0.61033980909814234 0.067069277558792773 0.3687877038555647 -0.095278625702120798 -0.048332961646901089 1.0580340979937861 0.086724043082621785 0.42170167311964096 0.023870907935659113 0.45086242332259063 -0.064151551636542875 -0.02776924692495164 0.012594427691854449 -0.17650467348978072 -0.18977005430519747 -0.075533668411549168 0.24177322829833009 -0.0097027319599732598 0.18162933963823194 0.30574971595586081 0.14166292241002607 0.06082301625126682 0.11416162046020112 -0.11116697581833174 0.58707701544423674 0.30770483461875159 -0.15397712762775531 0.22563068612485054 -0.77962821871042254 0.11122208583786419 0.110963073948187 0.22620614222472094 -0.0013847893557628371 -0.026066450314717111 0.43711344944130559 0.18531265099410435 0.083301721607076454 -0.11248421101392957 0.64199177742414526 0.1379565261582093 0.019166318342082812 -0.075658451712655103 -0.24417114396620448 1.2030496287399106 0.024281100425303973 0.52259191073915667 0.25439369775163673 1.1570489520496794 0.52519687755059408 0.56684070989117963 0.0054990586737211147 -0.0089325087210545134 0.002026400691132637 0.45002327465812209 0.36734564164881361 0.37778932094667522 0.062008368187062041
leaf_weight=14571 4505 1683 497 2167 18708 94 2071 3663 39318 18697 94 7499 297 928 3805 18548 10030 6332 34752 4291 4610 1936 4107 3751 5218 4823 5013 209 1534 261 3240 502 6641 135 5702 3711 10862 14445 1403 918 654 2353 1260 218 4775 24709 27698 4049 70 692 222 643 225 608 1589 1663 15495 618 530 1951 677 364
leaf_count=14571 4505 1683 497 2167 18708 94 2071 3663 39318 18697 94 7499 297 928 3805 18548 10030 6332 34752 4291 4610 1936 4107 3751 5218 4823 5013 209 1534 261 3240 502 6641 135 5702 3711 10862 14445 1403 918 654 2353 1260 218 4775 24709 27698 4049 70 692 222 643 225 608 1589 1663 15495 618 530 1951 677 364
internal_value=-5.013e-11 -0.054913 0.166385 0.00527323 -0.106671 0.113724 0.257827 0.0780231 -0.0814492 -0.0409593 0.155391 0.15878 0.24039 0.312644 0.324408 -0.0648874 0.0453156 0.0748344 -0.150608 -0.0809859 0.0155001 0.066258 0.0870124 0.283276 0.331254 0.0488767 0.13875 0.198441 0.136211 -0.043584 0.21387 0.246851 0.198952 -0.165237 0.193511 0.221746 0.253599 0.0233252 0.139629 0.279167 0.0853242 0.134662 0.0507004 0.130674 0.195023 -0.00990879 -0.0909654 -0.147722 0.384432 0.376793 0.610078 0.357005 0.841949 0.299386 0.47683 0.0685665 -0.030932 0.00608997 0.208854 0.399094 0.199099 0.281277
internal_weight=362634 272650 89984 126061 146589 57100 32884 48983 93129 77078 34763 14120 6621 4661 15503 74509 34863 24833 53460 33672 12878 8268 12443 11698 7947 22337 11955 17381 7605 2294 5311 9776 7143 1669 22320 16618 12907 17514 3069 1666 748 8336 3831 2571 6942 43406 31989 18620 3733 2633 656 7450 447 1977 2232 1960 35191 16643 1148 2045 1369 625
internal_count=362634 272650 89984 126061 146589 57100 32884 48983 93129 77078 34763 14120 6621 4661 15503 74509 34863 24833 53460 33672 12878 8268 12443 11698 7947 22337 11955 17381 7605 2294 5311 9776 7143 1669 22320 16618 12907 17514 3069 1666 748 8336 3831 2571 6942 43406 31989 18620 3733 2633 656 7450 447 1977 2232 1960 35191 16643 1148 2045 1369 625
is_linear=0
shrinkage=0.05


Tree=35
num_leaves=63
num_cat=0
split_feature=0 6 77 77 6 0 0 76 76 76 77 35 50 43 79 67 50 31 28 42 73 29 67 30 67 6 50 70 78 4 70 22 9 29 6 9 74 28 30 55 73 75 9 65 50 36 38 78 17 48 74 71 25 78 20 30 29 78 31 46 6 20
split_gain=1.201e+06 309622 199310 101807 65554 62378.5 54126.7 52795 39018.5 37203.6 51346 35621 34898.3 30587.2 29779.8 28501 26692.6 25528.4 23928.5 23499 22940.5 22666.5 22121.3 22850.2 21243.5 20018 19992.5 25443.7 19613.2 19282.1 19706.7 19203.9 25295.2 22012.4 18879.5 18375.4 18137.2 17620 19906.4 17631.8 16821 24528.7 38334.7 16766.7 16760.4 16711.4 16706.3 16562 16219.3 15993.2 15778.8 18273 15638.6 16573.2 15160.9 14894.2 15603.7 15321.7 14835.8 14789.7 18203.6 18918.9
threshold=35.100000381469734 20.050000190734867 -0.5 -0.5 6.0499999523162851 18.10000038146973 56.399999618530281 -0.91597561503675329 0.78656609248549325 0.37940952255126054 -0.12940952255126037 21.349999427795414 6.5000000000000009 0.28149999678134924 0.25000000000000017 44.149999618530281 6.5000000000000009 52.995000839233406 15.949999809265138 11.409999847412111 -12.469998359680174 0.03849999979138375 120.50000000000001 8.6050000190734881 44.149999618530281 49.250000000000007 5.5000000000000009 32.085000991821296 -0.93301270189221908 39.100000381469734 30.82499980926514 0.046499999240040786 28.704999923706058 0.035499999299645431 101.50000000000001 19.394999504089359 1.0000000180025095e-35 9.6100001335144061 27.595000267028812 1.500000059604645 -12.469998359680174 1.0000000180025095e-35 23.384999275207523 21.516666491826381 2.5000000000000004 0.76250001788139354 108.02999877929689 0.93301270189221952 46.995000839233406 -15.866067409515379 1.0000000180025095e-35 2.022000055701938 16.564999580383304 -0.5 2.0965552330017094 9.3249998092651385 0.04150000028312207 -0.93301270189221908 16.010000228881839 27.775000572204593 39.100000381469734 -7.8476343154907218
decision_type=10 10 2 2 8 8 10 2 2 2 2 10 2 10 2 10 2 10 10 10 8 8 8 8 8 8 2 8 2 10 8 8 10 10 10 8 2 10 8 8 8 2 10 8 2 8 10 2 10 8 2 10 10 2 8 8 8 2 8 10 10 8
left_child=1 4 6 5 47 -3 17 11 12 10 13 16 19 -6 50 -11 22 34 31 44 -14 29 23 46 -12 -19 27 -17 -26 37 -31 -7 33 -33 45 -27 -29 39 -39 -8 -21 -42 -43 -32 -5 55 -4 -1 -13 -41 51 -9 53 -18 -34 -2 57 -57 -35 -22 -61 -62
right_child=2 3 7 8 9 18 21 14 -10 15 24 48 20 -15 -16 26 52 25 -20 40 59 -23 -24 -25 28 35 -28 36 -30 30 43 32 54 58 -36 -37 -38 38 -40 49 41 42 -44 -45 -46 -47 -48 -49 -50 -51 -52 -53 -54 -55 -56 56 -58 -59 -60 60 61 -63
leaf_value=-0.17024338061872937 0.46178937893234306 -0.018334817822641687 0.41434015122663059 -0.050600679600883464 0.10383726526417324 0.083347701411056185 0.68859601705677098 -0.033658821839683918 -0.10949545016611151 -0.14211775677172547 -0.11232240884633352 0.16847512684022392 0.38455995768246137 -0.071778404499505233 -0.11020574404238831 -0.08071948468921139 0.22281285470347806 0.080559610602454493 0.05182545834915573 -0.29123560760828837 -0.067554938864714809 0.49672272236789683 0.60714857505950315 0.18138526405979327 0.12371949345302125 0.63608639995462357 -0.10298101152098482 0.11017393957955052 -0.0540821094717754 0.14568227294917133 0.39172497015529212 0.27910020450063106 0.19011557238722318 0.60195762045180679 0.73480699622369083 0.19262258272686208 -0.088997647517643746 0.29222299406574259 0.54054680354362772 0.62063458701075636 -0.047214134549852523 0.29605018556212792 -0.043137301494972406 0.97184162746654246 0.096999969850211129 0.36145076703490431 1.3086575256339437 -0.033647134015210148 -0.014410197236209888 0.16006384930113937 -0.029499875722013808 0.1283847406927395 0.034949154849747935 -0.0035492067063308281 -0.012331201284630616 0.31602244874064883 0.37559724925264698 0.16800317306891024 0.020433730554354757 -0.011537070829507322 1.0900614667316559 0.2089214685870148
leaf_weight=30535 559 14702 524 2293 7541 8465 177 2347 12296 29274 19471 1573 298 3694 3764 9942 3209 6881 12500 543 24407 1466 342 10235 1688 248 29306 3965 19113 220 225 5990 1655 119 182 4021 1606 6954 913 197 9817 1512 1855 279 11929 1967 58 2393 5287 4362 4336 6724 4886 1081 2096 1999 1172 13939 1400 1602 71 429
leaf_count=30535 559 14702 524 2293 7541 8465 177 2347 12296 29274 19471 1573 298 3694 3764 9942 3209 6881 12500 543 24407 1466 342 10235 1688 248 29306 3965 19113 220 225 5990 1655 119 182 4021 1606 6954 913 197 9817 1512 1855 279 11929 1967 58 2393 5287 4362 4336 6724 4886 1081 2096 1999 1172 13939 1400 1602 71 429
internal_value=-4.91981e-11 -0.0523294 0.158223 0.0105253 -0.0975209 0.0670114 0.231435 0.0827082 -0.029007 -0.0810581 -0.0484201 0.126049 -0.0109326 0.0460959 0.0140665 -0.103747 0.159286 0.193851 0.105949 0.0281603 -0.0516908 0.310114 0.211232 0.198714 -0.074788 0.133329 -0.0786846 -0.0327856 -0.0396535 0.289586 0.540514 0.140248 0.183024 0.23599 0.227903 0.218385 0.052757 0.275171 0.321042 0.198975 -0.0185061 -0.00727344 0.10918 0.712861 0.0732025 0.223204 0.503465 -0.160316 0.0275255 0.179966 0.0489558 0.0864581 0.0961128 0.165774 0.0769915 0.207814 0.199516 0.186568 0.0659909 -0.0565949 0.0706657 0.334043
internal_weight=362634 272507 90127 113979 158528 46927 45761 44366 67052 125600 51507 27195 54756 11235 17171 74093 20335 30968 32225 27949 26807 14793 11159 10817 40272 11150 44819 15513 20801 13327 724 19725 11260 7509 19818 4269 5571 12603 7867 4736 13727 13184 3367 504 14222 19636 582 32928 6860 4559 13407 9071 9176 4290 3751 17669 17110 15938 1519 26509 2102 500
internal_count=362634 272507 90127 113979 158528 46927 45761 44366 67052 125600 51507 27195 54756 11235 17171 74093 20335 30968 32225 27949 26807 14793 11159 10817 40272 11150 44819 15513 20801 13327 724 19725 11260 7509 19818 4269 5571 12603 7867 4736 13727 13184 3367 504 14222 19636 582 32928 6860 4559 13407 9071 9176 4290 3751 17669 17110 15938 1519 26509 2102 500
is_linear=0
shrinkage=0.05


Tree=36
num_leaves=63
num_cat=0
split_feature=6 0 0 49 77 77 62 31 49 6 71 50 59 78 51 37 50 38 0 79 30 0 6 79 47 62 44 20 79 51 78 30 51 50 0 63 17 79 51 50 37 44 18 35 50 68 78 4 58 37 30 23 30 52 30 5 50 49 44 37 16 71
split_gain=1.09006e+06 270374 174200 79019.8 78722.7 74435.7 49787.3 48908.1 44902.2 43533 38141.6 31751.9 31415.7 29904.3 30888.8 28329.8 34121.7 31087.8 27622.8 27262.4 27129 26411.1 25735.9 25405 23221.4 21372.4 21284 20324.2 19986.8 28329.7 20057.8 26317 21611.9 25229.3 19512.3 19343.2 19080.3 18776.2 22242.7 25831.5 24524.3 19421.6 21200.4 18756.9 18280.9 18911.3 18270.4 18246.8 17856.4 17806.8 19964.2 17800.4 17508.8 17340.4 16699.1 16526.2 16342.8 16250 16202.3 18602.9 15736 15529.9
threshold=28.050000190734867 39.049999237060554 18.10000038146973 9.5000000000000018 -0.5 -0.70710678118654757 42.083333333333336 29.994999885559086 12.500000000000002 6.0499999523162851 0.37400000164052477 4.5000000000000009 0.46000051498413091 -0.24999999999999994 3.5000000000000004 28.664999961853031 1.5000000000000002 48.004999160766609 28.10000038146973 0.6830127018922193 7.6649999618530282 57.500000000000007 55.149999618530281 0.6830127018922193 -11.397787094116209 6.0666666825612401 18.255000114440922 0.41751947999000555 -0.9330127018922193 4.5000000000000009 -0.6830127018922193 15.275000095367433 4.5000000000000009 9.5000000000000018 37.049999237060554 1.4719601443883681 54.995000839233406 -0.9330127018922193 4.5000000000000009 2.5000000000000004 34.835000991821296 38.254999160766609 33.375000000000007 31.550000190734867 5.5000000000000009 8.5000000000000018 1.0000000180025095e-35 11.050000190734865 9.0499992370605487 27.685000419616703 23.954999923706058 33.07500076293946 21.255000114440922 13.251850605010988 28.654999732971195 55.500000000000007 10.500000000000002 11.500000000000002 24.32499980926514 37.68499946594239 30.304999351501468 2.4564999887370509
decision_type=10 10 10 2 2 2 8 10 2 8 10 2 8 2 2 10 2 8 8 2 8 10 10 2 8 8 8 10 2 2 2 8 2 2 10 8 10 2 2 2 10 8 8 10 2 10 2 10 10 8 10 10 10 8 10 8 2 2 8 10 8 10
left_child=2 3 9 -2 8 6 11 13 19 -1 -6 48 25 26 47 16 17 -10 -9 -4 56 46 -16 34 -13 -11 -5 43 29 -26 31 -30 52 -34 -12 -14 -23 41 39 -39 -40 42 -38 -20 54 -46 -22 -15 -3 -32 -51 60 -33 -52 -27 -17 -7 -37 -48 -60 -8 -62
right_child=1 5 4 7 10 20 51 18 15 12 23 24 35 14 22 55 -18 -19 27 -21 21 36 -24 -25 28 44 -28 -29 30 -31 49 32 33 -35 -36 57 37 38 40 -41 -42 -43 -44 -45 45 -47 58 -49 -50 50 53 -53 -54 -55 -56 -57 -58 -59 59 -61 61 -63
leaf_value=-0.1606830300683077 -0.055374790552119517 0.18987771969882844 0.053241120752708128 -0.4583974148764603 -0.10438145966245078 0.63597751637868027 0.48945993341233146 0.010856419471897917 0.34410936753567939 -0.19061989087439005 -0.017222346630902444 0.36656339395108212 -0.13367266264581221 -0.030723140367821696 0.3050096517289359 -0.048612276932993581 0.26196459231167268 -0.27078529279196822 0.15545973035478128 -0.13184169618672717 0.050026203416327721 0.30222105559819146 0.78154856084351199 -0.085109974720714535 0.26389234411698109 -0.087410802760167938 0.098462841796756614 0.038205160302795887 1.1794750516995405 0.75538434793054143 0.26714760398502063 0.55234052659268418 0.24866458834859295 -0.17712382729891518 0.066372280462224473 -0.047071735958763579 0.34243971798051565 -0.10093690102722847 0.046541246481237288 0.23360292047755263 -0.53691326193693212 0.023960509640716405 1.0745944303027595 -0.0012636532130767186 -0.13487607463559628 -0.067191253703614937 0.050151021608008356 0.20525458729914497 0.00056261932563367344 -0.12980785908548495 0.046488446451411501 0.73522263986248815 0.2684126930040252 0.34677807064674032 0.0022876919532219884 0.28870689627254026 -0.092727574706077578 0.05124550652373018 0.19935548148614846 -0.13233625423925358 0.50699330939217269 0.23118116159273036
leaf_weight=25851 13898 3451 7808 176 16471 424 1819 21759 308 6549 40975 3974 4728 1087 2472 1973 5464 618 11330 2670 8553 3331 320 11634 1076 18555 6854 11231 78 403 1513 662 962 545 8414 16710 270 671 1483 4120 205 211 156 2296 34077 14803 3201 3325 1949 974 1516 372 3020 704 7203 445 94 5615 8098 446 679 2055
leaf_count=25851 13898 3451 7808 176 16471 424 1819 21759 308 6549 40975 3974 4728 1087 2472 1973 5464 618 11330 2670 8553 3331 320 11634 1076 18555 6854 11231 78 403 1513 662 962 545 8414 16710 270 671 1483 4120 205 211 156 2296 34077 14803 3201 3325 1949 974 1516 372 3020 704 7203 445 94 5615 8098 446 679 2055
internal_value=-4.00611e-11 0.114749 -0.0654896 0.0521955 -0.0143666 0.196758 0.259705 0.0767643 0.0760275 -0.102388 -0.0368631 0.225897 -0.0884648 0.157885 0.229477 0.159239 0.2144 -0.0662631 0.0519943 0.00607839 0.144907 0.138861 0.359627 -0.0186389 0.262423 -0.104014 0.0845215 0.088005 0.226288 0.397815 0.200853 0.267883 0.25418 0.0946801 -0.00298101 -0.0418005 0.203457 0.157226 0.131759 0.186749 -0.0243167 0.41625 0.610553 0.129052 -0.0964151 -0.114378 0.105615 0.147116 0.121549 0.125849 0.0589153 0.402671 0.319461 0.141715 -0.0623274 0.0134667 0.503741 -0.0223438 0.146096 0.182041 0.3755 0.29968
internal_weight=362634 131763 230871 74748 96780 57015 25752 60850 19286 134091 77494 20827 108240 14234 7204 8808 6390 926 46616 10478 31263 30745 2792 61023 15427 81187 7030 24857 11453 1479 9974 5267 5189 1507 49389 27053 10447 7116 6479 4791 1688 637 426 13626 74638 48880 20298 4412 5400 4707 3194 4925 3682 2220 25758 2418 518 22325 11745 8544 4553 2734
internal_count=362634 131763 230871 74748 96780 57015 25752 60850 19286 134091 77494 20827 108240 14234 7204 8808 6390 926 46616 10478 31263 30745 2792 61023 15427 81187 7030 24857 11453 1479 9974 5267 5189 1507 49389 27053 10447 7116 6479 4791 1688 637 426 13626 74638 48880 20298 4412 5400 4707 3194 4925 3682 2220 25758 2418 518 22325 11745 8544 4553 2734
is_linear=0
shrinkage=0.05


Tree=37
num_leaves=63
num_cat=0
split_feature=5 0 77 0 76 59 76 49 37 28 79 77 23 79 10 63 43 49 44 73 70 67 79 49 76 16 30 6 76 26 68 37 73 50 50 51 73 51 70 17 6 51 79 73 51 70 24 71 23 59 79 73 51 37 6 50 50 44 27 67 2 68
split_gain=994543 285766 116325 109936 73653.2 46452.5 45525.6 44686.9 42473.5 46772.2 41201.2 42465.1 41079.3 37356.4 35284.3 34709.6 34163.3 30767.8 28733.4 32872.8 28344.8 27400.7 28011 24642 24080.1 25454.6 27141.8 25883.6 22490.2 22474.4 21925.9 23679.9 21875.4 21337.7 21335.6 36388.4 20828.9 23813.3 20595.3 20376.3 20160.1 20097.6 20050.2 32930.2 20707.7 22582.9 20311.4 20020.1 19871.5 20291.8 19643.4 19453.7 19068 32170.4 28383 20474.3 18779.9 18626 18052.4 17793.1 18006.8 18840.4
threshold=37.049999237060554 22.050000190734867 -0.5 54.500000000000007 0.78656609248549325 0.46000051498413091 -0.78656609248549303 12.500000000000002 30.105000495910648 26.44999980926514 0.25000000000000017 -0.70710678118654757 17.744999885559086 1.0000000180025095e-35 42.004999160766609 1.5165750888131313 0.7215000092983247 5.5000000000000009 16.425000190734867 -8.1500000953674299 38.375000000000007 7.5000000000000009 0.6830127018922193 11.500000000000002 -0.37940952255126059 20.554999351501468 13.925000190734865 32.100000381469734 1.0000000180025095e-35 7.2808234691619882 7.0499999523162851 16.98499965667725 0.49499988555908209 6.5000000000000009 2.5000000000000004 1.5000000000000002 -1.2899980545043943 5.5000000000000009 19.714999198913578 43.995000839233406 39.100000381469734 4.5000000000000009 -0.9330127018922193 -2.9349994659423824 2.5000000000000004 30.144999504089359 21.994999885559086 0.16900000319583344 29.675000190734867 3.3600015640258794 0.25000000000000017 -6.7200000286102286 4.5000000000000009 38.254999160766609 82.500000000000014 6.5000000000000009 10.500000000000002 29.23499965667725 -8.9304885864257795 80.500000000000014 12.050000190734865 26.500000000000004
decision_type=10 10 2 8 2 8 2 2 10 10 2 2 8 2 10 8 8 2 10 8 10 8 2 2 2 8 8 8 2 10 8 10 10 2 2 2 8 2 8 10 8 2 2 8 2 8 8 10 8 8 2 8 2 10 10 2 2 10 10 10 10 10
left_child=1 4 7 10 5 21 14 13 9 39 11 20 -8 -3 33 -7 30 -6 28 59 23 -1 -23 -2 25 26 56 -27 38 -13 31 -5 58 -4 35 -33 -36 48 41 -9 -16 -12 43 -25 -45 -46 -44 -14 49 -38 -26 -24 -32 54 -54 -56 57 -17 -21 60 -20 -62
right_child=3 2 6 16 17 15 12 8 -10 -11 18 29 47 -15 40 24 -18 -19 19 32 -22 22 51 42 50 27 -28 -29 -30 -31 52 34 -34 -35 36 -37 37 -39 -40 -41 -42 -43 46 44 45 -47 -48 -49 -50 -51 -52 -53 53 -55 55 -57 -58 -59 -60 -61 61 -63
leaf_value=-0.32061966455588986 0.099470286467921123 0.11718158878234847 0.21132057740060659 0.53615434207278523 -0.080519163825143861 -0.12161924466820917 -0.14535822170793122 0.37924629525952125 0.038538673353378849 0.05431293408158875 0.74912719120001525 0.081549490745158049 -0.10921572429518428 -0.0681578408222622 -0.025237756371384836 0.3238250245717616 0.38763295909354123 -0.15438136275072778 -0.22380152215416416 0.10436512615030372 -0.009990570932188074 -0.056036148747990837 -0.26952327820863203 1.300087520752832 0.021865895375626183 -0.088082242655460899 0.47513288741503418 0.19461404389668391 -0.10827826204701539 0.40072255013952518 0.33122164652520347 -0.33392080171033744 0.080182140402994526 0.05957283947766049 -0.0037402177193988301 0.19860311204309611 0.41279153472621694 -0.00023100825508908567 0.18081777861193957 0.21722819010296554 0.10297405518996319 0.13274854435494132 0.58375419482608581 0.14660686475862297 1.2589685232839087 0.42606290789768586 0.21095688916893285 -0.0051621410550025176 0.14828773266279788 0.1946482681517433 -0.06418376045648648 -0.1070809805729816 0.16633912018656605 -0.60682919275547775 1.3405004370466367 0.30644609078691148 -0.09913668098472278 -0.38413150747879765 -0.089516140016472165 0.67941348264139378 0.29635048900124716 -0.34893000351355202
leaf_weight=1180 3812 5989 3702 436 22342 6407 7718 3151 4774 3209 376 17972 5346 4979 15452 871 3597 38215 246 1476 1543 50902 1990 97 15766 2282 740 1255 456 569 5909 560 5010 6190 1258 751 2400 1121 1480 5052 3825 204 376 691 91 770 12925 34165 2995 1918 11448 24964 2572 126 91 101 647 104 6435 192 1289 124
leaf_count=1180 3812 5989 3702 436 22342 6407 7718 3151 4774 3209 376 17972 5346 4979 15452 871 3597 38215 246 1476 1543 50902 1990 97 15766 2282 740 1255 456 569 5909 560 5010 6190 1258 751 2400 1121 1480 5052 3825 204 376 691 91 770 12925 34165 2995 1918 11448 24964 2572 126 91 101 647 104 6435 192 1289 124
internal_value=-3.90348e-11 -0.0440425 0.022076 0.155676 -0.0822682 -0.0593531 -0.00951779 0.110966 0.163766 0.216152 0.117475 0.146052 -0.0398507 0.0330455 0.0395957 -0.0150925 0.245644 -0.127131 0.053264 0.0266612 0.196007 -0.0814844 -0.0778601 0.212948 0.00551922 0.0971005 0.224199 0.0122242 0.209455 0.0913445 0.220407 0.174763 -0.00156961 0.116363 0.160442 -0.0288671 0.18605 0.214358 0.279788 0.279464 0.000202415 0.532332 0.241883 0.406336 0.350477 0.514094 0.221495 -0.019241 0.247252 0.315895 -0.0143323 -0.119074 0.279746 0.174498 0.210116 0.796545 0.109717 0.24831 -0.0533426 0.223728 0.170991 0.239723
internal_weight=362634 282665 103552 79969 179113 118556 76398 27154 16186 11412 56134 38846 47229 10968 29169 39520 23835 60557 17288 14772 20305 79036 77856 18762 33113 5899 2362 3537 2516 18541 20238 11439 12921 9892 11003 1311 9692 8434 2060 8203 19277 580 14950 1649 1552 861 13301 39511 7313 4318 27214 26954 8799 2890 2764 192 1622 975 7911 1851 1659 1413
internal_count=362634 282665 103552 79969 179113 118556 76398 27154 16186 11412 56134 38846 47229 10968 29169 39520 23835 60557 17288 14772 20305 79036 77856 18762 33113 5899 2362 3537 2516 18541 20238 11439 12921 9892 11003 1311 9692 8434 2060 8203 19277 580 14950 1649 1552 861 13301 39511 7313 4318 27214 26954 8799 2890 2764 192 1622 975 7911 1851 1659 1413
is_linear=0
shrinkage=0.05


Tree=38
num_leaves=63
num_cat=0
split_feature=6 5 49 49 79 5 49 15 49 38 62 70 62 59 51 78 50 70 30 70 51 25 62 64 36 78 37 11 38 24 50 68 64 9 49 79 54 51 73 49 44 51 44 9 38 73 70 30 38 72 78 51 73 43 44 4 68 42 50 68 78 62
split_gain=903121 249330 85264.1 79203.7 75116.8 59396.1 56769.8 53028.8 48494.7 46903.2 44810 38767.9 45891.2 38314 35617.4 56789.7 87102.7 85310.1 58997.1 53677.9 50271.8 38022.4 35235.7 33509.8 33224.1 32468.1 32037.8 31571.4 30763.5 30585 30404.8 29604.3 28355.8 26804.1 32969.9 25892 25833.4 25663.9 25272.6 24649.7 23151.2 27196.3 22984.4 22723.5 22353.2 21391 21373.4 24178.8 21310.5 20621.2 20591.2 26024.8 29666.9 20277 20140.6 20121.9 23659.4 19995 18942.5 19851.3 18614.2 18353.2
threshold=36.049999237060554 21.050000190734867 11.500000000000002 10.500000000000002 0.25000000000000017 6.0499999523162851 15.500000000000002 0.59550002217292797 18.500000000000004 59.995000839233406 44.366666666666674 29.57499980926514 37.666666984558113 1.2500009536743166 3.5000000000000004 -0.6830127018922193 11.500000000000002 24.425000190734867 16.285000801086429 23.775000572204593 4.5000000000000009 16.005000114440922 26.083333333333339 13.376666784286501 0.22150000184774402 -0.6830127018922193 17.515000343322757 22.964999198913578 78.014999389648452 22.005000114440922 1.5000000000000002 17.500000000000004 27.488333543141689 32.014999389648445 12.500000000000002 0.25000000000000017 2.1252177953720097 1.0000000180025095e-35 -9.1350002288818342 12.500000000000002 34.674999237060554 3.5000000000000004 31.994999885559086 7.1250000000000009 35.004999160766609 -8.1500000953674299 38.375000000000007 31.615000724792484 43.004999160766609 1.3755733966827395 -0.6830127018922193 4.5000000000000009 1.2500004768371584 0.76049998402595531 29.32499980926514 25.050000190734867 4.0499999523162851 6.5499999523162851 5.5000000000000009 8.5000000000000018 -0.93301270189221908 50.083333333333336
decision_type=10 10 2 2 2 8 2 10 2 10 8 10 10 10 2 2 2 10 10 8 2 10 10 8 10 2 10 8 8 8 2 10 8 10 2 2 10 2 8 2 10 2 10 8 8 8 10 10 10 8 2 2 10 8 10 10 8 10 2 10 2 10
left_child=1 5 -2 23 6 -1 10 14 9 33 24 40 -13 22 15 18 19 54 -6 37 29 -21 43 -3 -4 45 -9 -19 57 -16 -11 36 48 34 -5 -10 38 -17 -27 -15 -8 -42 -39 -7 -23 -22 53 -48 -31 -41 51 -28 -53 -26 55 56 -18 -20 -45 -60 -24 -29
right_child=2 3 4 8 7 13 11 26 35 30 -12 12 -14 39 20 16 17 27 28 21 25 44 60 -25 46 31 50 61 -30 32 -32 -33 -34 -35 -36 -37 -38 42 -40 49 41 -43 -44 58 -46 -47 47 -49 -50 -51 -52 52 -54 -55 -56 -57 -58 -59 59 -61 -62 -63
leaf_value=-0.14004700776814949 0.0096024794952806053 -0.16258805078520869 0.34932217626682438 0.062000436601815291 0.72333942239043303 -0.22945574451260187 0.23286293711316264 0.94072045562279172 0.030797336501011609 -0.1513528825330713 0.41665246482647611 -0.055034683982623414 0.14486812699569282 -0.036914294383955715 -0.41670150478680928 0.41723889324839425 0.28303817026452316 0.88082878333179149 0.47244694571132251 -0.072774632210428167 0.43323573613140198 0.26198506012347572 0.096862598638523686 -0.02349032990533256 0.17935587018702845 0.68229236709494745 0.62615479245497774 0.42157914376658551 0.4711744675124554 0.73056214714761125 0.04884662593336668 -0.4048882423657994 -0.020827849299792575 0.022251455424856015 0.20932967786459189 -0.070644021616584049 0.33385690428684017 0.019460810261317459 0.020199282633870334 -0.011294365144832105 0.25683149434813307 1.1308820733002254 -1.0712407563216986 -0.054370660462597115 -0.38412106475236357 -0.15668898304098733 -0.056762348291331102 0.84573224330132346 0.34742074913260229 0.18653048234964598 0.066732320226782216 -0.25687420249783566 0.74276492428537966 0.31202769764562427 -0.65808875774964692 0.56460892777224736 -0.24715483299378335 -0.018533028884493364 -0.12314578558061501 -0.05969156575726671 -0.041883431819704907 -0.42494428864080613
leaf_weight=33927 10497 5005 4173 5606 446 2898 5104 201 21179 2168 3403 3482 16361 10937 135 441 310 428 230 2183 168 141 2639 32097 13365 155 590 521 475 457 15145 233 422 4291 11770 8948 1531 1422 2055 2463 199 161 50 29297 2646 1801 1225 79 1763 2832 699 224 111 3671 128 140 655 2107 40214 17773 28784 73
leaf_count=33927 10497 5005 4173 5606 446 2898 5104 201 21179 2168 3403 3482 16361 10937 135 441 310 428 230 2183 168 141 2639 32097 13365 155 590 521 475 457 15145 233 422 4291 11770 8948 1531 1422 2055 2463 199 161 50 29297 2646 1801 1225 79 1763 2832 699 224 111 3671 128 140 655 2107 40214 17773 28784 73
internal_value=-7.526e-11 -0.0435461 0.142978 0.016674 0.161855 -0.0807827 0.195531 0.0866639 0.0483113 0.0851338 0.247546 0.142264 0.10979 -0.0661955 0.0643156 0.00985115 -0.0540508 0.215646 0.189083 -0.142409 0.14174 -0.229037 -0.0758266 -0.0422544 0.221985 0.0596748 0.345243 0.553441 0.104346 0.317366 0.0237769 0.141938 0.354875 0.134161 0.161797 0.000668307 0.175996 0.0826522 0.0666357 0.00595766 0.260197 0.647726 -0.0175875 -0.0917139 -0.351433 -0.106355 0.193011 -0.00208668 0.426293 0.0945111 0.271542 0.426312 0.0743495 0.207945 -0.0643428 0.00443499 -0.0768338 0.0297876 -0.0871406 -0.103697 -0.0302311 0.317545
internal_weight=362634 277973 84661 106209 74164 171764 51223 22941 69107 38980 25916 25307 19843 137837 21116 12396 9138 2255 3258 6883 8720 4970 121605 37102 22513 5943 1825 1022 2812 2777 17313 3974 2642 21667 17376 30127 3741 1913 2210 16232 5464 360 1472 90182 2787 1969 18340 1304 2220 5295 1624 925 335 17036 1233 1105 965 2337 87284 57987 31423 594
internal_count=362634 277973 84661 106209 74164 171764 51223 22941 69107 38980 25916 25307 19843 137837 21116 12396 9138 2255 3258 6883 8720 4970 121605 37102 22513 5943 1825 1022 2812 2777 17313 3974 2642 21667 17376 30127 3741 1913 2210 16232 5464 360 1472 90182 2787 1969 18340 1304 2220 5295 1624 925 335 17036 1233 1105 965 2337 87284 57987 31423 594
is_linear=0
shrinkage=0.05


Tree=39
num_leaves=63
num_cat=0
split_feature=5 49 49 0 4 36 4 79 6 77 23 16 70 50 70 62 79 49 37 70 37 30 67 50 43 51 37 30 76 50 70 64 5 5 44 26 49 59 30 16 50 64 70 30 2 6 0 11 79 70 79 39 73 67 4 44 51 70 49 63 17 44
split_gain=822004 234851 148460 93131.1 66079 56684.5 60698.3 53860.2 38540.9 34666.7 34432 33977.6 45054.9 33055.1 36508.4 31466.1 29313.6 44171.1 36665.9 29506 28876.3 37537.9 29391.3 28460.6 28408 27144.1 26852.2 26141.5 25851.9 24799.4 44925.6 29372 23996.9 23705.8 31846.7 22496.9 21736.8 21075.3 20915.8 20782.9 20757.3 40378.7 26601.4 33197.6 23534.7 20691.4 20201.4 19556.4 29415.1 32697.7 22556.4 25195.8 22460.8 20456.4 18703.2 18377 17671.9 17282.7 23986.1 18486.2 17661.8 17023
threshold=37.049999237060554 10.500000000000002 18.500000000000004 53.049999237060554 43.250000000000007 0.28149999678134924 18.050000190734867 0.6830127018922193 7.0999999046325692 -0.5 17.365000724792484 16.035000801086429 22.835000038146976 5.5000000000000009 31.414999961853031 37.666666984558113 1.0000000180025095e-35 13.500000000000002 15.864999771118166 38.375000000000007 29.005000114440922 14.114999771118166 38.350000381469734 10.500000000000002 0.7215000092983247 2.5000000000000004 13.305000305175783 13.194999694824221 0.91597561503675362 10.500000000000002 20.744999885559086 5.5633333524068211 31.050000190734867 63.500000000000007 22.32499980926514 3.5453077554702763 13.500000000000002 1.0849990844726565 9.6649999618530291 26.73499965667725 11.500000000000002 25.530000209808353 23.775000572204593 17.845000267028812 25.050000190734867 85.500000000000014 11.050000190734865 24.894999504089359 -0.9330127018922193 39.444999694824226 -0.5 27.994999885559086 0.45499992370605474 76.500000000000014 34.049999237060554 36.194999694824226 2.5000000000000004 23.894999504089359 13.500000000000002 2.4289915602981726 47.004999160766609 25.755000114440922
decision_type=10 2 2 8 10 10 10 2 10 2 8 8 10 2 10 10 2 2 8 8 10 8 8 2 8 2 8 10 2 2 10 8 8 10 8 8 2 10 8 10 2 10 10 10 10 10 8 10 2 10 2 10 8 10 10 8 2 8 2 8 10 10
left_child=1 4 5 9 8 6 20 15 -1 16 38 23 61 14 -6 -4 19 -18 -19 33 21 29 -22 27 47 40 -10 36 56 30 31 -3 -32 45 37 -11 -8 -35 -7 -27 42 -42 43 -20 -44 -2 -12 -5 52 50 51 54 -49 -53 -50 -47 -28 58 -23 -59 -61 -13
right_child=3 2 7 24 13 10 11 -9 26 35 46 12 -14 -15 -16 -17 17 18 25 -21 22 57 -24 -25 -26 39 28 -29 -30 -31 32 -33 -34 34 -36 -37 -38 -39 -40 -41 41 -43 44 -45 -46 55 -48 48 49 -51 -52 53 -54 -55 -56 -57 -58 59 -60 60 -62 -63
leaf_value=-0.14770074406618078 0.16451518844999066 -0.20996992702769873 -0.04718110029916598 0.23604624234807214 -0.038386693870678223 0.13466427391880037 0.084893979082818843 -0.11461867775327361 -0.15196108183165638 0.029918125870808554 -0.15435852768676145 0.39982749178515919 0.19580365087485788 -0.066307130542570938 0.10031425478752863 0.033882407506219146 -0.017078046467446369 0.67922155715888455 0.15406953389189909 -0.013325828710973989 -0.18923694651444115 0.11735337161259503 0.056170403063585631 -0.10549637036285855 0.34705608587277692 0.27742091249555328 -0.086744577697637451 -0.0533405459246062 -0.12766864447897733 -0.090517954708316847 -0.34390108478911746 0.27418915502417007 0.21021842783403205 1.8513880182195592 0.2958394653528042 0.1741885348561345 0.49734853494871384 0.5729868512600661 -0.11670714129693378 0.016303175238922971 0.15473041482301336 1.3937797474498685 -0.27619124971385683 1.3262176160903083 0.034204461501014034 0.85356606862913731 0.063584487890476576 0.16424481681756026 0.072313791157110882 -0.47150868410401769 0.072417940707818082 0.18700835888299966 0.69024005932640287 0.70685210961286038 1.0353310551283494 -0.15355445671889745 -0.028364692777718199 -0.071256016318502688 0.39513277346244047 0.24846041168319408 0.089499914560627253 0.73551463074377177
leaf_weight=31928 14896 364 28082 13299 11428 960 534 17597 11913 16995 1137 1472 4126 26818 8112 20866 6372 323 485 1867 1916 1573 3359 1187 3794 3476 23068 660 15356 3363 707 2247 270 54 2368 3213 795 80 5997 976 590 74 973 69 1640 195 16392 412 1035 237 5254 323 400 457 53 59 29591 1131 1536 2692 4980 508
leaf_count=31928 14896 364 28082 13299 11428 960 534 17597 11913 16995 1137 1472 4126 26818 8112 20866 6372 323 485 1867 1916 1573 3359 1187 3794 3476 23068 660 15356 3363 707 2247 270 54 2368 3213 795 80 5997 976 590 74 973 69 1640 195 16392 412 1035 237 5254 323 400 457 53 59 29591 1131 1536 2692 4980 508
internal_value=-7.268e-11 -0.0400403 0.0113467 0.14153 -0.0804613 0.0698892 0.112234 -0.0395957 -0.101264 0.104861 0.0120949 0.220897 0.289891 -0.0302679 0.0191948 -0.0126246 0.135325 0.0827092 0.156593 0.1757 0.0704481 0.099368 -0.0329671 0.0882546 0.22093 0.136213 -0.0827139 0.203882 -0.0705851 0.00703251 0.0984657 0.206692 -0.190767 0.195693 0.338274 0.0528566 0.331622 1.08816 -0.0820203 0.220177 0.0386386 0.292817 -0.014653 0.300059 -0.0813773 0.172145 0.0494478 0.198641 0.137762 0.106249 0.125475 0.274707 0.423356 0.491583 0.119225 0.619629 -0.0539388 0.153248 0.25459 0.117457 0.145277 0.485953
internal_weight=362634 282665 124451 79969 158214 57906 33420 66545 111856 54705 24486 9282 6106 46358 19540 48948 34497 14978 8606 19519 24138 18863 5275 3176 25264 8283 79928 1989 68015 6951 3588 2611 977 17652 2502 20208 1329 134 6957 4452 3831 664 3167 554 2613 15150 17529 21470 8171 7359 7122 1868 812 780 1088 254 52659 11912 3109 8803 7672 1980
internal_count=362634 282665 124451 79969 158214 57906 33420 66545 111856 54705 24486 9282 6106 46358 19540 48948 34497 14978 8606 19519 24138 18863 5275 3176 25264 8283 79928 1989 68015 6951 3588 2611 977 17652 2502 20208 1329 134 6957 4452 3831 664 3167 554 2613 15150 17529 21470 8171 7359 7122 1868 812 780 1088 254 52659 11912 3109 8803 7672 1980
is_linear=0
shrinkage=0.05


Tree=40
num_leaves=63
num_cat=0
split_feature=6 49 76 49 77 79 4 45 70 67 79 77 79 63 70 50 44 67 44 73 62 61 48 47 30 67 50 3 73 73 73 22 79 70 70 17 73 73 51 51 67 79 67 47 49 44 72 18 50 51 44 9 50 36 34 50 4 44 35 47 67 56
split_gain=744377 152996 112396 107817 70175.2 69642.6 51092.4 48389.4 47439.6 50075 40540.7 36194.9 35507.9 34509.3 32696.9 29950.2 33596 28479.7 28288.4 41085.5 34841.1 28058.4 28050.1 29178.7 26389 24872.3 24697.7 35273.6 32454.8 26419.4 24135.7 23826.6 23877.4 23769.7 23048.8 22890.7 22660 26511.7 22228.5 53306.4 28598.2 25079.9 22715.2 21671.4 20761.3 21281.5 19924.6 19679.8 18812.3 25589.5 18780.2 18361.5 17720.7 17534.5 18904.9 22464 19179.7 21899.4 18188.3 17257.6 17112 16965.8
threshold=28.050000190734867 11.500000000000002 0.60355339059327384 17.500000000000004 0.37940952255126048 0.6830127018922193 23.050000190734867 51.004999160766609 23.775000572204593 77.500000000000014 0.6830127018922193 0.25881904510252057 0.25000000000000017 3.5637059362403476 31.545000076293949 8.5000000000000018 18.255000114440922 94.500000000000014 21.675000190734867 -0.53999948501586903 15.333333373069765 0.029000000096857551 -5.1680736541748038 -12.297561168670653 23.394999504089359 40.649999618530281 3.5000000000000004 24.050000190734867 -0.88999843597412098 -1.6599993705749509 -13.959999561309813 0.58750000596046459 -0.5 36.545000076293952 30.48499965667725 73.014999389648452 2.920000553131104 5.8850002288818368 4.5000000000000009 3.5000000000000004 21.500000000000004 0.25000000000000017 52.500000000000007 -15.588111877441404 12.500000000000002 39.18499946594239 1.0264912247657778 36.004999160766609 2.5000000000000004 4.5000000000000009 27.884999275207523 29.494999885559086 1.5000000000000002 0.18550000339746478 -6.0065062046051017 7.5000000000000009 40.049999237060554 28.605000495910648 3.0499999523162846 -3.3094801902770992 66.500000000000014 2.0500001907348637
decision_type=10 2 2 2 2 2 10 10 10 8 2 2 2 10 8 2 8 10 8 8 8 10 8 8 10 8 2 10 10 10 8 10 2 10 10 10 8 10 2 2 10 2 8 8 2 10 10 10 2 2 10 10 2 10 10 2 10 8 8 8 10 8
left_child=2 14 4 5 7 6 8 13 15 22 25 21 24 -1 -2 43 -17 18 19 -7 50 -4 -10 61 60 -6 27 -11 33 -29 -22 32 47 -28 -33 -32 -15 -38 39 41 -41 42 -9 -3 -8 53 -21 -30 49 -25 -20 -50 -39 58 55 -55 -56 -58 -46 -60 -5 -24
right_child=1 3 11 12 10 17 44 38 9 26 -12 -13 -14 36 -16 16 -18 -19 20 46 30 -23 23 48 -26 -27 28 29 31 -31 35 34 -34 -35 -36 -37 37 52 -40 40 -42 -43 -44 -45 45 -47 -48 -49 51 -51 -52 -53 -54 54 56 -57 57 -59 59 -61 -62 -63
leaf_value=-0.0049412408949511205 -0.059043898685825928 0.74429218040822553 -0.13668522254069157 0.089922490798740262 -0.084734577920276249 -0.30586326841937539 0.14601383511849586 -0.043686003882427681 0.21358741655208902 -0.072908635554505358 -0.11077008468256676 -0.059042684990855777 -0.035298451951265013 0.073681605071580697 0.053890979466028693 1.755881257757308 0.53292192042520636 -0.31954429461018358 0.021415650144905696 0.18556650397030908 -0.26245104763596183 -0.039492143357247961 0.10435022846100127 -0.25734974723119602 0.030082264382983823 -0.012432053362742078 0.24440922046484564 1.2139369978519376 0.45302660984681781 0.24126697873430594 0.26744863463801327 0.70066532240518464 0.2614487902227457 -0.099186340488393379 0.14802873132528924 0.081330316744606404 0.28187486603019601 -0.34124328876940874 -0.088916939404215134 -0.19260184375099043 0.2035317816720239 -0.093148791905963091 0.15161352206791576 0.21815265609030893 1.2249029243421374 -0.18219732739807418 -0.069320260977132647 0.83702370027466777 0.13138500355378493 0.28377005787718762 -0.33317313900222217 0.022372324740641002 0.1094534624520356 0.30533833387115666 0.20307675272755121 0.70107517128285934 0.088811799138784411 0.64187282937686918 0.46364089674017789 0.18095686652502407 0.21664044016950587 0.26771915876809782
leaf_weight=8995 15592 215 47255 7706 16322 1069 3432 3526 4886 1200 22456 39757 9232 9797 10882 63 517 487 1623 1486 307 8810 3803 982 12830 43850 1306 93 1566 280 4009 211 1334 819 1783 2810 3512 254 8959 515 3951 8792 2577 2182 66 240 1584 424 6182 281 485 10296 1543 1454 7275 476 267 543 1934 749 4072 2730
leaf_count=8995 15592 215 47255 7706 16322 1069 3432 3526 4886 1200 22456 39757 9232 9797 10882 63 517 487 1623 1486 307 8810 3803 982 12830 43850 1306 93 1566 280 4009 211 1334 819 1783 2810 3512 254 8959 515 3951 8792 2577 2182 66 240 1584 424 6182 281 485 10296 1543 1454 7275 476 267 543 1934 749 4072 2730
internal_value=-1.41025e-11 0.0948244 -0.0541183 0.121841 -0.0247318 0.156662 0.180879 0.0205191 0.151116 0.136125 -0.05344 -0.0955349 0.048321 0.0725932 -0.0126226 0.343357 0.665761 0.0560389 0.0697163 -0.0389029 0.118403 -0.121412 0.104283 0.0822817 0.0796919 -0.0320445 0.23911 0.0590976 0.277153 0.483783 0.171228 0.343153 0.425123 0.111983 0.206507 0.190752 0.118762 0.201951 -0.0237972 0.00633599 0.157851 -0.0390932 0.0387795 0.265345 0.2554 0.28427 0.0540549 0.534843 0.0490158 -0.136958 -0.0601667 0.0632703 0.045749 0.29304 0.262337 0.40294 0.228773 0.459568 0.404897 0.384725 0.133733 0.172619
internal_weight=362634 131763 230871 105289 135049 71449 57589 52421 41153 38176 82628 95822 33840 24101 26474 2977 580 13860 13373 4139 9234 56065 29160 24274 24608 60172 9016 1573 7443 373 7126 5318 3324 2125 1994 6819 15106 5309 28320 19361 4466 14895 6103 2397 16436 13004 3070 1990 17741 1263 2108 16478 1797 12764 10015 1930 8085 810 2749 2683 11778 6533
internal_count=362634 131763 230871 105289 135049 71449 57589 52421 41153 38176 82628 95822 33840 24101 26474 2977 580 13860 13373 4139 9234 56065 29160 24274 24608 60172 9016 1573 7443 373 7126 5318 3324 2125 1994 6819 15106 5309 28320 19361 4466 14895 6103 2397 16436 13004 3070 1990 17741 1263 2108 16478 1797 12764 10015 1930 8085 810 2749 2683 11778 6533
is_linear=0
shrinkage=0.05


Tree=41
num_leaves=63
num_cat=0
split_feature=76 77 62 1 56 29 67 29 50 38 38 51 50 50 36 10 51 50 50 51 9 30 69 47 70 50 9 15 51 67 42 78 28 37 68 37 51 76 70 68 67 41 64 77 24 47 62 67 38 65 30 58 64 70 51 38 63 58 44 50 51 51
split_gain=547331 437757 93046.5 71936.2 67565.2 52069.6 44557.8 42177.1 36990 36585 31619.3 40055 31193.6 49285.3 30427.9 30743 30017.6 40503.7 29004.6 31231.8 25714.4 25219.6 24893.4 24310.6 24132 24042.3 23174.5 28407 28331.4 23003 27799 21761 21421.5 26187.8 21133.1 20887.5 20834.2 20450.2 20329 20129.1 19163.3 18803.4 18257.4 18162 17737.8 17733.3 17625.2 17551.1 18469.2 16892.3 16828.3 16473.1 16040.2 33993.2 19658.6 15865.2 16998.8 23867.8 14952.4 14410.9 14399.6 25553
threshold=0.12940952255126045 -0.12940952255126037 39.083333333333336 30.050000190734867 3.9500007629394536 0.03849999979138375 48.550001144409187 0.035499999299645431 10.500000000000002 53.014999389648445 38.004999160766609 4.5000000000000009 5.5000000000000009 2.5000000000000004 0.74549999833107006 37.004999160766609 2.5000000000000004 10.500000000000002 2.5000000000000004 3.5000000000000004 25.304999351501468 8.6050000190734881 40.099999904632575 -9.8924779891967756 18.654999732971195 2.5000000000000004 27.804999351501468 0.54450002312660228 2.5000000000000004 119.50000000000001 36.250000000000007 0.93301270189221952 9.8350000381469744 30.714999198913578 6.6499998569488534 30.005000114440922 4.5000000000000009 -0.5 32.085000991821296 7.7500000000000009 7.5000000000000009 7.6412246227264413 14.992499907811485 0.37940952255126048 33.004999160766609 -13.62421131134033 41.366666666666674 85.500000000000014 56.995000839233406 17.483333190282192 19.964999198913578 19.200000762939457 5.5633333524068211 14.894999980926515 4.5000000000000009 51.995000839233406 3.2710854467590202 -36.499999999999993 19.615000724792484 6.5000000000000009 1.0000000180025095e-35 4.5000000000000009
decision_type=2 2 10 8 10 8 8 10 2 10 10 2 2 2 8 10 2 2 2 2 8 8 8 8 8 2 8 10 2 8 8 2 10 8 10 10 2 2 8 10 8 10 10 2 10 8 10 10 10 10 10 10 8 8 2 10 10 8 8 2 2 2
left_child=1 3 8 9 6 7 34 14 40 32 -4 16 13 -8 15 51 17 25 19 24 -6 31 35 -9 -11 -12 27 55 -29 37 41 -13 33 -1 -2 42 38 46 -15 -14 -3 -31 -20 -38 59 -39 -28 48 -7 -41 -49 -5 -21 -54 -55 -17 57 -57 -48 -42 -34 -62
right_child=4 2 10 5 20 47 12 23 -10 18 11 21 39 36 -16 26 -18 -19 22 52 -22 -23 -24 -25 -26 -27 29 28 -30 30 -32 -33 60 -35 -36 -37 43 45 -40 49 44 -43 -44 -45 -46 -47 58 50 -50 -51 -52 -53 53 54 -56 56 -58 -59 -60 -61 61 -63
leaf_value=0.26925923418213055 -0.14244559360331863 -0.28712660690844777 0.11190161752092936 0.21489059910555108 -0.037156164697039716 0.38605235992724607 -0.11842238205727934 0.46095902268375677 -0.12363832725570625 0.24822058061598451 -0.13415576824553585 0.17623848074293358 -0.11057018035280362 0.0057875164946460493 0.28650304773105267 0.22587013377496518 0.12821069066804475 -0.26904115670632994 -0.089201705275099921 -0.47562366699784753 0.059785628077302894 -0.085963768854710881 0.13326712745638747 -0.16302358420810639 -0.24436366069023099 0.069342984074701214 0.0061853908493157321 0.14704297278510514 0.43332864385658126 0.36068581964854263 -0.36543604586846556 1.2584045691923662 -0.04237999715628845 0.034356217106483088 -0.083677796577955016 -0.12151528341354359 -0.12684132521183994 0.37621663324662324 0.12210850605118358 -0.074545632655233965 0.085201533464759061 1.0201137195100318 0.10889236586651899 0.047487269040341534 -0.043636426484203912 0.13626922186107301 -0.23980910558681431 0.16435508996564679 0.17097594314604936 0.029550162698651211 0.63231094742822214 0.45437264064411553 0.71059169668298194 0.2657387457879517 -0.10090645107386975 1.3681577939235678 0.062957973250161448 0.24673711557535807 0.12130096325943303 -0.027631088183986664 0.18796104667492608 -0.01934239510328738
leaf_weight=4658 31304 721 12372 7693 16538 1978 8566 175 13760 279 1736 299 26475 9007 4577 3459 8420 1213 1581 123 11666 8900 7520 1445 2285 8854 7268 1542 1966 443 104 55 1707 1592 29918 2273 3600 877 6443 12578 5536 143 4401 2554 38617 6312 296 259 2015 5647 744 792 211 580 989 52 5344 542 9087 5789 4545 2209
leaf_count=4658 31304 721 12372 7693 16538 1978 8566 175 13760 279 1736 299 26475 9007 4577 3459 8420 1213 1581 123 11666 8900 7520 1445 2285 8854 7268 1542 1966 443 104 55 1707 1592 29918 2273 3600 877 6443 12578 5536 143 4401 2554 38617 6312 296 259 2015 5647 744 792 211 580 989 52 5344 542 9087 5789 4545 2209
internal_value=-7.91051e-11 0.0559076 -0.0132315 0.135715 -0.0674917 0.170291 -0.0820884 0.155509 -0.0509394 0.0792189 0.0448167 0.01666 -0.0562173 -0.0169333 0.163566 0.151312 0.0560874 0.00463623 0.0356101 -0.0768642 0.0029418 -0.0695018 0.0674594 -0.0956181 -0.190763 0.0359838 0.131835 0.186073 0.307487 0.103301 0.387905 0.344372 0.139224 0.209425 -0.113727 0.00751098 0.0233071 0.0950632 0.054296 -0.0827318 -0.0311945 0.521604 0.0565375 -0.0544924 -0.0274997 0.165541 0.0646348 0.324487 0.277518 -0.0422916 0.511473 0.237244 0.0765975 0.114757 0.0346284 0.140748 0.0911625 0.344909 0.109909 0.0275249 0.0873671 0.120159
internal_weight=362634 198338 106272 92066 164296 57113 136092 52117 64423 34953 41849 29477 74870 30170 50497 45920 20223 11803 20242 4467 28204 9254 15775 1620 2564 10590 37435 12905 3508 24530 690 354 14711 6250 61222 8255 21604 23840 15450 44700 50663 586 5982 6154 49942 7189 16651 4996 3993 18225 1003 8485 1903 1780 1569 9397 5938 594 9383 11325 8461 6754
internal_count=362634 198338 106272 92066 164296 57113 136092 52117 64423 34953 41849 29477 74870 30170 50497 45920 20223 11803 20242 4467 28204 9254 15775 1620 2564 10590 37435 12905 3508 24530 690 354 14711 6250 61222 8255 21604 23840 15450 44700 50663 586 5982 6154 49942 7189 16651 4996 3993 18225 1003 8485 1903 1780 1569 9397 5938 594 9383 11325 8461 6754
is_linear=0
shrinkage=0.05


Tree=42
num_leaves=63
num_cat=0
split_feature=0 77 6 0 0 49 31 79 67 79 51 32 72 78 78 70 30 30 6 42 6 71 38 78 51 78 70 16 51 24 73 51 40 33 51 72 79 51 51 56 6 15 70 50 9 34 70 78 24 30 23 22 73 73 66 79 70 4 51 4 6 30
split_gain=625166 173583 99689.1 50651.8 47263 36585.7 34786.1 28399.1 28382.2 27151.8 27393 38179.4 39812.5 26561.9 25494.8 36789.8 31563.9 24549.4 24541.2 24681.4 24540 24122.3 23330 22149.2 24671.9 23073 30738.3 23696.8 22046.6 21972.7 21896.3 33182 20909.2 20601.9 20261.2 19767.9 19256.1 28145 55971 25270.6 18973.8 18535.2 18273.7 20777 20725.8 17815.9 17377 31634 17347.9 17285.6 17514.8 17897.4 17082.1 16940.9 18005.7 16854.1 17945.6 16592.5 16572 21206.2 19164.7 18128.8
threshold=28.10000038146973 -0.5 15.050000190734865 45.049999237060554 48.20000076293946 9.5000000000000018 28.005000114440922 0.25000000000000017 11.500000000000002 -0.9330127018922193 4.5000000000000009 19.175000190734867 1.0542009472846987 0.93301270189221952 -0.6830127018922193 38.375000000000007 15.425000190734865 7.6649999618530282 13.050000190734865 4.3500001430511483 5.0999999046325692 0.039999999746214605 105.02500152587892 -0.24999999999999994 4.5000000000000009 -0.6830127018922193 29.644999504089359 15.585000038146974 3.5000000000000004 53.995000839233406 1.2249994277954104 5.5000000000000009 -14.912179470062254 -1.2491404414176939 2.5000000000000004 0.62446582317352306 0.25000000000000017 3.5000000000000004 4.5000000000000009 6.0499992370605478 72.500000000000014 0.42350000143051153 20.244999885559086 2.5000000000000004 22.345000267028812 -1.196772515773773 34.98500061035157 -0.24999999999999994 51.004999160766609 8.6050000190734881 15.984999656677248 0.44650000333786016 -8.6100001335144025 -9.1350002288818342 0.66799999808426958 0.25000000000000017 25.435000419616703 23.050000190734867 3.5000000000000004 44.100000381469734 67.500000000000014 24.765000343322757
decision_type=10 2 10 10 10 2 10 2 8 2 2 10 8 2 2 10 8 8 8 10 8 10 10 2 2 2 10 8 2 10 8 2 8 8 2 10 2 2 2 8 10 8 8 2 8 8 8 2 8 8 8 10 10 8 8 2 8 10 2 10 10 10
left_child=2 3 8 22 7 21 23 33 -1 10 -5 12 -12 20 16 32 28 -9 -18 -20 -10 -4 40 24 25 26 -7 -27 -11 -6 -14 -32 46 -3 -25 -15 39 -38 -39 -8 49 -31 -34 44 -44 -13 -16 -48 -42 -2 -51 55 -26 54 -40 56 -52 -47 59 -21 61 -60
right_child=1 4 5 9 29 6 36 17 13 14 11 45 30 35 15 -17 18 -19 19 58 -22 -23 -24 34 52 27 -28 -29 -30 41 31 -33 42 -35 -36 -37 37 38 53 -41 48 -43 43 -45 -46 57 47 -49 -50 50 51 -53 -54 -55 -56 -57 -58 -59 60 -61 -62 -63
leaf_value=-0.20866995594862933 0.34823677759939481 0.0064389623073545683 -0.12143450347786991 0.24280650690089511 0.18464448458054919 0.35547718322124633 -0.0088433926043015136 0.20425093209767009 -0.13486405679807231 1.3031990761726591 -0.078183874146318361 1.5593107119886156 0.28550039705966251 0.11578981041478814 0.23798051261804021 -0.20814200363653185 -0.6378348325937987 -0.05848077235735652 0.52963096869304871 0.27011683451996416 -0.073035233190908627 -0.033424610102290468 -0.010896878461490624 0.047621427793771744 0.19810911462599645 -0.28201758654316184 0.021591979992906449 0.066653554128599121 0.1260433172682921 0.011723812882278632 1.7866343612020668 0.4786691353345911 0.4256915725982805 0.08215933350136867 0.21678158591945054 -0.051081587377256224 -0.09134576379960424 0.19178901041845722 0.61351915749632779 0.1045399101368906 0.49287823888795768 0.14607666978417455 0.32682145001801355 0.14934837378019747 -0.13610318475956004 0.35167975966791509 0.22099275461402437 1.1432689107683573 0.14034729869902504 0.0014083920810850957 0.41515640277425625 0.035753125095519797 -0.21066205342705777 -0.089430587034507125 -0.19043240994541794 0.073003303616789222 0.1610702351742328 1.4149167879631646 -0.037223671018476907 1.2089037500444006 0.33905053092207721 0.21914549635322145
leaf_weight=4373 758 23803 9553 2319 5941 1206 24746 943 20141 118 290 109 166 2842 1287 717 80 15559 687 4341 78980 42084 3735 3304 306 740 1609 1427 60 6497 88 108 528 14428 3813 4726 13921 3155 179 6132 641 4244 300 11123 1246 103 213 165 766 3478 737 4825 1551 5522 114 5806 12171 57 1576 61 910 1226
leaf_count=4373 758 23803 9553 2319 5941 1206 24746 943 20141 118 290 109 166 2842 1287 717 80 15559 687 4341 78980 42084 3735 3304 306 740 1609 1427 60 6497 88 108 528 14428 3813 4726 13921 3155 179 6132 641 4244 300 11123 1246 103 213 165 766 3478 737 4825 1551 5522 114 5806 12171 57 1576 61 910 1226
internal_value=-7.18982e-11 0.0866693 -0.0497281 0.148764 0.0338089 -0.0180047 0.00616652 0.0113527 -0.0838223 0.198356 0.334428 0.565123 0.358343 -0.078705 0.180462 0.141677 0.247161 -0.0434671 0.233948 0.241873 -0.0855986 -0.0497067 0.106763 0.0765035 0.0122464 0.0702265 0.164635 -0.0524127 0.906405 0.107487 0.708047 1.06592 0.158553 0.0350151 0.138251 0.0115834 -0.0120898 -0.0468418 0.0222262 0.0136732 0.121823 0.0648095 0.137488 0.125477 -0.046273 1.06631 0.325521 0.623574 0.300953 0.112748 0.106141 0.121616 -0.143304 -0.0697722 0.300719 0.143754 0.175578 0.730458 0.217509 0.283126 0.139694 0.0749493
internal_weight=362634 132210 230424 60795 71415 119362 67725 54733 111062 27878 3240 921 652 106689 24638 15579 9059 16502 8881 8801 99121 51637 32917 13956 6839 4982 2815 2167 178 16682 362 196 14862 38231 7117 7568 53769 22891 8970 30878 29182 10741 13197 12669 1546 269 1665 378 1407 27775 27017 23539 1857 5815 293 18714 12908 160 8114 4402 3712 2802
internal_count=362634 132210 230424 60795 71415 119362 67725 54733 111062 27878 3240 921 652 106689 24638 15579 9059 16502 8881 8801 99121 51637 32917 13956 6839 4982 2815 2167 178 16682 362 196 14862 38231 7117 7568 53769 22891 8970 30878 29182 10741 13197 12669 1546 269 1665 378 1407 27775 27017 23539 1857 5815 293 18714 12908 160 8114 4402 3712 2802
is_linear=0
shrinkage=0.05


Tree=43
num_leaves=63
num_cat=0
split_feature=49 77 79 67 70 71 79 79 49 70 73 66 51 67 67 67 18 51 44 2 79 50 70 38 50 51 73 70 73 50 64 51 45 79 37 2 51 73 40 70 77 18 24 51 38 65 73 68 73 37 67 54 73 58 66 37 51 50 72 72 68 38
split_gain=500955 283863 100004 71056.3 87756.3 58491.7 57968.7 53322.2 50025.4 43684.6 40051.8 43111.7 39828.8 42961.6 36618.9 35911.6 35824.1 34344.7 63042.8 31725.8 31575.6 31035.6 35128.9 30548.4 40390.1 61786.7 37593.9 33928.6 29772.3 27886.8 39422.1 36399.5 28432.6 26851 27548.5 27392 26134.2 44780.7 25735 25187.5 24898.1 24290.3 23469.9 22715.8 22528.3 22393.3 21993.4 21783.5 21620.9 20930 33225.1 21723.9 20596.3 23944.3 20536.3 22854.7 22056.1 23651 24365.1 24501.5 19860.2 19744.7
threshold=10.500000000000002 -1.0000000180025095e-35 0.6830127018922193 45.600000381469734 27.654999732971195 0.10200000292388724 0.6830127018922193 -0.9330127018922193 13.500000000000002 39.98500061035157 1.8899996280670168 3.0030000135302548 4.5000000000000009 113.50000000000001 29.649999618530277 44.149999618530281 13.885000228881838 5.5000000000000009 35.045000076293952 37.049999237060554 -0.5 5.5000000000000009 32.085000991821296 61.989999771118171 11.500000000000002 3.5000000000000004 -11.280000209808348 32.975000381469734 8.0599999427795428 10.500000000000002 11.961666663487753 5.5000000000000009 26.010000228881839 -0.68301270189221952 27.224999427795414 30.050000190734867 1.5000000000000002 0.84000062942504894 -12.541702747344969 29.134999275207523 -0.9159756150367534 26.005000114440922 81.005001068115249 4.5000000000000009 90.009998321533217 20.826666196187343 -8.1500000953674299 21.250000000000004 2.2899992465972905 15.864999771118166 29.649999618530277 1.0041000843048098 -2.4549999237060542 -22.400000572204586 2.1219999985769396 22.404999732971195 2.5000000000000004 3.5000000000000004 0.79022303223609935 1.4969879388809206 25.500000000000004 37.995000839233406
decision_type=2 2 2 8 8 10 2 2 2 10 8 10 2 8 10 8 10 2 10 10 2 2 10 10 2 2 8 10 10 2 10 2 8 2 8 10 2 10 10 8 2 10 10 2 10 10 10 8 10 8 10 8 10 10 10 8 2 2 8 10 10 10
left_child=5 2 3 4 20 -1 19 10 -4 16 11 36 13 -12 -6 -7 33 -14 -19 -3 -2 22 -17 26 25 44 -10 -26 29 49 -31 32 -32 34 -9 -35 37 -5 45 -38 -22 -11 -34 -21 -25 -18 -27 -37 -33 50 -28 -52 53 -41 55 56 -42 58 -58 -60 -16 -45
right_child=1 6 8 7 14 15 -8 9 23 41 12 -13 17 -15 60 21 38 18 -20 43 40 -23 -24 24 27 46 28 -29 -30 30 31 48 42 35 -36 47 39 -39 -40 52 54 -43 -44 61 -46 -47 -48 -49 -50 -51 51 -53 -54 -55 -56 -57 57 -59 59 -61 -62 -63
leaf_value=-0.10627241764649664 0.47789799354359452 -0.031098214946058966 -0.062784872594900384 -0.038478439467898751 -0.15799238727718523 -0.083867891779200759 -0.099793133361828906 0.36541562023120333 -0.39132347608712026 0.0097547564952203888 0.1606515912886837 0.026408930647359663 1.3327695107649802 0.91967203474425263 0.022088632447909658 -0.020924212463092094 0.11413866422983575 0.23065186275101035 1.8441452608307203 0.074206676538058347 0.054527915025028052 -0.050105272186556575 0.096430614521733626 -0.13259873349812276 0.095282146983966975 0.46351010779539747 0.17176316592029911 0.78010916114637729 -0.15749474456349891 -0.21183578169302031 0.59720422209585355 -0.034357875017141389 0.25751716057505225 0.14531711258363886 0.044434339753599922 0.26589601378760647 1.2625003429395814 0.81677872884658087 0.089905084602338314 1.606888748208682 0.5551084070046336 -0.5855959794982788 0.0011372643503682021 0.096886824191422055 -0.42097896881165975 0.25475915195000581 0.040512190776530579 0.56297757335977561 -0.75627594109427076 0.21196714719464627 1.2515660322026203 0.54957309454679493 0.32328667410995149 0.53152881242247529 0.055052571279007638 0.092353975133050603 0.8610041810340352 0.0030879429724155996 0.08020833118727394 0.73435900316166525 1.0204043823480606 -0.078141298586700811
leaf_weight=56014 811 32110 11190 864 3379 36143 18381 801 328 383 902 1933 212 235 13703 19752 6138 314 75 18031 3736 42210 9417 1860 3760 360 376 190 709 765 451 484 2934 5393 4040 8089 84 186 28086 66 982 310 1283 2264 1065 5255 2099 668 132 1444 171 310 2020 240 1285 1049 225 589 510 199 50 5589
leaf_count=56014 811 32110 11190 864 3379 36143 18381 801 328 383 902 1933 212 235 13703 19752 6138 314 75 18031 3736 42210 9417 1860 3760 360 376 190 709 765 451 484 2934 5393 4040 8089 84 186 28086 66 982 310 1283 2264 1065 5255 2099 668 132 1444 171 310 2020 240 1285 1049 225 589 510 199 50 5589
internal_value=-8.19488e-11 0.0532609 0.100359 0.125982 0.0568091 -0.0648428 -0.0224186 0.153652 0.0208523 0.138083 0.282814 0.215545 0.49155 0.317529 -0.0105157 -0.0432599 0.142761 0.82077 0.541737 0.00210499 0.179695 -0.0226979 0.0169629 0.0708443 0.00679281 -0.0822952 0.134534 0.128223 0.153574 0.179987 0.123631 0.172198 0.21987 0.19919 0.0975444 0.233964 0.32121 0.113024 0.115616 0.411913 0.151492 -0.256564 0.179515 0.0432947 -0.237599 0.179 0.102439 0.288558 -0.189055 0.328139 0.523884 0.799138 0.381195 0.763469 0.226354 0.28829 0.370341 0.251207 0.407676 0.263813 0.0257181 -0.0276811
internal_weight=362634 199098 122723 92812 26518 163536 76375 66294 29911 59163 7131 5393 1738 1137 17132 107522 58470 601 389 57994 9386 71379 29169 18721 9334 5384 9387 3950 9059 8350 6049 5284 4668 18991 4841 14150 3460 1050 39479 2410 8575 693 4217 25884 2925 11393 2459 8757 616 2301 857 481 2326 306 4839 3554 2505 1523 934 709 13753 7853
internal_count=362634 199098 122723 92812 26518 163536 76375 66294 29911 59163 7131 5393 1738 1137 17132 107522 58470 601 389 57994 9386 71379 29169 18721 9334 5384 9387 3950 9059 8350 6049 5284 4668 18991 4841 14150 3460 1050 39479 2410 8575 693 4217 25884 2925 11393 2459 8757 616 2301 857 481 2326 306 4839 3554 2505 1523 934 709 13753 7853
is_linear=0
shrinkage=0.05


Tree=44
num_leaves=63
num_cat=0
split_feature=6 0 0 77 45 0 71 74 31 78 79 73 70 79 78 5 78 68 37 59 15 74 4 27 49 37 47 28 42 78 78 31 48 69 6 68 78 47 47 79 70 28 67 40 78 78 76 6 78 79 69 73 71 5 58 42 15 76 38 71 74 76
split_gain=519824 149656 77837.7 65419.4 37958.3 33378.8 32168.7 31820 26212.6 27848.5 25599.4 44649.6 36038.2 36628.4 44459.2 40776.6 27516.5 31883.4 26259.4 24037.7 23089.3 24088.4 39817.8 22817 22087.4 27391.4 21930.6 24382.8 21691.1 20936.8 20131.2 20704 19686.9 19551.9 18108.9 23994.1 17295.3 17035.5 16113.4 19043.7 18630.9 16063.9 16123.1 20188.9 21540.4 16033.7 15463.3 15209.5 15183.9 15176.4 15025.4 14941.6 14823.2 14615.7 14442 14317 14230 14101.8 14090.9 14077.6 14027.7 13730.5
threshold=36.049999237060554 18.10000038146973 44.149999618530281 -0.5 51.004999160766609 6.0499999523162851 0.37400000164052477 1.0000000180025095e-35 29.994999885559086 0.68301270189221941 0.25000000000000017 0.3700017929077149 27.914999961853031 0.93301270189221952 -0.6830127018922193 75.500000000000014 -0.24999999999999994 4.7000000476837167 19.054999351501468 0.46000051498413091 0.48849999904632574 1.0000000180025095e-35 15.050000190734865 -2.3242954015731807 11.500000000000002 31.255000114440922 -13.136423110961912 2.0499999523162846 40.850000381469734 -0.6830127018922193 1.0000000180025095e-35 22.994999885559086 -5.5441863536834708 124.50000000000001 84.500000000000014 28.500000000000004 0.93301270189221952 -12.699152469635008 -2.6844615936279292 -0.68301270189221952 26.714999198913578 7.8500001430511483 70.500000000000014 -4.5940394401550284 -0.6830127018922193 -0.93301270189221908 -0.37940952255126059 3.0499999523162846 0.68301270189221941 1.0000000180025095e-35 37.049999713897712 -1.4199995994567869 0.039999999746214605 26.149999618530277 40.500000000000007 12.250000000000002 0.65950000286102306 -0.78656609248549303 75.014999389648452 3.4230000027455394 1.0000000180025095e-35 -0.37940952255126059
decision_type=10 10 8 2 10 8 10 2 8 2 2 10 8 2 2 10 2 10 10 8 10 2 10 10 2 10 8 8 10 2 2 8 8 8 10 8 2 10 10 2 8 10 10 8 2 2 2 10 2 2 8 10 10 8 8 10 10 2 10 10 2 2
left_child=1 5 8 4 24 36 57 47 9 -2 26 20 16 14 15 54 17 -13 48 52 -12 22 -22 53 -3 38 27 -4 30 -23 45 -32 -28 59 -34 60 -1 -33 39 40 -26 -19 -43 44 -44 50 -11 -6 -18 -9 -8 -52 -7 -10 -14 -35 -24 -5 -41 -29 -36 -21
right_child=2 3 10 6 7 19 28 49 23 46 11 12 13 -15 -16 -17 18 41 -20 61 21 29 56 -25 25 -27 32 33 -30 -31 31 37 34 55 35 -37 -38 -39 -40 58 -42 42 43 -45 -46 -47 -48 -49 -50 -51 51 -53 -54 -55 -56 -57 -58 -59 -60 -61 -62 -63
leaf_value=-0.12180868104763964 0.098421260798562726 0.027529163006321022 -0.82586214156711812 0.025659484298909765 0.46097911403146608 -0.10651669567829856 -0.097616429159959869 0.014709907402115441 -0.026035808593328314 0.4240619099125108 -0.11877022546894328 0.13488504747444849 0.10491095651900893 0.62504142718234412 -0.28219614933211945 0.79056904561433428 0.11662661073636925 -0.072718611243562631 -0.00046328606023903819 0.062366003926677509 -0.028473864966565701 -0.40884386109731469 0.52047760729839687 0.01203706379943412 1.0738009601304628 0.0014774134395283661 0.25696905197685016 0.32709389342924217 -0.075028874488532224 0.3180519825490562 0.19836125407256558 0.086374257842137203 0.12374372880968471 1.2462236676971581 0.15609183864678261 1.0623498651981353 0.015442965911505055 0.0051876930213242264 0.098542882902473872 0.23892208537835807 0.35985715781823396 0.59596172116014745 0.90551025714529187 0.48623844541842121 2.140214079076594 -0.03628259626109169 0.10980418864066444 0.057205341802157098 0.58557366103185027 -0.13914239155849281 0.27653553034842648 0.051075167160261552 -0.056852210720550883 0.10993498239360425 -0.5417346956803627 0.38845431779378226 1.2877605199019115 -0.092861428251235278 0.020491008586755143 0.17983474223316476 0.55315571098215255 -0.031041999449625796
leaf_weight=31285 7482 4380 51 2982 238 19832 1340 2838 2300 1175 2728 379 786 240 933 223 282 61 899 4682 434 288 311 21015 99 2190 4271 3393 8912 151 1806 8518 16769 86 886 100 2477 26762 2774 4009 1187 426 76 80 66 27909 587 11628 445 3683 891 4193 61974 14046 97 112 75 15846 905 3111 297 24633
leaf_count=31285 7482 4380 51 2982 238 19832 1340 2838 2300 1175 2728 379 786 240 933 223 282 61 899 4682 434 288 311 21015 99 2190 4271 3393 8912 151 1806 8518 16769 86 886 100 2477 26762 2774 4009 1187 426 76 80 66 27909 587 11628 445 3683 891 4193 61974 14046 97 112 75 15846 905 3111 297 24633
internal_value=-5.01559e-11 -0.0330373 0.108474 0.00524092 0.0651673 -0.0681998 -0.0152652 0.0165433 0.0651505 0.140536 0.161529 0.0877379 0.187366 0.0407765 -0.0279943 0.186445 0.31046 0.505089 0.180229 -0.0549712 -0.0370287 0.140089 0.300113 0.0464983 0.122685 0.160017 0.184319 0.263269 -0.00147781 -0.158818 0.00770024 0.0332419 0.160435 0.271557 0.137596 0.318643 -0.111739 0.0247894 0.198707 0.243523 0.414819 0.702984 0.776006 1.1215 1.47939 -0.0198895 0.319369 0.065304 0.403671 -0.0721844 0.0513302 0.0905884 -0.0688922 0.0908029 0.0338751 0.761021 0.669561 -0.07409 0.198694 0.256657 0.255777 -0.0161235
internal_weight=362634 277973 84661 133090 33931 144883 99159 18387 46605 9244 38056 8980 4993 2279 2039 1106 2714 1088 1626 111121 3987 1259 820 37361 15544 11164 29076 6753 80331 439 71419 37086 22323 6702 18052 1283 33762 35280 8974 6200 1286 709 648 222 142 34333 1762 11866 727 6521 6424 5084 81806 16346 883 198 386 18828 4914 6504 1183 29315
internal_count=362634 277973 84661 133090 33931 144883 99159 18387 46605 9244 38056 8980 4993 2279 2039 1106 2714 1088 1626 111121 3987 1259 820 37361 15544 11164 29076 6753 80331 439 71419 37086 22323 6702 18052 1283 33762 35280 8974 6200 1286 709 648 222 142 34333 1762 11866 727 6521 6424 5084 81806 16346 883 198 386 18828 4914 6504 1183 29315
is_linear=0
shrinkage=0.05


Tree=45
num_leaves=63
num_cat=0
split_feature=6 76 77 45 49 79 79 71 15 64 1 50 51 51 50 78 70 30 70 51 25 78 18 44 63 37 29 51 51 72 70 42 44 67 67 33 67 64 37 69 44 70 50 70 54 58 30 41 6 42 73 50 51 50 73 30 51 73 76 70 6 44
split_gain=469142 125520 94982.5 51274.6 48393.3 46853.5 46805.2 40804.2 38086.4 37336.3 33919.4 28939.1 27156.6 42562.3 42221.2 74876.5 73487.7 50616.3 41720.4 40891.2 35314.4 30685 29664.8 29543.8 27853.1 26506.6 26487.8 26270 34114.1 27565.7 26160.9 25718.7 25601.7 24173.1 23088.1 22895.7 22561.6 47979.2 22044.7 21853.3 21552.3 20700.9 35080.3 33098.6 25877.9 25324.9 20677.7 25218.9 20549.4 20474.2 26041.1 23973.4 20375 23039 20704.2 19767.4 20037.9 19734.4 19617.2 18917.6 19602.2 18673.1
threshold=36.049999237060554 0.37940952255126054 -1.0000000180025095e-35 39.004999160766609 11.500000000000002 0.25000000000000017 0.6830127018922193 2.5339999846182768 0.59550002217292797 13.56833338737488 44.049999237060554 6.5000000000000009 3.5000000000000004 4.5000000000000009 11.500000000000002 -0.6830127018922193 24.425000190734867 20.285000801086429 24.425000190734867 1.5000000000000002 16.005000114440922 -0.6830127018922193 22.954999923706058 30.664999961853031 0.98319208025030369 17.515000343322757 0.1604999974370003 4.5000000000000009 3.5000000000000004 0.41707119345664984 27.994999885559086 18.250000000000004 25.695000648498539 40.649999618530281 28.500000000000004 1.9698211550712588 40.149999618530281 23.738333861033123 30.404999732971195 35.399999618530281 13.664999961853029 29.644999504089359 5.5000000000000009 39.245000839233406 4.292938470840455 -42.499999999999993 16.015000343322757 -7.0927853584289542 82.500000000000014 16.650000572204593 -9.1350002288818342 11.500000000000002 2.5000000000000004 9.5000000000000018 -1.5599985122680662 8.9849996566772479 5.5000000000000009 -7.7249994277954093 1.0000000180025095e-35 28.064999580383304 49.250000000000007 18.015000343322757
decision_type=10 2 2 10 2 2 2 10 10 8 8 2 2 2 2 2 10 10 8 2 10 2 8 10 10 10 8 2 2 8 10 8 10 8 10 8 8 10 10 8 8 10 2 10 8 8 8 10 10 8 8 2 2 2 8 10 2 8 2 8 10 8
left_child=1 2 3 38 -2 7 33 26 12 -3 -9 -11 14 24 15 17 -16 19 40 59 -20 -15 -18 -21 -14 -10 41 28 31 -29 -19 39 52 -4 -30 -12 37 57 58 -5 -17 45 43 44 -43 -6 -38 -48 -47 50 -23 -52 -13 -54 -55 56 -31 -26 -1 60 -7 -36
right_child=4 9 6 27 5 8 -8 10 25 11 35 32 13 21 16 18 22 30 20 23 -22 49 -24 -25 36 -27 -28 29 34 55 -32 -33 -34 -35 61 -37 46 -39 -40 -41 -42 42 -44 -45 -46 48 47 -49 -50 -51 51 -53 53 54 -56 -57 -58 -59 -60 -61 -62 -63
leaf_value=0.1980149697987133 0.0025686662402001344 -0.1342479964134333 -0.059914419843101668 -0.0030803324300019285 1.2944088922492389 0.22402227641424532 -0.090506558959445843 0.02411754600010883 0.81866836916488506 -0.029225008238484829 0.10558998843410015 -0.13675449200713988 -0.83564461203558116 -0.1303637056800912 -0.072787917249428902 0.61308874706953576 0.83172856363575431 -0.27649053577549271 -0.073414337466009977 0.85347043943845413 -0.34876020600545049 1.2730826056096705 0.28145183360484255 -0.18375999465584758 -0.27103126675016637 0.20999017420552876 0.32052037515515819 0.42465593231140408 -0.055546695260514679 -0.067951691669844827 0.11290504687162506 -0.027733416954606654 -0.020442426215426027 0.0077052097122355112 0.39837132930794222 0.2286555005305802 0.43277189952655226 1.669180511880711 0.014705824637226981 0.15880352701404762 -0.0064220642308050581 -0.0078049799740292081 0.19900507853380581 -0.52448398883526148 0.22721306700697272 0.22081235987731151 0.50219427254439031 -0.016482284215272838 0.67111906050686976 0.040714485690778859 0.33721033166753789 -0.32488958445768579 -0.1205305270118181 -0.16359913897542577 -0.00046929067780971637 -0.079482693994582881 0.30769717973879951 0.51400023997100497 0.068217903340952527 0.58477463957792875 -0.38382363555926169 0.15193833429013934
leaf_weight=8796 10497 17960 17815 3814 58 363 24243 9217 201 51823 12822 19622 56 1969 1233 151 407 648 2067 484 2667 64 615 80 96 1624 3419 308 1065 710 1290 12468 13765 51207 965 5359 689 83 3554 4598 1998 3658 9497 247 1723 4956 300 1071 267 2872 876 162 12037 2319 12062 10002 710 482 4351 184 209 3779
leaf_count=8796 10497 17960 17815 3814 58 363 24243 9217 201 51823 12822 19622 56 1969 1233 151 407 648 2067 484 2667 64 615 80 96 1624 3419 308 1065 710 1290 12468 13765 51207 965 5359 689 83 3554 4598 1998 3658 9497 247 1723 4956 300 1071 267 2872 876 162 12037 2319 12062 10002 710 482 4351 184 209 3779
internal_value=-7.68276e-12 -0.0313854 1.33337e-05 0.0520491 0.10305 0.117272 -0.03074 0.143868 0.0578875 -0.0673387 0.102253 -0.0565735 0.0389478 0.106554 -0.00860978 -0.0521236 0.187077 0.145353 -0.145597 0.38415 -0.228536 0.0310428 0.500593 0.706346 0.268153 0.277028 0.191723 0.0202536 0.0476637 -0.0421119 -0.0172953 0.0178472 -0.0802719 -0.00974783 0.154837 0.141865 0.29087 0.545039 0.125191 0.0854054 0.037108 0.170144 0.140386 0.0414694 0.067448 0.25537 0.209313 0.0970137 0.243832 0.111015 0.29423 0.233877 -0.0981596 -0.0694933 -0.0267747 -0.0546985 0.119873 0.383614 0.155059 0.143782 0.00192473 0.202066
internal_weight=362634 277973 148385 55120 84661 74164 93265 51223 22941 129588 27398 111628 21116 8720 12396 10141 2255 3258 6883 1320 4734 5943 1022 564 2777 1825 23825 38419 26689 11730 1938 20880 59805 69022 5809 18181 2721 661 16701 8412 2149 20406 15125 5628 5381 5281 2060 1371 5223 3974 1102 1038 46040 26418 14381 11422 1420 578 13147 756 572 4744
internal_count=362634 277973 148385 55120 84661 74164 93265 51223 22941 129588 27398 111628 21116 8720 12396 10141 2255 3258 6883 1320 4734 5943 1022 564 2777 1825 23825 38419 26689 11730 1938 20880 59805 69022 5809 18181 2721 661 16701 8412 2149 20406 15125 5628 5381 5281 2060 1371 5223 3974 1102 1038 46040 26418 14381 11422 1420 578 13147 756 572 4744
is_linear=0
shrinkage=0.05


Tree=46
num_leaves=63
num_cat=0
split_feature=5 0 77 0 38 71 78 68 42 73 73 50 51 67 76 76 9 70 50 51 5 35 50 6 42 23 30 68 73 40 8 59 53 51 63 47 78 77 70 71 30 50 70 49 23 51 79 67 69 73 0 59 63 59 76 7 51 51 6 51 67 35
split_gain=435785 131088 68846.1 55485.7 36066.5 31036.6 30366.8 32783.3 27214.4 26848.8 31503.1 28555.7 26690.9 24935.2 23210.4 23081 25296.5 22043.5 24718.1 21890.4 20392.6 20311.8 21480.3 22708.1 20026.2 18967.5 22336.1 18926.9 24203.4 20731.8 18241.6 17977.5 17883.8 17439.4 17143.1 16896.1 16351.4 16345.9 16155.8 16877.8 15926.6 21126.1 20134 16562.8 15775.5 15697.3 17374 15417.9 15369 15050.1 14800 14687.3 14466.9 14335.7 13897.6 13849.4 13820.7 13770.5 20796.7 19502.9 22279.2 23352.2
threshold=37.049999237060554 16.10000038146973 -0.5 59.149999618530281 44.995000839233406 0.40000000351574277 0.93301270189221952 1.0500000119209292 35.250000000000007 -7.7249994277954093 0.53000164031982433 9.5000000000000018 2.5000000000000004 93.500000000000014 0.78656609248549325 0.25881904510252091 30.654999732971195 38.375000000000007 5.5000000000000009 4.5000000000000009 82.500000000000014 34.250000000000007 6.5000000000000009 19.10000038146973 16.650000572204593 14.885000228881838 10.00500011444092 7.0499999523162851 -1.3299989700317381 -11.400064945220945 0.16849999874830249 1.0849990844726565 9.5729646682739276 2.5000000000000004 1.8348478592698363 -10.198264598846434 -0.6830127018922193 -0.70710678118654757 32.48500061035157 1.9349999892874623 14.454999923706056 10.500000000000002 23.275000572204593 13.500000000000002 29.244999885559086 4.5000000000000009 -0.9330127018922193 58.20000076293946 32.200000047683723 1.8899996280670168 43.250000000000007 -1.5399998426437376 2.065591117977017 2.0499994754791264 -0.91597561503675329 18.750000000000004 1.0000000180025095e-35 3.5000000000000004 40.149999618530281 1.5000000000000002 91.500000000000014 10.949999809265138
decision_type=10 10 2 8 10 10 2 8 10 8 10 2 2 8 2 2 10 10 2 2 10 10 2 8 10 8 8 8 8 8 8 10 10 2 10 10 2 2 10 10 8 2 8 2 8 2 2 8 10 10 10 8 10 8 2 8 2 2 10 2 10 10
left_child=1 6 4 8 15 54 7 -1 9 12 11 17 20 33 47 16 40 37 -19 32 36 22 23 -7 30 26 -6 28 56 -30 -14 -12 34 -8 -13 50 -2 -11 53 -40 41 -3 43 -42 -31 -27 -47 51 -21 55 -25 -9 -53 -38 -4 -35 -5 58 -29 -60 -61 -62
right_child=3 2 5 27 25 21 13 14 -10 10 31 19 24 -15 -16 -17 -18 18 -20 48 -22 -23 -24 35 -26 45 -28 57 29 44 -32 -33 -34 49 -36 -37 38 -39 39 -41 42 -43 -44 -45 -46 46 -48 -49 -50 -51 -52 52 -54 -55 -56 -57 -58 -59 59 60 61 -63
leaf_value=-0.22194936038072544 0.3897521685675851 0.21807627760426684 0.050273678655010569 -0.48869008827104904 0.14625110430679378 -0.022074860678989824 -0.082434136348591439 -0.1021750310898135 -0.016678484617598063 0.12504344727017258 0.052351633007823389 0.60521609596131998 0.65318434548593673 0.26749160592538596 -0.096698696742407733 0.029017390417799667 0.0017780642282612261 -0.47611178192622283 -0.0059723559674027642 -0.59926003986569842 0.66106961510959084 -0.05942853810564408 -0.021184337875697158 0.0809291608583525 0.17374806701077214 0.075746060556298567 -0.11555294794771519 0.074658141110425943 0.2685267795196235 0.1745863768794472 0.24996767081018645 0.16020452448794045 0.19580804701733753 -0.18327671153609346 -0.074405581146484032 0.024512328225179542 -0.058078428483538426 0.043841567136513687 -0.68247693649312346 0.039730590038841045 0.24792434404438263 -0.096890227142699528 0.20743630661394719 0.63355269061996511 0.0072848888811064896 0.25474872526040193 -0.044701935497066803 -0.014228552361595391 -0.14737059661630933 0.17368167242795587 0.24016464854791716 -0.087090090022191299 -0.020780572350263753 0.49052370269941231 -0.081609925584131937 0.055673746052755574 -0.0040882368864972266 0.16822796617093316 0.22975712639548998 0.36494612250747438 1.25249596451612 0.5128367622578095
leaf_weight=3570 224 1422 2209 171 1023 12963 4116 17794 6427 12818 5229 96 649 913 44327 4221 1800 343 1512 219 128 13953 36843 9294 1015 13993 4001 793 3158 3650 494 14798 979 834 2774 15099 627 11999 188 142 539 851 4088 576 2295 529 5743 20635 1336 1770 1731 13376 21362 147 20868 2222 1054 3467 1518 1247 163 309
leaf_count=3570 224 1422 2209 171 1023 12963 4116 17794 6427 12818 5229 96 649 913 44327 4221 1800 343 1512 219 128 13953 36843 9294 1015 13993 4001 793 3158 3650 494 14798 979 834 2774 15099 627 11999 188 142 539 851 4088 576 2295 529 5743 20635 1336 1770 1731 13376 21362 147 20868 2222 1054 3467 1518 1247 163 309
internal_value=-2.59269e-11 -0.0291539 0.00247312 0.10305 0.0599477 -0.0172614 -0.0658122 -0.0726827 0.0807441 0.0919819 0.0828407 0.0521198 0.22377 0.0185887 -0.0681473 0.125946 0.170053 0.073355 -0.0929038 -0.0526886 0.0583443 -0.00398145 0.00620758 0.0320269 0.335382 0.0247238 -0.0622437 0.180815 0.136918 0.164997 0.478916 0.132044 0.0112745 -0.00682488 -0.0516726 0.0588728 0.000250282 0.0857824 -0.0787791 -0.371709 0.210568 0.100154 0.258804 0.447137 0.110002 0.0462844 -0.0194453 -0.05085 -0.211013 0.0576608 0.10593 -0.0652352 -0.0463133 0.0461134 -0.0689856 -0.00953721 -0.0717347 0.241288 0.304141 0.360359 0.47569 0.76827
internal_weight=362634 282665 151746 79969 38786 112960 130919 121064 62144 55717 52103 32076 3614 9855 117494 13497 9276 26672 1855 5404 1456 89883 75930 39087 2158 25289 5024 17825 10328 9103 1143 20027 3849 8942 2870 26124 1328 24817 1104 330 7476 2273 5203 1115 5945 20265 6272 73167 1555 4826 11025 52532 34738 774 23077 3056 1225 7497 4030 3237 1719 472
internal_count=362634 282665 151746 79969 38786 112960 130919 121064 62144 55717 52103 32076 3614 9855 117494 13497 9276 26672 1855 5404 1456 89883 75930 39087 2158 25289 5024 17825 10328 9103 1143 20027 3849 8942 2870 26124 1328 24817 1104 330 7476 2273 5203 1115 5945 20265 6272 73167 1555 4826 11025 52532 34738 774 23077 3056 1225 7497 4030 3237 1719 472
is_linear=0
shrinkage=0.05


Tree=47
num_leaves=63
num_cat=0
split_feature=0 5 77 0 77 36 78 79 73 16 9 77 67 37 49 79 9 67 49 70 25 71 17 51 38 62 64 70 42 38 70 78 40 67 67 30 79 73 63 70 50 49 0 4 16 59 67 51 51 79 37 51 50 51 52 78 69 30 50 50 70 2
split_gain=396120 120982 60874 40944.3 29803.4 26436.2 25553.4 23785.2 22981.4 21839.5 21570.7 20473.6 19832.6 27622.4 19692.6 46755.3 43335.4 19595.9 19411.9 18567 19258.3 18466.7 18407.4 18281.6 22192.5 21874.5 18243.5 20940.7 18800.2 18798.8 17885.1 20496.5 17798 17338.8 16249.4 19540.7 15901.1 15794.8 15733.9 15658 18352.1 15368.8 14849 20377.7 17878.6 19797.2 16422.8 14363 19322.7 14180.1 14062.6 13803.7 14090.3 13763.5 13199.6 17901.5 13020.6 13002.9 12900.6 12802.5 12772.1 12678.9
threshold=37.049999237060554 23.050000190734867 -0.5 9.0999999046325701 -0.5 0.76250001788139354 0.68301270189221941 0.6830127018922193 1.9200003147125246 19.925000190734867 31.085000038146976 -0.5 10.500000000000002 33.475000381469734 13.500000000000002 1.0000000180025095e-35 22.884999275207523 82.500000000000014 12.500000000000002 28.814999580383304 17.005000114440922 0.16900000319583344 38.004999160766609 4.5000000000000009 194.06999969482425 50.708333333333336 17.36499985059103 30.214999198913578 15.250000000000002 59.995000839233406 28.214999198913578 -0.93301270189221908 -11.651016235351561 87.500000000000014 93.500000000000014 16.564999580383304 -0.9330127018922193 0.5500020980834962 6.7057189522576266 37.844999313354499 5.5000000000000009 11.500000000000002 65.500000000000014 39.100000381469734 29.914999961853031 3.3600015640258794 119.50000000000001 1.0000000180025095e-35 5.5000000000000009 0.6830127018922193 35.23500061035157 2.5000000000000004 3.5000000000000004 3.5000000000000004 13.824200153350832 -0.24999999999999994 17.500000000000004 8.6050000190734881 6.5000000000000009 1.5000000000000002 38.514999389648445 28.050000190734867
decision_type=10 10 2 10 2 8 2 2 8 10 10 2 8 10 2 2 10 10 2 8 10 10 10 2 10 10 10 8 10 8 10 2 10 8 8 8 2 8 8 8 2 2 10 10 8 10 10 2 2 2 10 2 2 2 10 2 8 8 2 2 8 8
left_child=1 3 5 6 14 22 12 8 23 -8 33 18 -1 60 15 38 17 26 49 -10 -21 -13 41 25 39 51 28 -28 29 -16 31 -20 58 -9 -11 -36 50 53 -3 -25 -41 -2 57 44 45 -44 -46 -17 -49 -5 -22 52 -4 -30 56 -56 -33 -24 -6 -39 -14 -29
right_child=2 4 7 11 32 -7 9 10 19 34 -12 21 13 -15 16 47 -18 -19 30 20 36 -23 42 24 -26 -27 27 61 37 -31 -32 54 -34 -35 35 -37 -38 59 -40 40 -42 -43 43 -45 46 -47 -48 48 -50 -51 -52 -53 -54 -55 55 -57 -58 -59 -60 -61 -62 -63
leaf_value=-0.22187355215551521 -0.096432075145033505 0.042764757566615894 -0.25709856888467197 0.013052103417723794 0.07638133911342132 0.25125630568135476 -0.070436315477728106 -0.029551427324900754 0.23063097016805673 0.019676020990311342 0.49488286198843473 -0.081635851238769763 -0.099913085350706476 0.58274032234257422 0.38739356103825873 -0.14504851827854623 0.01676870034956229 0.61182361311412281 0.86915709459075807 0.17188951008136566 0.17071539078460773 -0.03154336529807291 0.35476452374523726 -0.013040548137095957 0.94686256007387726 0.13079182962700986 0.39774001584553753 -0.19092090060035216 -0.22026131577841049 0.016953286157403182 -0.08095949156920379 0.063874593466467136 -0.02596486997161623 -0.32836960143265725 0.96917871699922464 0.17801995850357133 -0.017260643827770112 0.71632538395452094 0.13983142965177528 -0.7045939694841703 -0.091967592762326078 0.23124633462047961 0.39846231351758998 0.57982943755426497 0.057363174550040058 0.10875882590163873 0.43168762451452292 0.013138067614447916 -0.1604325744947202 -0.08669315630533353 0.91511947316558739 0.090132869197770055 -0.0096980415339336067 0.091939522185939815 0.37105482592363304 -0.14209469351721501 0.27550703345586797 0.088429375913932809 -0.017111461975859308 0.10731769343506468 0.03389465705207053 0.30558437204141642
leaf_weight=3158 384 10496 694 11961 8972 4731 9619 5057 3141 4413 182 24546 44972 151 897 2696 6867 280 95 3637 384 73463 467 6398 58 7463 1482 290 763 554 1139 1331 38256 537 88 690 3867 116 6932 180 381 5252 1289 302 3361 1087 321 9358 1935 5075 76 2951 3371 657 217 784 1601 24517 6267 337 1857 231
leaf_count=3158 384 10496 694 11961 8972 4731 9619 5057 3141 4413 182 24546 44972 151 897 2696 6867 280 95 3637 384 73463 467 6398 58 7463 1482 290 763 554 1139 1331 38256 537 88 690 3867 116 6932 180 381 5252 1289 302 3361 1087 321 9358 1935 5075 76 2951 3371 657 217 784 1601 24517 6267 337 1857 231
internal_value=-5.34601e-11 -0.027822 0.0981544 -0.0515499 0.017292 0.139967 -0.0835377 0.0527088 0.0692774 -0.0258322 -0.0408081 -0.0342676 -0.100583 -0.0924299 0.0478288 0.0267253 0.10098 0.204115 0.00908553 0.127684 0.0870817 -0.0440888 0.12573 0.0391041 -0.0271315 0.071204 0.182685 0.301884 0.110857 0.245957 0.0939767 0.143444 -0.00776252 -0.0582367 0.0568198 0.267508 0.0157978 0.00619578 0.0813731 -0.0352493 -0.288532 0.20892 0.110771 0.178981 0.158998 0.265925 0.0899971 -0.0413569 -0.0166024 -0.0166619 0.293704 0.00781978 -0.0519357 -0.0758135 0.125914 -0.0308525 0.179435 0.0934077 0.0379327 0.263267 -0.094607 0.0292187
internal_weight=362634 282546 80088 185160 97386 41711 64948 38377 32601 14810 5776 120212 50138 46980 43891 31417 12474 5607 22203 11105 7964 98009 36980 21496 7017 14479 5327 2003 3324 1451 5167 4028 53495 5594 5191 778 4327 1873 17428 6959 561 5636 31344 6360 6058 2376 3682 13989 11293 17036 460 7016 4065 1420 3933 1001 2932 24984 15239 453 46829 521
internal_count=362634 282546 80088 185160 97386 41711 64948 38377 32601 14810 5776 120212 50138 46980 43891 31417 12474 5607 22203 11105 7964 98009 36980 21496 7017 14479 5327 2003 3324 1451 5167 4028 53495 5594 5191 778 4327 1873 17428 6959 561 5636 31344 6360 6058 2376 3682 13989 11293 17036 460 7016 4065 1420 3933 1001 2932 24984 15239 453 46829 521
is_linear=0
shrinkage=0.05


Tree=48
num_leaves=63
num_cat=0
split_feature=5 0 77 0 38 62 79 30 78 27 0 79 67 44 49 9 71 69 37 30 50 55 51 78 40 10 79 51 69 37 51 73 50 6 51 39 54 47 79 67 73 67 44 37 73 50 46 51 5 9 64 40 30 38 51 51 73 37 69 31 9 30
split_gain=359173 107919 56136.7 46886 31390.6 27243.7 26533.9 26637.2 26198.2 25235.5 24050.9 22746 21665.9 19698.4 19360.7 22512.3 19322.6 18528.8 36037.1 17245.3 19922.1 17024.9 16999.8 21388.5 16862.7 19060.7 22630.7 26389.7 17794.5 16313.9 15731.2 15120.8 19251.2 18040.7 16954.8 14663.7 16631 14630.6 14447.7 13884.6 13589 13451.5 14641.8 13221.2 13175 14178.6 12954.4 13771.4 12839.1 16516.3 13667.9 12826.8 12786.7 21091.9 17903.8 33961.7 17505.3 13679.8 17360.7 12686.3 12628 12612.9
threshold=37.049999237060554 16.10000038146973 -0.5 59.149999618530281 44.995000839233406 37.008333206176765 1.0000000180025095e-35 23.394999504089359 0.93301270189221952 -2.8118917942047115 6.0499999523162851 0.6830127018922193 93.500000000000014 39.18499946594239 11.500000000000002 30.654999732971195 0.16900000319583344 65.399999260902419 20.855000495910648 14.614999771118166 2.5000000000000004 7.7500000000000009 4.5000000000000009 0.93301270189221952 -11.400064945220945 77.005001068115249 -0.9330127018922193 4.5000000000000009 134.50000000000003 36.204999923706062 2.5000000000000004 1.0499994754791262 9.5000000000000018 91.500000000000014 4.5000000000000009 26.005000114440922 17.325203895568851 -4.7692739963531485 -0.9330127018922193 97.500000000000014 1.8899996280670168 104.50000000000001 34.495000839233406 36.204999923706062 -12.469998359680174 4.5000000000000009 29.884999275207523 1.0000000180025095e-35 59.149999618530281 22.73499965667725 18.637333710988369 -7.572206735610961 8.6050000190734881 131.0350036621094 4.5000000000000009 2.5000000000000004 -3.3800005912780757 17.115000724792484 66.500000000000014 14.010000228881838 7.1250000000000009 34.135000228881843
decision_type=10 10 2 8 10 8 2 8 2 10 8 2 8 10 2 10 10 10 8 8 2 10 2 2 8 10 2 2 8 10 2 8 2 10 2 8 10 8 2 8 10 10 10 10 8 2 8 2 10 10 8 10 8 10 2 2 8 8 10 8 8 10
left_child=1 8 4 9 14 16 7 17 10 11 -1 19 30 31 -3 37 -4 -7 -19 -2 -21 60 44 38 28 35 46 -28 29 41 -10 32 33 -11 -34 -26 -37 -16 -24 -13 -32 -5 -43 -29 45 -6 -27 -48 50 -50 -22 -33 53 -8 55 56 -54 -57 -59 -18 -12 -9
right_child=3 2 5 24 22 6 52 61 12 13 21 39 -14 -15 15 -17 59 18 -20 20 48 -23 23 -25 25 26 27 43 -30 -31 40 51 34 -35 -36 36 -38 -39 -40 -41 -42 42 -44 -45 -46 -47 47 -49 49 -51 -52 -53 54 -55 -56 57 -58 58 -60 -61 -62 -63
leaf_value=-0.10359238643658797 0.29340726412286389 0.02692569017698104 -0.084975456816759984 0.22270744619588434 -0.64598215207781484 0.10586445079734018 0.082729688160879333 0.013219506448959532 -0.076834528046621997 0.043741862754258676 -0.16473344953276461 0.020381861928760632 0.25067805519760034 -0.30536133208302685 0.26120478803230507 -0.002648795329661678 0.15818369929457587 1.2903813006949951 0.25025218093922508 -0.097081184713626922 -0.059480373110114552 -0.091594651652496584 0.23939180004560973 -0.2922800401210825 0.13073182261519284 0.076653494082006918 0.070201020073864751 -0.18419502039875135 0.86577532607046048 -0.028644375745692979 -0.0076306189274697586 0.15427479436804131 0.0040429756245685807 0.42945808821007025 -0.19467822623282702 0.2546456380239987 1.0255889460470322 0.12117165478726329 -0.031800554176072859 -0.58132834696039859 0.16646769252353177 0.36771373224910353 1.04573253695706 -0.83187881363241856 0.054571852840955087 0.1662116447823461 1.3020870929154067 0.40898385022979555 0.49599745638803089 0.17317350627100916 0.12175941296984755 0.043878499186290332 -0.38936853277795325 1.0027980308812947 -0.12121120614335541 -0.098675026510968475 -0.055485735110217919 0.23807321325749428 0.0011017183752658909 -0.023434673913489204 -0.036830592278267342 0.21068280837475434
leaf_weight=31620 1512 4221 14351 4424 138 4238 886 15243 4116 19252 1988 4419 913 396 3905 1800 977 91 981 1019 1121 21537 529 752 5394 252 2867 687 110 575 3056 5291 3261 308 1600 2462 72 3571 6858 98 1770 492 95 89 16924 88 52 254 443 3751 14439 5234 423 67 4763 658 5458 2100 1223 60647 65919 854
leaf_count=31620 1512 4221 14351 4424 138 4238 886 15243 4116 19252 1988 4419 913 396 3905 1800 977 91 981 1019 1121 21537 529 752 5394 252 2867 687 110 575 3056 5291 3261 308 1600 2462 72 3571 6858 98 1770 492 95 89 16924 88 52 254 443 3751 14439 5234 423 67 4763 658 5458 2100 1223 60647 65919 854
internal_value=-6.65998e-11 -0.0264675 0.00222882 0.0935541 0.0541279 -0.0155913 0.0196023 0.0557296 -0.0597289 0.0730498 -0.0661104 0.109638 0.0186653 0.0453029 0.115699 0.156095 -0.0327237 0.152839 0.338547 0.130375 0.118509 -0.0528599 0.0212666 -0.0382411 0.165039 0.131713 0.0456068 0.000188617 0.236005 0.223603 -0.00502374 0.0492766 0.0276848 0.0498155 -0.0613662 0.177339 0.276551 0.194316 -0.0123798 0.00732727 0.0562223 0.252548 0.477444 -0.258478 0.0495076 -0.32973 0.342127 0.560753 0.12963 0.207272 0.108702 0.0993756 -0.0300433 0.147414 -0.0416068 -0.00316072 -0.0795008 0.109614 0.150858 -0.0205553 -0.040575 0.0236956
internal_weight=362634 282665 151746 79969 38786 112960 36985 21407 130919 62144 121064 26802 9855 35342 13497 9276 75975 5310 1072 22285 20773 89444 25289 8139 17825 12129 4201 3643 5696 5586 8942 34946 24421 19560 4861 7928 2534 7476 7387 4517 4826 5011 587 776 17150 226 558 306 19754 4194 15560 10525 15578 953 14625 9862 5881 3981 3323 61624 67907 16097
internal_count=362634 282665 151746 79969 38786 112960 36985 21407 130919 62144 121064 26802 9855 35342 13497 9276 75975 5310 1072 22285 20773 89444 25289 8139 17825 12129 4201 3643 5696 5586 8942 34946 24421 19560 4861 7928 2534 7476 7387 4517 4826 5011 587 776 17150 226 558 306 19754 4194 15560 10525 15578 953 14625 9862 5881 3981 3323 61624 67907 16097
is_linear=0
shrinkage=0.05


Tree=49
num_leaves=63
num_cat=0
split_feature=5 6 5 47 6 44 72 13 44 51 51 42 44 50 5 51 30 40 45 50 15 37 6 50 9 44 30 46 30 67 31 49 78 28 46 72 51 45 56 5 70 37 50 6 44 76 70 44 78 65 78 78 62 46 37 31 9 50 51 50 9 9
split_gain=326290 91163.8 44812.4 32151.4 30098.5 30743.4 24986.4 37795.4 22645.1 21340.8 39997.9 24812.3 20293.6 20224.8 20112.9 21858.8 24109.1 20155.3 19701.7 30119.2 21503.7 19495.9 23058.6 19495.3 46358.8 38905.5 19280.5 18208.8 18079.5 36491 35449.8 24430.2 22425.6 33906.8 22478.9 22177.2 22148.1 17494.7 17438.8 17350.1 20106.3 18233.6 17046.3 16414.8 16184.6 16076.2 24156.8 17996.5 23688.5 23965.8 15909.9 23964.3 21800 15926.6 15467.8 15081.9 14712.5 22564.2 14636.8 21505.4 18511.5 18941.3
threshold=25.050000190734867 43.299999237060554 6.0499999523162851 -10.720637798309324 17.149999618530277 14.744999885559084 0.90954548120498668 -8.3135538101196271 21.045000076293949 4.5000000000000009 3.5000000000000004 48.049999237060554 24.454999923706058 1.5000000000000002 50.149999618530281 3.5000000000000004 18.654999732971195 -16.432191848754879 50.010000228881843 6.5000000000000009 0.040500000119209296 39.174999237060554 74.500000000000014 10.500000000000002 31.535000801086429 26.035000801086429 9.6649999618530291 41.004999160766609 21.255000114440922 27.500000000000004 40.004999160766609 10.500000000000002 -0.6830127018922193 54.95000076293946 29.005000114440922 1.8350340127944949 2.5000000000000004 134.04000091552737 9.0499992370605487 101.50000000000001 35.444999694824226 36.844999313354499 6.5000000000000009 71.500000000000014 22.005000114440922 1.0000000180025095e-35 32.704999923706062 16.144999504089359 -0.6830127018922193 34.283333301544197 -0.6830127018922193 -0.93301270189221908 65.708333333333357 12.125000000000002 34.465000152587898 12.00500011444092 28.704999923706058 10.500000000000002 2.5000000000000004 11.500000000000002 15.434999942779543 23.595000267028812
decision_type=10 8 8 8 8 8 10 10 8 2 2 10 8 2 10 2 8 8 8 2 10 10 8 2 10 10 8 10 10 8 10 2 2 8 8 10 2 10 8 10 8 10 2 10 10 2 8 10 2 8 2 2 10 8 10 10 10 2 2 2 8 8
left_child=2 3 -1 38 -4 -6 7 12 37 10 11 45 -3 27 26 17 -17 -16 19 20 -11 22 -18 39 25 -25 -10 -13 30 -30 31 -7 33 35 -34 -33 -37 -8 42 41 -41 -9 54 -36 56 47 -47 48 49 -5 51 -19 -53 -52 -2 -28 -12 -58 59 -14 -60 -62
right_child=1 6 4 9 5 28 8 23 14 18 44 13 58 -15 15 16 21 50 -20 -21 -22 -23 -24 24 -26 -27 55 -29 29 -31 -32 32 34 -35 43 36 -38 -39 -40 40 -42 -43 -44 -45 -46 46 -48 -49 -50 -51 53 52 -54 -55 -56 -57 57 -59 60 -61 61 -63
leaf_value=-0.092738067432635962 0.13330283785077818 -0.0082260644357841188 -0.050998069143287833 0.28094040137535975 -0.086710292987427481 -0.028438891045761014 -0.054784972671297574 0.063710547119090549 0.50734022193150052 0.00070520128580327669 0.17537463060962155 -0.11393779843943577 0.1088239959890228 -0.059419606364318492 0.64900335941610909 0.35842053382767802 0.026310968037787347 0.13286300830556785 -0.067299771601926184 -0.065584970807276169 0.21189606364742031 -0.72394530240694688 0.31752764011681794 0.037667368792071047 0.96161643951675113 -0.40360181173054238 0.32759690533592706 -0.62482970401262694 -0.18922298014354022 -0.0045707855535617294 -0.022656010216356118 0.35004625199709344 0.03719297229747124 0.0052978043550574762 0.19046491288137124 1.2656435564355135 0.29679330281214789 0.74511774495558836 0.21479303652337256 0.73645815543644133 0.099655229024679409 -0.1364203338490691 0.01321485395803006 0.76854592348022976 0.071234648342351617 -0.061277293795867951 0.066086452896269535 0.029781641578716107 0.12454053913852542 1.4279514762717236 -0.052193959743431696 0.41978826930274382 1.0762806137854404 0.23076475178088796 -0.066301836397421238 0.094033574683959092 0.17343606158602434 1.2345845381696436 -0.24078614397472897 1.0538045730742236 0.62501031015932684 0.27544360989224831
leaf_weight=34443 8728 1080 87772 127 11229 2855 1835 17352 306 2250 3505 365 2081 3001 329 918 3121 720 13386 4521 2596 75 869 1164 98 875 729 334 2830 49032 12023 779 4745 588 2555 153 96 71 2238 200 326 1218 8128 129 7266 11115 5598 22057 2554 71 590 1093 143 3165 1092 13320 122 85 142 62 487 1897
leaf_count=34443 8728 1080 87772 127 11229 2855 1835 17352 306 2250 3505 365 2081 3001 329 918 3121 720 13386 4521 2596 75 869 1164 98 875 729 334 2830 49032 12023 779 4745 588 2555 153 96 71 2238 200 326 1218 8128 129 7266 11115 5598 22057 2554 71 590 1093 143 3165 1092 13320 122 85 142 62 487 1897
internal_value=-3.05081e-11 0.0553897 -0.0406113 0.0268727 -0.0303393 -0.00950047 0.107488 0.0733702 0.141227 0.0124752 0.0290155 0.00823251 0.187097 -0.115837 0.153711 0.204507 0.126988 0.26846 -0.0283794 0.0272402 0.11384 0.0747238 0.0897364 0.0425779 -0.10064 -0.151695 0.114705 -0.358055 0.00193964 -0.0146469 0.0378971 0.099076 0.139325 0.308129 0.102606 0.481344 0.892111 -0.024988 0.0831855 0.0586052 0.341786 0.050584 0.0667749 0.218249 0.114627 0.0192883 -0.018617 0.0448238 0.165385 0.692242 0.246537 0.362167 0.495742 0.186305 0.111106 0.106153 0.199565 0.609173 0.232277 0.136164 0.313818 0.346853
internal_weight=362634 153405 209229 99139 174786 87014 54266 26982 27284 78953 56200 45222 5749 3700 25378 11023 4983 6040 22753 9367 4846 4065 3990 21233 2137 2039 14355 699 75785 51862 23923 11900 9045 1616 7429 1028 249 1906 20186 19096 526 18570 17948 2684 10978 41522 16713 24809 2752 198 5711 1956 1236 3755 9820 14049 3712 207 4669 2143 2526 2384
internal_count=362634 153405 209229 99139 174786 87014 54266 26982 27284 78953 56200 45222 5749 3700 25378 11023 4983 6040 22753 9367 4846 4065 3990 21233 2137 2039 14355 699 75785 51862 23923 11900 9045 1616 7429 1028 249 1906 20186 19096 526 18570 17948 2684 10978 41522 16713 24809 2752 198 5711 1956 1236 3755 9820 14049 3712 207 4669 2143 2526 2384
is_linear=0
shrinkage=0.05


Tree=50
num_leaves=63
num_cat=0
split_feature=0 6 77 76 31 50 72 29 30 6 56 73 31 79 67 12 51 51 73 77 64 6 51 45 67 40 33 79 79 51 68 50 9 76 23 43 37 30 50 10 73 51 23 29 47 30 78 67 73 51 9 50 47 67 51 37 10 9 77 41 53 68
split_gain=299950 90424.3 50147.6 32425.7 30727.5 28615.1 28684.2 25690.4 25466.7 24419.9 24087.5 23344.9 23323.4 21482.4 25661.3 23782.5 23583.6 44041.2 26525.3 23166.9 21720.9 21335 21330.9 24276 19581.7 18831.7 18154.9 18007.5 21095.9 18929.7 18271 17873 26092.5 36001.6 24184.8 22655.7 16991.8 16742.7 16647.7 15741.4 15162.3 26460.1 15701.1 22979.5 17146.7 15105 29703.9 22964.8 22734 16706 15162.1 14822.3 14712.6 17303.1 14364 13581.6 13474.4 13397.6 13377.9 13142.6 12573.7 12510.2
threshold=37.049999237060554 18.050000190734867 -0.70710678118654757 0.60355339059327384 26.005000114440922 4.5000000000000009 1.1823068857192995 0.071499999612569823 7.6649999618530282 5.0999999046325692 10.199999809265138 0.20499992370605472 51.004999160766609 0.25000000000000017 44.149999618530281 -0.70454034209251393 3.5000000000000004 4.5000000000000009 -8.6100001335144025 0.78656609248549303 14.130000034968061 39.100000381469734 4.5000000000000009 49.004999160766609 44.149999618530281 -10.398115158081053 1.8711346983909609 -0.5 0.25000000000000017 4.5000000000000009 17.500000000000004 10.500000000000002 28.045000076293949 -0.37940952255126059 16.125000000000004 0.039499999955296523 33.475000381469734 29.105000495910648 6.5000000000000009 78.034999847412124 -12.469998359680174 3.5000000000000004 24.775000572204593 0.032500000670552261 -10.093711853027342 21.525000572204593 -0.93301270189221908 26.500000000000004 0.51000118255615245 3.5000000000000004 10.494999885559084 2.5000000000000004 -11.397787094116209 95.500000000000014 1.5000000000000002 37.68499946594239 44.004999160766609 7.1250000000000009 -0.9159756150367534 0.15962814539670947 3.2581750154495244 10.500000000000002
decision_type=10 10 2 2 10 2 10 8 8 8 10 8 10 2 8 8 2 2 8 2 10 8 2 8 8 8 8 2 2 2 8 2 10 2 10 10 10 10 2 10 8 2 8 10 8 8 2 10 10 2 10 2 8 10 2 10 8 8 2 8 10 10
left_child=1 9 5 4 31 6 10 11 25 -1 -2 12 61 14 40 58 56 19 20 -18 -19 22 51 38 45 -4 55 30 29 39 -26 32 33 35 -33 -3 -32 -5 60 -29 41 -6 43 44 -42 46 48 -47 -11 -50 -48 -10 53 -13 -30 -23 -15 -20 -16 -28 -24 -7
right_child=2 3 8 37 13 7 -8 -9 21 24 -12 52 -14 16 15 -17 17 18 57 -21 -22 26 23 -25 27 -27 59 28 54 -31 36 34 -34 -35 -36 -37 -38 -39 -40 -41 42 -43 -44 -45 -46 47 50 -49 49 -51 -52 -53 -54 -55 -56 -57 -58 -59 -60 -61 -62 -63
leaf_value=-0.096593191390404828 0.19902364947059775 0.11235218664628605 0.67267431247051768 -0.079061006480322382 -0.58460747224579956 0.19870326963791418 -0.056225902971454605 0.34848357017573084 -0.089974824963992811 0.010631517456734883 -0.056781182190959137 0.25165455378689677 -0.023218815128191735 0.014694236119894675 0.091851494384493401 0.11742358330261869 0.21386147396827032 -0.042222938713695542 -0.40170433278490369 -0.047336303401213808 0.59105834146188641 0.063697771012825241 0.039303748507637223 -0.13348139385179128 -0.067905962426329874 0.1777670785910441 0.24397755188243384 0.045135051785872377 -0.090676283950621425 -0.047028234689958558 0.063001762980781584 -0.16187119245817039 -0.0049953633325650762 0.053738096306546836 0.13957495636415548 0.3271295829685068 0.73834648444646545 0.003068147309824049 -0.06953789415482213 0.18855281049589812 0.2764110089188016 0.47742678235967956 -0.05439287021320726 -0.082076951953988814 0.051861641282486104 -0.18033372693899416 -0.10886594302956794 -0.067263860334303441 1.3194512076329354 0.34225685772266279 -0.022319954807437134 0.063108039672731694 0.16382701101664987 0.64955185611360999 -0.0075479835303709471 -0.1238465471190054 -0.082143164601146235 -0.048905022943695545 0.0091280773618064442 0.10246936967694693 0.30584370037795017 0.06100284699792128
leaf_weight=25105 3569 2113 253 15301 269 4058 3428 1723 1764 170 1240 2551 3067 4637 6074 9041 3488 251 278 1122 294 13792 1077 4231 24218 800 2337 8863 7356 4313 1573 1650 4374 5697 1115 2931 99 10439 1671 2440 1102 75 11602 2564 3720 5730 6806 20762 86 89 19734 15264 8881 306 17702 1038 15943 8404 25016 5508 751 2779
leaf_count=25105 3569 2113 253 15301 269 4058 3428 1723 1764 170 1240 2551 3067 4637 6074 9041 3488 251 278 1122 294 13792 1077 4231 24218 800 2337 8863 7356 4313 1573 1650 4374 5697 1115 2931 99 10439 1671 2440 1102 75 11602 2564 3720 5730 6806 20762 86 89 19734 15264 8881 306 17702 1038 15943 8404 25016 5508 751 2779
internal_value=-6.50333e-11 -0.0242102 0.0854124 0.00484133 0.016494 0.13442 0.0542873 0.162669 0.0534705 -0.0517504 0.133064 0.147876 0.0913422 0.00505235 0.0232489 0.0460462 -0.0263862 0.0240904 -0.0389616 0.15029 0.2994 0.0480714 0.0159798 -0.0529028 -0.0423643 0.296676 0.0831111 -0.024273 -0.00352464 0.0420894 -0.0568694 0.0765689 0.0979499 0.139872 -0.0403115 0.237156 0.102989 -0.0457531 0.044533 0.0760949 -0.0240758 -0.353059 -0.0181157 0.0388688 0.103179 -0.0649251 -0.0385219 -0.0917199 0.422438 0.822478 -0.0445141 0.0472496 0.195577 0.294271 -0.031951 0.0505709 -0.0603242 -0.0602018 0.0252896 0.144624 0.148807 0.142733
internal_weight=362634 282546 80088 137500 111760 31602 8237 23365 48486 145046 4809 21642 9904 93880 59463 40131 34417 13837 9227 4610 545 47433 24758 7730 119941 1053 22675 66564 40674 15616 25890 17880 15115 10741 2765 5044 1672 25740 3499 11303 19332 344 18988 7386 4822 53377 26885 26492 345 175 26540 17028 11738 2857 25058 14830 20580 8682 31090 7845 1828 6837
internal_count=362634 282546 80088 137500 111760 31602 8237 23365 48486 145046 4809 21642 9904 93880 59463 40131 34417 13837 9227 4610 545 47433 24758 7730 119941 1053 22675 66564 40674 15616 25890 17880 15115 10741 2765 5044 1672 25740 3499 11303 19332 344 18988 7386 4822 53377 26885 26492 345 175 26540 17028 11738 2857 25058 14830 20580 8682 31090 7845 1828 6837
is_linear=0
shrinkage=0.05


Tree=51
num_leaves=63
num_cat=0
split_feature=0 77 76 79 51 70 51 78 65 67 76 54 58 79 51 31 67 73 23 49 49 79 70 4 11 78 70 5 59 49 6 54 23 25 44 32 73 58 49 56 11 15 44 70 70 70 51 44 70 78 38 78 70 67 78 78 73 63 51 44 78 25
split_gain=272651 89964.3 44734.9 32290 39162.8 46808.7 30934.3 43500.6 38893 29204.3 28260.6 28152.3 27726.1 27297.1 31532.9 31308 35035.2 27720.5 27037.2 31872.1 26878.4 34583.9 25962.5 25852 24646.2 40548.8 40199.9 56498.3 23928.9 22430 22126.2 22039.9 21420.5 21014.9 20857.1 20469.2 20383.3 23024.5 20371.3 20320.3 19782.9 19364.1 18797.6 21108.1 18757 18702.8 30718.4 29065.3 26476.8 22967.7 23257.1 22529 21658.9 29502.3 34540.6 36207.2 48008.8 37507.5 22482 21514.3 18685.2 18675.5
threshold=27.050000190734867 -0.5 0.78656609248549325 -0.9330127018922193 2.5000000000000004 29.134999275207523 4.5000000000000009 -0.6830127018922193 20.826666196187343 6.5000000000000009 -0.91597561503675329 17.325203895568851 12.050000190734865 0.6830127018922193 1.0000000180025095e-35 26.005000114440922 31.94999980926514 -2.0199975967407222 20.714999198913578 11.500000000000002 12.500000000000002 -0.5 21.095000267028812 20.050000190734867 37.995000839233406 0.25000000000000011 32.905000686645515 65.500000000000014 -0.640000820159912 5.5000000000000009 86.500000000000014 0.077384408563375487 18.105000495910648 29.605000495910648 26.595000267028812 30.005000114440922 -2.5400006771087642 -22.400000572204586 20.500000000000004 5.0499992370605478 13.894999980926515 0.23550000041723254 6.3250000476837167 11.914999961853029 22.285000801086429 34.135000228881843 3.5000000000000004 35.475000381469734 31.595000267028812 0.93301270189221952 110.00500106811525 -0.5 38.254999160766609 74.500000000000014 0.68301270189221941 -0.24999999999999994 3.1600000858306889 14.868310820892603 2.5000000000000004 35.045000076293952 0.68301270189221941 16.435000419616703
decision_type=10 2 2 2 2 8 2 2 8 8 2 8 8 2 2 10 8 8 10 2 2 2 8 10 10 2 10 10 10 2 10 10 8 10 8 8 8 10 2 8 10 10 10 10 10 10 2 10 8 2 10 2 10 8 2 2 8 10 2 10 2 10
left_child=2 3 9 4 12 -6 7 8 11 35 23 40 -2 15 -15 18 22 -16 19 -11 21 -8 42 61 25 -22 27 30 -28 -4 -27 -19 -12 -14 -26 -1 37 -7 -21 -18 -5 -37 -17 -44 -10 46 47 49 59 50 -9 -52 53 -47 55 58 57 -57 -55 -48 -54 -3
right_child=1 10 29 6 5 36 20 45 44 13 32 -13 33 14 17 16 39 31 -20 38 24 -23 -24 -25 34 26 28 -29 -30 -31 -32 -33 -34 -35 -36 41 -38 -39 -40 -41 -42 -43 43 -45 -46 52 48 -49 -50 -51 51 -53 60 54 -56 56 -58 -59 -60 -61 -62 -63
leaf_value=-0.34680852115700445 -0.017817303195924446 0.079649092805779587 -0.031790474822054354 0.17171434056043994 1.1591090619186812 1.6760177628397941 0.11122522922440946 0.022884493441494402 0.74311305576519393 0.014633552661193528 -0.10228405782116828 0.81088013399678938 0.18079998042879616 -0.14940654792812422 -0.10802001969540756 -0.24228316519082777 -0.013618321562680037 -0.074861572707046034 0.0038676468077365588 0.29742871731036574 0.011443366410324174 -0.18076466192970622 -0.12437755255465761 0.14406362185716878 0.12502921048476193 0.1985218751337165 0.96539369658990337 0.91240946662750244 -0.10264745169510761 -0.091363149770966656 0.92252644584813259 0.017084874029809041 0.0041863311151295957 0.81873611198201535 -0.26308529061189462 -0.074368465644649315 0.2438423991144236 0.47143307093259257 0.022971975515230808 0.052376018677397745 -0.024844438796956969 0.90400731892421327 0.41209267485542811 0.030766197216144431 0.24861435188262071 0.10581812719163096 0.21485888831449873 -0.51901350135097701 -0.077296198740375771 0.15821731967750174 -0.74869985253471572 -0.12119425815445456 -0.1694251482448175 0.53765826908161318 0.064247950771351092 0.44770899719946339 -0.27763958029694613 1.3121628962196175 -0.10413364087354822 0.89993222229057501 0.35396207974861482 -0.0015845265353582546
leaf_weight=1132 2176 11912 25658 2377 158 50 1588 11976 197 2961 5457 130 477 6715 9354 479 64403 9233 8610 2907 6584 2806 10733 6161 542 3312 55 324 1128 41128 109 22160 35170 177 958 395 3097 192 881 14244 2774 58 444 1987 7218 3435 3101 245 825 2858 166 1034 810 278 653 209 91 314 268 119 216 17425
leaf_count=1132 2176 11912 25658 2377 158 50 1588 11976 197 2961 5457 130 477 6715 9354 479 64403 9233 8610 2907 6584 2806 10733 6161 542 3312 55 324 1128 41128 109 22160 35170 177 958 395 3097 192 881 14244 2774 58 444 1987 7218 3435 3101 245 825 2858 166 1034 810 278 653 209 91 314 268 119 216 17425
internal_value=1.76521e-12 0.0549435 -0.0342108 0.099127 0.206262 0.318168 0.0871721 0.111752 0.187898 -0.0196063 0.0183621 0.0842001 0.0679814 -0.0174243 -0.0490135 -0.00349673 -0.0144968 -0.032469 0.0626013 0.137531 0.0316824 -0.075239 -0.0884627 0.0509535 0.0677885 0.092628 0.201094 0.281357 -0.0529921 -0.0684764 0.22159 -0.00995751 -0.0101147 0.353452 -0.122847 -0.233142 0.278376 0.720314 0.233597 -0.00166588 0.0658603 0.0508982 0.0440027 0.100412 0.261752 0.0754056 0.0521104 0.0214689 0.175426 0.0297275 0.00185683 -0.207999 0.150868 0.191945 0.355124 0.518868 0.782288 0.966712 0.22264 0.240177 -0.0592384 0.0313996
internal_weight=362634 139152 223482 63027 6327 3497 56700 39294 12696 156696 76125 5281 2830 155111 47462 107649 92290 40747 15359 6749 17406 4394 13643 35498 13012 11512 4928 3745 1183 66786 3421 31393 40627 654 1500 1585 3339 242 3788 78647 5151 453 2910 2431 7415 26598 20324 16279 4045 16034 13176 1200 6274 5248 1813 1160 614 523 546 3220 1026 29337
internal_count=362634 139152 223482 63027 6327 3497 56700 39294 12696 156696 76125 5281 2830 155111 47462 107649 92290 40747 15359 6749 17406 4394 13643 35498 13012 11512 4928 3745 1183 66786 3421 31393 40627 654 1500 1585 3339 242 3788 78647 5151 453 2910 2431 7415 26598 20324 16279 4045 16034 13176 1200 6274 5248 1813 1160 614 523 546 3220 1026 29337
is_linear=0
shrinkage=0.05


Tree=52
num_leaves=63
num_cat=0
split_feature=0 6 77 44 50 72 31 62 29 78 6 73 70 78 50 72 73 50 40 50 44 70 65 42 50 67 70 37 6 73 15 79 79 74 6 67 67 70 77 78 73 50 67 64 70 23 72 0 70 59 58 73 43 25 70 79 17 73 74 50 49 76
split_gain=246734 74915.8 41296.1 28736.3 25560.1 25340.9 25338.2 24600.9 22643.3 21137.6 21022 20890.1 29480.3 43439.3 27980.2 26813 20623.3 21712.2 19891.2 18239 26361.9 19886.3 17823 20621.8 17523 17140.4 22287.6 29679.7 16782.7 16453.9 16380.4 16305.6 18762.7 16967.9 15827.6 15643.2 15471.6 25927.6 15209.3 16066.3 16519.5 16604.1 21422.6 15384.4 21082.2 17656 28338.6 17355.2 15638.2 15630.9 17122.3 14904.5 14771.8 14689.3 15809.3 15631.5 24648 14554.9 14375.9 16331.2 14132.9 14056.7
threshold=37.049999237060554 18.050000190734867 -0.70710678118654757 14.744999885559084 4.5000000000000009 1.1823068857192995 23.994999885559086 38.708333333333336 0.071499999612569823 0.68301270189221941 5.0999999046325692 1.0999989509582522 21.244999885559086 -0.6830127018922193 1.5000000000000002 1.4969879388809206 -2.6299982070922847 5.5000000000000009 -7.4203541278839102 9.5000000000000018 21.675000190734867 38.375000000000007 20.650000333786014 30.349999427795414 6.5000000000000009 44.149999618530281 21.954999923706058 14.765000343322756 34.049999237060554 -1.5099995136260984 0.49150000512599951 -0.5 0.25000000000000017 1.0000000180025095e-35 101.50000000000001 24.500000000000004 156.00000000000003 33.635000228881843 -0.5 -0.24999999999999994 1.3649997711181643 5.5000000000000009 78.500000000000014 16.211666504542034 23.394999504089359 18.105000495910648 0.5012953281402589 13.09999990463257 11.055000305175783 -0.08999991416931151 -34.499999999999993 -8.6100001335144025 0.65150001645088207 16.994999885559086 26.615000724792484 -0.9330127018922193 89.009998321533217 -9.1350002288818342 1.0000000180025095e-35 5.5000000000000009 10.500000000000002 -0.37940952255126059
decision_type=10 10 2 8 2 10 8 10 8 2 8 8 8 2 2 10 8 2 10 2 10 10 8 10 2 8 8 8 8 10 10 2 2 2 10 10 8 8 2 2 8 2 10 8 10 10 8 8 10 8 8 10 8 10 10 2 10 8 2 2 2 2
left_child=1 10 4 18 5 7 9 -2 16 -5 -1 19 13 -13 15 -14 17 -6 -3 20 -4 34 24 -24 -18 26 27 -12 -15 -29 -21 36 33 -33 51 -28 -27 -38 43 57 -41 42 -42 48 45 52 -47 -46 -8 50 -49 -22 -45 -16 -55 56 -56 -40 -23 -60 -39 -11
right_child=2 3 11 6 8 -7 38 -9 -10 61 25 12 14 28 53 -17 22 -19 -20 30 21 58 23 -25 -26 31 35 29 -30 -31 -32 32 -34 -35 -36 -37 37 60 39 40 41 -43 -44 44 47 46 -48 49 -50 -51 -52 -53 -54 54 55 -57 -58 -59 59 -61 -62 -63
leaf_value=-0.088631428691889322 0.065762360709870404 0.037959590972322078 -0.10845735020308922 0.051657059426935437 -0.35651867751172966 -0.05766902391310167 0.33117236701115005 0.35496988781943983 0.32308425140747932 0.34546366007186785 -0.067144349685621232 1.7408144234418872 0.03787268563257673 0.1236219667734241 0.13377805549685953 -0.42981931066279666 0.1989233162334752 0.071181670666949179 -0.099681930867407162 -0.10992721387442722 0.30014286717570793 -0.016757854817615183 0.21154664383757479 0.025014669447258421 0.037773456886133955 -0.059827709718208215 -0.15924904111781224 -0.019402130697342663 0.46774713954535613 0.12663121149663054 0.16473312885330219 0.073565866724974172 -0.028455472288148244 -0.043002936730110353 0.69168138190633766 -0.068577148173246547 -0.39870911077090676 0.093254827701568191 0.23629500157839486 -0.011891631766581706 0.053600955362350135 -0.050617316312144015 0.24109900343616048 0.052610223170376648 -0.058670970357920731 1.2233573846778898 0.26523031634092831 0.64175092194761552 -0.050841191693243415 0.035359654580655688 0.13579931370098836 0.060618342908500614 0.54152037320392477 0.17520666800949197 0.10969132543680045 -0.0025510788961188649 0.85627730896537624 -0.039719134309680104 -0.70738176878620973 -0.093659287535047042 0.53486444154856094 0.079827318811119805
leaf_weight=25105 3903 3537 2708 8206 405 3428 278 906 1723 1163 11648 50 721 1016 8177 533 2471 1110 10178 3963 676 1107 10618 1722 5316 24970 5720 3589 544 4170 629 11303 25058 4313 103 28250 175 434 485 23366 8239 2734 1869 1922 4767 86 752 189 7372 28456 1451 16547 168 1950 773 8416 129 31411 188 256 311 871
leaf_count=25105 3903 3537 2708 8206 405 3428 278 906 1723 1163 11648 50 721 1016 8177 533 2471 1110 10178 3963 676 1107 10618 1722 5316 24970 5720 3589 544 4170 629 11303 25058 4313 103 28250 175 434 485 23366 8239 2734 1869 1922 4767 86 752 189 7372 28456 1451 16547 168 1950 773 8416 129 31411 188 256 311 871
internal_value=-5.91886e-11 -0.0219578 0.077466 0.00448536 0.121938 0.0462042 0.0120938 0.120248 0.148638 0.087422 -0.0470253 0.0484799 0.0840309 0.290121 0.0680009 -0.160915 0.134749 -0.0431541 -0.0641852 0.018182 0.0374322 0.0583608 0.14814 0.185517 0.0889101 -0.0383167 -0.0594243 -0.0166785 0.243625 0.0590821 -0.072305 -0.0213907 -0.00164709 0.0413706 0.0737153 -0.0838448 -0.0524085 0.148958 0.0053004 -0.00964745 0.0131458 0.0587015 0.0882699 0.0277033 0.0407928 0.169656 0.363558 0.02997 -0.0369589 0.0440102 0.194107 0.0700196 0.0919102 0.0827636 0.0457432 0.0186501 0.216465 -0.0355222 -0.113163 -0.353524 0.277605 0.231713
internal_weight=362634 282546 80088 137500 31602 8237 123785 4809 23365 10240 145046 48486 22309 1610 20699 1254 21642 1515 13715 26177 21585 18877 20127 12340 7787 119941 53377 19407 1560 7759 4592 66564 40674 15616 17326 33970 25890 920 113545 68104 36208 12842 10108 45441 37791 2928 838 34863 7650 30096 1640 17223 2090 19445 11268 9318 902 31896 1551 444 745 2034
internal_count=362634 282546 80088 137500 31602 8237 123785 4809 23365 10240 145046 48486 22309 1610 20699 1254 21642 1515 13715 26177 21585 18877 20127 12340 7787 119941 53377 19407 1560 7759 4592 66564 40674 15616 17326 33970 25890 920 113545 68104 36208 12842 10108 45441 37791 2928 838 34863 7650 30096 1640 17223 2090 19445 11268 9318 902 31896 1551 444 745 2034
is_linear=0
shrinkage=0.05


Tree=53
num_leaves=63
num_cat=0
split_feature=5 0 77 0 36 76 37 28 37 79 44 73 73 62 62 79 26 37 62 55 78 50 37 51 69 40 78 71 10 37 76 59 66 51 58 79 79 36 23 16 69 73 55 79 18 44 6 54 42 51 79 44 5 73 54 50 44 51 51 37 51 73
split_gain=226220 74924.1 38218.4 34953.1 29512.3 35948.6 22519.6 23101.6 21645 21780.9 34231 25682.4 25997.5 21626.7 21174.6 24953.2 19445.9 19415 27378.1 18578.7 18283.1 18056.8 20230.4 27028.8 21718.7 17549.2 17365.3 17151 16299.3 16097.4 17446.7 19618.1 16544.8 15794.5 15271.1 17834.2 15073.3 14970.9 14806.9 14386 14297.9 14146.5 14014.6 13759.9 13628.4 13283 13157.3 12930.3 12866 12757.6 37500.1 16708.5 17316.3 15614.5 16783.2 13176.5 32927.6 12756.9 13776.4 13172.6 12745.3 20472.5
threshold=38.049999237060554 16.10000038146973 -0.5 65.500000000000014 0.28149999678134924 0.25881904510252091 28.914999961853031 21.550000190734867 37.68499946594239 0.25000000000000017 16.425000190734867 -8.1500000953674299 0.49499988555908209 6.0666666825612401 42.683333396911628 1.0000000180025095e-35 6.2168371677398691 21.134999275207523 57.183333333333344 7.7500000000000009 -0.6830127018922193 9.5000000000000018 17.115000724792484 1.5000000000000002 58.349999189376838 -10.825317859649656 0.93301270189221952 0.16900000319583344 55.98500061035157 20.654999732971195 -0.37940952255126059 -0.96000051498413075 1.1839999872609044 2.5000000000000004 -47.499999999999993 -0.5 -0.68301270189221952 0.76250001788139354 17.23499965667725 7.1150000095367441 15.149999618530275 3.4099999666213994 5.4999997615814218 1.0000000180025095e-35 9.4049997329711932 25.554999351501468 90.500000000000014 3.4753935337066655 35.850000381469734 4.5000000000000009 -0.9330127018922193 27.48499965667725 77.500000000000014 3.2700014114379887 17.325203895568851 10.500000000000002 24.115000724792484 2.5000000000000004 5.5000000000000009 13.50500011444092 2.5000000000000004 -2.6299982070922847
decision_type=10 10 2 8 10 2 10 8 10 2 8 8 8 8 8 2 8 8 10 10 2 2 8 2 10 8 2 10 10 8 2 8 8 2 8 2 2 8 8 8 10 8 10 2 8 10 8 10 10 2 2 8 10 8 10 2 8 2 2 8 2 8
left_child=1 13 4 8 5 6 7 40 9 34 20 -12 16 -1 27 17 48 18 -16 26 -11 22 -14 24 42 -5 39 -4 -27 30 31 -22 -33 -31 35 -2 -10 44 -6 -15 -3 -34 -24 -7 45 -36 -42 -20 -13 53 -51 52 -52 54 55 -30 -57 59 -59 -28 -47 -62
right_child=3 2 14 25 38 43 -8 -9 36 10 11 12 21 19 15 -17 -18 -19 47 -21 29 -23 23 -25 -26 28 57 -29 49 33 -32 32 41 -35 37 -37 -38 -39 -40 -41 46 -43 -44 -45 -46 60 -48 -49 -50 50 51 -53 -54 -55 -56 56 -58 58 -60 -61 61 -63
leaf_value=-0.098250670918309024 -0.018982390549622086 0.025097952503151045 -0.069525141593695369 0.23331483758984639 -0.068785550348626295 0.06957326474859199 -0.032785533601084438 0.090020629122646578 -0.23895649257346749 0.90642219359676046 0.17820309929815106 -0.08299900899733785 0.3385418368193594 -0.1575919539561359 0.19310435200141651 -0.028593895317440228 0.097157452651289278 0.060576103105803886 0.56040055311861492 -0.078722066078820194 -0.16855026502030115 0.1088300634395417 -0.42992902411090422 0.041682477323714433 -0.71424044299506606 0.20366058256750838 -0.22508017772872804 -0.012529714239943991 0.17957285003616752 -0.29429454645984437 0.016379648829605697 0.82720577154611041 0.068378821417157148 0.23818278944387977 0.015750464714345117 0.5368946904814198 0.06770332131229008 0.17713999695918367 0.028205069030084691 -0.032336194204550715 0.25658332063838135 0.53754612043628414 0.077371927575153085 -0.071479715945806419 0.06196122436138396 0.08572764914448977 0.69951379428050309 1.631355564150156 -0.25762776384744096 0.73389941616058352 -0.05374742460263307 -0.33281403025132172 0.91444476303064592 -0.081407211099855464 0.98449485489477717 0.55809159721163182 -0.49444229567675618 0.14956024370093648 -0.09430970115211651 0.021280468910526498 0.57797478628968491 0.1988171960586676
leaf_weight=18441 228 664 16012 4463 5092 3580 1535 4571 997 90 1758 5744 266 2361 590 10292 1275 13004 63 24156 141 4386 259 1034 266 2890 668 75138 2463 304 487 234 280 257 1334 393 670 3839 17318 78856 4603 377 287 3344 33131 1458 174 51 1292 125 359 679 53 903 60 110 229 3222 706 2890 448 1734
leaf_count=18441 228 664 16012 4463 5092 3580 1535 4571 997 90 1758 5744 266 2361 590 10292 1275 13004 63 24156 141 4386 259 1034 266 2890 668 75138 2463 304 487 234 280 257 1334 393 670 3839 17318 78856 4603 377 287 3344 33131 1458 174 51 1292 125 359 679 53 903 60 110 229 3222 706 2890 448 1734
internal_value=-2.0448e-13 -0.020217 0.00320462 0.0771412 0.0447356 0.0915292 0.145544 0.172884 0.0620648 0.0668989 0.0219782 -0.00248071 -0.02393 -0.0480501 -0.0115399 0.030245 -0.0825082 0.0744213 0.330165 -0.0398474 0.208711 0.0509921 -0.0691203 -0.127862 -0.343761 0.154111 -0.0292609 -0.0225419 0.1092 0.178522 0.263054 0.379459 0.466181 -0.0503611 0.0866729 0.332805 -0.115704 0.0830288 0.00616686 -0.0359774 0.242498 0.337597 -0.163271 0.00145062 0.0735473 0.15072 0.272717 1.03951 -0.115066 0.054394 -0.0864088 -0.180395 0.0708016 0.0998698 0.157065 0.139347 -0.152912 0.0436077 0.105728 -0.0249727 0.200185 0.276664
internal_weight=362634 287331 156031 75303 40881 18471 11547 10012 62969 61302 18737 16567 14809 131300 115150 24000 8311 13708 704 112859 2170 6498 2112 1846 812 12334 88703 91150 7871 2080 1519 1032 891 561 42565 621 1667 41944 22410 81217 5441 657 546 6924 38105 4974 4777 114 7036 4981 1216 1091 412 3765 2862 2802 339 7486 3928 3558 3640 2182
internal_count=362634 287331 156031 75303 40881 18471 11547 10012 62969 61302 18737 16567 14809 131300 115150 24000 8311 13708 704 112859 2170 6498 2112 1846 812 12334 88703 91150 7871 2080 1519 1032 891 561 42565 621 1667 41944 22410 81217 5441 657 546 6924 38105 4974 4777 114 7036 4981 1216 1091 412 3765 2862 2802 339 7486 3928 3558 3640 2182
is_linear=0
shrinkage=0.05


Tree=54
num_leaves=63
num_cat=0
split_feature=5 6 5 73 47 20 50 76 67 73 43 37 5 50 8 16 76 33 38 30 29 51 51 42 50 58 50 50 78 8 73 44 30 51 41 70 50 50 78 30 55 50 50 68 45 29 78 30 65 78 70 4 68 12 28 40 50 69 37 50 22 51
split_gain=206195 60193.1 33483.9 28812.5 25851.7 22486.8 30699.5 21475 21661 20845.6 20228.9 19611.3 18493.5 24251.8 18373.3 18313.2 18618.8 18057.8 17721.8 17811.8 19736.3 17606.7 22235.5 24255.2 19953.3 17322.7 15535.3 20715 18435.8 19368.7 16658.1 15149.7 23826.1 16577.9 14993.3 15140.4 29368.4 43551.1 18051.9 25359.3 22250.7 15117.6 14893.5 20030.3 15855.1 15593.3 14580 56214.5 21957.7 18578.8 29133.3 16304 14713.1 14561 14542.4 14510.9 14339.2 13776.3 13717.4 21745.2 13501.8 15506.6
threshold=25.050000190734867 43.299999237060554 5.0499999523162851 0.20499992370605472 -10.093711853027342 -8.2980818748474103 9.5000000000000018 0.91597561503675362 47.299999237060554 2.769999742507935 0.73350000381469738 33.315000534057624 68.500000000000014 3.5000000000000004 0.029499999247491363 29.295000076293949 -0.37940952255126059 -0.16747522354125974 65.005001068115249 13.925000190734865 0.0224999999627471 4.5000000000000009 3.5000000000000004 48.049999237060554 1.5000000000000002 -4.0499997138977042 2.5000000000000004 5.5000000000000009 -0.93301270189221908 0.50750002264976513 1.2800016403198244 21.675000190734867 22.355000495910648 2.5000000000000004 -2.9628676176071163 27.914999961853031 11.500000000000002 10.500000000000002 -0.5 17.964999198913578 11.900000095367433 2.5000000000000004 9.5000000000000018 14.050000190734865 56.004999160766609 0.17349999397993091 -0.6830127018922193 21.525000572204593 62.658333460489921 -0.5 28.73499965667725 16.10000038146973 4.5499999523162851 -1.0975490212440489 79.450000762939467 -11.284454822540281 6.5000000000000009 63.100000023841865 34.465000152587898 4.5000000000000009 0.23449999839067462 1.5000000000000002
decision_type=10 8 8 8 10 10 2 2 8 10 10 8 10 2 10 8 2 10 10 10 10 2 2 10 2 10 2 2 2 10 10 8 10 2 8 10 2 2 2 10 10 2 2 8 8 10 2 10 10 2 8 10 8 8 10 10 2 10 8 2 10 2
left_child=2 4 -1 5 9 -3 25 8 14 10 56 -8 34 54 -4 16 17 18 19 -16 -21 22 23 46 -25 60 -10 30 -29 -30 -28 33 57 -27 -5 38 37 41 39 -36 -40 -37 44 -44 -23 -45 47 48 -6 50 -48 -50 -51 -13 -14 -15 58 -33 59 -2 61 -7
right_child=1 3 7 12 21 6 11 -9 26 -11 -12 53 13 55 15 -17 -18 -19 -20 20 -22 42 -24 24 -26 31 27 28 29 -31 -32 32 -34 -35 35 36 -38 -39 40 -41 -42 -43 43 45 -46 -47 49 -49 51 52 -52 -53 -54 -55 -56 -57 -58 -59 -60 -61 -62 -63
leaf_value=-0.085413256096661339 0.029211093539579427 0.14671759130822234 -0.055574930485974651 0.18128688252541075 0.25124857209581569 -0.055264928227365298 -0.11025110849659676 -0.06234647998863644 -0.059034017468414628 0.15163127684178621 0.28318906335460692 0.11585998386389723 -0.081323444566834269 0.44240214910067865 0.067841973676811662 -0.10274412160064966 -0.020014076063225895 -0.026944948966078703 -0.015852076701637328 0.37583585564502853 0.042108000158391612 0.038526118649342612 0.088808571015379423 -0.37612638633760842 -0.065934256137427788 -0.86444433306343849 0.01243058322320835 0.069987203016185537 -0.023420399510514282 0.28517438955740659 0.10803329861264022 0.19198296783341806 0.068575290161614164 0.0059723264290116769 0.52683439757864448 -0.216830959651658 0.56600433859539079 -0.56275063265388003 0.03258927661532933 0.076081198757928639 0.3404443975187843 0.069905398266642979 -0.068939579637650392 -0.4714431128674938 -0.064219626464732713 0.077213387563824662 -0.06515772381497513 0.0056379850302719125 1.2675699526348065 0.081028387676209679 -0.55199497360322947 0.22948165273053514 -0.012968432801223805 0.97313076190984082 0.74180192803514422 0.21029130331166312 -0.0060166416180920737 0.47949425952979108 -0.062756061092092905 0.16875291633916817 -0.039498460923710906 0.13266546910505492
leaf_weight=25974 6530 5153 46094 5242 1911 1594 4312 31466 9097 5034 832 190 717 1061 1929 4204 17791 3182 1663 1504 628 7572 9385 647 2609 80 10064 6705 40087 515 8326 1948 5868 173 688 480 274 290 2649 571 754 10859 3815 589 7448 166 2287 7934 97 5467 355 62 17455 67 58 1843 12351 530 1716 4877 5340 3525
leaf_count=25974 6530 5153 46094 5242 1911 1594 4312 31466 9097 5034 832 190 717 1061 1929 4204 17791 3182 1663 1504 628 7572 9385 647 2609 80 10064 6705 40087 515 8326 1948 5868 173 688 480 274 290 2649 571 754 10859 3815 589 7448 166 2287 7934 97 5467 355 62 17455 67 58 1843 12351 530 1716 4877 5340 3525
internal_value=-3.98742e-11 0.0440318 -0.0322838 0.0863651 0.0208597 0.0520803 0.0314401 -0.0247533 -0.0169603 0.0584135 0.0405751 -0.0849616 0.125081 0.228777 -0.0355765 -0.00574543 0.00952904 0.0685456 0.121629 0.177929 0.277533 0.00350051 0.0197429 0.00304755 -0.127573 0.0593464 0.00220378 0.0106833 -0.00682192 -0.0195062 0.0557143 0.111919 0.123474 -0.269258 0.107587 0.0842644 0.0543486 0.0422931 0.160645 0.322402 0.1008 0.0577673 -0.0364704 -0.115507 -0.0124226 -0.350811 0.0150049 0.0661785 0.298221 -0.00502096 -0.130573 0.862781 0.00945023 0.339351 -0.0197218 0.295095 0.0326512 0.253477 0.0690442 0.0888714 0.0161231 0.074146
internal_weight=362634 153405 209229 54266 99139 28780 23627 183255 151789 31340 26306 4569 25486 3679 76995 30901 26697 8906 5724 4061 2132 67799 48209 38824 3256 19058 74794 65697 47307 40602 18390 8599 8346 253 21807 16565 11903 11629 4662 1259 3403 11339 19590 4570 15020 755 35568 10004 2070 25564 2642 159 22922 257 775 2904 25474 2478 13123 11407 10459 5119
internal_count=362634 153405 209229 54266 99139 28780 23627 183255 151789 31340 26306 4569 25486 3679 76995 30901 26697 8906 5724 4061 2132 67799 48209 38824 3256 19058 74794 65697 47307 40602 18390 8599 8346 253 21807 16565 11903 11629 4662 1259 3403 11339 19590 4570 15020 755 35568 10004 2070 25564 2642 159 22922 257 775 2904 25474 2478 13123 11407 10459 5119
is_linear=0
shrinkage=0.05


Tree=55
num_leaves=63
num_cat=0
split_feature=0 6 76 30 79 74 3 0 67 31 30 79 37 58 79 79 30 16 67 69 73 32 44 68 64 68 45 49 11 73 68 46 73 67 15 44 26 40 61 73 49 17 61 79 11 0 44 6 37 44 65 72 30 65 10 5 30 6 41 31 12 73
split_gain=188390 54357.7 34263.8 30351.2 33058.9 42461.4 25436.9 23336.4 23096.4 22559.6 22363.4 22308.9 20140 19947.5 20550.1 19577.7 29954.5 19926.5 18826.7 18670.3 36209.6 18536.5 18307.4 18145.6 17907.2 17883.9 18008 17841.8 22167.3 20351.7 20273.9 26105.8 18297.9 17421 17247.6 16983.7 17153.9 16693.3 16526.3 16501.4 16251.8 16212.6 15962.8 15673 18384.4 15526.9 15523.5 15025 14843.5 14821.9 15451.2 14768.8 14806.5 14459.9 15897.7 15805.6 14442.9 14429.6 14015.5 13692 15330.5 13489.1
threshold=27.050000190734867 43.299999237060554 0.60355339059327384 8.1849999427795428 1.0000000180025095e-35 1.0000000180025095e-35 6.0499999523162851 69.500000000000014 6.5000000000000009 28.994999885559086 23.814999580383304 0.6830127018922193 28.494999885559086 -39.499999999999993 -0.9330127018922193 0.6830127018922193 21.255000114440922 17.105000495910648 53.399999618530281 55.49999928474427 3.4799997806549077 30.005000114440922 39.18499946594239 5.0499999523162851 7.3491667111714687 15.500000000000002 56.004999160766609 9.5000000000000018 10.994999885559084 0.20499992370605472 21.750000000000004 37.995000839233406 -7.7249994277954093 28.500000000000004 0.23550000041723254 22.005000114440922 -6.1222286224365225 -10.505562782287596 -0.0015000104904174803 -7.7249994277954093 5.5000000000000009 56.995000839233406 0.025999994948506359 -0.9330127018922193 27.005000114440922 51.100000381469734 27.884999275207523 77.500000000000014 15.574999809265138 30.355000495910648 22.433333317438763 0.45027472078800207 12.614999771118166 15.000000039736433 112.00500106811525 40.149999618530281 18.994999885559086 62.500000000000007 -5.1137063503265372 32.995000839233406 11.975169181823732 7.5949993133544931
decision_type=10 8 2 8 2 2 8 10 8 10 8 2 10 8 2 2 8 10 8 8 10 8 10 8 8 10 8 2 8 8 10 10 8 8 10 10 8 8 8 8 2 10 10 2 10 10 10 10 10 10 8 8 8 10 10 10 10 10 8 10 10 10
left_child=2 3 8 37 6 11 43 22 21 15 13 19 25 -8 23 16 48 46 -11 20 45 -1 27 -15 -4 26 -7 -3 30 32 -29 47 51 -18 -23 -22 -37 -2 41 -20 -26 56 -42 44 -5 -6 -17 -32 -10 53 -51 -30 -53 54 -34 58 -9 -35 -55 -16 -61 -13
right_child=1 7 24 4 5 12 10 38 9 18 -12 61 -14 14 59 17 33 -19 39 -21 35 34 -24 -25 40 -27 -28 28 29 -31 31 -33 49 57 -36 36 -38 -39 -40 -41 42 -43 -44 -45 -46 -47 -48 -49 -50 50 -52 52 -54 55 -56 -57 -58 -59 -60 60 -62 -63
leaf_value=-0.33076064806390099 0.47575449755845167 -0.085985847175323593 -0.19173062043966549 0.91916307889660642 0.040936535363539368 0.030768864740830078 0.87931900656298745 0.63655189082824759 0.054799530677110797 -0.036408148385306344 0.013337490755627991 -0.02054557697236644 -0.30247302855836711 0.52711192885369418 0.13484840615039506 -0.060714325637456761 -0.13316857075039354 0.11043200912160787 0.18554740979651604 -0.0065483465859514853 0.21683208756280858 -0.062596254108190461 -0.2081731243967283 0.15414762759824052 -0.022699637528475022 -0.21224179613156544 -0.11164270625052082 0.13526214919292909 0.72485544952154157 0.10698111564509818 0.21918226967647647 1.2025154989698661 0.01452997977320887 0.034926620361408166 0.86988016767748477 1.2392932485191175 0.44053665995503533 0.13510465052745541 0.25836601666599063 0.0012409917550959054 -0.078561718147883527 0.049770882667314199 -0.0087791757678564297 0.16978490225069864 -0.012103660664870404 0.39235185799202982 -0.49876633413845584 1.0582837572258155 0.22211861556221055 0.0066074403778051023 0.14038901108504642 0.73973772679314465 0.10150604689545938 0.37625363268683082 0.44405098114995767 -0.1472330788264786 0.1774321322326784 0.49153049844132979 -0.035976984189590132 0.01919443740046109 0.64483197096998646 -0.25072833643440651
leaf_weight=989 442 1614 2222 157 6241 4146 79 224 2120 63880 32132 10391 1074 420 4252 5477 1657 1892 1252 6020 1058 342 570 1459 37340 1961 4778 6563 125 16150 557 92 2367 7710 58 81 395 1930 3074 40496 44055 3124 10068 1638 80 331 210 59 3537 5804 3436 99 1107 282 237 3392 728 177 767 8939 99 678
leaf_count=989 442 1614 2222 157 6241 4146 79 224 2120 63880 32132 10391 1074 420 4252 5477 1657 1892 1252 6020 1058 342 570 1459 37340 1961 4778 6563 125 16150 557 92 2367 7710 58 81 395 1930 3074 40496 44055 3124 10068 1638 80 331 210 59 3537 5804 3436 99 1107 282 237 3392 728 177 767 8939 99 678
internal_value=-4.54389e-11 0.0456711 -0.0284373 0.0221322 0.0172885 -0.0183203 0.0441489 0.0871594 -0.0118044 -0.00961073 0.037001 0.0185058 -0.0959046 0.086867 0.0827399 0.0355179 0.0682477 -0.0301274 -0.0193433 0.060154 0.109691 -0.214598 0.0733173 0.237514 -0.0514816 -0.0755229 -0.0454797 0.0770792 0.0834926 0.0664398 0.162685 0.416885 0.0292723 0.0142105 0.0726128 0.328424 0.57646 0.198582 0.170834 0.00676824 -0.0480744 0.104819 -0.0655807 0.224772 0.604811 0.0586356 -0.07689 0.299551 0.159415 0.0147039 0.0563557 0.207519 0.153898 -0.0399252 0.0536223 -0.0947772 0.28546 0.0451737 0.0748419 0.0608573 0.0260475 -0.0346448
internal_weight=362634 139152 223482 88781 86409 37154 49255 50371 129797 128408 47380 25195 11959 15248 15169 22780 15201 7579 105628 14126 8106 1389 43221 1879 93685 10885 8924 42651 41037 33766 7271 708 17616 9544 400 1534 476 2372 7150 41748 91463 4076 54123 1875 237 6572 5687 616 5657 16285 9240 1331 1206 7045 2604 4441 952 7887 1049 13290 9038 11069
internal_count=362634 139152 223482 88781 86409 37154 49255 50371 129797 128408 47380 25195 11959 15248 15169 22780 15201 7579 105628 14126 8106 1389 43221 1879 93685 10885 8924 42651 41037 33766 7271 708 17616 9544 400 1534 476 2372 7150 41748 91463 4076 54123 1875 237 6572 5687 616 5657 16285 9240 1331 1206 7045 2604 4441 952 7887 1049 13290 9038 11069
is_linear=0
shrinkage=0.05


Tree=56
num_leaves=63
num_cat=0
split_feature=0 76 77 49 9 79 77 50 38 67 4 30 50 24 49 50 62 72 63 31 70 29 30 47 63 61 26 78 9 6 73 38 74 50 6 70 8 11 59 44 78 62 11 37 30 6 50 9 73 50 35 28 73 50 70 70 73 63 17 74 26 67
split_gain=171199 59250.6 44949.3 31335.3 48083.2 29774.1 29261.6 26275.9 26070.5 23671.9 21745.5 23395.7 31726.9 20966.2 20811.2 20628.8 21298.8 21631.5 19385.4 19240 18729.7 18697.2 18233.2 18068.9 17914.9 17488.4 16483.1 15744.3 21989.8 15908.4 15482.7 15341.6 15297.7 23070.9 29377 30387.6 22256.6 15347.6 15121.2 22034.8 42787.4 29441.7 14999.6 14906.9 14755.7 14698.9 14611.3 16447.2 14276.9 14247.2 14121.5 13962.4 13852.1 13828.9 20758.7 19041.7 13928 13604.2 13509.2 13364.9 13323.5 13293.9
threshold=39.049999237060554 0.60355339059327384 -0.12940952255126037 12.500000000000002 28.464999198913578 1.0000000180025095e-35 -0.70710678118654757 6.5000000000000009 42.004999160766609 44.500000000000007 26.19999980926514 13.925000190734865 3.5000000000000004 42.995000839233406 5.5000000000000009 4.5000000000000009 36.166666825612388 1.0218585729599001 3.7947331922021275 19.994999885559086 23.275000572204593 0.061499999836087234 8.1849999427795428 -13.62421131134033 9.8725207858310942 0.022499978542327884 -0.35979925096034998 -0.93301270189221908 23.595000267028812 24.050000190734867 0.18000078201293948 124.01499938964845 1.0000000180025095e-35 6.5000000000000009 94.500000000000014 33.274999618530281 0.17150000482797625 36.98500061035157 0.68000078201293956 19.064999580383304 -0.6830127018922193 12.858333349227907 16.414999961853031 37.68499946594239 9.6649999618530291 58.20000076293946 2.5000000000000004 21.865000724792484 2.1599999666213994 11.500000000000002 10.150000095367433 20.550000190734867 0.65999990701675426 5.5000000000000009 38.375000000000007 34.504999160766609 -0.95499992370605458 12.303116136437588 201.08999633789065 1.0000000180025095e-35 -1.2403133511543272 147.50000000000003
decision_type=10 2 2 2 10 2 2 2 10 10 10 8 2 10 2 2 10 8 10 8 10 8 8 8 8 10 8 2 10 10 8 10 2 2 10 10 10 8 8 10 2 10 10 10 8 10 2 8 10 2 10 8 8 2 10 10 10 10 8 2 10 8
left_child=1 2 3 5 8 18 15 19 10 -9 11 12 -5 48 -3 16 44 -18 -1 -4 42 23 31 -17 49 -16 50 28 -11 -30 53 -15 46 34 35 36 -34 -38 39 40 -10 -41 -13 45 -2 -37 57 -48 -8 -6 -21 58 -35 54 55 56 -25 -24 -22 -57 -40 -52
right_child=6 14 7 4 24 -7 13 9 38 27 -12 20 -14 22 25 21 17 -19 -20 26 51 -23 32 30 -26 -27 -28 -29 29 -31 -32 -33 33 52 -36 43 37 -39 60 41 -42 -43 -44 -45 -46 -47 47 -49 -50 -51 61 -53 -54 -55 -56 59 -58 -59 -60 -61 -62 -63
leaf_value=-0.023711437922932468 0.2930142223640308 -0.02134562851619257 0.15375429804660187 0.21350337745031964 -0.077349865435287199 -0.040504678138457116 0.067726834528767821 -0.079714056861155069 1.6868355134471518 0.29229478193044484 0.37118751099273894 0.27248046431193751 -0.14045969231019437 0.19527970931042257 -0.080229451464673515 0.23793523712866463 0.37375543000264366 0.042731644167694302 0.079905885983278191 0.027045101916271293 0.19527466492958001 0.29699385187732358 0.054672141522265953 -0.38816654311603288 0.073855702124124942 -0.010650348706538937 0.057189445775347049 -0.031324863073560097 0.10011675836741021 -0.077270750714971179 0.14342582283219982 1.0514072800321239 -0.015998998424294621 -0.2236915128956336 1.1695399756410294 -0.14666232533765547 0.3304195871507028 -0.055409731998589652 0.08261846392136199 -0.23549797412949994 0.29413477388315873 0.1791678024525582 0.65666098551835217 -0.53648168414619302 -0.04148657148360288 0.29859011906796612 -0.1134153108867183 0.06572374776123556 0.19704724280400659 0.45898682028055193 -0.038551514109547581 -0.0044490546369210229 -0.03128521453026898 0.072931155172718504 -0.6113626340475794 0.60401216108953903 0.12356124209313929 -0.1814215373012123 0.75062741275255884 -0.27350938570196343 -0.021867469253694066 0.37577930404303167
leaf_weight=6893 354 43245 2102 1200 7159 21651 7359 25280 61 856 1257 900 1340 798 47646 2796 806 1273 13078 13490 1252 1620 1106 321 3200 11143 9906 29682 2743 2344 9364 56 1635 1974 56 1475 1217 327 8331 526 575 2299 354 211 4801 212 1376 18618 3006 126 26890 964 1778 6480 182 164 227 1361 120 59 4814 195
leaf_count=6893 354 43245 2102 1200 7159 21651 7359 25280 61 856 1257 900 1340 798 47646 2796 806 1273 13078 13490 1252 1620 1106 321 3200 11143 9906 29682 2743 2344 9364 56 1635 1974 56 1475 1217 327 8331 526 575 2299 354 211 4801 212 1376 18618 3006 126 26890 964 1778 6480 182 164 227 1361 120 59 4814 195
internal_value=-3.31024e-11 -0.0169528 -0.00041902 0.0293119 0.064564 0.000110505 0.0696195 -0.0203553 0.103598 -0.04271 0.181742 0.142895 0.026767 0.0433807 -0.0476741 0.108881 0.0359682 0.171065 0.0441423 0.00553744 0.225059 0.133745 0.0234712 0.120247 -0.024757 -0.0670413 -0.000634222 -0.0164514 0.0578331 0.0183797 0.100657 0.251419 0.0172609 -0.0382755 0.0306086 0.0180461 0.112565 0.248706 0.0688356 0.16182 0.427711 0.101959 0.380933 -0.140265 -0.018516 -0.0907088 0.0392297 0.0533953 0.105232 -0.0680735 -0.0147513 0.141383 -0.132514 0.046777 -0.13106 -0.0176811 -0.176192 -0.0755765 0.243848 0.371843 0.0443533 -0.0355685
internal_weight=362634 291622 189588 76100 34478 41622 71012 113488 23993 60905 7387 6130 2540 42565 102034 28447 7234 2079 19971 52583 3590 21213 32200 19593 10485 58789 50481 35625 5943 5087 16797 854 31346 8885 5133 5077 3179 1544 16606 3461 636 2825 1254 1898 5155 1687 22461 19994 10365 7285 40575 2336 3752 7433 953 771 548 2467 1372 223 13145 27085
internal_count=362634 291622 189588 76100 34478 41622 71012 113488 23993 60905 7387 6130 2540 42565 102034 28447 7234 2079 19971 52583 3590 21213 32200 19593 10485 58789 50481 35625 5943 5087 16797 854 31346 8885 5133 5077 3179 1544 16606 3461 636 2825 1254 1898 5155 1687 22461 19994 10365 7285 40575 2336 3752 7433 953 771 548 2467 1372 223 13145 27085
is_linear=0
shrinkage=0.05


Tree=57
num_leaves=63
num_cat=0
split_feature=5 76 77 36 67 30 30 50 70 48 64 28 49 67 43 70 25 73 16 44 68 38 22 67 14 50 51 31 67 33 64 30 50 51 70 50 70 5 50 72 32 51 30 44 50 63 70 31 33 5 44 44 6 55 67 28 9 47 52 51 44 33
split_gain=157036 52103.7 46424.1 57554.4 24976.4 23385.3 33357.6 27743.4 37727.2 28133.6 25153.9 29131 24804.8 23119.6 22928.8 21870.3 20403.5 22093.6 20041.8 19505.4 19667.4 19085.2 18737.6 20722 18631.9 17388.8 17227.2 17123.7 16823.6 16440.7 15427 17749.2 15258.8 14998.7 30090.4 28672.1 28650.6 42366.4 29314.5 17843.6 15202.6 15018.1 16727.6 17099.6 23642.9 14979.1 14916.7 14818.2 14797.4 14746.3 14604 14072.8 14368.6 13781.3 13716.2 13677.3 14253.7 21699.8 13582.7 13415.7 13270.3 13259
threshold=38.049999237060554 0.37940952255126054 -0.12940952255126037 0.28149999678134924 47.299999237060554 22.115000724792484 14.454999923706056 10.500000000000002 20.244999885559086 -9.1789231300353986 14.992499907811485 21.750000000000004 13.500000000000002 48.550001144409187 0.76649999618530285 21.414999961853031 12.744999885559084 0.13999962806701663 7.1150000095367441 32.764999389648445 25.500000000000004 41.995000839233406 0.10649999976158143 21.500000000000004 6.2500000000000009 6.5000000000000009 4.5000000000000009 41.995000839233406 83.500000000000014 7.2550878524780282 17.121666828791302 9.6649999618530291 2.5000000000000004 4.5000000000000009 38.844999313354499 6.5000000000000009 32.245000839233406 62.049999237060554 5.5000000000000009 0.90954548120498668 22.185000419616703 2.5000000000000004 17.474999427795414 21.494999885559086 3.5000000000000004 1.8348478592698363 22.704999923706058 23.994999885559086 -7.0373361110687247 31.050000190734867 12.515000343322756 21.314999580383304 49.250000000000007 6.1000001430511483 50.299999237060554 23.349999427795414 30.154999732971195 -12.424241065979002 8.5122504234313983 2.5000000000000004 29.685000419616703 -0.59566995501518238
decision_type=10 2 2 10 10 10 10 2 10 8 8 10 2 10 8 8 10 8 8 10 8 10 8 10 10 2 2 10 8 10 10 8 2 2 10 2 10 10 2 8 8 2 8 8 2 10 10 10 10 8 10 8 10 10 8 10 10 8 10 2 10 8
left_child=1 2 3 5 25 6 7 8 9 59 -8 15 -11 -3 16 -12 19 24 -14 -2 -21 61 23 -20 -18 27 46 -4 30 53 31 -5 49 39 35 36 37 48 -38 41 -40 42 50 44 -44 -17 -13 -9 -35 60 -26 52 -41 -15 -7 56 57 -32 -19 -1 -10 -6
right_child=14 13 4 28 21 54 10 47 32 12 11 26 18 29 -16 45 17 58 22 20 -22 -23 -24 -25 33 -27 -28 -29 -30 -31 55 -33 -34 34 -36 -37 38 -39 40 51 -42 -43 43 -45 -46 -47 -48 -49 -50 -51 -52 -53 -54 -55 -56 -57 -58 -59 -60 -61 -62 -63
leaf_value=0.27768334207470502 0.071622334165874907 -0.063544114920187841 0.040959619522901225 0.10316332440256376 0.014959129045368835 -0.051683593654872989 -0.082601704988814265 -0.198054710545402 -0.28157867628464989 0.10505044105350354 0.46787968219440457 0.39164759613026839 -0.071354683794668611 -0.0069516893977933014 0.16042857633463417 -0.08415476606243244 0.11441719922169571 0.044596178264970504 0.34939850309754061 0.16174058734848903 0.61078656408647003 -0.015686707608291588 0.30379541922378389 0.93707822156697507 0.53925921487808226 -0.070979830823900011 -0.064151515501935305 -0.046998378925239018 0.16055787475945707 0.18141728348033589 0.26524574325514816 -0.1271361343244615 0.10210550262039542 -0.091555865723499941 -0.52133282233726208 -0.16206368783376979 -0.31780370327342744 0.87599112732273543 -0.02178003484150395 -0.060529106395511789 0.66938976728938582 0.04774311136198988 -0.32430151158624942 -0.074076320277816965 0.55151211150463619 0.2550720323204726 0.10271060693434858 0.01451031642516188 0.26349001556013069 0.10372361314395284 -0.34211986687368601 0.11152981722787195 -0.86807052392293427 -0.05228786675983621 0.10330585350723075 -0.071768553175676056 -0.036840013398218671 0.035097115539764169 0.12352244602519438 -0.328462588024794 -0.98569310764213669 0.099448849950076426
leaf_weight=124 17431 58408 9354 1000 13071 3708 809 1138 511 1807 1209 586 241 44431 5728 354 3194 16473 300 4443 258 35977 1261 300 50 25712 1133 13547 1350 987 1193 5121 532 533 369 2830 680 209 198 290 133 3691 111 4175 252 4031 1879 2933 653 223 783 4604 68 26918 2321 4676 5323 7238 8147 346 77 7202
leaf_count=124 17431 58408 9354 1000 13071 3708 809 1138 511 1807 1209 586 241 44431 5728 354 3194 16473 300 4443 258 35977 1261 300 50 25712 1133 13547 1350 987 1193 5121 532 533 369 2830 680 209 198 290 133 3691 111 4175 252 4031 1879 2933 653 223 783 4604 68 26918 2321 4676 5323 7238 8147 346 77 7202
internal_value=-5.08869e-12 -0.0168442 0.00261148 0.0413755 -0.016509 0.0941979 0.120458 0.0548638 0.125849 0.19695 0.184688 0.208212 0.240895 -0.0401455 0.0642718 0.279598 0.0563553 0.0378618 0.357675 0.0959988 0.186385 0.00617601 0.413234 0.643238 0.00242331 -0.0427578 0.0972249 -0.0110716 -0.0112878 -0.0212522 -0.0207372 -0.0895117 -0.105983 -0.0158002 -0.0849349 -0.0541804 0.0727148 0.2196 -0.129961 0.0118311 0.255941 -0.0299031 -0.0832623 -0.0454573 0.283701 0.227686 0.171399 -0.0449097 0.103929 -0.242484 -0.289216 0.0880494 -0.213917 -0.0240558 0.0079831 0.00210428 0.0272191 0.0676635 0.0707137 -0.168543 -0.373784 0.0449742
internal_weight=362634 287331 156587 51724 104863 25823 19794 9793 5722 4379 10001 9192 3909 130744 75303 5594 69575 47443 2102 22132 4701 56250 1861 600 22823 48613 3598 22901 25901 72336 24551 6121 1343 19629 5605 5236 2406 1395 1011 14024 331 9062 5371 4538 363 4385 2465 4071 1186 811 833 4962 358 71349 6029 18430 13754 8431 24620 470 588 20273
internal_count=362634 287331 156587 51724 104863 25823 19794 9793 5722 4379 10001 9192 3909 130744 75303 5594 69575 47443 2102 22132 4701 56250 1861 600 22823 48613 3598 22901 25901 72336 24551 6121 1343 19629 5605 5236 2406 1395 1011 14024 331 9062 5371 4538 363 4385 2465 4071 1186 811 833 4962 358 71349 6029 18430 13754 8431 24620 470 588 20273
is_linear=0
shrinkage=0.05


Tree=58
num_leaves=63
num_cat=0
split_feature=5 49 49 5 43 38 9 70 5 25 73 9 64 63 77 36 48 27 79 11 51 72 50 27 70 5 54 49 43 54 1 40 8 51 51 78 67 49 29 78 22 73 17 51 70 44 70 10 79 49 70 73 77 51 49 70 79 40 25 73 67 70
split_gain=142225 43830.9 33800.6 27270.8 27247.1 24836.8 21995.8 18964.6 18862.5 18626.8 23627.1 25743.2 18537.8 17243.2 17419.1 20872.9 16325.1 16134.9 15456.3 21897.1 16695.5 21399.3 20753.3 21039.3 17887.9 18722.2 17782.9 15322.7 14600.3 16680 16093.5 14188.7 15412.5 14169.8 24281.6 23958.3 18518.4 17749.6 13830.3 13732.5 15921.9 14131.9 13078.4 12960 12933.3 14228.9 12784.2 12492.8 12431.5 12298.8 12718.9 12280.2 12057.1 12214.3 14770.5 11998.7 11966.2 11964 11832.2 11614.8 11607.8 11416
threshold=25.050000190734867 11.500000000000002 17.500000000000004 5.0499999523162851 0.78049999475479137 32.995000839233406 7.1250000000000009 32.704999923706062 59.149999618530281 14.994999885559084 -0.9199998378753661 21.945000648498539 27.705000082651775 1.4719601443883681 -0.70710678118654757 0.2334999963641167 -5.3507506847381583 1.0000000180025095e-35 -0.5 31.994999885559086 2.5000000000000004 1.2011904716491701 2.5000000000000004 6.5996267795562753 30.615000724792484 84.500000000000014 11.933761119842531 12.500000000000002 0.31749999523162847 0.15509342402219775 114.50000000000001 -6.7622554302215567 0.216499999165535 2.5000000000000004 4.5000000000000009 0.93301270189221952 5.5000000000000009 4.5000000000000009 0.035499999299645431 -0.93301270189221908 0.25249999761581426 -2.2199983596801753 116.04000091552736 4.5000000000000009 36.774999618530281 22.644999504089359 23.144999504089359 66.02500152587892 0.6830127018922193 14.500000000000002 37.645000457763679 -5.5899996757507315 0.60355339059327384 3.5000000000000004 7.5000000000000009 36.18499946594239 -0.68301270189221952 -17.133230209350582 14.904999732971193 3.0900006294250493 122.50000000000001 9.9549999237060565
decision_type=10 2 2 8 8 10 8 10 10 8 8 10 10 8 2 10 8 10 2 10 2 10 2 8 10 10 10 2 10 8 10 10 8 2 2 2 10 2 10 2 10 8 8 2 10 10 10 10 2 2 10 8 2 2 2 10 2 10 8 10 8 10
left_child=3 7 4 -1 5 12 43 -2 16 31 11 -11 -3 -8 15 27 -7 48 19 49 22 24 23 -20 25 42 -24 -15 29 46 38 32 -10 39 35 52 -37 -36 -30 40 41 -16 -22 -5 -41 -46 -18 -29 51 50 -12 -4 53 -35 -55 -26 60 -13 -38 -53 -17 -39
right_child=1 2 17 6 -6 8 13 -9 9 10 18 57 -14 14 33 56 28 -19 20 -21 21 -23 26 -25 55 -27 -28 47 30 -31 -32 -33 -34 34 37 36 58 61 -40 44 -42 -43 -44 -45 45 -47 -48 -49 -50 -51 -52 59 -54 54 -56 -57 -58 -59 -60 -61 -62 -63
leaf_value=-0.074759777786766388 -0.036769806147537339 0.2000902980960281 0.19046088500351369 -0.056543560873811183 0.18020674201678399 0.1041838514052935 -0.059744763448488648 0.040712523059525198 0.54865079196068745 0.2964118372946854 0.33992276029996682 0.18986978941484467 0.046263616251833506 0.03651011407166032 0.31523785163629642 0.064972693615312563 1.1860776407965299 -0.013838692186943011 -0.22852734544198794 0.44229223625913089 0.21007762455075066 -0.15928084078421284 0.0036046541033572417 -1.3254446644993392 0.0070878481275860154 1.0009959338374792 0.88759453907861552 0.22691875679649165 0.0089634684182074448 0.058448327438563256 0.79276010063476865 0.072749870239243411 0.21572276089233769 -0.0016666811456235314 0.015658805134005343 0.93300617933273322 0.28451174676341368 0.1807557161806928 -0.13816228352706342 -0.052704401890637034 0.28090844795514353 -0.017280965361017392 0.70330423052691249 -0.23372187482681339 0.24018806719649449 -0.0023650455147917666 0.12205495349385523 0.032678007657171056 -0.043423871421315749 0.0033617651195906708 -0.091968568428311248 0.03065313057283044 -0.020139715582908689 0.010696066109639194 0.13548792397104978 0.45733908845789051 -0.043664047120554245 -0.11416024487742396 0.074032987264369826 0.15073695617581492 0.64896935617572149 -0.062013732667766414
leaf_weight=25974 24363 5328 1772 2391 5332 7616 21161 11685 460 526 823 364 3097 7625 347 1936 58 22294 306 782 766 454 1592 51 929 105 59 2428 23281 15115 64 1127 1423 9534 12542 74 929 494 1715 48180 614 4036 163 1816 685 5154 55 1256 3075 978 215 11919 16346 4375 5177 176 9164 2914 2374 2423 89 24528
leaf_count=25974 24363 5328 1772 2391 5332 7616 21161 11685 460 526 823 364 3097 7625 347 1936 58 22294 306 782 766 454 1592 51 929 105 59 2428 23281 15115 64 1127 1423 9534 12542 74 929 494 1715 48180 614 4036 163 1816 685 5154 55 1256 3075 978 215 11919 16346 4375 5177 176 9164 2914 2374 2423 89 24528
internal_value=-3.03385e-11 0.0365692 0.0513817 -0.0268122 0.0712228 0.0629851 -0.0200163 -0.0116538 0.0520588 0.102642 0.0729725 -0.0282959 0.143544 -0.017361 -0.0116805 0.0290604 0.0370508 0.0150915 0.125037 0.217707 0.0686818 0.152497 -0.039552 -0.38523 0.218672 0.368146 0.0351948 0.0769645 0.0243601 0.0629729 0.000896522 0.21307 0.297054 -0.0184505 -0.00423129 0.0235056 0.150758 -0.0328875 -0.00113097 -0.0368517 0.0424493 0.00904439 0.296618 -0.133025 -0.0441874 0.02609 0.66819 0.160696 0.0487028 0.130591 0.250466 0.0662832 0.0113774 0.0383698 0.0783308 0.0788021 -0.0193576 -0.0803997 0.133232 0.0509406 0.0906397 -0.0572208
internal_weight=362634 153405 117357 209229 75874 70542 183255 36048 62117 14213 11203 3804 8425 179048 157887 22498 47904 41483 7399 2798 4601 2593 2008 357 2139 1034 1651 11309 40288 15228 25060 3010 1883 135389 76373 38809 3377 37564 24996 59016 4997 4383 929 4207 54019 5839 113 3684 19189 2016 1038 16114 35432 19086 9552 1105 11189 3278 3303 14342 2025 25022
internal_count=362634 153405 117357 209229 75874 70542 183255 36048 62117 14213 11203 3804 8425 179048 157887 22498 47904 41483 7399 2798 4601 2593 2008 357 2139 1034 1651 11309 40288 15228 25060 3010 1883 135389 76373 38809 3377 37564 24996 59016 4997 4383 929 4207 54019 5839 113 3684 19189 2016 1038 16114 35432 19086 9552 1105 11189 3278 3303 14342 2025 25022
is_linear=0
shrinkage=0.05


Tree=59
num_leaves=63
num_cat=0
split_feature=6 47 6 5 16 70 67 69 13 3 72 59 78 6 50 33 35 65 37 79 70 29 74 69 5 45 67 70 64 22 74 78 78 65 79 69 59 79 41 8 70 79 42 73 10 73 18 50 33 29 73 78 73 44 18 73 70 69 50 5 46 66
split_gain=130521 37187.1 28633.5 26818.8 27629.5 22235.2 31526.9 22060.8 20513.4 21332.7 21022 20386.7 18774.2 17860.8 17348.7 16070.4 15053.5 17544.7 14952.1 14846.7 25194.9 21838.2 19407.5 18122.2 17659 15842.7 15840.9 14647.3 14188.6 14790.9 13806 18545.3 21694.5 16685.3 16588.3 14708.5 14356.8 13768.6 16194 15269.6 13526.3 16137.8 21374.9 18856.7 12780.8 13910.4 12472.7 12429.2 12320.1 12269.1 12831.2 12156.8 12709.8 12143.5 12128.2 12088.9 13318 12299.3 16775.1 15468.2 12021.9 11914
threshold=27.10000038146973 -12.699152469635008 51.100000381469734 7.0499999523162851 13.484999656677248 21.244999885559086 28.500000000000004 124.50000000000001 1.6934533119201662 14.050000190734865 0.78341925144195568 -0.15500068664550778 -0.6830127018922193 86.500000000000014 2.5000000000000004 8.9879522323608416 44.649999618530281 19.266666769981388 35.944999694824226 -0.9330127018922193 36.32500076293946 0.0054999999701976785 1.0000000180025095e-35 44.000000715255744 68.500000000000014 49.995000839233406 122.50000000000001 35.954999923706062 16.990000009536747 0.27650000154972082 1.0000000180025095e-35 -0.93301270189221908 0.93301270189221952 7.0000000198682164 -0.9330127018922193 89.500000000000014 4.1100015640258798 0.25000000000000017 -17.755080223083493 0.61950001120567333 29.644999504089359 -0.5 29.750000000000004 -5.1499986648559561 106.00500106811525 -7.360001564025878 34.895000457763679 10.500000000000002 2.6072514057159428 0.15149999409914019 -9.1350002288818342 0.68301270189221941 8.0599999427795428 21.224999427795414 26.005000114440922 -8.6100001335144025 27.994999885559086 33.049999237060554 9.5000000000000018 32.049999237060554 38.995000839233406 1.5930000010412189
decision_type=10 8 10 8 8 8 8 8 10 10 10 10 2 10 2 10 10 8 10 2 8 8 2 10 10 8 8 10 10 10 2 2 2 10 2 8 10 2 10 10 10 2 8 8 10 8 10 2 10 10 10 2 10 8 10 8 10 10 2 8 10 10
left_child=3 7 15 51 12 11 47 16 9 14 -10 -6 -5 -11 54 19 17 60 37 20 21 23 27 -3 25 55 -22 -21 -13 -30 31 33 -33 -8 -32 44 61 40 -39 -40 41 42 46 -43 45 -34 -19 -7 -29 50 -36 52 -1 -26 -4 56 -24 58 -57 -60 -2 -35
right_child=1 2 8 4 5 6 30 -9 10 13 -12 28 -14 -15 -16 -17 -18 18 -20 22 26 -23 24 -25 53 -27 -28 48 29 -31 34 32 35 36 49 -37 -38 38 39 -41 -42 43 -44 -45 -46 -47 -48 -49 -50 -51 -52 -53 -54 -55 -56 57 -58 -59 59 -61 -62 -63
leaf_value=-0.072464536010553457 0.048698418896856471 0.10875394124057024 -0.031582304759173646 0.19891366788151318 -0.0056359606687667839 -0.1199457190013455 -0.11251621821592964 0.50259019690679352 -0.10273465343245856 0.13045960752843314 0.062220745057818383 0.067304159540849562 -0.075439127657324745 0.35639992767605749 0.069880231386627065 0.21221767269430108 -0.17401956291719639 0.58060089708801277 -0.11241286903497272 0.0098759342801309248 -0.12444609878076676 0.039899430078451641 1.0064266483935098 0.3905080067394518 0.79728510511272099 -0.077782080810754606 0.23216704489886861 0.064148384555726565 0.30335275725828242 -0.012545868780793305 0.060883147849496715 -0.012680264867130604 -0.23354868488134564 0.057181617444663303 0.081894738266546641 0.31074664096346449 0.43939002874596372 0.91153840957968324 0.012498899064141186 0.82813755677918255 0.15578754183164423 0.98224071254332856 -0.097704154185273437 0.16436765821577268 0.1995805841611823 0.046343813192674679 1.3624768300303098 0.040772812546954473 0.28890105909905633 -0.011336374967438407 -0.082868299639575399 -0.011960391211681935 -0.37679250498734396 0.14542151301741665 -0.40936833071963258 -0.029372357763750946 0.062819494890636249 0.037603768235623072 -0.13030754265121439 -0.70707965820481644 0.27010213551371826 0.23749225829040033
leaf_weight=30361 12785 1085 636 642 7648 8940 1112 328 2806 8737 6197 4936 21716 972 6765 999 529 423 517 50705 1746 2347 63 1204 85 12786 379 7218 1501 492 4170 80561 481 6874 1267 603 290 54 2092 59 4680 75 110 1168 1256 5757 58 1390 666 15175 17541 9807 347 448 319 2018 92 6427 297 191 644 1057
leaf_count=30361 12785 1085 636 642 7648 8940 1112 328 2806 8737 6197 4936 21716 972 6765 999 529 423 517 50705 1746 2347 63 1204 85 12786 379 7218 1501 492 4170 80561 481 6874 1267 603 290 54 2092 59 4680 75 110 1168 1256 5757 58 1390 666 15175 17541 9807 347 448 319 2018 92 6427 297 191 644 1057
internal_value=-2.79495e-11 0.0381129 0.026414 -0.0236091 -0.0154763 -0.00824563 -0.0141065 0.0954029 0.0720952 0.103753 0.0108085 0.0506462 -0.0675612 0.153079 0.0417183 0.0128098 0.0896446 0.0957985 0.148844 0.0105398 0.0817219 0.147069 0.00459805 0.256955 -0.0349787 -0.0419075 -0.0608431 0.0197339 0.112769 0.225369 -0.00771679 0.00221841 -0.00483901 0.0692597 -0.0332341 0.0731775 0.0938473 0.164335 0.0563405 0.0348711 0.200891 0.315987 0.531084 0.213716 0.0540616 0.0247618 0.674881 -0.0983195 0.0831343 -0.044783 -0.071769 -0.0604255 -0.0759034 0.249377 -0.157775 0.00856478 0.44635 0.000968593 -0.0929876 -0.356052 0.059316 0.0812124
internal_weight=362634 138710 115188 223924 183409 161051 146474 23522 26432 17429 9003 14577 22358 9709 7720 88756 23194 22665 9236 87757 6761 4636 80996 2289 22407 21874 2125 58589 6929 1993 136144 97991 88658 9333 38153 8097 8221 8719 2205 2151 6514 1834 591 1243 7494 6238 481 10330 7884 33983 18808 40515 30708 533 955 9088 155 8933 2506 488 13429 7931
internal_count=362634 138710 115188 223924 183409 161051 146474 23522 26432 17429 9003 14577 22358 9709 7720 88756 23194 22665 9236 87757 6761 4636 80996 2289 22407 21874 2125 58589 6929 1993 136144 97991 88658 9333 38153 8097 8221 8719 2205 2151 6514 1834 591 1243 7494 6238 481 10330 7884 33983 18808 40515 30708 533 955 9088 155 8933 2506 488 13429 7931
is_linear=0
shrinkage=0.05


Tree=60
num_leaves=63
num_cat=0
split_feature=0 77 62 79 70 6 17 5 66 77 49 44 30 15 44 30 79 70 43 50 70 73 73 70 76 9 48 59 33 25 50 22 59 30 72 6 16 43 10 78 12 46 47 75 79 22 79 70 50 70 65 70 47 73 46 10 56 25 43 50 44 9
split_gain=120983 44983.2 26873.2 21237.9 22895.4 24538.9 27854.9 24954.1 22376.9 21234.2 27330 28182.4 20269.1 19709.4 19611.7 19008.5 18582 18031.3 20173.4 17741.4 27067.5 18009.4 17361.7 20055 17256.1 16758.4 16303 16211.4 19475.3 16883.9 15772.6 16232.9 15753.7 15610.4 15513.7 15250.2 15125.3 15056.2 14966.9 14708.5 14515 15521.2 14417.6 14335.5 14123.7 13905.5 13792.3 13725.9 15702 13587.2 13566 13323.1 17799 13250 13109.5 12706.5 12641.3 12513.4 12178.6 11902.7 11900.4 11850.2
threshold=27.050000190734867 -0.5 6.9249999920527143 -0.9330127018922193 39.98500061035157 68.500000000000014 42.004999160766609 114.50000000000001 3.2099999822676186 -0.5 13.500000000000002 29.414999961853031 8.6050000190734881 0.44550000131130224 35.254999160766609 11.194999694824221 1.0000000180025095e-35 35.164999008178718 0.22649999707937243 5.5000000000000009 31.904999732971195 0.79999947547912609 1.2249994277954104 25.925000190734867 -0.91597561503675329 12.315000057220461 -20.889808654785153 4.7800002098083505 -8.9707117080688459 29.605000495910648 1.5000000000000002 0.050499999895691879 -0.38000008463859553 20.884999275207523 1.6013698577880862 28.050000190734867 29.914999961853031 0.57649999856948864 32.995000839233406 -0.6830127018922193 -17.538438796997067 28.005000114440922 10.143094539642336 1.0000000180025095e-35 0.6830127018922193 0.060499999672174461 -0.24999999999999994 21.095000267028812 2.5000000000000004 36.774999618530281 15.583333730697634 20.945000648498539 -3.0561915636062618 0.47499942779541021 24.884999275207523 82.005001068115249 -8.1499996185302717 46.004999160766609 0.19849999994039538 1.5000000000000002 28.954999923706058 21.775000572204593
decision_type=10 2 8 2 10 8 10 10 10 2 2 10 8 10 10 8 2 8 10 2 10 8 8 8 2 8 8 8 10 10 2 8 10 8 10 8 8 10 10 2 8 10 10 2 2 10 2 8 2 10 8 8 8 10 10 10 10 10 10 2 10 10
left_child=2 3 60 8 5 7 -7 12 27 10 16 13 -5 25 40 -13 -4 18 30 20 24 -22 23 -3 51 32 39 28 -2 -30 34 -32 -12 -10 -14 -24 45 -29 -15 -20 41 -8 -38 58 -34 -28 -16 -37 -49 54 -19 52 -11 -46 -31 -6 -17 -35 -26 -53 -1 -27
right_child=1 22 9 4 55 6 14 -9 33 19 11 15 17 38 46 56 -18 50 26 -21 21 -23 35 -25 43 61 36 37 29 49 31 -33 44 57 -36 47 42 -39 -40 -41 -42 -43 -44 -45 53 -47 -48 48 -50 -51 -52 59 -54 -55 -56 -57 -58 -59 -60 -61 -62 -63
leaf_value=-0.065269745932316492 0.12470015802504111 -0.072288122244047667 0.030417557431218351 0.25614016648790794 -0.052729732293243473 0.33900430489936939 0.15457534345897658 1.0198406660195554 0.845565066501206 0.37410313249369259 0.49781500166343334 -0.64228343430440882 0.014262186838849278 0.36825472324531766 -0.32092181695330196 0.21906025503241022 -0.035904968904374272 0.029806923562222018 0.90809297843471826 -0.039463721998766355 -0.0080686256218268342 0.10967231540270848 0.0008130738741362845 0.0085293485732167718 -0.013269359846540683 0.31794381791464466 -0.058810823552645879 0.23566595696765968 0.2995864978348311 0.58169798530729089 0.016590813796753336 0.15245995004766169 0.30955642533999889 -0.086699974035229374 -0.44065025282586934 0.2410410917659426 -0.065231138686373924 -0.066829745076789807 -0.12453531792509508 0.11191545573009808 0.11494186497819328 1.0733969250716358 -0.74997037167732539 -0.098389235256788957 -0.32286639507893511 0.039473127188005844 0.12906708485221605 -0.07388604915984065 0.079600959878638147 0.42204199161772665 0.14985483167819311 -0.20731718494146137 -0.015414840150816551 0.15384711575381083 1.4871562851163058 -0.54229054129623033 -0.078507272009483903 0.46810808427631856 -0.19910284385127208 0.080780704722101693 -0.2405220038448686 0.10849079317662554
leaf_weight=23133 1306 9703 20174 1131 304 1489 103 66 51 735 152 128 685 188 442 454 22164 3900 92 93776 5733 7492 13290 36751 31529 2438 4576 798 1489 82 3413 6177 204 1336 258 1130 5327 849 854 157 5120 83 78 6784 444 16853 277 1904 13347 228 5934 483 488 217 78 235 1669 110 907 1391 1011 934
leaf_count=23133 1306 9703 20174 1131 304 1489 103 66 51 735 152 128 685 188 442 454 22164 3900 92 93776 5733 7492 13290 36751 31529 2438 4576 798 1489 82 3413 6177 204 1336 258 1130 5327 849 854 157 5120 83 78 6784 444 16853 277 1904 13347 228 5934 483 488 217 78 235 1669 110 907 1391 1011 934
internal_value=-1.33745e-11 0.0365994 -0.0227888 0.0678423 0.0581468 0.0612594 0.145355 0.0482701 0.154729 -0.0167546 0.0114407 0.098206 0.0469501 0.159861 0.097497 -0.0505498 -0.00430237 0.041964 0.0262044 -0.0261998 -0.00380515 0.058632 0.0107322 -0.00835126 -0.0233181 0.206272 0.00336941 0.207078 0.272971 0.376136 0.084919 0.104105 0.0283673 -0.014172 -0.1102 0.0406099 -0.000367507 0.0797347 -0.035625 0.406085 0.130704 0.564587 -0.0751127 -0.0322904 -0.0541253 0.0184853 -0.14756 0.0728973 0.060439 0.669905 0.102246 0.0903052 0.218678 -0.166366 1.02311 -0.266175 -0.014873 -0.0444947 -0.0184658 0.00652709 -0.0726082 0.259928
internal_weight=362634 139152 223482 63027 56700 56161 7514 48647 6327 199338 50020 7682 48581 5431 6025 2251 42338 47450 37616 149318 55542 13225 76125 46454 42317 4389 27083 4830 3183 1877 10533 9590 1017 1497 943 29671 26834 1647 1042 249 5306 186 5405 39220 865 21429 719 16381 15251 388 9834 3097 1223 661 160 539 2123 1446 32436 1874 24144 3372
internal_count=362634 139152 223482 63027 56700 56161 7514 48647 6327 199338 50020 7682 48581 5431 6025 2251 42338 47450 37616 149318 55542 13225 76125 46454 42317 4389 27083 4830 3183 1877 10533 9590 1017 1497 943 29671 26834 1647 1042 249 5306 186 5405 39220 865 21429 719 16381 15251 388 9834 3097 1223 661 160 539 2123 1446 32436 1874 24144 3372
is_linear=0
shrinkage=0.05


Tree=61
num_leaves=63
num_cat=0
split_feature=0 76 77 36 47 76 9 30 78 70 74 78 44 25 78 77 69 45 50 70 9 44 44 76 79 69 78 9 6 74 79 61 70 50 69 50 69 8 52 44 1 34 46 25 37 32 5 37 4 74 35 9 12 69 44 79 71 19 70 50 64 68
split_gain=110423 39912.2 29202 25561.2 24327.4 24080.3 27541.9 22090 32935.9 25257.6 38423.5 62738.2 21264.3 20990.2 20059.9 17849.3 17278.3 17154.3 17114 32563 34912.7 24310.3 18708.8 16522.2 16186.3 16000.3 17782 22514.8 19413.5 15721.1 68018.1 30299.4 17912 16681.7 34973.3 37055 17799.6 16965 19870.4 17935.7 21112.2 20431.7 15595.9 15428 15412.5 15284.3 17780.7 15115.9 15054.5 14953.9 14875 14806.9 14386.3 14196 14032 13934.7 14806.2 13781.8 13332.9 15803.3 12975.6 12806.1
threshold=39.049999237060554 0.60355339059327384 -0.12940952255126037 0.28149999678134924 -13.136423110961912 1.0000000180025095e-35 27.204999923706058 14.954999923706056 0.93301270189221952 23.275000572204593 1.0000000180025095e-35 -0.24999999999999994 18.375000000000004 15.97499990463257 1.0000000180025095e-35 0.25881904510252057 31.149999618530277 130.01499938964847 3.5000000000000004 19.714999198913578 7.1250000000000009 22.804999351501468 8.2849998474121112 0.25881904510252091 -0.9330127018922193 35.399999618530281 -0.93301270189221908 23.804999351501468 22.050000190734867 1.0000000180025095e-35 -0.9330127018922193 0.055000022053718574 20.945000648498539 8.5000000000000018 98.500000000000014 9.5000000000000018 101.50000000000001 0.17150000482797625 1.1309999823570254 24.115000724792484 50.049999237060554 -4.46026587486267 19.994999885559086 22.57499980926514 15.715000152587892 19.175000190734867 44.049999237060554 26.845000267028812 8.0500001907348651 1.0000000180025095e-35 10.750000000000002 20.23499965667725 -0.8238445222377776 115.50000000000001 22.804999351501468 0.25000000000000017 3.3950000134063889 -3.6911897659301753 31.835000038146976 5.5000000000000009 16.868333260218304 7.7500000000000009
decision_type=10 2 2 10 8 2 10 8 2 8 2 2 10 10 2 2 8 10 2 10 10 8 10 2 2 10 2 10 10 2 2 8 10 2 10 2 10 8 8 10 8 10 10 10 8 10 10 10 10 2 10 8 8 10 8 2 10 8 10 2 10 10
left_child=1 2 3 5 44 6 7 8 18 10 54 51 -10 23 25 49 -5 52 19 20 -1 22 -20 -6 -18 -4 27 -27 -29 33 31 45 -32 36 37 -36 -15 -35 47 40 -40 48 -34 -33 -2 -31 -47 -39 -41 58 -22 -12 -16 55 60 56 -46 -42 -3 -60 -9 -38
right_child=4 15 14 16 13 -7 -8 9 12 -11 11 -13 -14 29 17 -17 24 -19 21 -21 50 -23 -24 -25 -26 26 -28 28 -30 30 32 43 42 34 35 -37 61 38 39 41 57 -43 -44 -45 53 46 -48 -49 -50 -51 -52 -53 -54 -55 -56 -57 -58 -59 59 -61 -62 -63
leaf_value=-0.16979734330348528 0.50765764518282452 -0.063294157466893333 -0.067564978376942322 -0.051226640080485157 0.091090833931642343 0.015963664769691365 -0.016950332124321867 0.28159180637351505 0.017080347450642751 0.13864122724673164 -1.0442305746303548 0.3885449877444489 0.77073331884122598 -0.0031712067102935473 -0.0034890436879026622 -0.014446243859113077 0.14559662622582323 -0.12623810578850944 0.40348435980492625 -0.14227882164148239 0.13177956277062247 0.13108261893741727 -0.18619852409186569 -0.056494866293391822 0.0082651793178919516 0.27715144458856894 -0.030519491534194216 0.11944469783492606 -0.075288457476791512 0.0013079152068393863 0.17862655885105722 0.29376998509294083 -0.029799245884761724 0.0074490385153353385 0.4674839056200451 -0.55271163645190424 0.046809910435499001 0.27953603312191444 0.16323261116023946 -0.048403936005446929 0.66883028003420419 0.01555277944549479 -0.16376992944498273 1.2086076676637143 0.18656090122165317 0.051507988595587063 0.84387079320848002 1.2798875087499619 0.43046477763050506 -0.096805736004242138 0.50742804378001938 -0.14636668121895277 0.056985944509614465 0.44523167043076595 0.28300646554540915 -0.047285120692853962 0.065395544316020932 0.11919313946714492 0.078940371164990558 -0.034173655693803755 0.7527501942302397 0.36210759222011724
leaf_weight=354 252 25757 23873 12426 22139 17215 3759 191 145 4265 121 404 264 15549 36842 43245 2322 2326 145 692 379 1348 1859 2074 28241 1020 30890 2504 2618 351 658 68 4687 2068 117 372 712 82 1150 224 448 2391 4049 143 4851 127 160 70 614 16696 865 74 13415 312 409 1353 5250 153 4134 12202 622 588
leaf_count=354 252 25757 23873 12426 22139 17215 3759 191 145 4265 121 404 264 15549 36842 43245 2322 2326 145 692 379 1348 1859 2074 28241 1020 30890 2504 2618 351 658 68 4687 2068 117 372 712 82 1150 224 448 2391 4049 143 4851 127 160 70 614 16696 865 74 13415 312 409 1353 5250 153 4134 12202 622 588
internal_value=-2.07816e-11 -0.0136151 -4.51026e-05 0.0239186 0.0559126 0.0569374 0.101311 0.137938 0.0702886 0.205199 0.361084 0.033037 0.503546 0.0427037 -0.0161141 -0.0388293 -0.00151318 0.00650958 0.0388809 0.144238 0.268311 -0.0330962 -0.143532 0.0784492 0.0186988 -0.0356464 -0.0150699 0.0626309 0.019911 0.0178193 -0.0342097 0.394378 -0.0729441 0.039538 0.100565 -0.308616 0.0116885 0.128355 0.177076 0.159887 0.288744 0.0900123 -0.0918926 0.913778 0.120752 0.222602 0.493243 0.740224 0.302462 -0.0567654 0.392982 -0.703503 0.0126534 0.112465 0.521886 0.103401 0.123585 0.528906 -0.0408836 -0.00554894 0.64206 0.189421
internal_weight=362634 291622 189588 76100 71012 33111 15896 12137 6051 6086 1821 599 409 58994 113488 102034 42989 52583 5642 2290 1598 3352 2004 24213 30563 60905 37032 6142 5122 34781 10243 849 9394 24538 7689 489 16849 7200 5132 4980 1751 3229 8736 211 12018 638 287 152 838 58789 1244 195 50257 11766 1222 11454 10101 601 42093 16336 813 1300
internal_count=362634 291622 189588 76100 71012 33111 15896 12137 6051 6086 1821 599 409 58994 113488 102034 42989 52583 5642 2290 1598 3352 2004 24213 30563 60905 37032 6142 5122 34781 10243 849 9394 24538 7689 489 16849 7200 5132 4980 1751 3229 8736 211 12018 638 287 152 838 58789 1244 195 50257 11766 1222 11454 10101 601 42093 16336 813 1300
is_linear=0
shrinkage=0.05


Tree=62
num_leaves=63
num_cat=0
split_feature=0 0 30 79 62 3 18 76 79 30 51 46 39 51 51 32 44 4 44 70 78 5 70 55 44 67 79 78 73 67 48 64 70 65 30 33 78 70 5 70 28 78 38 68 73 19 44 44 8 63 70 16 76 49 41 9 51 30 79 32 71 39
split_gain=100479 31396.4 24109.9 25942.5 23376.8 22758.1 19832.8 18311.2 17859.7 31566.5 24557.2 21436.7 20367.8 31237.7 26245.3 24047.4 29677.4 20251 26661.2 19321 18037.8 18722.2 17851.5 17580.9 17047 28301.1 26285.6 26152.1 21525.7 21543.7 19977.3 16758.7 16613.4 16611.8 16221 16039.6 17583.5 17383.8 23479.1 20242.6 15805.3 15127.1 22229 21985.3 19025.4 15087.7 17071.9 14918.9 14776.4 15805.9 14691.5 14538.1 14378.9 22253.2 18216.6 17184.8 16828.1 14253.4 14133.6 13915.3 13778.1 13732.8
threshold=26.050000190734867 50.049999237060554 7.6649999618530282 0.25000000000000017 6.0666666825612401 9.0999999046325701 14.00500011444092 0.91597561503675362 -0.9330127018922193 20.884999275207523 4.5000000000000009 18.464999198913578 29.875000000000004 1.0000000180025095e-35 4.5000000000000009 16.275000572204593 34.315000534057624 21.050000190734867 21.765000343322757 34.645000457763679 0.25000000000000011 63.500000000000007 36.774999618530281 7.8000004291534433 24.115000724792484 95.500000000000014 0.6830127018922193 0.25000000000000011 3.1600000858306889 119.50000000000001 -14.56241989135742 12.615000168482466 20.744999885559086 2.9666666289170585 12.404999732971193 -2.0918732881546016 -0.6830127018922193 32.305000305175788 72.500000000000014 36.004999160766609 19.349999427795414 -0.24999999999999994 50.004999160766609 4.7000000476837167 2.2899992465972905 3.7740435600280766 36.82500076293946 31.195000648498539 0.56450000405311596 34.395978446246232 37.745000839233406 7.1150000095367441 -0.37940952255126059 17.500000000000004 -7.4185554981231681 18.015000343322757 5.5000000000000009 21.435000419616703 -0.5 47.004999160766609 3.2640000373939988 33.004999160766609
decision_type=10 10 8 2 8 8 8 2 2 8 2 10 8 2 2 8 10 10 8 8 2 10 8 10 10 8 2 2 10 10 8 8 8 10 8 8 2 10 10 10 10 2 10 10 8 10 10 8 10 10 10 8 2 2 10 8 2 10 2 10 10 8
left_child=4 2 -2 5 -1 -4 -3 23 9 -8 17 20 19 22 -15 -16 -17 24 -19 -11 -12 34 -14 51 25 27 28 -10 29 30 57 -7 -13 -30 -22 59 37 38 -37 -39 -41 42 43 -28 -43 46 -33 -23 49 -21 58 -6 53 54 -5 56 -56 -26 -34 -20 -36 -32
right_child=1 6 3 52 7 31 8 -9 10 12 11 32 13 14 15 16 -18 18 35 48 21 47 -24 -25 26 -27 41 -29 33 -31 61 45 50 -35 60 36 -38 39 -40 40 -42 44 -44 -45 -46 -47 -48 -49 -50 -51 -52 -53 -54 -55 55 -57 -58 -59 -60 -61 -62 -63
leaf_value=-0.075076048024040998 0.18927216807516734 0.14463682332603228 0.11352337709453633 0.17971166500852709 -0.11251312250593469 -0.21055541458698973 1.0189273601273696 -0.049311399885338621 0.33712616532404988 0.21782925003896 -0.049398031493020661 0.51705654526357447 1.729419203561086 0.044677811090471746 -0.21962419474317182 -0.010858851944406828 1.3286942972164406 -0.16691689486263603 0.13474987851489309 -0.01951955729020903 0.39060650072714087 0.76459972597113479 0.5791452058590949 -0.032245475084754678 1.0323950430699464 -0.25520352807414792 -0.6106707451598985 0.059863543106166317 -0.7970673322128623 0.76859910446349711 -0.0067180594602944017 0.026327240355468174 0.067518015484970981 -0.10930510223227906 -0.18780691034679536 0.54398850424793266 0.18354357755208739 -0.014843261002319483 1.5775530812640985 0.37105115068133004 1.2958574295043945 -0.19246900972273007 -0.73310373617878877 0.77826167210486952 0.75964074141743676 0.1358839456971154 -0.094092096868169661 -0.010647395889410813 -0.31025041833107747 0.8717954205112024 -0.42070729568431731 0.0053454322640265027 -0.060486613257331949 -0.049685422715366682 0.27635350816112791 -0.0051519690851710301 -0.28508367098190568 0.14203811420868803 -0.17206893175070492 -0.64919215092628169 0.17241488940404473 0.16265268889192819
leaf_weight=18695 2038 7580 7732 2283 2684 760 105 35138 1418 826 2220 98 52 701 62 60 133 556 2356 520 342 205 96 55821 87 438 56 2125 95 107 4534 59658 855 1158 524 232 1107 241 72 154 66 418 278 58 60 2961 3096 89 479 55 419 104073 13470 9718 1001 7802 154 93 2198 58 538 1626
leaf_count=18695 2038 7580 7732 2283 2684 760 105 35138 1418 826 2220 98 52 701 62 60 133 556 2356 520 342 205 96 55821 87 438 56 2125 95 107 4534 59658 855 1158 524 232 1107 241 72 154 66 418 278 58 60 2961 3096 89 479 55 419 104073 13470 9718 1001 7802 154 93 2198 58 538 1626
internal_value=4.03012e-11 0.0320189 0.0188878 0.0156913 -0.0216343 0.0323341 0.0728981 -0.0165811 0.0534566 0.166849 0.0393788 -0.036327 0.136867 0.307332 0.202685 0.637051 0.912253 0.0719715 0.158834 0.0367636 0.0444276 0.167097 0.983296 -0.0095071 0.0384611 0.123958 -0.00125437 0.170831 0.0281799 0.0650351 0.0531611 0.0228906 -0.124954 -0.16145 0.0911224 0.201092 0.310931 0.495268 0.78878 0.301716 0.648493 -0.261764 -0.491993 0.0959791 -0.0729573 0.0255904 0.0203863 0.529916 -0.105134 0.0657367 -0.143075 0.00238233 -0.0201808 0.00572431 0.0536311 0.0214951 0.201495 0.572377 -0.104972 0.115914 -0.00532167 0.0379892
internal_weight=362634 146223 110673 108635 216411 74207 35550 197716 27970 3089 24881 7488 2984 1104 956 255 193 17393 4842 1880 3918 1698 148 162578 12551 3981 8570 3543 7700 6447 6340 66475 3570 1253 1404 4286 1872 765 304 461 220 870 392 114 478 65715 62754 294 1054 575 3472 106757 34428 20958 11240 8957 1155 180 3053 2414 1062 6160
internal_count=362634 146223 110673 108635 216411 74207 35550 197716 27970 3089 24881 7488 2984 1104 956 255 193 17393 4842 1880 3918 1698 148 162578 12551 3981 8570 3543 7700 6447 6340 66475 3570 1253 1404 4286 1872 765 304 461 220 870 392 114 478 65715 62754 294 1054 575 3472 106757 34428 20958 11240 8957 1155 180 3053 2414 1062 6160
is_linear=0
shrinkage=0.05


Tree=63
num_leaves=63
num_cat=0
split_feature=5 0 0 31 49 64 18 73 73 79 44 78 67 69 16 46 73 50 39 58 44 42 73 69 70 50 67 32 70 39 44 51 44 67 51 44 44 40 10 51 78 39 55 45 65 78 3 46 62 14 76 64 73 78 78 37 29 70 34 22 4 51
split_gain=91783 37238.7 20621 19745 20950.8 20713.5 17067.9 20594.8 19428 27713.4 16227.2 16178.3 16321.1 16002.3 20760 15025 14531.9 21976.1 23559.4 16737.2 15254.5 14028.8 21237.6 17037.3 14017.4 23178.8 13920.5 15549.8 15210.4 19892.7 14457.1 16861.2 28957.9 16417.6 15034.2 14489.4 13839.6 13243.5 14099.3 13093.5 12360.4 12208.3 12081.8 12051.6 11840.2 11801.5 16841.3 13626.6 11913.8 11762 11610.1 12098.3 11230 13649.6 13322.2 17740.9 13551 15390.8 11697.6 11611 18606.1 11004.2
threshold=38.049999237060554 14.050000190734865 65.500000000000014 25.994999885559086 11.500000000000002 27.850000222524013 9.4049997329711932 0.53000164031982433 -7.7249994277954093 0.25000000000000017 16.005000114440922 0.93301270189221952 93.500000000000014 72.500000000000014 19.285000801086429 31.005000114440922 2.920000553131104 1.5000000000000002 18.32499980926514 16.050000190734867 22.085000038146976 16.650000572204593 -11.280000209808348 33.049999237060554 38.844999313354499 5.5000000000000009 6.5000000000000009 30.005000114440922 29.134999275207523 36.995000839233406 13.47499990463257 2.5000000000000004 21.585000038146976 28.500000000000004 4.5000000000000009 27.32499980926514 27.105000495910648 -11.284454822540281 77.005001068115249 2.5000000000000004 -0.24999999999999994 25.005000114440922 5.1999995708465585 31.005000114440922 10.783333182334902 0.68301270189221941 24.050000190734867 37.004999160766609 33.608333237965908 19.44999980926514 -0.60355339059327362 13.010833342870077 -12.469998359680174 -0.6830127018922193 -0.24999999999999994 29.454999923706058 0.01049999985843897 17.015000343322757 -8.2741522789001447 0.016500000841915611 19.10000038146973 5.5000000000000009
decision_type=10 10 8 10 2 10 8 10 8 2 8 2 8 8 8 8 8 2 10 10 8 10 10 10 10 2 8 8 8 8 8 2 8 8 2 10 10 8 10 2 2 8 10 10 10 2 8 10 10 10 2 8 8 2 2 10 8 10 10 10 10 2
left_child=1 11 6 4 -3 15 36 8 13 24 50 26 39 21 -15 -6 20 18 -18 -20 42 23 40 -8 -10 -26 27 -1 -29 -30 -28 -32 -33 35 -35 -34 -2 -4 41 -13 -23 -39 -5 -12 -14 -38 -47 -48 -49 -27 51 -11 53 -22 -54 56 59 -58 -55 -56 61 -61
right_child=2 3 37 16 5 -7 7 -9 9 10 43 12 44 14 -16 -17 17 -19 19 -21 52 22 -24 -25 25 49 30 28 29 -31 31 32 33 34 -36 -37 45 38 -40 -41 -42 -43 -44 -45 -46 46 47 48 -50 -51 -52 -53 54 58 55 -57 57 -59 -60 60 -62 -63
leaf_value=-0.25289723902603417 0.030647056003297105 -0.023642475022858128 0.18088150310975976 -0.0025177615756783404 0.083178911657760909 -0.0057271095763337769 0.51765099620062205 0.067360499174801997 0.029345749359228249 1.1182858078981992 0.080374337053260317 -0.06340656694065315 -0.056460695485299341 0.75963776272266959 0.084291374589870821 0.22021169549946218 0.063149999255173506 0.042862767185494206 -0.091728430169468009 -0.40122926822482702 0.28724075685638717 0.1855361515881889 0.13860240590858849 0.090584948592626419 -0.48178095593002068 -0.13566763858981901 -0.077644076688554123 -0.16061615038506061 -0.023290410170804212 0.92255436124770274 -0.054449924590667456 0.037063486245937347 -0.078015090697594228 0.012678718584527536 -0.067365320367340595 -0.28347246517926838 0.1230380227491767 0.065229155858448046 -0.015195245704388974 0.06696188470150663 -0.35775653703852373 0.22641008446601868 -0.060522562418164561 -0.1270886925743703 0.35457405513016194 0.0050912464843554939 0.36656182477083488 1.5540944857597352 0.48768659957769245 0.21154724862301003 -0.058618087023496628 0.25343291797438022 -0.016750551772776772 0.04704660364154694 0.033650782223236753 -0.038976723125049004 -0.29913040710571248 0.023140856510459315 -0.38023417146791788 0.037405504481504662 0.26519490191521106 0.31091521417980561
leaf_weight=1502 3660 7190 4160 14500 7126 4709 315 20215 21800 54 781 3520 245 211 247 2781 1332 25459 1113 719 136 132 827 903 356 712 18693 332 134 95 36970 19678 3607 12514 11043 1126 3909 3386 2989 4253 506 1799 23570 6750 615 275 479 50 55 371 200 161 45320 226 5116 8802 378 18610 550 3059 1890 418
leaf_count=1502 3660 7190 4160 14500 7126 4709 315 20215 21800 54 781 3520 245 211 247 2781 1332 25459 1113 719 136 132 827 903 356 712 18693 332 134 95 36970 19678 3607 12514 11043 1126 3909 3386 2989 4253 506 1799 23570 6750 615 275 479 50 55 371 200 161 45320 226 5116 8802 378 18610 550 3059 1890 418
internal_value=-3.22237e-12 -0.0128775 0.0491363 0.00175512 0.0462342 0.0806084 0.0375563 0.0273234 0.0037451 -0.00819297 -0.0888006 -0.0350202 0.0307921 0.122271 0.395423 0.121645 -0.00465972 0.0274179 -0.096859 -0.213197 -0.0121503 0.0756424 -0.0286074 0.201033 0.0193688 -0.131776 -0.0403956 -0.169004 0.05561 0.369091 -0.0378354 -0.0290744 -0.00951695 -0.0419174 -0.0248442 -0.126894 0.103777 0.108256 0.0712942 0.00792458 -0.245351 0.121153 -0.0384298 -0.105574 0.237477 0.159913 0.327719 0.479641 0.9955 -0.0167233 0.215582 0.470652 -0.000311199 -0.174815 0.00159264 0.0233133 0.0419172 0.0167253 -0.255794 0.0875476 0.138924 0.0702865
internal_weight=362634 287331 75303 173004 21806 14616 62969 54541 34326 31185 7946 114327 8633 3141 458 9907 151198 28623 3164 1832 122575 2683 1465 1218 23239 1439 105694 2063 561 229 103631 84938 47968 28290 23557 4733 8428 12334 8174 7773 638 5185 38070 7531 860 4768 859 584 105 1083 415 215 84505 912 83593 38273 29471 18988 776 10483 5367 3477
internal_count=362634 287331 75303 173004 21806 14616 62969 54541 34326 31185 7946 114327 8633 3141 458 9907 151198 28623 3164 1832 122575 2683 1465 1218 23239 1439 105694 2063 561 229 103631 84938 47968 28290 23557 4733 8428 12334 8174 7773 638 5185 38070 7531 860 4768 859 584 105 1083 415 215 84505 912 83593 38273 29471 18988 776 10483 5367 3477
is_linear=0
shrinkage=0.05


Tree=64
num_leaves=63
num_cat=0
split_feature=6 0 74 79 77 33 41 73 27 50 62 65 50 49 37 44 67 43 49 30 79 50 30 70 42 49 31 40 65 69 50 23 1 30 50 5 50 44 9 37 45 73 62 67 23 55 0 17 50 9 44 30 0 70 50 50 67 32 50 40 44 50
split_gain=84183.2 29731.3 25117.9 29037.7 25924.7 20396.4 19582.6 18756.4 19796.1 24460.5 18666.8 17909.1 18679.5 16636.5 15526.7 15907.9 15480.1 15446.2 18021.8 18067 16150.7 19325.1 14639.9 21224.9 14446.3 14178.1 14140.8 13981.3 16401.8 14422.3 13229.5 22728 29147.3 15603.9 13183.4 13540.3 13990.1 13142.5 13120.6 12968.8 12876.7 12823.5 22161.9 13531 23853.5 12489.6 12469.6 12403.9 12227.8 17932.1 12371.7 31385.6 21011.4 17936.1 21504.8 18695.7 14724.2 12178 11995.1 20319.9 11959.6 11937.6
threshold=36.049999237060554 10.050000190734865 1.0000000180025095e-35 -0.9330127018922193 -0.5 8.9879522323608416 -7.4185554981231681 0.72999978065490734 -8.6072211265563947 9.5000000000000018 42.366666666666674 19.716666936874393 7.5000000000000009 4.5000000000000009 32.335000991821296 28.204999923706058 125.50000000000001 0.28149999678134924 11.500000000000002 22.435000419616703 0.6830127018922193 8.5000000000000018 15.114999771118166 24.035000801086429 4.3500001430511483 14.500000000000002 16.994999885559086 -11.400064945220945 2.9666666289170585 125.50000000000001 11.500000000000002 23.48499965667725 41.049999237060554 15.864999771118166 6.5000000000000009 4.0499999523162851 8.5000000000000018 12.914999961853029 19.505000114440922 19.814999580383304 51.004999160766609 -8.1500000953674299 13.508333245913191 30.300000190734867 24.175000190734867 7.8000004291534433 60.500000000000007 106.00500106811525 3.5000000000000004 25.914999961853031 20.345000267028812 18.425000190734867 42.049999237060554 27.914999961853031 11.500000000000002 10.500000000000002 69.500000000000014 12.765000343322756 6.5000000000000009 -8.4331388473510724 28.695000648498539 4.5000000000000009
decision_type=10 10 2 2 2 10 8 8 10 2 10 8 2 2 8 10 8 10 2 8 2 2 10 8 8 2 8 8 8 8 2 8 8 10 2 10 2 8 10 10 10 10 10 8 10 10 10 10 2 10 8 8 10 10 2 2 10 10 2 10 10 2
left_child=1 34 4 -4 17 6 -2 8 -8 11 45 26 14 -5 15 38 -16 18 -3 22 21 -19 -20 25 -11 -24 -10 28 -9 -30 41 60 -33 -34 -1 -36 -37 -38 -13 -23 58 42 -26 44 -43 -6 -17 -31 49 -29 -50 52 -52 56 55 -55 -54 -44 59 -15 -32 -27
right_child=5 2 3 13 10 -7 7 27 9 24 -12 12 -14 40 16 46 -18 20 19 -21 -22 39 23 -25 30 61 -28 48 29 47 31 32 33 -35 35 36 37 -39 -40 -41 -42 43 57 -45 -46 -47 -48 -49 50 -51 51 -53 53 54 -56 -57 -58 -59 -60 -61 -62 -63
leaf_value=-0.015657604372408651 0.11081572224472976 0.026643288735781354 0.083090087864604922 0.008503742908473744 0.0050961458398684116 0.27715449869295433 0.094810543848967019 -0.52431094647205712 0.20030477778408085 0.3817441881617154 0.043628039266222489 0.13314883134418887 0.16179767981216692 0.13317172309668138 -0.10043920778187448 0.11425363928982968 0.36756495976101156 0.0083168323635742676 0.085375735798896152 0.00038849760258740903 -0.080880231326709282 0.68215274503617962 0.30152544014904392 0.1613561653601247 -0.59257837790389389 0.26720901736989616 -0.025405731037074414 0.05144866598079692 0.12280486146846026 0.20576755339279773 -0.014465036845765148 0.83630086636436829 0.81071730196475988 -0.16539869283251796 -0.1056854528842282 -0.095172676967325745 -0.10659870759101167 -0.0071271280537257981 -0.08666957877940884 0.13657271941299773 -0.082179669765640839 -0.09125516189096293 0.12430962099117958 -0.17396816183446606 0.96868130858573653 -0.03277303704307593 0.4311333307570645 1.1105229193533677 -0.064268449595429183 -0.11411688165320405 0.062852264353356752 0.050826505054031905 0.38740160315465488 0.21598429488932847 0.66657527573896869 -0.47576764302452407 0.85538802223344301 0.78648718670794837 -0.058289101869575102 -0.038668125352431956 -0.43009430066528687 0.92173422285271767
leaf_weight=33857 8985 8724 5162 12920 44784 925 6064 96 725 163 17239 1033 3470 2687 2713 2748 189 10981 3153 2162 3687 114 698 2902 86 104 16189 4251 6661 84 1083 175 50 226 10826 8982 3930 21415 1980 2446 22377 202 258 4809 72 42374 350 69 1656 2658 926 14040 610 280 152 150 232 95 11456 4782 206 211
leaf_count=33857 8985 8724 5162 12920 44784 925 6064 96 725 163 17239 1033 3470 2687 2713 2748 189 10981 3153 2162 3687 114 698 2902 86 104 16189 4251 6661 84 1083 175 50 226 10826 8982 3930 21415 1980 2446 22377 202 258 4809 72 42374 350 69 1656 2658 926 14040 610 280 152 150 232 95 11456 4782 206 211
internal_value=-3.30785e-11 -0.013295 -0.00299042 -0.0302269 0.00859736 0.0436524 0.041073 0.03269 0.0111008 -0.00268483 -0.00391194 0.0177959 0.0632235 -0.0410148 0.0252725 0.0704963 -0.0699593 0.0457167 0.0781699 0.126872 0.011896 0.0371575 0.165561 0.230139 -0.083772 0.427187 -0.0157309 0.061746 0.124686 0.133829 -0.0942208 0.0260019 0.331504 0.0114339 -0.039244 -0.0569298 -0.0415533 -0.0225512 -0.0113054 0.160868 -0.0565051 -0.132103 0.127167 -0.154496 0.187268 -0.0133149 0.150053 0.613794 0.0443181 -0.012247 0.0659743 0.0791336 0.248254 0.368817 0.155378 -0.0253245 0.516348 0.302516 -0.0261473 0.0231519 -0.0808883 0.705637
internal_weight=362634 277973 198963 59384 139579 84661 83736 74751 42886 36822 104397 29397 12483 54222 9013 6111 2902 35182 17954 9230 17228 13541 7068 3915 7425 1013 16914 31865 6910 6814 7262 1740 451 276 79010 45153 34327 25345 3013 2560 41302 5522 439 5083 274 87158 3098 153 24955 6909 18046 16390 2350 1424 582 430 842 353 18925 7469 1289 315
internal_count=362634 277973 198963 59384 139579 84661 83736 74751 42886 36822 104397 29397 12483 54222 9013 6111 2902 35182 17954 9230 17228 13541 7068 3915 7425 1013 16914 31865 6910 6814 7262 1740 451 276 79010 45153 34327 25345 3013 2560 41302 5522 439 5083 274 87158 3098 153 24955 6909 18046 16390 2350 1424 582 430 842 353 18925 7469 1289 315
is_linear=0
shrinkage=0.05


Tree=65
num_leaves=63
num_cat=0
split_feature=5 42 76 64 79 76 51 37 50 59 40 77 0 72 79 51 2 50 50 44 70 67 44 70 58 78 50 55 50 25 44 30 49 7 70 13 7 47 24 23 28 37 24 50 4 38 35 10 37 78 58 51 70 50 30 0 44 51 72 51 51 50
split_gain=77396.7 28789 25027 24404.8 24745.8 24143.6 29255.9 36522.4 29687.4 24011.1 21876.2 21562.1 20040.9 20036.2 27105 19919.7 17564 17417.8 25753.8 75619.9 20313.2 19658 19063.4 31456.4 17142 20123.1 19027.5 16767.2 20506 24648.4 20444.3 19720.7 19238.3 19731.8 16599.4 15915.6 15654.6 20668.2 16920.1 15501.5 15445.3 15054 15647 14592.5 14562.4 14971.7 14082.6 13760.7 13704.3 13409.8 13388.5 13637 13377.7 19268.5 16264 13197.1 12963.4 12479 17397 14349.6 15070.1 22162.6
threshold=25.050000190734867 34.549999237060554 0.12940952255126045 27.416666825612392 1.0000000180025095e-35 -0.37940952255126059 2.5000000000000004 16.154999732971195 2.5000000000000004 0.97500038146972667 -10.716911792755125 -0.78656609248549325 7.0499999523162851 1.6686991453170779 -0.68301270189221952 4.5000000000000009 54.399999618530281 11.500000000000002 10.500000000000002 21.845000267028812 32.48500061035157 121.50000000000001 32.23500061035157 36.844999313354499 -26.500000953674313 -0.6830127018922193 11.500000000000002 9.50000047683716 2.5000000000000004 24.884999275207523 25.964999198913578 14.295000076293947 18.500000000000004 48.45000076293946 39.245000839233406 0.41411040723323828 20.349999427795414 -10.720637798309324 33.995000839233406 15.835000038146974 17.550000190734867 32.465000152587898 45.995000839233406 6.5000000000000009 15.050000190734865 131.0350036621094 7.8500001430511483 64.005001068115249 23.634999275207523 -0.6830127018922193 26.050001144409183 5.5000000000000009 37.745000839233406 5.5000000000000009 31.615000724792484 66.500000000000014 12.515000343322756 2.5000000000000004 0.88014084100723278 4.5000000000000009 3.5000000000000004 11.500000000000002
decision_type=10 10 2 10 2 2 2 10 2 10 10 2 10 10 2 2 10 2 2 8 10 10 10 10 8 2 2 10 2 10 8 8 2 10 10 10 8 8 10 8 10 10 10 2 10 10 10 10 10 2 10 2 10 2 10 8 8 2 10 2 2 2
left_child=12 2 3 4 13 6 7 8 9 -6 -8 16 43 34 46 -12 52 18 21 -20 -19 35 -23 -24 48 -26 44 28 29 -9 31 -30 33 -33 36 -13 38 -38 -2 -32 -39 42 -29 -1 50 -46 -15 -11 -17 -10 51 -27 -5 -54 -55 -44 -45 58 -3 60 61 -59
right_child=1 57 -4 11 5 -7 10 27 49 47 15 17 -14 14 -16 24 -18 20 19 -21 -22 22 23 -25 25 26 -28 41 30 -31 39 32 -34 -35 -36 -37 37 40 -40 -41 -42 -43 55 56 45 -47 -48 -49 -50 -51 -52 -53 53 54 -56 -57 -58 59 -60 -61 -62 -63
leaf_value=-0.015977077319677121 0.1693521025625232 -0.14582791356459332 -0.0082736588543281253 0.11004895899070143 0.21873244058238375 -0.02465138653650515 0.20350643085827946 0.037783859452478447 0.6158888159677236 0.53911270311624893 0.15083699726678121 0.039407004702891914 -0.010954412136062037 0.14446404207799887 0.092038829033371322 -0.17082296440507783 0.36677755678483503 0.019269407659933714 1.1071909905371953 -0.68032379799194542 0.81502617294382729 0.0086225148036768989 1.1957782610972352 0.23926389039178686 -0.24033008458996896 0.06822611664088897 -0.21689401371621791 0.11120853657028684 -0.06292404693730895 -0.35771722331369271 0.38167743479942579 0.29481763952000489 -0.010944078060492758 1.0161735023645793 -0.40793433940776114 -0.023144451286774531 0.30647314079232701 0.16685412995376955 0.040656755329499694 -0.12826744771542473 -0.034810121217350047 -0.646293226689581 -0.17739628697670007 -0.15933007815033115 -0.06481950906778855 0.6152144036753926 0.79833081089044844 1.2667641753544574 0.57500857116851944 -0.00044564702542358953 -0.36931148375335493 0.39885324184237236 -0.44637965403700158 -0.018665128239636973 0.68568663333339253 0.12378636451471331 -0.057585984098772018 -0.087696566493598346 0.019745707248672528 -0.053738549929395044 0.12947491843809736 0.29604054454714063
leaf_weight=21876 3437 4300 26616 6157 291 9584 4831 993 99 139 4127 17392 157884 111 516 86 553 181 71 355 144 543 107 437 872 579 643 796 664 653 170 1343 512 102 159 24487 1909 3485 9941 1208 1305 124 2714 3561 1375 86 319 122 217 813 95 676 257 1414 87 420 25908 2436 2514 6215 3178 445
leaf_count=21876 3437 4300 26616 6157 291 9584 4831 993 99 139 4127 17392 157884 111 516 86 553 181 71 355 144 543 107 437 872 579 643 796 664 653 170 1343 512 102 159 24487 1909 3485 9941 1208 1305 124 2714 3561 1375 86 319 122 217 813 95 676 257 1414 87 420 25908 2436 2514 6215 3178 445
internal_value=-2.54677e-11 0.0269767 0.0351421 0.0458713 0.0689474 0.0427273 0.0688185 0.00884485 0.241628 0.531038 0.118093 0.0213223 -0.0197791 0.111448 0.336358 0.0709667 0.0943484 0.00717717 0.00444581 -0.382405 0.371851 0.00828136 0.218205 0.427402 -0.000241923 -0.0257064 0.0284777 -0.0262923 0.0294195 -0.119119 0.0905584 0.172531 0.25242 0.345737 0.100933 0.00283265 0.104963 0.167356 0.0737204 -0.065357 0.111912 -0.103868 -0.0867535 -0.0469145 0.084605 -0.0247901 0.629542 0.879241 0.36332 0.0664591 0.202995 0.246317 0.0753145 -0.0463352 0.0221601 -0.137034 -0.0698806 -0.0304811 -0.0847401 -0.000358855 0.0543952 -0.0284244
internal_weight=362634 153405 134317 107701 55516 34334 24750 11163 1464 552 13587 52185 209229 21182 946 8756 8468 43717 43392 426 325 42966 1087 544 4629 4326 3454 9699 5645 1646 3999 2621 1957 1445 20236 41879 20077 6699 13378 1378 4790 4054 3930 51345 2811 1461 430 261 303 912 1350 1255 7915 1758 1501 3134 29469 19088 6814 12274 6059 2881
internal_count=362634 153405 134317 107701 55516 34334 24750 11163 1464 552 13587 52185 209229 21182 946 8756 8468 43717 43392 426 325 42966 1087 544 4629 4326 3454 9699 5645 1646 3999 2621 1957 1445 20236 41879 20077 6699 13378 1378 4790 4054 3930 51345 2811 1461 430 261 303 912 1350 1255 7915 1758 1501 3134 29469 19088 6814 12274 6059 2881
is_linear=0
shrinkage=0.05


Tree=66
num_leaves=63
num_cat=0
split_feature=76 77 4 43 79 70 47 75 45 58 35 56 12 24 51 44 70 65 70 44 76 6 53 27 16 70 79 67 72 79 67 30 66 59 42 43 70 42 68 70 70 72 51 69 59 68 25 28 38 70 32 45 9 62 50 30 11 6 31 78 14 51
split_gain=71123.3 70019.5 29753 31960.7 23045.7 22408.8 20648.3 18505.7 18214.2 17422 16838.1 20419.9 16575.1 16426.8 15210 16126.4 30505.9 14718.5 14681.5 14909.9 14246 13846 13679.8 13218.9 12857.9 12853.9 19197.1 18013.5 17784.6 17635.9 15797.4 14374.7 18540.8 15588.6 13667.6 13317.4 19044.6 14487.6 12478.7 16601.2 16273.6 13279.9 12336.4 13030.1 12324.8 12204.4 12204.1 12126.2 12544.7 13004.5 12030.4 12018.5 11877.4 17266.8 14265.9 14272.3 13702 13672 13438 13179.5 12426.4 12358.2
threshold=0.12940952255126045 -0.12940952255126037 26.19999980926514 0.19549999386072162 0.6830127018922193 36.774999618530281 -10.942298412322996 1.0000000180025095e-35 89.005001068115249 -42.499999999999993 30.050000190734867 -30.499999999999996 -2.8247027397155757 41.995000839233406 1.5000000000000002 33.795000076293952 28.134999275207523 21.683333476384487 35.164999008178718 38.254999160766609 -0.78656609248549303 85.500000000000014 0.26910999417304998 -4.7928240299224845 23.105000495910648 28.285000801086429 0.6830127018922193 39.149999618530281 0.40075758099555975 1.0000000180025095e-35 105.50000000000001 14.954999923706056 1.0360000001965093 2.6100015640258794 52.049999237060554 0.028500000014901165 39.014999389648445 12.949999809265138 4.0499999523162851 18.414999961853031 12.664999961853029 3.70714282989502 2.5000000000000004 84.500000000000014 1.7600007057189944 21.750000000000004 12.875000000000002 9.2350001335144061 55.010000228881843 36.004999160766609 12.25500011444092 72.005001068115249 29.954999923706058 30.808333460489912 11.500000000000002 26.974999427795414 20.345000267028812 47.299999237060554 23.005000114440922 0.93301270189221952 69.149997711181655 5.5000000000000009
decision_type=2 2 10 10 2 10 8 2 8 8 10 10 8 10 2 10 10 8 8 10 2 8 10 8 8 10 2 8 8 2 8 10 8 10 10 10 10 8 8 8 10 10 2 10 8 10 10 8 8 8 8 8 10 8 2 10 10 10 8 2 10 2
left_child=1 2 3 25 13 7 10 12 9 -4 11 -5 -2 20 -10 -16 -17 -13 19 21 24 -11 -9 -15 -3 26 28 -27 -1 30 46 38 33 -33 -31 36 37 -32 39 40 -28 -41 43 -6 -18 -23 -29 -20 49 -49 -30 -34 53 58 55 56 -54 -56 -8 60 -55 -61
right_child=5 4 8 6 42 -7 52 22 14 18 -12 17 -14 23 15 16 44 -19 47 -21 -22 45 -24 -25 -26 27 31 29 50 34 35 32 51 -35 -36 -37 -38 -39 -40 41 -42 -43 -44 -45 -46 -47 -48 48 -50 -51 -52 -53 54 59 57 -57 -58 -59 -60 61 -62 -63
leaf_value=0.89322472518390938 -0.042847953798064192 0.19706794351997414 0.65965724082126576 0.42425979181289653 -0.079789432689604811 0.033313840390351117 0.12806424676284997 -0.080936472007098192 -0.17691325042523126 0.10996002192748078 -0.087241297239746385 0.026198983035799869 -0.0031510761098237222 0.04807625162823085 0.021075866324094764 1.1321010010782631 0.77122177940148573 0.13164597621720273 0.13787488679853449 -0.4486501693837987 0.0098482213806906777 0.23814173610614878 -0.02034883809941793 -0.020793666539401217 0.056181805188282155 -0.096959466792995469 -0.011811395266799115 0.19960603386654016 0.075505181278500449 0.0040484492049122659 1.7975798386633397 0.43012946017834219 0.14927102221457364 0.094120016966301664 -0.46759448154473016 0.038199183896062826 0.25924528595529689 0.59985126652846155 -0.035768442951506628 0.065448942867744914 0.51668257683426855 -0.57714384778207817 -0.019031375803628972 -0.40365978037458261 0.019610514745368984 0.88460049765327808 0.051089571433357454 0.13011692392015922 0.23789466222317224 0.78473879283087122 0.24980279020394161 -0.17259768091348029 -0.02072116145875082 0.052655932548676843 -0.061651461049504988 0.04283691507173279 -0.13635651309844546 0.77755103447976026 -0.016736283900966379 0.20316208569822006 0.60085231445308007 0.74611144267743645
leaf_weight=92 44693 2045 163 428 10527 15291 1771 25873 774 9245 1596 7390 63880 8220 2623 96 65 5993 878 116 16968 245 14559 45727 7783 1776 223 2192 1496 2964 50 842 768 585 162 123 119 51 3128 1235 420 86 14682 320 339 104 3749 103 523 288 2927 466 5527 4174 91 3477 4775 104 16817 677 106 124
leaf_count=92 44693 2045 163 428 10527 15291 1771 25873 774 9245 1596 7390 63880 8220 2623 96 65 5993 878 116 16968 245 14559 45727 7783 1776 223 2192 1496 2964 50 842 768 585 162 123 119 51 3128 1235 420 86 14682 320 339 104 3749 103 523 288 2927 466 5527 4174 91 3477 4775 104 16817 677 106 124
internal_value=-5.34876e-12 0.0201536 0.0520716 0.039252 -0.00749781 -0.0243294 0.0177637 -0.0302448 0.115094 0.14636 0.0665224 0.0842914 -0.0194919 0.00559462 0.0215063 0.0706824 0.330918 0.0734189 0.139085 0.114818 0.0375941 0.121631 -0.0591197 -0.0102998 0.0854972 0.0878558 0.123201 0.0490918 0.205162 0.0766568 0.124935 0.0754705 0.16965 0.292382 -0.0203937 0.454869 0.687825 1.19279 0.0262538 0.125035 0.333395 0.0236147 -0.0489065 -0.089344 0.140538 0.430783 0.105886 0.27058 0.398059 0.612294 0.19085 0.0277225 -0.00219289 0.0193875 -0.0387455 -0.0447554 -0.0743184 0.385923 -0.00294019 0.10107 0.0662328 0.287214
internal_weight=362634 198338 92066 76504 106272 164296 53050 149005 15562 11665 15407 13811 108573 80743 3897 3123 500 13383 11502 9710 26796 9594 40432 53947 9828 23454 12268 11186 4515 9410 6284 7753 2661 1427 3126 343 220 101 5092 1964 643 1321 25529 10847 404 349 5941 1792 914 391 4423 1234 37643 23669 13974 13779 10302 195 18588 5081 4280 801
internal_count=362634 198338 92066 76504 106272 164296 53050 149005 15562 11665 15407 13811 108573 80743 3897 3123 500 13383 11502 9710 26796 9594 40432 53947 9828 23454 12268 11186 4515 9410 6284 7753 2661 1427 3126 343 220 101 5092 1964 643 1321 25529 10847 404 349 5941 1792 914 391 4423 1234 37643 23669 13974 13779 10302 195 18588 5081 4280 801
is_linear=0
shrinkage=0.05


Tree=67
num_leaves=63
num_cat=0
split_feature=0 35 47 50 73 62 67 12 69 33 8 73 15 66 76 70 79 53 4 30 73 3 50 70 79 69 52 44 30 49 70 63 46 43 9 69 79 78 74 30 70 0 7 28 30 35 70 58 21 73 70 0 67 70 25 70 73 73 70 35 9 33
split_gain=64950.3 23868.8 22925.5 18479 24576.2 17792.1 15798.8 18454.7 15765.5 15720.4 16431 15713.5 14747.4 20265.2 17598.9 16038.8 21356.4 21802 15762.9 15054.6 15836.4 14487.3 14052.8 19639.4 17698 19207.5 17751.5 16660.7 16532.6 14712 13692.6 13136.9 12844.4 12516.7 12488.2 12393.1 17080.3 14305.8 51685.6 47906.4 19424.6 19746.3 16174.8 15434.2 12759.1 12261.6 11814.6 12833.2 11773 12528.6 11715.9 11507.3 10974.9 13334.5 10913.1 10613.6 14243.6 12179.8 10378.8 10292.4 11932.3 10157
threshold=26.050000190734867 34.549999237060554 -13.455554008483885 1.5000000000000002 4.8500008583068857 5.8166666666666673 56.500000000000007 -0.5984915792942046 115.50000000000001 -1.8613611459732053 0.69449999928474437 3.4099999666213994 0.0075000002980232247 1.2619999791495504 -0.37940952255126059 28.214999198913578 0.6830127018922193 1.5840349793434145 30.050000190734867 11.694999694824221 -0.13500022888183591 9.0999999046325701 9.5000000000000018 29.865000724792484 -0.68301270189221952 69.500000000000014 4.4473502635955819 29.32499980926514 10.925000190734865 14.500000000000002 13.885000228881838 13.212367943206365 24.884999275207523 0.83449998497962963 7.1250000000000009 92.500000000000014 1.0000000180025095e-35 -0.6830127018922193 1.0000000180025095e-35 19.644999504089359 37.014999389648445 47.250000000000007 44.350000381469734 45.95000076293946 7.0650000572204599 4.0499999523162851 24.795000076293949 20.19999980926514 75.450000762939467 -2.7299985885620113 9.9549999237060565 78.500000000000014 120.50000000000001 39.245000839233406 39.004999160766609 25.804999351501468 0.59000062942504894 -0.39999866485595698 13.885000228881838 15.550000190734865 16.744999885559086 0.79524821043014537
decision_type=10 10 8 2 10 8 8 8 10 8 10 10 10 8 2 8 2 10 8 8 10 8 2 10 2 8 8 8 10 2 10 10 10 8 8 10 2 2 2 8 10 10 10 10 8 10 8 8 8 10 8 10 8 10 10 8 8 8 8 10 10 8
left_child=5 2 8 4 -3 -1 12 -8 22 21 35 -5 34 14 15 16 18 19 -14 20 -18 -4 23 24 25 26 -2 -27 -26 -25 -21 -6 -30 -10 -7 37 -37 38 39 42 -41 -42 51 55 -39 -24 47 -13 49 -19 -36 -11 53 58 -55 56 -40 -57 -23 60 -46 -47
right_child=1 3 9 11 31 6 7 -9 33 10 -12 46 13 -15 -16 -17 17 48 -20 30 -22 52 45 29 28 27 -28 -29 32 -31 -32 -33 -34 -35 50 36 -38 44 43 40 41 -43 -44 -45 59 61 -48 -49 -50 -51 -52 -53 -54 54 -56 57 -58 -59 -60 -61 -62 -63
leaf_value=-0.06692814469880759 0.081399421045576695 -0.057985315253080622 0.069259306500731727 -0.036372767630951965 -0.26570924747950186 -0.1386263914472394 -0.015878052135776512 0.035218280897556291 0.29655695767817003 0.34292538996956906 0.15332675707122922 0.050808067281748387 0.17959764726054664 -0.055638593265736794 -0.0054753395566971303 -0.037777615471885656 -0.24998417641109547 -0.030527004960868229 0.59516050456762315 0.6369459806850144 0.071976865079707394 -0.2289352269436695 0.58751502240193076 0.15867378074284172 0.36379211003473189 1.3754880701623313 0.54870156621508215 0.23802207668997208 -0.0067151277825051306 0.032421982604797298 0.04391175208648726 -0.74169998157303785 0.26232443601245331 1.1508934428878861 0.21163745181702232 0.042760573436816364 -0.18982669015329076 0.19899052844487161 -0.46173140963601567 0.069604408208904608 0.1266812300396104 0.57467882996012132 1.1521710996968406 -0.37059798499657992 -0.046797307418384601 -0.25152563636639186 0.032124238459663022 0.44078572728305576 -0.029137889405985069 0.41823333653103395 -0.034898607695814314 1.0187989822391308 0.18216505363295987 -0.08933690211993589 -0.43458827490138402 0.13301007597049708 0.10794322782309157 -0.077919259083747111 -0.00031975106680625894 -0.01344655225665288 0.057888330134273483 0.049771237755079328
leaf_weight=16727 465 1730 7719 11498 468 2924 42586 30205 269 1375 3203 416 2616 12935 24751 2534 1016 199 250 102 612 502 64 2994 588 82 361 53 1641 10063 2128 210 608 51 485 1813 1398 1044 300 6516 624 406 70 378 3187 659 2492 428 328 712 75301 66 774 1197 283 1102 173 1806 44909 13095 18657 486
leaf_count=16727 465 1730 7719 11498 468 2924 42586 30205 269 1375 3203 416 2616 12935 24751 2534 1016 199 250 102 612 502 64 2994 588 82 361 53 1641 10063 2128 210 608 51 485 1813 1398 1044 300 6516 624 406 70 378 3187 659 2492 428 328 712 75301 66 774 1197 283 1102 173 1806 44909 13095 18657 486
internal_value=-3.71382e-11 0.0257429 0.0331289 -0.0295088 -0.157983 -0.0173938 -0.0132444 0.00532463 0.0848323 0.0245345 0.0434145 -0.00865364 -0.0238964 -0.00211045 0.0175328 0.0717841 0.106649 0.0452479 0.215847 -0.0133544 -0.128952 0.00571281 0.0786696 0.0904807 0.190553 0.376001 0.285632 0.928927 0.127735 0.0613718 0.0710371 -0.41314 0.0660177 0.432717 -0.0372329 0.0366456 -0.0585029 0.0429065 0.0882686 0.152956 0.101499 0.303271 0.409937 -0.0675915 0.0267499 -0.0859931 0.0868843 0.248569 0.227724 0.320206 -0.0333209 0.373881 -0.00457808 -0.00766053 -0.155355 -0.033715 -0.253373 0.00201338 -0.002847 0.0216033 0.0426149 -0.123639
internal_weight=362634 146223 128981 17242 2408 216411 199684 72791 18384 110597 55213 14834 126893 48183 35248 10497 7963 5097 2866 3858 1628 55384 18064 16855 3798 961 826 135 2837 13057 2230 678 2249 320 78710 52010 3211 48799 12816 9057 7546 1030 1511 3759 35983 1209 3336 844 1239 911 75786 1441 47665 46891 1480 3381 473 2908 45411 34939 21844 1145
internal_count=362634 146223 128981 17242 2408 216411 199684 72791 18384 110597 55213 14834 126893 48183 35248 10497 7963 5097 2866 3858 1628 55384 18064 16855 3798 961 826 135 2837 13057 2230 678 2249 320 78710 52010 3211 48799 12816 9057 7546 1030 1511 3759 35983 1209 3336 844 1239 911 75786 1441 47665 46891 1480 3381 473 2908 45411 34939 21844 1145
is_linear=0
shrinkage=0.05


Tree=68
num_leaves=63
num_cat=0
split_feature=76 77 36 40 79 33 66 67 37 30 73 29 70 55 51 51 49 78 37 69 17 49 50 70 70 44 48 22 68 79 11 11 2 73 73 26 73 67 10 24 72 62 70 51 78 32 28 44 70 16 51 33 73 17 6 73 51 50 16 50 70 30
split_gain=59826.4 51123.9 27444.1 21108.4 21055.4 18050.4 18096.7 16391.7 17474.9 19555.6 16549.8 16182.7 15960.7 16169 15031.9 30512.9 17183.3 14721.1 19490 14676.7 17089.6 15702.6 14516.9 24306.3 14210.5 15068.3 13856.1 13819.5 13365.6 13011.2 26830.4 19141.7 18004.9 16457.7 13330.4 12809.4 12947.3 13201.1 14275.3 14363.6 12482.7 12308.3 12052 13014.3 11979.5 11842.6 11656.2 11325.4 11098.8 13557.1 11962.9 10800.9 10757 13144.5 10508.7 14394.6 10449.7 11846.3 16421.5 13157.6 22127.7 14561.6
threshold=0.37940952255126054 -0.12940952255126037 0.19449999928474429 -5.6731388568878165 0.6830127018922193 8.9879522323608416 2.7900000028312211 75.500000000000014 36.204999923706062 29.375000000000004 -7.7249994277954093 0.035499999299645431 36.774999618530281 6.1000001430511483 2.5000000000000004 4.5000000000000009 5.5000000000000009 0.93301270189221952 10.815000057220461 11.500000000000002 46.004999160766609 12.500000000000002 5.5000000000000009 31.904999732971195 23.144999504089359 13.284999847412111 -5.1680736541748038 0.35050000250339514 7.0499999523162851 -0.68301270189221952 30.954999923706058 25.685000419616703 101.50000000000001 -3.6200006008148189 -0.58000135421752919 3.9868906736373906 -16.37499904632568 44.149999618530281 30.005000114440922 144.04000091552737 0.27320574223995214 69.183333333333351 29.795000076293949 2.5000000000000004 0.68301270189221941 32.004999160766609 5.3500001430511483 14.744999885559084 22.994999885559086 19.064999580383304 3.5000000000000004 -3.4510222673416133 -1.7100005149841306 98.009998321533217 82.500000000000014 -11.280000209808348 4.5000000000000009 2.5000000000000004 26.035000801086429 5.5000000000000009 31.904999732971195 19.435000419616703
decision_type=2 2 10 10 2 8 10 8 10 8 8 10 10 10 2 2 2 2 8 8 10 2 2 10 8 8 8 10 8 2 10 10 8 8 10 10 8 8 10 10 8 8 8 2 2 8 10 10 8 10 2 8 8 8 8 8 2 2 8 2 8 10
left_child=1 2 19 7 35 11 -7 26 10 28 -9 41 13 14 22 17 -17 47 -19 -1 21 -21 23 -2 -20 -26 -4 -22 51 30 33 45 34 -12 -32 36 -3 -38 -39 56 -28 -5 43 -35 -18 -31 -43 -16 49 -49 -50 -10 -6 -54 -23 -56 57 58 -40 60 -59 -61
right_child=12 4 3 5 52 6 -8 8 9 -11 29 -13 -14 -15 15 16 44 18 24 20 27 54 -24 -25 25 -27 40 -29 -30 31 32 -33 -34 42 -36 -37 37 38 39 -41 -42 46 -44 -45 -46 -47 -48 48 50 -51 -52 -53 53 -55 55 -57 -58 59 -60 61 -62 -63
leaf_value=-0.04669724178906795 -0.036509676082545843 0.33459283519493055 0.098922127240110125 -0.012655121419338717 -0.10063094884814826 0.049942879776693344 0.39641773517813239 0.46043111799053338 -0.68149359348482186 0.41507544231234172 -0.59190243831727396 -0.13234119017203458 0.027250849802939205 -0.056620978238942202 -0.038131299341431731 0.013501511899483121 -0.048469160001887113 0.65588466397368284 -0.1098005377200148 0.037829379765018795 0.084441236313128887 0.15676781595484024 -0.073097725938436539 0.13236472110262926 0.58934164466279304 0.13238641668797638 -0.3158101954752599 -0.01767954755222342 -0.017662870918514102 0.085794490145269478 0.12742282691445853 -0.036318247875491524 1.2089529718671528 -0.021295588991858745 0.48933340553339094 0.10850481653023503 -0.029297306848420124 0.066196067974536407 0.0060956494480908282 0.19132973518332139 0.01890384016944352 -0.33020252837150388 0.08233163692392638 0.97783259905874731 -0.15555157685857199 0.29810895761859596 0.40057228083411855 0.12308493520860307 -0.016672901249050683 0.64515703668943924 0.07895931669563129 -0.15674449624580758 -0.0062932217743821399 -0.096234659069997411 -0.42742845467649976 0.44114391777916223 -0.0371127044298157 0.0027516076106010507 -0.23508980971692123 0.14996899208125336 0.13302568206535784 -0.015180171282542019
leaf_weight=2120 12038 291 5969 22020 6481 1655 488 346 181 165 86 2951 12506 43210 4993 8749 10017 181 531 2906 13307 7685 18724 2589 204 1560 281 4411 562 2374 436 2640 63 55 611 2894 26183 10490 1944 986 31930 66 1957 80 3533 908 315 1912 6454 133 6629 214 17203 5318 52 577 14606 7377 1108 1435 5840 19104
leaf_count=2120 12038 291 5969 22020 6481 1655 488 346 181 165 86 2951 12506 43210 4993 8749 10017 181 531 2906 13307 7685 18724 2589 204 1560 281 4411 562 2374 436 2640 63 55 611 2894 26183 10490 1944 986 31930 66 1957 80 3533 908 315 1912 6454 133 6629 214 17203 5318 52 577 14606 7377 1108 1435 5840 19104
internal_value=2.3378e-11 0.0155442 0.0406637 0.0245445 -0.00670639 -0.0105005 0.128841 0.0442662 0.0990291 -0.0876406 0.120947 -0.022279 -0.0265335 -0.0320715 -0.0185147 0.000373621 -0.0411209 0.0413209 0.156365 0.0802912 0.0895944 0.137879 -0.0439415 -0.00661867 0.116969 0.185232 0.0289503 0.0590177 -0.174316 0.108193 0.187949 0.0639107 0.388021 0.0859847 0.338624 0.00497529 0.00162255 0.00053474 0.0129547 0.00229629 0.0159839 -0.00777996 0.113852 0.57078 -0.0763896 0.144534 0.273981 0.0271641 0.0487149 0.157039 0.0317828 -0.397199 -0.0438669 -0.0275316 0.17285 0.369338 -0.00132893 0.0128706 -0.0814645 0.0213998 0.0603139 -0.00364168
internal_weight=362634 228671 107411 76353 121260 27495 2143 48858 10678 1122 9556 25352 133963 121457 78247 44896 22299 22597 2476 31058 28938 11220 33351 14627 2295 1764 38180 17718 957 9210 3288 5922 1110 2178 1047 92258 89364 89073 62890 52400 32211 22401 2092 135 13550 3282 381 20121 15128 2045 13083 395 29002 22521 8314 629 51414 36808 3052 33756 13217 20539
internal_count=362634 228671 107411 76353 121260 27495 2143 48858 10678 1122 9556 25352 133963 121457 78247 44896 22299 22597 2476 31058 28938 11220 33351 14627 2295 1764 38180 17718 957 9210 3288 5922 1110 2178 1047 92258 89364 89073 62890 52400 32211 22401 2092 135 13550 3282 381 20121 15128 2045 13083 395 29002 22521 8314 629 51414 36808 3052 33756 13217 20539
is_linear=0
shrinkage=0.05


Tree=69
num_leaves=63
num_cat=0
split_feature=76 77 4 43 64 38 55 78 47 45 58 70 51 51 49 67 69 78 64 50 70 30 51 9 38 44 9 62 35 56 51 51 62 78 70 44 32 30 13 58 79 69 13 79 51 78 30 51 69 44 51 59 4 7 70 79 69 72 44 78 30 66
split_gain=54415.5 54622.4 26238.7 27564.7 19968.3 19635.4 18876.8 17782.5 17361.3 16344.9 15483.8 15189 15935.8 25865 15899 14888.1 14393.7 14705.3 17609.2 13964.5 18785 13770.7 13628.9 14698.9 14347.8 13883.8 14946.4 13319.8 13244.5 14045.1 13122.1 33443.5 17100.3 13596.3 13061.4 13409.6 13452.6 13936.1 13018.5 12731.8 12350.5 12183.9 11882.8 18419.4 24774.1 15953.1 34353.3 23174 21620.3 13801.2 12978.7 12408.5 12085 11710.1 11669.9 16494.2 15920.2 15911.5 14632 23610.2 12914.7 16377.1
threshold=0.12940952255126045 -0.12940952255126037 26.19999980926514 0.19549999386072162 13.768333196640016 41.995000839233406 6.2999999523162851 1.0000000180025095e-35 -10.942298412322996 89.005001068115249 -42.499999999999993 35.57500076293946 2.5000000000000004 4.5000000000000009 4.5000000000000009 104.50000000000001 37.049999713897712 -0.5 27.628333568573002 4.5000000000000009 31.904999732971195 24.894999504089359 1.5000000000000002 15.275000095367433 71.009998321533217 33.48500061035157 27.125000000000004 18.066666444142665 30.050000190734867 3.0499992370605473 2.5000000000000004 4.5000000000000009 25.366666666666671 -0.24999999999999994 35.164999008178718 38.254999160766609 13.135000228881838 9.6649999618530291 0.16055026650428775 17.099998474121097 -0.9330127018922193 101.50000000000001 0.46885004639625555 -0.9330127018922193 4.5000000000000009 -0.6830127018922193 21.164999961853031 5.5000000000000009 33.049999237060554 27.804999351501468 1.5000000000000002 3.8400015830993657 19.10000038146973 8.5050001144409197 28.285000801086429 0.6830127018922193 30.050001144409183 0.40075758099555975 20.035000801086429 -0.6830127018922193 14.954999923706056 1.0360000001965093
decision_type=2 2 10 10 10 10 10 2 8 8 8 10 2 2 2 8 10 2 10 2 10 8 2 8 10 10 10 8 10 8 2 2 10 2 8 10 10 8 8 10 2 10 10 2 2 2 8 2 10 10 2 8 8 8 10 2 8 8 8 2 10 8
left_child=1 2 3 54 -2 7 11 16 15 10 -4 12 19 21 -15 28 -3 18 -18 20 -6 -14 -11 -24 25 -25 -27 -13 29 -5 -7 32 -32 -34 35 36 37 -12 -17 -9 -33 -40 43 44 -10 46 47 -45 -48 50 -44 -47 -46 -36 55 57 -56 -1 59 -58 -57 -62
right_child=4 5 9 8 6 30 -8 39 42 22 34 27 13 14 -16 38 17 -19 -20 -21 -22 -23 23 24 -26 26 -28 -29 -30 -31 31 40 33 -35 53 -37 -38 -39 41 -41 -42 -43 49 45 52 51 48 -49 -50 -51 -52 -53 -54 -55 56 60 58 -59 -60 -61 61 -63
leaf_value=0.83938834754669944 -0.061398250936203762 -0.057497933934783335 0.61852389536569463 0.019561045435492808 -0.018226039569340068 -0.049433185881507684 -0.036158000240448775 0.049392594787232125 0.072899003768164605 -0.17147641462982013 0.347642149047939 0.0068720307160382273 0.10559386860437246 0.037183572639212618 -0.058791912483049782 0.029473997345501254 0.14569706514514044 -0.067287368091281413 0.007275028973391039 -0.059650827500776743 0.16079500102580907 0.021118370355708349 -0.17094892152630561 0.16203918569816714 0.0073996893490591523 0.91140504904091368 0.024911867475344074 0.11399911428454715 -0.094041512625838722 0.12521049418143324 -0.03582934664820648 0.10173911431553358 0.0038110418381697708 0.10392883331741898 -0.0076450631669057276 -0.42949307375940782 0.20323648146614215 0.054467333543019775 0.79420997825225981 0.22345247432969814 -0.060779628860595548 0.26201940010615637 -0.089183972167458075 0.42401663494509467 0.33422007155205524 0.025909876121244083 -0.16984019321413582 -0.19943135197637446 0.076707230598904663 -0.075240940870876558 0.073600300032693772 -0.065193450164618652 0.9490986185711483 0.3147607163021463 -0.10085887155623108 0.021702861691156049 -0.95133511576801544 0.17503113804732023 0.085861036717380768 -0.046891951750476737 0.27297003241536516 0.024232836861942247
leaf_weight=92 26092 8700 163 7710 8753 27715 55814 15127 989 774 433 6584 7638 6378 13341 364 3488 3271 6732 19652 1760 13096 553 932 1426 140 72 5188 1504 5314 5360 1247 5257 9554 350 116 2814 6347 153 1129 18692 362 1777 944 210 7346 1160 177 3809 9555 3938 7609 129 1442 1661 5092 80 4423 8709 736 1427 1234
leaf_count=92 26092 8700 163 7710 8753 27715 55814 15127 989 774 433 6584 7638 6378 13341 364 3488 3271 6732 19652 1760 13096 553 932 1426 140 72 5188 1504 5314 5360 1247 5257 9554 350 116 2814 6347 153 1129 18692 362 1777 944 210 7346 1160 177 3809 9555 3938 7609 129 1442 1661 5092 80 4423 8709 736 1427 1234
internal_value=-3.27389e-11 0.0176282 0.0458193 0.0337805 -0.0212807 -0.00679447 -0.0137068 0.0217514 0.0138247 0.105003 0.13462 0.00150246 -0.00726281 0.0132476 -0.0277492 0.0585344 -0.00735263 0.0249848 0.0545173 -0.0347685 0.0117442 0.0522375 0.0163473 0.0628972 0.113215 0.245114 0.610332 0.0540837 0.0464445 0.0626677 -0.0229759 -0.00469456 0.0406983 0.0683931 0.127763 0.104873 0.111334 0.0731907 0.258355 0.0614813 -0.0506156 0.420127 -0.00447466 0.0187337 0.199335 0.00733726 0.0755559 0.325577 0.0191514 -0.0384787 0.0229848 -0.0204429 0.5682 0.251791 0.0789182 0.112596 0.0419826 0.188568 0.0668918 -0.135563 0.0683532 0.157622
internal_weight=362634 198338 92066 76504 164296 106272 138204 38447 53050 15562 11665 82390 70618 40453 19719 15407 22191 13491 10220 30165 10513 20734 3897 3123 2570 1144 212 11772 14528 13024 67825 40110 20171 14811 11502 9710 9594 6780 879 16256 19939 515 37643 22373 1328 21045 6090 1121 4969 15270 5715 14955 339 1792 23454 12268 11186 4515 9525 816 7753 2661
internal_count=362634 198338 92066 76504 164296 106272 138204 38447 53050 15562 11665 82390 70618 40453 19719 15407 22191 13491 10220 30165 10513 20734 3897 3123 2570 1144 212 11772 14528 13024 67825 40110 20171 14811 11502 9710 9594 6780 879 16256 19939 515 37643 22373 1328 21045 6090 1121 4969 15270 5715 14955 339 1792 23454 12268 11186 4515 9525 816 7753 2661
is_linear=0
shrinkage=0.05


Tree=70
num_leaves=63
num_cat=0
split_feature=76 77 4 36 17 79 51 9 51 38 9 42 29 78 44 42 70 67 67 52 78 59 70 79 23 67 27 4 79 2 30 73 51 51 19 70 43 43 70 30 51 1 79 45 52 78 30 67 19 38 29 12 79 51 73 46 73 51 78 42 22 44
split_gain=49514 42651.4 34123.6 22464.2 20801.6 18798.6 27045.7 20996.5 19542.6 23994.1 19281.4 16649 18244 16527.8 16207.9 15834.8 15450.6 21996.2 15390.1 14989.4 20222.5 16716.1 14979.3 17926.5 20315.9 15322.9 15711.3 14537.5 15720.9 14458.1 14010.4 19332.6 13983.7 35482 14526.9 14193.9 13840.4 14626.4 13184.5 17004.4 30099.9 15051.2 13163.6 13152.5 12941.4 12755.3 12701.8 12676.2 13345.3 12672.8 12608.7 12562.7 12364.3 28556 17374.1 16417.3 12809.1 12071.1 15763.6 13220.8 11846 19923.4
threshold=0.37940952255126054 0.37940952255126048 17.149999618530277 0.18349999934434894 43.995000839233406 1.0000000180025095e-35 4.5000000000000009 16.035000801086429 1.0000000180025095e-35 40.995000839233406 22.105000495910648 35.250000000000007 0.035499999299645431 -0.24999999999999994 35.045000076293952 2.0499999523162846 29.425000190734867 5.5000000000000009 76.500000000000014 8.6596493721008319 -0.6830127018922193 0.63999962806701671 18.894999504089359 0.93301270189221952 5.4149999618530282 29.149999618530277 -7.11391258239746 48.20000076293946 -0.9330127018922193 18.050000190734867 26.974999427795414 0.95999932289123546 2.5000000000000004 4.5000000000000009 -1.6077696084976194 31.904999732971195 0.20750000327825549 0.15850000083446505 28.064999580383304 23.035000801086429 4.5000000000000009 65.500000000000014 0.6830127018922193 48.004999160766609 3.9190000295639043 0.68301270189221941 16.425000190734867 47.299999237060554 2.1727184057235722 145.01499938964847 0.073499999940395369 -1.0975490212440489 -0.9330127018922193 1.5000000000000002 0.90999996662139904 23.994999885559086 -2.3799982070922847 4.5000000000000009 -0.6830127018922193 10.329999923706056 0.048499999567866332 22.32499980926514
decision_type=2 2 10 10 10 2 2 8 2 8 10 10 10 2 10 8 10 8 10 8 2 8 8 2 8 8 8 10 2 10 10 10 2 2 10 10 10 10 8 10 2 8 2 10 10 2 10 8 8 10 10 8 2 2 8 8 10 2 2 8 8 8
left_child=1 2 4 5 16 7 8 -4 -7 -10 14 12 19 43 -9 -2 17 -1 -14 21 38 60 23 24 -6 -24 -27 32 -29 42 -28 -32 35 34 -34 -17 37 47 46 40 41 -40 -19 -8 -11 -37 -21 -3 -49 -15 -12 -48 53 54 -22 -56 -55 -31 -59 -60 -5 -62
right_child=15 36 3 11 22 6 13 10 9 44 50 -13 18 49 -16 27 -18 29 -20 20 52 -23 25 -25 -26 26 30 28 -30 57 31 -33 33 -35 -36 45 -38 -39 39 -41 -42 -43 -44 -45 -46 -47 51 48 -50 -51 -52 -53 -54 56 55 -57 -58 58 59 -61 61 -63
leaf_value=-0.54633261139384037 -0.1945150269407917 -0.035596178516290961 -0.22958966499546396 0.0056979596349579905 -0.24820951992296614 -0.050074214405929234 -0.45328000410445757 0.33495250003780086 0.34373544003799877 0.040675075995642906 0.12802005862430671 -0.052127362275020774 -0.11408605060430262 -0.0014038699820550643 1.0405252327356074 -0.073609792762883097 0.014125767275190135 0.12674948681374795 0.24956723123653779 0.56145445231190871 -0.30653961408588815 0.016524501938527038 -0.096220412493113638 -0.085431035431114632 0.20742457076333742 0.078726958856535884 -0.018044025638957812 -0.10798073514948184 0.021676829334683984 0.21554840836598507 0.0068619069691682371 0.26063897443977607 -0.0060653706716395596 -0.053712657721535932 0.064480218008489007 -0.030674369530696268 -0.14900505969188291 0.11706748340519042 0.61351239877186214 0.18806812860337979 -0.075195537748226488 1.4858878663678965 -0.03844480531346138 -0.083134235074009494 0.25078090098489242 0.11002225931862553 -0.36126812243876794 -0.0077118583000729962 0.063715165165392315 0.66763930575972474 0.33978715133353526 0.25471437937957198 0.040753391455072473 0.83079586628854507 -0.12363226230466558 0.74227878553222637 0.28779915637735809 -0.20548218937021578 0.51660602172490344 0.079849625047132958 0.8885371930225463 0.20760420883998734
leaf_weight=131 1350 36084 308 578 272 1318 394 851 1381 2637 4922 4197 2404 1626 90 28257 11795 2361 331 71 351 15025 4639 1008 2433 5480 45169 2576 25291 3572 2414 1089 17587 29911 12473 14709 1820 2218 281 2920 154 60 2465 614 1015 1809 262 42765 7720 74 820 121 8218 124 124 98 875 432 199 1340 122 899
leaf_count=131 1350 36084 308 578 272 1318 394 851 1381 2637 4922 4197 2404 1626 90 28257 11795 2361 331 71 351 15025 4639 1008 2433 5480 45169 2576 25291 3572 2414 1089 17587 29911 12473 14709 1820 2218 281 2920 154 60 2465 614 1015 1809 262 42765 7720 74 820 121 8218 124 124 98 875 432 199 1340 122 899
internal_value=-1.56841e-11 0.0141412 0.0316345 0.0629985 0.0119338 0.112443 0.0649067 0.174041 0.12132 0.166203 0.192643 0.0416743 0.0535977 -0.0673981 0.402436 -0.0241386 0.0533979 0.0975136 -0.0700754 0.0647672 0.103575 0.0328809 -0.0028564 0.0945426 0.161608 -0.00900772 -0.00153653 -0.0224042 0.0096914 0.105648 -0.0105734 0.0857552 -0.030943 -0.0151575 0.0232066 -0.052086 -0.0125145 -0.00971666 0.200352 0.234006 0.50499 0.76701 0.0423724 -0.227814 0.0990698 -0.0152657 -0.0527941 -0.012965 0.00321053 0.0277192 0.158262 -0.166663 0.0653291 0.193804 -0.0875785 0.258617 0.355198 0.160739 0.0614078 0.136324 0.186574 0.288969
internal_weight=362634 228671 138064 53265 84799 16050 9059 6991 6351 5033 6683 37215 33018 2708 941 133963 22295 10500 2735 30283 13659 16624 62504 3713 2705 58791 54152 132613 27867 10369 48672 3503 104746 59971 30060 44775 90607 88787 3869 3415 495 341 4826 1008 3652 16518 454 86569 50485 1700 5742 383 9790 1572 573 222 999 5543 1971 1539 1599 1021
internal_count=362634 228671 138064 53265 84799 16050 9059 6991 6351 5033 6683 37215 33018 2708 941 133963 22295 10500 2735 30283 13659 16624 62504 3713 2705 58791 54152 132613 27867 10369 48672 3503 104746 59971 30060 44775 90607 88787 3869 3415 495 341 4826 1008 3652 16518 454 86569 50485 1700 5742 383 9790 1572 573 222 999 5543 1971 1539 1599 1021
is_linear=0
shrinkage=0.05


Tree=71
num_leaves=63
num_cat=0
split_feature=5 47 13 6 30 69 45 5 51 50 70 50 50 30 38 51 51 51 49 64 11 78 77 63 11 71 49 30 23 11 50 37 38 16 31 69 71 28 50 5 53 73 68 73 6 68 2 42 16 44 28 8 78 30 21 73 70 37 63 64 44 48
split_gain=44873 22786.9 15916.1 19609.7 15165.5 14900.9 14391.5 13421.2 13213.7 13950.8 14261.3 18949.6 18469.3 15615.3 12459.5 12425.5 20254.8 20555.8 24355.2 14267.8 12331.3 11989.3 16681.2 15597.7 13584 12924.9 11963.4 12170.8 12445.3 12916.1 12040.5 12936 16456.2 11931.4 11582.5 17274.1 17865.7 14445.1 11044.5 10973.8 10961.2 10662.9 10574 10917.3 10500.2 13853.6 12722.2 11847.4 11064.4 10324.7 10303.7 10288.1 10089.5 17518.3 15039.1 11130.6 9691.55 24491.8 9656.74 9471.53 9441.29 9437.66
threshold=23.050000190734867 -11.397787094116209 1.6405518651008608 51.100000381469734 8.6050000190734881 10.500000000000002 97.005001068115249 5.0499999523162851 2.5000000000000004 6.5000000000000009 27.204999923706058 11.500000000000002 10.500000000000002 19.755000114440922 48.995000839233406 1.5000000000000002 4.5000000000000009 3.5000000000000004 6.5000000000000009 6.5041666825612392 26.005000114440922 -0.24999999999999994 -0.78656609248549325 10.972693379476832 14.654999732971193 0.14499999972758817 4.5000000000000009 8.6050000190734881 9.4349999427795428 21.195000648498539 4.5000000000000009 14.765000343322756 38.879999160766609 11.074999809265138 50.995000839233406 94.500000000000014 2.6400000526919034 5.9500000476837167 2.5000000000000004 58.250000000000007 0.16111999005079272 0.90999996662139904 8.1999998092651385 0.31500053405761724 75.500000000000014 19.250000000000004 67.500000000000014 19.250000000000004 16.175000190734867 39.18499946594239 9.6100001335144061 0.80550000071525585 -0.93301270189221908 21.435000419616703 13.150000095367433 1.0499994754791262 37.114999771118171 33.635000228881843 16.705288583758925 27.00333325068156 28.865000724792484 -20.889808654785153
decision_type=10 8 10 8 8 8 10 8 2 2 8 2 2 8 10 2 2 2 2 8 8 2 2 8 10 8 2 10 8 10 2 8 8 8 10 8 10 8 2 8 8 8 8 10 10 8 10 10 10 10 10 10 2 8 10 10 10 10 10 10 10 10
left_child=5 4 3 6 33 -1 51 -7 9 -5 42 12 13 -12 -14 52 17 -17 -19 -18 -13 22 23 -6 39 -23 -21 28 29 -28 31 -29 60 -2 35 36 -27 -36 58 -24 -20 -40 -11 -44 50 46 48 -47 -46 -4 59 -3 53 54 -9 -56 57 -37 -39 -10 -33 -26
right_child=1 2 49 8 21 7 -8 15 44 10 11 20 14 -15 -16 16 19 18 40 26 -22 25 24 -25 61 34 27 30 -30 -31 -32 32 -34 -35 37 56 -38 38 41 -41 -42 -43 43 -45 45 47 -48 -49 -50 -51 -52 -53 -54 -55 55 -57 -58 -59 -60 -61 -62 -63
leaf_value=-0.078019273104351222 -0.09147621618498486 0.017789348806090791 -0.010795985904948581 -0.042684101361873263 -0.038273512279184733 -0.048466168349865731 -0.049627251169284625 -0.097055875647651113 0.078293746245825413 -0.29609390046943629 0.78023392023169436 1.079282817858553 0.44101338060024908 0.1299353024403285 -0.42049019920329256 -0.0017343048989247782 -0.21842049425845145 -0.0047722044049719478 0.050043646241926587 0.018794768829132433 0.12064917865124616 -0.17136328117949451 0.014247250149690706 0.18049676712289733 0.58863774618277187 0.18137339904536964 0.099897722650542697 -0.1920965665035646 0.020493015065440393 0.69637616261501201 -0.025430889884224251 0.1009454183835765 -0.090735745727758957 0.4591714245935643 -0.25496301363325785 0.32675958857235016 0.045745813803280765 -0.034176048171651242 0.01898337896103007 0.26743341989068575 0.13989698179081586 0.14418465927359911 -0.075623316781413638 0.63287051962185148 -0.3546494452362387 0.76010998502427896 0.56557745103848123 -0.046334031969308853 0.15494062855864796 -0.24982466912387233 0.13143437283974091 0.29201291109229505 -0.037115482787696399 0.018002535294523218 0.33929625812847664 1.1073357500749477 0.049354399915671712 1.3389412105470511 -0.46524934288114306 -0.10243897071783495 0.78904183094723612 -0.088879659023373969
leaf_weight=9343 131 59740 48708 4039 1217 23648 8648 92 2079 367 96 86 51 2404 237 46639 938 9730 6265 13080 55 508 5512 2465 52 4322 221 2478 1399 154 21002 839 5165 395 396 267 5541 691 3751 464 7407 3111 205 74 117 189 173 60 1189 456 4750 344 41906 3257 106 85 132 77 160 1113 53 4455
leaf_count=9343 131 59740 48708 4039 1217 23648 8648 92 2079 367 96 86 51 2404 237 46639 938 9730 6265 13080 55 508 5512 2465 52 4322 221 2478 1399 154 21002 839 5165 395 396 267 5541 691 3751 464 7407 3111 205 74 117 189 173 60 1189 456 4750 344 41906 3257 106 85 132 77 160 1113 53 4455
internal_value=-4.39008e-11 0.0188448 0.00968033 0.0226511 0.0556641 -0.0164159 0.0106793 -0.0132957 0.0702584 0.0209901 0.0929286 0.139828 0.111228 0.154907 -0.267932 -0.0081239 0.000599066 0.0174529 0.0556921 -0.025443 0.705348 0.0514338 0.0166337 0.108187 -0.0155232 0.0774384 -0.0213653 -0.038142 0.0890581 0.344852 -0.0457816 -0.0958586 -0.0564863 0.322033 0.0842897 0.119376 0.105178 0.0395541 0.0546752 0.0339056 0.098723 0.0757454 -0.119716 0.112293 0.109051 0.22075 0.162661 0.565786 0.109288 -0.013013 0.0847483 0.0193594 -0.0302682 0.0507893 0.428127 0.681094 0.413567 0.553323 -0.115224 0.0152751 0.14183 -0.0810627
internal_weight=362634 168827 135180 86016 33647 193807 68732 184464 17284 7614 3575 2929 2788 2500 288 160816 115370 70041 23402 45329 141 33121 14165 3682 10483 18956 44391 31311 1774 375 29537 8535 6057 526 18448 10339 9863 8109 7713 5976 13672 6862 646 279 9670 1728 1479 249 1306 49164 7942 60084 45446 3540 283 191 476 344 851 3192 892 4507
internal_count=362634 168827 135180 86016 33647 193807 68732 184464 17284 7614 3575 2929 2788 2500 288 160816 115370 70041 23402 45329 141 33121 14165 3682 10483 18956 44391 31311 1774 375 29537 8535 6057 526 18448 10339 9863 8109 7713 5976 13672 6862 646 279 9670 1728 1479 249 1306 49164 7942 60084 45446 3540 283 191 476 344 851 3192 892 4507
is_linear=0
shrinkage=0.05


Tree=72
num_leaves=63
num_cat=0
split_feature=0 77 51 51 7 50 11 9 51 44 9 23 36 1 6 40 79 51 73 73 51 32 51 78 65 11 72 11 52 73 46 73 43 50 69 68 78 65 68 58 79 33 69 73 64 46 78 45 67 4 49 22 58 49 64 69 73 44 64 51 51 16
split_gain=41291.9 23568.9 15216.6 37043 23994.4 17670.2 18445.1 15520.1 15484.3 17300.1 19970.1 16722.1 14738.6 13698 13352.3 13289.7 13221.8 27780.3 19637.7 22843.2 22378.5 20027.7 17890.4 21712.7 28056.6 16981.7 14540.3 14352.2 13880.9 13596.4 14860.5 13898.2 17065.8 15855.6 14357.7 13160.3 23401.4 12998.5 12558 13575.7 12546.3 18097.3 14249.3 12299.2 12285.9 16053.5 12274 12283.6 14177.9 12178.8 11910.6 11885.7 11864.8 11453 10882.6 10874.5 10747.2 15959.8 12744.3 11977.6 25791.4 19041.1
threshold=24.050000190734867 -0.5 2.5000000000000004 4.5000000000000009 30.750000000000004 10.500000000000002 24.685000419616703 7.1250000000000009 3.5000000000000004 14.234999656677248 8.3150000572204608 21.005000114440922 0.18349999934434894 7.0499999523162851 117.50000000000001 -14.912179470062254 -0.9330127018922193 4.5000000000000009 -2.7299985885620113 2.8699994087219243 5.5000000000000009 28.865000724792484 4.5000000000000009 -0.6830127018922193 17.483333190282192 37.995000839233406 1.2383892536163332 9.9949998855590838 20.644799232482914 -12.469998359680174 15.795000076293947 -7.0300002098083487 0.16849999874830249 2.5000000000000004 41.45000076293946 3.8500000238418584 -0.5 4.8000000516573591 23.899999618530277 -13.849999904632567 0.25000000000000017 1.3007786273956301 111.50000000000001 -16.37499904632568 8.9099999268849697 27.535000801086429 -0.24999999999999994 49.004999160766609 99.500000000000014 22.149999618530277 4.5000000000000009 0.67149999737739574 39.500000000000007 13.500000000000002 26.675833225250248 82.500000000000014 0.77000141143798839 19.925000190734867 21.360000101725266 2.5000000000000004 1.0000000180025095e-35 26.175000190734867
decision_type=10 2 2 2 10 2 8 8 2 8 8 10 10 10 10 8 2 2 8 10 2 10 2 2 8 10 8 10 8 8 10 8 10 2 8 10 2 10 10 8 2 8 10 8 10 10 2 10 8 10 2 10 8 2 10 10 8 8 8 2 2 10
left_child=2 12 5 4 46 6 -1 -5 -6 -10 -11 -12 14 -7 -2 -14 17 -17 -19 21 -21 38 23 24 37 26 -24 -26 52 -25 -31 -32 -33 34 -34 36 -35 -18 39 -20 41 -3 51 -9 45 -45 -4 48 -48 -30 -46 54 -29 -51 56 -36 59 -58 -59 60 -42 -61
right_child=1 40 3 7 8 13 -8 43 9 10 11 -13 15 -15 -16 16 22 18 19 20 -22 -23 25 29 27 -27 -28 28 49 30 31 32 33 35 55 -37 -38 -39 -40 -41 42 -43 -44 44 50 -47 47 -49 -50 53 -52 -53 -54 -55 -56 -57 57 58 -60 61 -62 -63
leaf_value=-0.039647528519196895 0.082269666905584793 -0.0011033161963402045 -0.029668583024732367 -0.16516951917852196 0.024604173085215054 -0.13322722475335011 0.013041218244629818 0.40634802545369403 -0.018358587743593644 -0.32783849987699715 0.22731289691479134 0.085288742176859458 0.10926893133537662 -0.041974271991926333 0.78455142821459212 0.024119449970537419 0.61290753014975541 1.1871092421227487 -0.45231475865328186 1.2685522548284154 0.29955983489359678 0.79065656903792514 0.018917593008954618 -0.32214474927027004 0.29565648775432396 -0.19315371360030426 -0.10159029983368212 0.087677484603767661 0.15678861153355098 -0.042711641238707042 0.23893446885378433 0.22798988637125583 0.089346374961701308 -0.34915246363006425 -0.28669000147490337 0.0083372255173201851 0.22341577752369224 -0.053854887696861642 -0.67670580226068322 0.18382943540523775 0.063146255382063074 0.060328667638429548 -0.39520832701521214 0.016096714786950097 0.0033974459393960252 0.32709443906047991 0.057934240230766557 -0.0091334542167322962 0.38475991064061721 0.33625427713933981 -0.050222129173721368 0.21306980717459792 -0.49488390557719086 0.96198280369586286 -0.085308735985557327 0.14109513204512666 -0.016741236790077756 0.25575513049339255 0.049253486185180197 -0.01955611096036421 -0.1918171758155186 0.39247943682337039
leaf_weight=43301 14464 46751 17848 2124 10866 6476 26948 163 2120 221 4001 4300 4712 11268 68 3539 75 58 93 98 152 110 8878 313 1308 1501 3486 4865 746 8206 849 994 527 201 1016 7481 1591 2879 52 854 1485 16123 258 2171 14734 513 8695 10482 345 265 34862 528 89 101 6115 174 6949 1095 2352 6515 2987 293
leaf_count=43301 14464 46751 17848 2124 10866 6476 26948 163 2120 221 4001 4300 4712 11268 68 3539 75 58 93 98 152 110 8878 313 1308 1501 3486 4865 746 8206 849 994 527 201 1016 7481 1591 2879 52 854 1485 16123 258 2171 14734 513 8695 10482 345 265 34862 528 89 101 6115 174 6949 1095 2352 6515 2987 293
internal_value=1.03663e-11 0.0188609 -0.015093 -0.00299009 0.0245154 -0.0306966 -0.0194358 -0.0326686 0.066589 0.109458 0.141254 0.153743 0.0407536 -0.0752787 0.0855559 0.0289617 0.0214687 0.0990256 0.286106 0.247653 0.679405 0.150323 0.0130293 0.0337606 0.0932782 -0.0343395 -0.0150593 0.145438 0.113046 0.00497185 0.00983841 0.0434413 0.0295917 0.0116474 -0.127921 0.0374901 0.159194 -0.0369263 0.0798162 0.121357 0.00216439 0.0146499 -0.0253057 -0.0273021 -0.0286542 0.0755385 0.000300205 0.0276992 0.0704071 0.272691 -0.0342928 -0.0219357 0.0772116 0.508928 -0.0264006 -0.22414 -0.00978207 0.0268912 0.114852 -0.0435813 -0.107152 -0.00182309
internal_weight=362634 161196 201438 113445 58878 87993 70249 54567 21508 10642 8522 8301 69745 17744 14532 55213 50501 4956 1417 1359 250 1109 45545 31680 10328 13865 12364 7374 6066 21352 21039 12833 11984 10990 1717 9273 1792 2954 999 947 91451 62874 28577 52443 52280 2684 37370 19522 9040 1112 49596 28319 4954 366 27791 1190 21676 10396 3447 11280 4472 6808
internal_count=362634 161196 201438 113445 58878 87993 70249 54567 21508 10642 8522 8301 69745 17744 14532 55213 50501 4956 1417 1359 250 1109 45545 31680 10328 13865 12364 7374 6066 21352 21039 12833 11984 10990 1717 9273 1792 2954 999 947 91451 62874 28577 52443 52280 2684 37370 19522 9040 1112 49596 28319 4954 366 27791 1190 21676 10396 3447 11280 4472 6808
is_linear=0
shrinkage=0.05


Tree=73
num_leaves=63
num_cat=0
split_feature=49 49 43 4 67 24 12 50 49 51 29 51 51 62 35 40 42 59 73 5 51 6 59 16 0 9 78 50 69 51 11 67 51 5 50 73 49 50 70 52 78 70 73 29 45 67 45 66 69 70 69 44 78 25 47 70 73 44 53 5 45 9
split_gain=38234.1 40382.7 21488.5 25416.9 19008.4 17843 14499.2 14563.2 16833.2 14797 13528 13217.9 40943.2 15995 13409.1 12662.6 12455.5 15131.2 17342.8 12844 13269.4 13777.7 12366.7 15246.9 16576.3 14972.3 14914.3 12237.5 13247.6 12296.6 11979.7 11975.2 15801.9 11746.1 11248.9 11236.1 11234.1 13302 11212.8 11093.8 11243.2 13738.7 12132.8 10943.4 18012.6 11615.4 10917.3 10805.7 10382.5 11142.3 12867.7 18277.7 13330.3 11755.2 11632.8 10710.1 10965.1 13622.6 14825.9 11018.5 10254.7 10037.7
threshold=11.500000000000002 17.500000000000004 0.19549999386072162 21.050000190734867 48.550001144409187 43.995000839233406 -0.5984915792942046 11.500000000000002 4.5000000000000009 3.5000000000000004 0.035499999299645431 2.5000000000000004 4.5000000000000009 28.366666475931805 16.349999427795414 -8.4331388473510724 36.95000076293946 0.34499931335449224 -0.23999929428100583 59.149999618530281 3.5000000000000004 67.500000000000014 5.1499986648559579 30.105000495910648 67.049999237060561 12.09500026702881 -0.6830127018922193 6.5000000000000009 38.050000429153449 2.5000000000000004 15.00500011444092 74.500000000000014 4.5000000000000009 16.10000038146973 2.5000000000000004 -12.469998359680174 19.500000000000004 3.5000000000000004 22.704999923706058 8.3804001808166522 -0.24999999999999994 17.355000495910648 -12.469998359680174 0.15149999409914019 53.010000228881843 100.50000000000001 55.989999771118171 2.6510000303387646 1.5000000000000002 29.214999198913578 35.399999618530281 19.925000190734867 -0.6830127018922193 14.125000000000002 -11.397787094116209 12.664999961853029 8.620000362396242 16.285000801086429 2.7434501647949223 6.0499999523162851 23.994999885559086 7.1250000000000009
decision_type=2 2 10 10 10 10 8 2 2 2 10 2 2 10 10 8 10 8 8 10 2 8 10 10 8 8 2 2 10 2 10 10 2 10 2 8 2 2 8 8 2 10 10 8 8 10 10 10 8 10 8 8 2 10 8 8 10 10 8 8 10 8
left_child=4 2 43 22 61 27 -6 8 -8 -9 16 14 13 -13 -7 -12 17 19 39 20 46 -22 23 24 -4 -26 60 29 -29 35 -25 38 -33 -20 -10 -3 -31 -38 -11 40 42 -42 -19 48 -45 -46 -5 -41 -2 55 -51 52 -52 54 -53 -50 57 58 -57 -58 -24 -1
right_child=1 5 3 10 6 11 7 9 34 31 15 12 -14 -15 -16 -17 -18 18 33 -21 21 -23 26 30 25 -27 -28 28 -30 36 -32 32 -34 -35 -36 -37 37 -39 -40 47 41 -43 -44 44 45 -47 -48 -49 49 50 51 53 -54 -55 -56 56 59 -59 -60 -61 -62 -63
leaf_value=-0.11379238254987019 -0.58827875442192201 -0.38377482583491856 0.025430548924653337 0.36574093081241799 -0.01839237202928834 -0.01326131453470787 0.077148721493716363 -0.16789085549027238 -0.067577197214527429 0.17162172126628925 0.15161765645234249 -0.026982847369305448 -0.062510676731401038 0.076391864005146345 -0.083819299152577909 -0.18919014618491486 -0.049092256549714997 0.61918898778882892 0.47517044726662183 0.59624973415397109 0.26268932433040054 1.1390490544172511 0.7584667743848903 0.033047434769308014 -0.50471577180756466 0.18669534498165058 -0.081824783951146313 -0.050051371895898249 0.036661139788617791 0.19178777981449194 -0.064717468677092285 0.47976787092523621 -0.10705924179734819 0.12049960980056135 0.021117999594775963 0.015113883940025616 -0.044042022818341173 0.11954002263575346 -0.12921646883602508 0.045865976808524285 0.51973241569681305 0.017989942490060994 -0.13417040693441215 0.27649161446674497 0.034275883389737409 0.43142830271273858 -0.21320229806810109 0.25833726763180564 -0.06017511789429264 -0.090198183593392101 -0.95016729154607715 0.35683086836949585 -0.14131997204925242 0.019211677834043903 0.1028118459376046 0.32476635380692431 -0.61583686765064216 0.077192173263984254 0.12587417942526191 -0.010961575886695357 0.068228447396337974 -0.03080349462904465
leaf_weight=3830 61 183 20307 121 57503 13193 12512 1980 4272 433 390 5189 15473 13418 13753 905 1693 55 240 250 243 55 56 5079 81 2348 7025 8176 9549 2349 8180 285 192 8545 21903 5004 1939 3461 1088 2315 144 2597 1889 1701 2316 200 249 807 1048 1993 57 565 479 3817 2228 1365 85 7554 2988 659 1376 74883
leaf_count=3830 61 183 20307 121 57503 13193 12512 1980 4272 433 390 5189 15473 13418 13753 905 1693 55 240 250 243 55 56 5079 81 2348 7025 8176 9549 2349 8180 285 192 8545 21903 5004 1939 3461 1088 2315 144 2597 1889 1701 2316 200 249 807 1048 1993 57 565 479 3817 2228 1365 85 7554 2988 659 1376 74883
internal_value=-2.24038e-11 0.0160187 0.03941 0.023802 -0.0164549 -0.00746935 -0.00200658 0.0200779 0.0294451 -0.0710208 0.0698628 -0.0231039 -0.00241243 0.0475634 -0.0492735 -0.086553 0.0804111 0.0929325 0.0819996 0.290535 0.17612 0.424434 0.00256216 0.0153454 0.040196 0.163639 -0.0518461 0.0236488 -0.00333669 0.0606245 -0.0272676 0.0249766 0.243561 0.130189 0.00664213 0.00104089 0.100508 0.060802 -0.0435735 0.0277734 -0.0208818 0.0443493 -0.112856 0.0767952 0.150814 0.065846 -0.0238722 0.100787 0.0631642 0.0649042 0.0221456 0.0534779 -0.227335 0.0762489 0.154198 0.0934298 0.106154 0.11779 0.188242 -0.080067 0.095221 -0.0348415
internal_weight=362634 183753 92066 64950 178881 91687 100168 42665 38687 3978 20498 61026 34080 18607 26946 1295 19203 17510 16592 918 668 298 44452 35995 22736 2429 8457 30661 17725 12936 13259 1998 477 8785 26175 5187 7749 5400 1521 7807 4685 2741 1944 27116 4217 2516 370 3122 22899 22838 9139 7146 536 6610 2793 13699 12651 11907 4353 744 1432 78713
internal_count=362634 183753 92066 64950 178881 91687 100168 42665 38687 3978 20498 61026 34080 18607 26946 1295 19203 17510 16592 918 668 298 44452 35995 22736 2429 8457 30661 17725 12936 13259 1998 477 8785 26175 5187 7749 5400 1521 7807 4685 2741 1944 27116 4217 2516 370 3122 22899 22838 9139 7146 536 6610 2793 13699 12651 11907 4353 744 1432 78713
is_linear=0
shrinkage=0.05


Tree=74
num_leaves=63
num_cat=0
split_feature=76 77 4 36 70 79 59 46 11 50 31 70 63 45 10 67 50 74 69 69 70 42 50 45 73 67 58 74 79 18 11 78 50 70 15 12 67 33 70 67 25 13 44 44 32 59 31 48 15 59 75 78 70 44 44 44 64 50 65 36 67 28
split_gain=36705.9 37726.2 19736.2 18588.7 23085.2 24287.6 20547.5 18005.2 17675.3 16177.4 16517.6 15406.2 15227.5 16255.6 14528.3 14371.8 15965.5 18419.8 14304.1 14227.6 20429.9 14060.4 17876.5 14015.1 22312.4 14440.6 13751.8 13605.3 18005.2 18760.7 13344.9 13265.3 13015.6 16244.8 12976.3 12532.7 13127.1 12495.4 12086 12005.5 15516 11955.4 11865.3 11859.7 13322 11482.5 11411 11297 11220.9 10856.7 10763.7 10751.4 22544.7 16149.1 15486.3 13467.8 10738.9 13213 14943.5 26181.3 12131.2 10657.6
threshold=0.25881904510252091 -0.12940952255126037 26.19999980926514 0.76250001788139354 30.275000572204593 0.25000000000000017 3.8400015830993657 27.005000114440922 12.864999771118166 6.5000000000000009 17.005000114440922 36.774999618530281 0.83666002653411875 25.005000114440922 53.010000228881843 73.500000000000014 5.5000000000000009 1.0000000180025095e-35 38.050000429153449 134.50000000000003 34.18499946594239 12.050000190734865 2.5000000000000004 86.009998321533217 -12.469998359680174 54.95000076293946 -42.499999999999993 1.0000000180025095e-35 0.25000000000000017 33.004999160766609 13.00500011444092 -0.6830127018922193 11.500000000000002 32.48500061035157 0.64849999547004711 -11.392726898193358 18.500000000000004 -4.5506806373596183 35.164999008178718 29.649999618530277 20.865000724792484 6.2016794681549081 28.605000495910648 38.254999160766609 13.135000228881838 0.34499931335449224 14.010000228881838 -12.789843559265135 0.030499999411404136 -0.08999991416931151 1.0000000180025095e-35 -0.24999999999999994 20.244999885559086 26.595000267028812 20.134999275207523 23.714999198913578 25.41000000635783 4.5000000000000009 5.6833332578341169 0.32050000131130224 7.5000000000000009 9.1500000953674334
decision_type=2 2 10 8 10 2 8 8 10 2 8 10 10 10 10 10 2 2 8 8 8 10 2 8 8 10 8 2 2 10 8 2 2 10 10 10 8 8 8 10 10 8 10 10 10 8 8 10 10 8 2 2 8 10 8 8 8 2 10 10 10 8
left_child=1 2 3 4 5 7 12 15 18 10 -3 14 30 37 50 56 17 -17 -6 41 -21 22 -12 26 25 -25 -4 28 29 -16 -7 -20 -33 -34 -15 -9 -37 -14 43 -11 -41 -10 51 44 46 -46 -28 -36 -32 -26 -2 53 -53 54 -8 -56 57 58 59 -1 -59 -40
right_child=11 9 23 -5 8 6 42 35 19 39 21 -13 13 34 27 16 -18 -19 31 20 -22 -23 -24 24 49 -27 38 -29 -30 -31 48 32 33 -35 47 36 -38 -39 61 40 -42 -43 -44 -45 45 -47 -48 -49 -50 -51 -52 52 -54 -55 55 -57 -58 60 -60 -61 -62 -63
leaf_value=0.78910049556724493 -0.025771121252036806 0.1636482518775165 0.57789390244288374 0.11358464006128066 -0.041936149896518324 -0.44692335279495543 -0.031119174555634538 0.35910606631320946 -0.014582964666002327 -0.078929590984684633 -0.05260434304524271 0.031102785547241069 -0.14272770765018089 0.044399014380429799 0.020265074419749327 0.0017526643664253303 0.60274556990374217 0.77134371603960572 0.15965278253342546 -0.26204773279336785 0.67213204621632661 -0.01196978693595889 0.058758823825458523 -0.60046885155847873 0.44952566009246236 0.016980447359383106 0.24139046357082414 -0.045484844492182659 -0.022213177760412116 0.14108395700718976 0.64456234738744544 0.0062813983010265462 -0.066197201734948391 0.76856869672192263 0.98162482843316834 0.84156176167907137 0.12602297615020355 0.29306346636171204 0.10486257869105248 0.0032768098040846017 -0.055318233650033855 -0.093313313641372644 -0.2359475193616441 -0.41817493055285393 0.61306436906196182 0.16307153861211254 0.033155111964319924 0.22462852917180012 -0.091714481883318516 0.029978138479537442 -0.06565877981452331 0.10483604944166501 -0.1059360794872482 -0.24435833209573021 0.42959395744285928 0.084024914655266181 -0.062431785422548125 -0.50454426125756335 -0.023522344495312455 -0.23936895477332321 0.24779274561618791 0.35195168755645967
leaf_weight=155 57949 1782 160 5734 3393 263 874 996 17156 8262 4417 13906 191 13644 15331 502 242 92 3173 91 164 33265 19569 232 161 160 741 14396 19777 4065 58 4273 107 128 58 66 2224 1185 849 37862 16103 6707 680 114 150 2582 5866 328 480 3649 23884 1707 4941 343 540 590 1799 56 2220 103 1241 898
leaf_count=155 57949 1782 160 5734 3393 263 874 996 17156 8262 4417 13906 191 13644 15331 502 242 92 3173 91 164 33265 19569 232 161 160 741 14396 19777 4065 58 4273 107 128 58 66 2224 1185 849 37862 16103 6707 680 114 150 2582 5866 328 480 3649 23884 1707 4941 343 540 590 1799 56 2220 103 1241 898
internal_value=6.50377e-12 0.0133083 0.0374395 0.0269985 0.019983 0.0483846 0.0230993 0.11588 -0.00873015 -0.00501315 0.0137371 -0.0190144 0.0575204 0.0685715 -0.0241616 0.067096 0.260416 0.120949 0.0435636 -0.0327413 0.338758 0.00907099 0.0382514 0.0887683 0.0107501 -0.348449 0.117627 -0.00391868 0.0113568 0.0455862 -0.15503 0.0813322 0.0262054 0.388484 0.052487 0.211043 0.146645 0.232572 0.111052 -0.022801 -0.0142078 -0.0367111 -0.0345609 0.0887228 0.0949104 0.187778 0.0565095 0.338374 -0.0123389 0.047707 -0.0374128 -0.0193366 -0.0518163 0.072664 0.126925 0.249164 0.0381015 0.0860112 0.0183357 0.37851 0.215309 0.231872
internal_weight=362634 213326 92066 76504 70770 35578 25882 9696 35192 121260 59033 149308 16207 15406 135402 6410 836 594 11074 24118 255 57251 23986 15562 4202 392 11360 53569 39173 19396 801 7681 4508 235 14030 3286 2290 1376 11200 62227 53965 23863 9675 9453 9339 2732 6607 386 538 3810 81833 8995 6648 2347 2004 1130 5574 3775 2478 258 1297 1747
internal_count=362634 213326 92066 76504 70770 35578 25882 9696 35192 121260 59033 149308 16207 15406 135402 6410 836 594 11074 24118 255 57251 23986 15562 4202 392 11360 53569 39173 19396 801 7681 4508 235 14030 3286 2290 1376 11200 62227 53965 23863 9675 9453 9339 2732 6607 386 538 3810 81833 8995 6648 2347 2004 1130 5574 3775 2478 258 1297 1747
is_linear=0
shrinkage=0.05


Tree=75
num_leaves=63
num_cat=0
split_feature=76 77 36 46 54 50 38 40 33 41 32 70 19 66 11 44 31 69 48 51 51 38 50 30 44 51 50 50 73 50 34 70 51 47 51 51 78 46 75 44 78 73 69 73 62 32 65 25 58 70 5 5 19 62 66 39 50 69 24 53 51 58
split_gain=33127 34047.9 17138.3 15168.4 15711.3 14600.1 18994.1 13985 16179.2 15784.9 14945.1 13904.1 13461.4 13331.8 13185.6 14671 13096.8 15293.5 16977.1 12418 17907.7 12393.8 12794.4 15971.2 17872.4 13559.9 15566 13429.1 13267.5 13186.3 12181.5 11739.1 12755.1 11645.9 11634.9 22073.5 15743.9 15101.6 13499.3 12403.4 11537.4 26791.1 15783 11451.5 12748.5 11435.9 11259 12853.1 11987.3 11251 11190 11157.5 11558 10960.7 11922.9 10767.9 10671.9 11165.5 10549.6 10354.7 11883.2 14054.8
threshold=0.25881904510252091 -0.12940952255126037 0.19449999928474429 31.005000114440922 6.0727515220642099 6.5000000000000009 44.995000839233406 -5.6731388568878165 8.9879522323608416 -3.8412271738052364 11.244999885559084 36.774999618530281 -15.387541770935057 2.7900000028312211 32.354999542236335 14.585000038146974 52.004999160766609 83.500000000000014 -0.4127607643604278 2.5000000000000004 4.5000000000000009 61.989999771118171 3.5000000000000004 14.295000076293947 22.954999923706058 5.5000000000000009 9.5000000000000018 4.5000000000000009 9.4099988937377947 4.5000000000000009 -1.7803692221641538 21.954999923706058 1.0000000180025095e-35 -12.16625928878784 2.5000000000000004 4.5000000000000009 0.93301270189221952 9.9149999618530291 1.0000000180025095e-35 16.564999580383304 -0.6830127018922193 -8.6100001335144025 29.19999980926514 -1.2899980545043943 72.183333333333351 14.00500011444092 4.8000000516573591 17.994999885559086 5.0500001907348642 30.214999198913578 9.0999999046325701 8.0500001907348651 -3.6911897659301753 73.916666666666671 1.132999995723367 9.1449999809265154 2.5000000000000004 16.300000190734867 23.005000114440922 0.014115000143647196 3.5000000000000004 27.149999618530277
decision_type=2 2 10 8 10 2 8 10 8 8 8 10 8 10 10 8 10 8 10 2 2 10 2 10 10 2 2 2 8 2 8 10 2 8 2 2 2 10 2 8 2 8 10 8 10 10 8 10 8 10 10 10 10 10 8 8 2 10 8 10 2 10
left_child=1 2 3 4 21 6 59 9 12 55 -11 14 -9 -10 34 -16 17 49 -19 53 -21 22 28 27 25 29 -27 -24 -1 -25 -18 32 45 -6 38 36 51 39 -2 -38 41 -7 -43 -42 -45 -5 -44 48 -48 -12 -31 -36 -53 54 -8 -4 -33 -58 -29 -3 -61 -62
right_child=11 5 7 31 33 40 19 8 13 10 16 -13 -14 -15 15 -17 30 18 -20 20 -22 -23 23 24 -26 26 -28 58 -30 50 -32 56 -34 -35 35 -37 37 -39 -40 -41 43 42 46 44 -46 -47 47 -49 -50 -51 -52 52 -54 -55 -56 -57 57 -59 -60 60 61 -63
leaf_value=0.20540495365923209 -0.030605035271535564 0.013678440776848239 0.28336685815545554 -0.23021775087242136 0.45856762887775765 0.32217344522620839 -0.010026097728850042 0.41480710599571469 0.048764417944674732 -0.024219756748595049 0.11509696674078201 0.02954764607729736 -0.029531834251581537 0.35518554485479814 -0.053821602001463048 0.044536613505490624 0.085394391162917013 0.0082328180078795367 0.34851691634314513 0.06070245318115447 -0.028387127184911733 -0.02752800055451976 -0.4854234962659405 -0.052186347818202229 0.029599151114847646 0.34065703795506408 -0.60591690698448497 -0.26907503069567368 -0.11058331290761439 -0.13349945318131221 -0.031005377271223013 -0.1258579822948703 0.26280805730927065 0.1263134893947663 -0.043287881100207232 -0.0440684733176065 0.47682369136219399 0.059735333725172174 -0.087628845303417302 0.03880210142853039 -0.10038300897616842 -0.08308629532685427 0.2541773533873003 -0.022621871793251248 -0.32449654080708262 0.41014733897620126 0.0031175159103138533 -0.046296946633047752 0.096323196087450269 0.021318918663974978 0.41010865496883941 -0.015517957587932963 0.058446209343376479 0.19079133133702508 -0.097712947401183706 0.084167536910968566 -0.17952271153569413 0.13067924615505772 0.010315703347533471 0.041447237655412972 0.13039685051174507 0.60189896218660399
leaf_weight=2241 35127 9300 757 262 333 631 8972 172 1324 11084 5268 13906 18935 485 5321 13187 3186 581 993 11403 11162 5871 187 242 5356 78 98 419 390 105 7632 536 2160 1268 9218 33730 464 2228 14731 248 6855 5574 463 23605 355 95 11752 8109 4883 8141 962 10241 10907 496 6826 6535 311 4314 1745 6353 4357 164
leaf_count=2241 35127 9300 757 262 333 631 8972 172 1324 11084 5268 13906 18935 485 5321 13187 3186 581 993 11403 11162 5871 187 242 5356 78 98 419 390 105 7632 536 2160 1268 9218 33730 464 2228 14731 248 6855 5574 463 23605 355 95 11752 8109 4883 8141 962 10241 10907 496 6826 6535 311 4314 1745 6353 4357 164
internal_value=-1.89537e-11 0.0126429 0.0355675 0.06908 0.0454275 -0.0047625 0.0130503 0.0216807 -0.0120008 0.0376276 0.0243386 -0.0180637 -0.0255319 0.130917 -0.0229535 0.0162589 0.0451991 0.0754688 0.22291 -0.00738509 0.0166334 0.0318557 0.0613441 0.0335168 0.0721535 0.225636 -0.186413 -0.0789093 0.158565 0.281037 0.00327542 0.128519 0.217049 0.195421 -0.029162 -0.015558 0.0133155 0.123796 -0.0474532 0.324254 -0.021661 -0.000337011 -0.00694836 -0.0433981 -0.0270946 -0.0598125 0.00988794 0.0053169 0.0304769 0.0581615 0.356614 0.00261891 0.0226288 -0.0406475 -0.0479138 0.104847 0.0853437 0.10982 -0.0437807 0.0524127 0.0855403 0.147501
internal_weight=362634 213326 92066 26973 19295 121260 59033 65093 20916 44177 36885 149308 19107 1809 135402 18508 25801 14983 1574 38859 22565 17694 11823 9192 6841 1485 176 2351 2631 1309 10818 7678 2517 1601 116894 67036 33306 2940 49858 712 62227 31412 30781 30815 23960 357 25207 24744 16635 13409 1067 30366 21148 16294 15798 7292 5161 4625 2164 20174 10874 4521
internal_count=362634 213326 92066 26973 19295 121260 59033 65093 20916 44177 36885 149308 19107 1809 135402 18508 25801 14983 1574 38859 22565 17694 11823 9192 6841 1485 176 2351 2631 1309 10818 7678 2517 1601 116894 67036 33306 2940 49858 712 62227 31412 30781 30815 23960 357 25207 24744 16635 13409 1067 30366 21148 16294 15798 7292 5161 4625 2164 20174 10874 4521
is_linear=0
shrinkage=0.05


Tree=76
num_leaves=63
num_cat=0
split_feature=76 77 4 10 70 36 50 51 73 50 64 23 37 50 23 50 47 70 22 27 42 12 70 51 50 1 42 29 55 63 44 36 14 50 70 40 37 3 36 79 70 51 51 50 10 49 18 44 64 8 51 30 70 35 68 50 50 51 72 70 30 37
split_gain=29897.1 31012.4 29499.5 19275.9 19054.9 16674.7 17949 24646 16896.4 16255.8 21997.6 14922.1 20840.6 20602.2 17445.2 15356.2 13713.4 18367 14024.4 13342.1 13298 13028.8 14924.9 13680.6 12724.1 12597.4 12472.3 12917.5 19822 11831.6 15113.7 11801.9 11791.8 17076.5 20460.3 20028.8 13020.5 14437.7 11548.9 11422.4 14632.1 11412.9 21325.2 15040.1 14996.6 12745.9 12467.4 11762.6 11716.4 11267.7 11224.8 11116.6 10972.1 10899.7 10447.6 11520 10399.2 36809.8 31296.6 18395.9 29196 22565.8
threshold=0.25881904510252091 0.37940952255126048 17.149999618530277 37.975000381469734 18.894999504089359 0.17950000613927844 9.5000000000000018 4.5000000000000009 -12.469998359680174 11.500000000000002 5.5633333524068211 13.085000038146974 22.935000419616703 10.500000000000002 21.464999198913578 11.500000000000002 -2.80456531047821 21.615000724792484 0.37049999833107 -7.11391258239746 2.0499999523162846 -3.8602805137634273 35.164999008178718 1.0000000180025095e-35 10.500000000000002 12.050000190734865 35.250000000000007 0.035499999299645431 9.9000000953674334 3.5637059362403476 14.055000305175783 0.20750000327825549 21.650000572204593 5.5000000000000009 28.214999198913578 -16.432191848754879 30.105000495910648 50.049999237060554 0.13650000095367434 -0.9330127018922193 27.654999732971195 4.5000000000000009 3.5000000000000004 4.5000000000000009 48.004999160766609 5.5000000000000009 21.945000648498539 13.47499990463257 22.145833174387619 0.10350000113248826 2.5000000000000004 21.435000419616703 38.375000000000007 11.219999790191652 18.500000000000004 9.5000000000000018 2.5000000000000004 3.5000000000000004 1.7149014472961428 29.795000076293949 13.565000057220461 24.295000076293949
decision_type=2 2 10 10 8 10 2 2 8 2 8 8 10 2 8 2 8 10 10 8 8 8 10 2 2 8 10 10 10 8 10 10 8 2 8 8 8 10 10 2 10 2 2 2 8 2 10 10 8 10 2 8 10 10 10 2 2 2 10 8 10 10
left_child=1 2 3 29 9 6 8 11 -4 10 -5 24 13 14 -13 53 17 -10 -19 -6 -2 -22 23 -23 -8 -9 27 32 -29 -1 49 38 36 35 -35 51 54 -38 -3 40 -32 42 43 46 -44 -43 -25 -46 -49 -31 -11 -34 -37 -14 -7 -56 57 -21 -59 60 -58 -62
right_child=20 31 5 4 19 26 7 25 16 50 -12 12 15 -15 -16 -17 -18 18 -20 56 21 22 -24 41 -26 -27 -28 28 -30 30 39 -33 33 34 -36 52 37 -39 -40 -41 -42 45 44 -45 47 -47 -48 48 -50 -51 -52 -53 -54 -55 55 -57 59 58 -60 -61 61 -63
leaf_value=-0.010955200335994023 -0.16518452360100064 -0.010554198164999874 -0.23055388076618671 -0.29283644043323936 0.060796754494435779 0.058756519853727901 0.37183156010595342 0.45243202106852554 0.35355049009791278 -0.24761695510030726 0.20968130746815633 1.1190346397987501 0.1753327532521092 0.20510351093715343 0.20610312612287784 0.59802391670569033 0.065109024993554684 0.21597569557706109 0.044935754607292086 -0.15749947456882851 -0.037502419240795261 -0.06170031163605845 0.041425878774635688 -0.0087306488222903232 -0.24334720173907717 -0.19444338805071518 -0.059653219676664315 -0.14297270302601137 0.17099233214054715 0.44986107033429984 1.0339256648260813 -0.13649824509489281 0.20637937222111102 -0.016857720402484181 0.21892172428676004 0.020167010358925208 -0.018467857621566233 0.26624254357410537 0.10239460662523488 0.048034236205447958 0.17596506824539138 0.015098656425848851 0.0022358783005438556 -0.03545543222942437 -0.011688636301629567 -0.060001784110665347 0.086432190366627124 0.20681479292782351 0.058758868165340129 0.12760754038529995 0.099986315110686286 0.8729615009129047 -0.6106839737721852 -0.16771142931267669 0.28822298717214684 -0.17928690173859269 -0.087172132235770083 0.14322309474012515 -0.3581015246635717 -0.033118841883950735 0.13639693279245568 0.0030515710237801565
leaf_weight=4296 1502 86471 293 238 6022 5123 103 80 1432 466 2563 127 347 1015 89 99 2928 3146 1936 4675 46690 12548 14476 8467 457 1271 2844 1845 691 463 52 1812 167 1190 4057 4489 8803 469 2324 8924 1121 8803 5331 22892 1482 15772 5799 3301 2245 655 463 100 70 696 990 152 3866 2302 360 28553 6350 6341
leaf_count=4296 1502 86471 293 238 6022 5123 103 80 1432 466 2563 127 347 1015 89 99 2928 3146 1936 4675 46690 12548 14476 8467 457 1271 2844 1845 691 463 52 1812 167 1190 4057 4489 8803 469 2324 8924 1121 8803 5331 22892 1482 15772 5799 3301 2245 655 463 100 70 696 990 152 3866 2302 360 28553 6350 6341
internal_value=-1.83037e-11 0.0120108 0.0283918 0.00973514 -0.00270046 0.0606032 0.105851 0.0205659 0.143382 0.106869 0.166983 0.10196 0.156746 0.299464 0.742873 0.00290515 0.154986 0.195385 0.150818 -0.0096904 -0.0171605 -0.0156563 -0.00556896 -0.013421 -0.130198 -0.156138 0.0401342 0.0502172 -0.0574247 0.0596018 0.0866293 -0.0101758 0.0608763 0.103013 0.165448 0.0351312 0.0335582 -0.00406652 -0.00759803 0.0673149 0.213999 -0.00524451 0.00858005 -0.0103436 0.0654751 -0.0331001 0.0299522 0.113444 0.146882 0.261063 -0.0743766 0.456036 0.0104808 -0.0535826 0.0892416 0.225998 -0.0177838 -0.0729899 0.0754256 -0.00880468 0.0331258 0.0697715
internal_weight=362634 213326 122719 77710 62199 45009 14019 4284 9735 3730 2801 2933 2373 1231 216 1142 9442 6514 5082 58469 149308 147806 101116 86640 560 1351 30990 28146 2536 15511 11215 90607 25610 10073 5247 4826 15537 9272 88795 10097 1173 74092 49517 37158 12359 24575 14266 7028 5546 1118 929 267 4559 1043 6265 1142 52447 7337 2662 45110 16557 12691
internal_count=362634 213326 122719 77710 62199 45009 14019 4284 9735 3730 2801 2933 2373 1231 216 1142 9442 6514 5082 58469 149308 147806 101116 86640 560 1351 30990 28146 2536 15511 11215 90607 25610 10073 5247 4826 15537 9272 88795 10097 1173 74092 49517 37158 12359 24575 14266 7028 5546 1118 929 267 4559 1043 6265 1142 52447 7337 2662 45110 16557 12691
is_linear=0
shrinkage=0.05


Tree=77
num_leaves=63
num_cat=0
split_feature=67 50 33 51 50 51 67 77 79 50 6 50 51 67 64 69 11 53 50 38 51 73 47 6 50 73 50 26 51 67 25 59 73 26 67 71 67 49 47 22 73 38 63 40 50 43 64 73 3 69 45 51 29 52 50 35 68 10 45 65 50 77
split_gain=28075.3 31744.1 29001.8 21696.1 19016.6 22029.4 20712.7 18733.7 22529.5 19722.4 18659.1 30224.1 41137.5 17830.6 17176.3 16352.9 16090.9 15996.6 20569.4 26070.1 22204.4 18204.3 18011.5 15208.9 24904 20016.4 19057.8 15915 14129.8 34656.1 15270.2 14210.1 13603.2 13539.5 12901.3 12739.9 12401.6 12279.5 12874.1 11892.2 11760.3 11112.7 10969.6 11448.5 12037.9 15255.9 14608.9 14596.1 12063 11622.5 10712.7 12959.2 12174.1 10573.8 15689 10531 14193.3 10460.5 10415.4 10376.9 10376.3 12058
threshold=44.149999618530281 2.5000000000000004 -0.76323601603507985 5.5000000000000009 10.500000000000002 2.5000000000000004 88.500000000000014 -0.60355339059327384 1.0000000180025095e-35 5.5000000000000009 60.500000000000007 11.500000000000002 1.0000000180025095e-35 96.500000000000014 36.276000213623057 31.149999618530277 28.005000114440922 0.021925001405179504 6.5000000000000009 79.005001068115249 3.5000000000000004 -13.959999561309813 -5.0874016284942618 67.500000000000014 6.5000000000000009 2.4100000858306889 11.500000000000002 -5.5921881198883048 1.5000000000000002 81.500000000000014 31.365000724792484 2.7299997806549077 0.77000141143798839 4.7226409912109384 84.500000000000014 2.4564999887370509 4.5000000000000009 13.500000000000002 -4.8327114582061759 0.55149999260902416 1.2800016403198244 67.005001068115249 34.395978446246232 -14.912179470062254 5.5000000000000009 0.53049999475479137 18.637333710988369 -4.0500006675720206 17.050000190734867 100.50000000000001 134.04000091552737 4.5000000000000009 0.032500000670552261 16.543499946594242 5.5000000000000009 7.4500000476837167 2.9500000476837163 21.994999885559086 58.004999160766609 37.750000158945731 3.5000000000000004 1.0000000180025095e-35
decision_type=8 2 8 2 2 2 8 2 2 2 10 2 2 8 10 8 8 10 2 10 2 8 8 10 2 10 2 8 2 10 10 10 10 10 8 10 10 2 10 10 8 8 10 8 2 10 10 10 8 8 10 2 8 10 2 10 10 8 8 10 2 2
left_child=17 15 7 4 33 6 10 8 32 13 -6 12 -12 40 -15 -2 -13 -1 19 20 21 -19 50 25 27 -5 60 -25 29 30 -17 -31 42 53 58 37 -20 -23 -39 -7 -9 -41 43 49 45 -45 -47 -48 -49 59 51 52 -22 -4 -55 -36 -57 -38 -30 -3 61 -27
right_child=1 2 3 23 5 39 -8 9 -10 -11 11 16 -14 14 -16 28 -18 18 36 -21 22 35 -24 24 -26 26 -28 -29 34 31 -32 -33 -34 -35 55 -37 57 38 -40 41 -42 -43 -44 44 -46 46 47 48 -50 -51 -52 -53 -54 54 -56 56 -58 -59 -60 -61 -62 -63
leaf_value=-0.039535662828509795 0.29958054851913951 0.10317234997474523 0.057903597609677865 0.00098992551228958554 -0.061098758425882638 0.053528868269049103 -0.35258479308787138 -0.013363283333611396 -0.028811618872021834 -0.022928745537843204 0.85917009016549262 1.1574922269311818 -0.59835445588720704 0.16561663213724417 -0.372762311106691 -0.024989729185518415 0.13400655406511439 -0.41562871762558706 -0.40301778705136199 -0.06775565068698472 0.36545124160910203 0.003925948621425015 0.042033687725356525 1.2861554854056416 -0.070537054674255098 -0.68400860055611878 -0.66727868715508121 0.35378791795777426 0.011302627832802515 -0.27175437500589106 -0.19519000981312551 -0.72955741620090397 0.10039600892395593 0.17482044888248149 -0.089027946093155674 -0.059031255513000397 -0.12238960056165366 0.18965610427246493 -0.0055056929873955468 0.7717857926152647 0.051476186261777968 -0.034865365684896281 -0.38859530242220047 0.026508404810765215 0.046685823457897485 0.34664365750184095 -0.41806712782230671 -0.21931607754758831 0.084940352046330561 0.85159150897446334 -0.17882680811516538 0.11831162068512453 0.079557621968067982 0.0039010045838644026 0.28274227126226253 0.40505146544971843 0.072896883057320533 -0.02023799463772261 -0.072040027878637697 0.65103052809186612 -0.079032498098999926 -0.069569713227889116
leaf_weight=54419 349 1428 39078 6597 5265 6669 571 17614 11299 68349 74 110 140 2943 156 6469 59 254 222 6427 1299 7662 7524 68 268 167 180 140 6567 879 1655 210 10368 2942 647 4604 2716 2237 1358 112 11598 69 155 3134 14285 138 499 848 529 59 222 3412 522 833 1279 410 1492 32431 8735 92 1644 153
leaf_count=54419 349 1428 39078 6597 5265 6669 571 17614 11299 68349 74 110 140 2943 156 6469 59 254 222 6427 1299 7662 7524 68 268 167 180 140 6567 879 1655 210 10368 2942 647 4604 2716 2237 1358 112 11598 69 155 3134 14285 138 499 848 529 59 222 3412 522 833 1279 410 1492 32431 8735 92 1644 153
internal_value=-3.67048e-11 0.0101092 0.0167175 0.0440348 0.0555061 0.00252865 -0.0656008 0.00407335 0.0317682 -0.00771168 -0.0365874 0.300364 -0.0943506 0.0244777 0.138515 -0.0404931 0.800181 -0.019146 -0.00349383 0.0233817 0.0435143 0.00431368 0.0921867 -0.0271561 0.248078 -0.0421442 -0.174866 0.6586 -0.0448784 -0.0951674 -0.0596625 -0.360036 0.053474 0.0711945 -0.018924 0.0110387 -0.0304848 0.0396966 0.115934 0.0643822 0.0123798 0.464278 0.0304907 0.0335821 0.0230618 -0.0424918 -0.149864 -0.186387 -0.10243 0.163058 0.161362 0.175794 0.283498 0.063793 0.172764 0.0852225 0.144497 -0.0281318 -0.0362727 0.136332 -0.129737 -0.39023
internal_weight=362634 237325 209912 66418 57201 13069 6219 143494 42834 100660 5648 383 214 32311 3099 27413 169 125309 70890 35521 29094 16115 12979 9217 476 8741 2144 208 27064 9213 8124 1089 31535 44132 17851 15861 35369 11257 3595 6850 29212 181 21167 21012 19433 5148 2014 1876 1377 1579 5455 5233 1821 41190 2112 2549 1902 35147 15302 1520 1964 320
internal_count=362634 237325 209912 66418 57201 13069 6219 143494 42834 100660 5648 383 214 32311 3099 27413 169 125309 70890 35521 29094 16115 12979 9217 476 8741 2144 208 27064 9213 8124 1089 31535 44132 17851 15861 35369 11257 3595 6850 29212 181 21167 21012 19433 5148 2014 1876 1377 1579 5455 5233 1821 41190 2112 2549 1902 35147 15302 1520 1964 320
is_linear=0
shrinkage=0.05


Tree=78
num_leaves=63
num_cat=0
split_feature=76 77 43 4 36 24 2 65 19 70 51 51 78 37 70 22 34 49 70 7 37 30 42 65 64 2 51 37 15 44 18 47 78 30 36 51 51 62 30 78 58 44 61 17 44 14 49 78 24 67 51 78 44 43 17 67 25 73 45 44 30 47
split_gain=26156.3 26736 17545.2 19289.9 18490.3 12559.3 12134 12023.3 11842.6 15574.3 15401.4 21975.1 11828.6 12077.5 15515.9 11676.3 13698.9 11196.1 11007 10705.2 10691.7 11737.5 11730.2 17339.2 14985.3 13081.1 12393.7 17790.9 11663.5 11375.3 11733.2 10957.8 10894.5 20289.4 12368.6 10662.1 24766.1 15539.5 11880.6 13394.7 11888.8 10550.2 10141.3 10038.7 10027.2 9982.07 9956.89 9662.37 10644.7 9543.17 9836.44 14051.6 12873.8 9500.55 11323.2 10879.3 9940.97 9489.81 13423 9345.79 9209.88 11440.8
threshold=0.25881904510252091 -0.12940952255126037 0.19549999386072162 21.050000190734867 0.097500000149011626 43.995000839233406 49.149999618530281 11.966666738192243 -5.2468898296356192 32.364999771118171 2.5000000000000004 4.5000000000000009 0.93301270189221952 10.815000057220461 23.144999504089359 0.10649999976158143 -2.3848752975463863 5.5000000000000009 28.814999580383304 22.349999427795414 36.204999923706062 30.535000801086429 16.44999980926514 20.483333349227909 25.41000000635783 28.050000190734867 3.5000000000000004 30.404999732971195 0.64849999547004711 21.925000190734867 22.755000114440922 -3.5670952796936031 -0.93301270189221908 21.07499980926514 0.33249999582767492 2.5000000000000004 4.5000000000000009 28.366666475931805 19.865000724792484 -0.6830127018922193 9.0499992370605487 37.664999008178718 -0.071999993175268159 76.005001068115249 26.105000495910648 26.849999427795414 5.5000000000000009 0.68301270189221941 146.19999694824222 30.300000190734867 4.5000000000000009 0.25000000000000011 25.214999198913578 0.16849999874830249 46.004999160766609 118.50000000000001 29.005000114440922 1.8199999332427981 59.995000839233406 12.09500026702881 23.744999885559086 -5.9282677173614493
decision_type=2 2 10 10 10 10 10 10 8 10 2 2 2 8 8 8 10 2 8 10 10 10 8 8 8 8 2 8 10 8 10 8 2 8 8 2 2 10 8 2 8 10 10 8 10 8 2 2 10 8 2 2 8 8 10 10 10 10 8 8 8 10
left_child=1 2 53 20 7 6 -3 -5 -2 10 17 12 19 -14 -15 41 -17 -10 59 -12 22 43 23 24 25 -4 32 28 57 -25 45 -32 33 -24 -35 38 37 -37 39 40 -7 -6 -41 -22 -27 -31 -13 60 -49 -11 51 52 -51 -1 -55 -56 -57 -28 -59 -16 61 -39
right_child=8 5 3 4 15 35 -8 -9 9 49 11 46 13 14 18 16 -18 -19 -20 -21 21 -23 26 29 -26 44 27 -29 -30 30 31 -33 -34 34 -36 36 -38 47 -40 42 -42 -43 -44 -45 -46 -47 -48 48 -50 50 -52 -53 -54 54 55 56 -58 58 -60 -61 -62 -63
leaf_value=0.048953952476716925 -0.040353005041708884 0.0082862220678937403 0.0065215406582604142 -0.057934887547647432 -0.012557633795093497 -0.00025756600392910859 0.093034330744061075 0.34155927933827046 -0.0071990243338187713 -0.10523155506106972 -0.017999388020797237 0.0085221151550002872 0.52281927242875104 -0.10184830980415965 0.76028300597199383 0.13763050641546032 0.034458285990941355 -0.067627408218446219 0.05856790930007242 0.054963764132259653 -0.037837011652873107 0.51211080062615721 0.84162098866369994 -0.043335788261851318 -0.041667797812090804 0.05998891729061933 0.098870169457415114 -0.07961081325190128 0.29793952192351658 0.11593655020215435 0.091777990148975711 -0.12048861179030453 -0.065984223372258927 -0.43195381501787589 0.15203486905143121 -0.01652336758477339 -0.03994301350943575 0.1679048450940778 -0.015700005268565399 -0.16400224398507612 0.43569314910702783 -0.66899619931054699 -0.059801645603837029 -0.22615393332233627 0.35877948618431987 0.28732289053443621 -0.061094882913119333 0.10483922985644455 0.39744334780986407 -0.036499990720477209 -0.019154041470080777 0.10504167263426756 0.053511309358960785 0.21219260779823959 0.05565964911642788 -0.0380831897923989 0.80345172372230511 0.13676821952045967 -0.12415057849626716 0.25399120240681167 -0.0068254612982064089 0.016039696741458342
leaf_weight=20760 37530 37358 1838 240 4794 547 4762 875 11972 1441 9369 7996 188 643 105 4810 9717 21308 805 10848 1981 79 90 1434 8463 516 3655 2902 515 2752 2617 792 11145 114 443 9206 20749 2354 22545 3374 219 62 7583 1101 616 1229 14360 4307 335 6456 8679 6591 10326 2149 4057 56 94 757 1413 691 5300 2621
leaf_count=20760 37530 37358 1838 240 4794 547 4762 875 11972 1441 9369 7996 188 643 105 4810 9717 21308 805 10848 1981 79 90 1434 8463 516 3655 2902 515 2752 2617 792 11145 114 443 9206 20749 2354 22545 3374 219 62 7583 1101 616 1229 14360 4307 335 6456 8679 6591 10326 2149 4057 56 94 757 1413 691 5300 2621
internal_value=-6.97411e-12 0.0112342 0.0315487 0.0174453 0.0575722 -0.0041894 0.0178677 0.25557 -0.0160511 -0.0078916 -0.0200993 -0.00102839 0.0336835 0.137864 0.105613 0.0461825 0.0686194 -0.0458892 0.188935 0.021151 -0.00105826 -0.0896849 0.00572648 0.0328827 -0.00775698 0.0888717 -0.0204265 0.0229266 0.0698609 0.0855383 0.110546 0.0424629 -0.0544046 0.145061 0.0325112 -0.0159286 0.000109366 0.0345598 -0.0369295 -0.0777568 0.124381 -0.0209389 -0.0918882 -0.105111 0.222582 0.168846 -0.0361952 0.0660856 0.125956 0.0206421 0.0263012 0.0431799 0.0188842 0.06533 0.118818 0.0711203 0.489279 0.049696 -0.0331296 0.320776 0.0390378 0.0878971
internal_weight=362634 213326 92066 64950 20498 121260 42120 1115 149308 111778 78285 45005 22649 2432 2244 19383 14527 33280 1601 20217 44452 3161 41291 20257 11433 2970 21034 9242 6340 8824 7390 3409 11792 647 557 79140 44872 24123 34268 11723 766 4856 10957 3082 1132 3981 22356 14917 4642 33493 32052 23373 16782 27116 6356 4207 150 5825 2170 796 10275 4975
internal_count=362634 213326 92066 64950 20498 121260 42120 1115 149308 111778 78285 45005 22649 2432 2244 19383 14527 33280 1601 20217 44452 3161 41291 20257 11433 2970 21034 9242 6340 8824 7390 3409 11792 647 557 79140 44872 24123 34268 11723 766 4856 10957 3082 1132 3981 22356 14917 4642 33493 32052 23373 16782 27116 6356 4207 150 5825 2170 796 10275 4975
is_linear=0
shrinkage=0.05


Tree=79
num_leaves=63
num_cat=0
split_feature=67 50 33 51 50 70 6 51 44 50 6 51 70 67 77 50 37 67 44 32 50 50 70 67 50 32 23 68 6 70 67 16 70 37 23 50 71 7 52 6 50 73 50 62 70 69 73 50 66 0 70 72 50 50 51 15 70 37 5 51 5 58
split_gain=24337.7 27891.5 25416 19336.7 16497.6 22143.5 25238.1 23026.4 21368.5 29544.7 26520.6 26041.7 19674.4 20956.4 16148.1 18676 19564.1 24212.9 27735.7 15684.8 14856.5 19022.8 35165.5 19216.9 14950.8 18636.2 24153.1 14811.5 14727.1 14660.2 23912.6 23743.6 20421.4 15314.8 22247.3 16566.1 16216.5 14425.3 13955.2 13949.4 17364.1 17348.1 17691.3 13931.1 13875.5 20530.6 16207.3 17216.3 24154.6 16498.5 15214.9 14623.2 14571.2 27337.4 20274.3 14480.9 13586.7 15910.6 25800.2 23697.9 23351.9 19351.8
threshold=44.149999618530281 2.5000000000000004 -0.76323601603507985 5.5000000000000009 10.500000000000002 33.454999923706062 46.100000381469734 2.5000000000000004 24.884999275207523 11.500000000000002 64.500000000000014 1.0000000180025095e-35 28.675000190734867 60.850000381469734 -0.78656609248549325 5.5000000000000009 37.68499946594239 96.500000000000014 34.495000839233406 21.185000419616703 9.5000000000000018 5.5000000000000009 38.164999008178718 86.500000000000014 4.5000000000000009 28.285000801086429 26.244999885559086 21.750000000000004 83.500000000000014 22.115000724792484 28.500000000000004 7.1150000095367441 9.9549999237060565 14.934999942779543 11.025000095367433 9.5000000000000018 2.2820000088540842 32.250000000000007 1.5742499828338625 75.500000000000014 6.5000000000000009 2.4100000858306889 11.500000000000002 46.083333333333336 30.275000572204593 40.099999904632575 3.6200017929077153 4.5000000000000009 2.4690000000409786 69.500000000000014 35.164999008178718 1.125718414783478 5.5000000000000009 7.5000000000000009 4.5000000000000009 0.72450000047683727 13.885000228881838 19.925000190734867 43.350000381469734 2.5000000000000004 46.149999618530281 -15.950000286102293
decision_type=8 2 8 2 2 10 10 2 10 2 10 2 10 10 2 2 10 8 10 8 2 2 10 8 2 8 10 10 10 8 10 10 10 8 8 2 10 10 10 10 2 10 2 8 8 10 10 2 8 8 10 8 2 2 2 10 8 8 10 2 10 10
left_child=29 27 14 4 44 7 -7 8 10 11 -6 -10 -11 -14 20 16 17 28 -19 -20 21 22 23 -3 -25 26 -26 56 -16 31 -31 -1 -33 -34 -35 36 -36 -37 -29 41 43 -5 -43 -41 45 -4 49 -48 -49 -47 -46 -51 54 -54 55 -52 -2 58 -58 60 -59 -61
right_child=1 2 3 39 5 6 -8 -9 9 12 -12 -13 13 -15 15 -17 -18 18 19 -21 -22 -23 -24 24 25 -27 -28 38 -30 30 -32 32 33 34 35 37 -38 -39 -40 40 -42 42 -44 -45 50 46 47 48 -50 51 52 -53 53 -55 -56 -57 57 59 -60 61 -62 -63
leaf_value=-0.087883903637942504 -0.32164502089917141 -0.010172799880058363 -0.028604166169423198 0.0029038462441256219 -0.049877656377643138 0.089618642667703557 0.90003528626304474 0.054724942457267889 -0.014614486076722021 -0.29589063662427423 1.0852258572784754 -0.71651504092027918 1.0752721458069376 -0.0052633949408405706 0.011506302934825656 -0.019019986467582805 -0.37561309447038688 0.12781468749723121 1.492096303454761 0.35258514405716035 -0.043756059788522178 0.08643989101398275 -0.40355455794898698 0.04915615801483092 0.32326490579832223 -0.07458101433109153 1.1513381952786037 0.10428117751988895 0.36461169526681009 -0.085165593271798623 -0.016980073545147172 0.23400403844118534 -0.016482816342407319 -0.13039289461365322 0.16181974968949336 -0.030255375534271919 -0.038041303818371057 0.098989799869371578 0.83938420471670327 0.29823586391714907 -0.012109315430145907 -0.11647999626590111 -0.6337782386359242 1.396224325035627 0.022862718680094873 0.08653426694772462 0.14696182655516776 0.24269898947566115 0.80294098409804937 0.76115988718618643 0.20419277612115505 0.21780126703070293 -0.05011304346276188 0.14828739171172914 -0.092622510421563664 0.65778752311747135 -0.022908062615148217 -0.086153535650710947 0.23565383281307631 0.18645402965544919 -0.30239194152821525 -0.056307285012454744
leaf_weight=5913 428 8313 2250 6736 4937 297 142 6633 190 196 52 434 74 114 32466 76403 303 3246 58 63 4910 15378 516 891 356 176 117 259 298 16021 65134 1081 19817 1590 5512 5400 1244 3597 86 65 163 2021 180 52 20283 8179 1345 564 292 157 2746 586 3269 3703 570 188 15024 4101 1031 1061 1795 3628
leaf_count=5913 428 8313 2250 6736 4937 297 142 6633 190 196 52 434 74 114 32466 76403 303 3246 58 63 4910 15378 516 891 356 176 117 259 298 16021 65134 1081 19817 1590 5512 5400 1244 3597 86 65 163 2021 180 52 20283 8179 1345 564 292 157 2746 586 3269 3703 570 188 15024 4101 1031 1061 1795 3628
internal_value=4.09382e-12 0.00941227 0.0156066 0.0411795 0.052009 0.00266503 0.351758 -0.00946892 -0.0804707 -0.290445 -0.0380466 -0.502795 0.0546238 0.420054 0.00376988 -0.00497298 0.0244839 0.0278392 0.155522 0.898797 0.0359491 0.051149 -0.00119007 0.0198817 0.182117 0.364657 0.528095 -0.0380201 0.0147179 -0.0178261 -0.0304407 0.00535966 0.0197774 0.0135455 0.0478573 0.0658487 0.125019 0.0214168 0.287524 -0.0260291 0.321483 -0.0369168 -0.158785 0.786231 0.0666215 0.109141 0.137005 0.258521 0.43381 0.107027 0.0481354 0.332616 0.0970667 0.0552623 0.180246 0.233257 -0.0421694 -0.0376793 -0.00630406 -0.0852682 -0.151986 -0.00137665
internal_weight=362634 237325 209912 66418 57201 13069 439 12630 5997 1008 4989 624 384 188 143494 112837 36434 36131 3367 121 30657 25747 10369 9853 1540 649 473 27413 32764 125309 81155 44154 38241 37160 17343 15753 6756 8997 345 9217 280 8937 2201 117 44132 13373 11123 2201 856 8922 30759 743 10476 6972 3504 2934 27068 26640 16055 10585 5896 4689
internal_count=362634 237325 209912 66418 57201 13069 439 12630 5997 1008 4989 624 384 188 143494 112837 36434 36131 3367 121 30657 25747 10369 9853 1540 649 473 27413 32764 125309 81155 44154 38241 37160 17343 15753 6756 8997 345 9217 280 8937 2201 117 44132 13373 11123 2201 856 8922 30759 743 10476 6972 3504 2934 27068 26640 16055 10585 5896 4689
is_linear=0
shrinkage=0.05


Tree=80
num_leaves=63
num_cat=0
split_feature=76 77 4 9 79 2 16 73 56 38 18 69 78 38 15 40 72 30 50 44 6 12 50 70 43 37 46 79 30 78 35 61 30 41 23 44 5 46 5 32 37 37 69 48 79 37 44 4 23 44 46 42 29 55 70 63 18 79 69 43 73 5
split_gain=22874.7 23572.9 23326.2 19735.3 25889.3 19869.7 18750.7 18410.6 15588.9 15434.9 15170.1 17449.4 24532.9 15143.1 16276.7 13962.8 13843.7 13629.6 27236.1 15608.3 13613.1 13587.3 13537.6 24600 13529.9 17586 17522.9 14790.7 13484.5 19567.1 17534.6 13298.4 12432.5 12399.1 12204.1 12143.9 12632 12062.7 17125.4 11697.9 11633.7 17453.1 14953 12167 11622.8 22578.5 18916.7 15988.7 12765 14389.9 11962.3 11599.4 11576.6 11559.4 12196.7 11514.1 11392.3 11302.3 12391.7 11261.7 11257.2 11239
threshold=0.25881904510252091 0.37940952255126048 17.149999618530277 27.884999275207523 0.6830127018922193 27.10000038146973 10.47499990463257 7.5949993133544931 2.9500005245208745 55.010000228881843 15.784999847412111 115.50000000000001 -0.5 37.995000839233406 0.28049999475479132 -10.716911792755125 1.1752192974090578 14.954999923706056 10.500000000000002 27.564999580383304 74.500000000000014 -13.294562339782713 11.500000000000002 32.48500061035157 0.32549999654293066 23.775000572204593 31.704999923706058 -0.5 8.6050000190734881 -0.24999999999999994 15.550000190734865 -0.056999998167157166 26.545000076293949 -8.028378486633299 4.1099998950958261 39.18499946594239 104.50000000000001 20.005000114440922 68.500000000000014 32.745000839233406 10.164999961853029 15.864999771118166 17.500000000000004 -7.7888271808624259 -0.5 28.164999961853031 33.48500061035157 39.100000381469734 21.464999198913578 27.404999732971195 38.995000839233406 2.0499999523162846 0.03849999979138375 6.1000001430511483 34.98500061035157 16.445364018137134 9.7750000953674334 0.25000000000000017 34.100000381469734 0.20750000327825549 -2.2950000762939449 51.100000381469734
decision_type=2 2 10 10 2 8 8 10 10 10 10 8 2 10 10 8 8 10 2 10 8 10 2 10 10 8 8 2 8 2 8 8 8 8 8 10 8 8 10 10 8 10 10 10 2 8 8 10 8 10 10 8 8 10 10 10 8 2 8 10 10 8
left_child=1 2 3 4 5 6 21 9 37 17 22 33 16 14 15 -4 -13 18 40 -20 35 -1 57 -24 25 31 -27 -26 -9 30 -30 -8 61 -12 -23 36 44 -7 -39 -19 43 42 -42 -6 45 48 -46 50 49 -15 -47 -2 -17 54 -53 -49 -48 58 -5 -3 -14 -22
right_child=51 59 13 10 7 8 24 28 -10 -11 11 12 60 20 -16 52 -18 39 19 -21 32 34 23 -25 27 26 -28 -29 29 -31 -32 -33 -34 -35 -36 -37 -38 38 -40 -41 41 -43 -44 -45 46 47 56 55 -50 -51 -52 53 -54 -55 -56 -57 -58 -59 -60 -61 -62 -63
leaf_value=-0.23387287269952228 -0.15325800618677637 -0.0063135937834576834 0.37615624792386027 -0.052587813361906349 -0.59936501508877604 0.033925899221515156 -0.084679832380213385 0.15204181538719053 0.23953201401108781 -0.029614017049951782 0.095777000767558768 0.19860985064331224 -0.20960520306054284 1.0547031155696103 0.05140637964166303 0.09536817508796458 -0.72608191848266879 0.21470591957304605 -0.039613276207068268 -0.53057182456056284 0.068518599329072616 -0.069763365225358448 -0.041268091977622032 0.76793115265623091 0.13964025475478556 -0.11881412892835215 0.21545487103011485 -0.11162334383509867 -0.74238872068827266 -0.37786087670066759 0.17528026900559168 0.23954684957125227 -0.012385853422515922 -0.058502181971637084 0.52556072081147576 -0.2643773552304709 0.39189069125335663 0.13510701102074288 0.62635130025446417 -0.091406818242963928 0.083026428813759198 0.045952867761225494 0.59070139690462886 0.097010737239456871 -0.011458364906936382 0.01378909163546347 0.38886538661177716 0.18321131874154845 0.20110835331517612 0.21275351671594206 0.22816597576158407 -0.010256145387064586 0.32345726374509759 -0.031506322093296325 0.041179738938084777 0.81437324275666811 0.0907200562402561 -0.083512925197825619 0.058895839270153495 -0.13195760029739098 0.40793071882699483 0.27466048010405059
leaf_weight=103 1502 88787 756 3286 81 4044 397 265 2337 10609 1385 68 85 102 5523 2871 100 1938 3037 171 1165 110 213 168 719 1566 523 3159 61 849 355 1555 1125 21813 396 353 240 2894 189 372 211 517 464 278 18095 8044 382 227 1005 101 708 78281 690 56010 13515 106 1987 2509 10323 1820 560 1529
leaf_count=103 1502 88787 756 3286 81 4044 397 265 2337 10609 1385 68 85 102 5523 2871 100 1938 3037 171 1165 110 213 168 719 1566 523 3159 61 849 355 1555 1125 21813 396 353 240 2894 189 372 211 517 464 278 18095 8044 382 227 1005 101 708 78281 690 56010 13515 106 1987 2509 10323 1820 560 1529
internal_value=-3.07523e-12 0.0105059 0.0247876 0.00819754 0.0344919 0.0775902 0.0222373 -0.00587795 0.127469 0.00852305 -0.0159484 -0.0413117 0.186374 0.053431 0.10826 0.180996 -0.351802 0.0657583 0.0173878 -0.0657834 0.0380903 0.289588 0.0209629 0.315544 0.00167706 0.0657009 -0.0351269 -0.0650379 -0.172271 -0.24021 0.0407182 0.173605 0.127218 -0.0492912 0.396142 0.0272329 0.0305538 0.0907221 0.165222 0.16541 0.189415 0.264565 0.432006 -0.0601103 0.0277343 0.0710731 0.0059357 0.0440697 0.274157 0.635802 0.0311313 -0.0150104 0.139564 -0.0136056 -0.00268331 0.384122 0.138796 0.0139995 0.0319772 -0.00883737 0.32655 0.185516
internal_weight=362634 213326 122719 77710 37200 17992 8528 19208 9464 17678 40510 24011 813 45009 9840 4317 168 7069 4759 3208 35169 609 16499 381 7919 4041 2089 3878 1530 1265 416 1952 3819 23198 506 31350 30997 7127 3083 2310 1551 1192 675 359 30757 10293 20464 9085 1208 203 8752 149308 3561 147806 91796 333 2369 16118 13609 90607 645 2694
internal_count=362634 213326 122719 77710 37200 17992 8528 19208 9464 17678 40510 24011 813 45009 9840 4317 168 7069 4759 3208 35169 609 16499 381 7919 4041 2089 3878 1530 1265 416 1952 3819 23198 506 31350 30997 7127 3083 2310 1551 1192 675 359 30757 10293 20464 9085 1208 203 8752 149308 3561 147806 91796 333 2369 16118 13609 90607 645 2694
is_linear=0
shrinkage=0.05


Tree=81
num_leaves=63
num_cat=0
split_feature=0 77 79 44 68 70 59 79 74 74 78 30 65 58 6 52 30 32 1 6 59 30 70 5 79 6 44 23 17 68 31 37 64 49 30 68 70 68 46 45 70 5 70 38 58 70 37 9 46 50 50 70 78 62 50 6 44 21 45 10 28 70
split_gain=21299.6 16056.2 14071.6 14831 14647.1 20094.6 15294.3 13505.5 28154 26054.5 19990.8 56150.7 20161.7 18704.3 19547.9 16895.1 17565 15932.2 18980.6 17599.6 24087.1 15587.8 15537.3 16259.3 19205.2 19647.9 18780 18572 16015.3 14598.7 16451.8 14445.1 14424.1 18856.6 18231 15022.5 14325.9 25205.2 20758.9 18961.1 14473.7 14211.2 13317.2 14570.6 13095.7 12892.4 32167.2 18159.1 22486.8 21432.2 16624.5 17250 15141.2 31127.5 31954.4 20018.3 14730.8 14448.5 13620.2 13208.8 12713.1 12740.8
threshold=13.09999990463257 -0.5 -0.5 14.585000038146974 30.500000000000004 33.82500076293946 0.065000534057617201 -0.9330127018922193 1.0000000180025095e-35 1.0000000180025095e-35 -0.6830127018922193 19.755000114440922 18.13333356380463 5.0500001907348642 60.500000000000007 22.088499069213871 15.425000190734865 17.914999961853031 54.399999618530281 53.500000000000007 5.1499986648559579 27.214999198913578 39.245000839233406 60.299999237060554 -0.5 75.500000000000014 26.244999885559086 21.375000000000004 98.009998321533217 5.0499999523162851 34.004999160766609 27.224999427795414 22.298333644866947 13.500000000000002 19.32499980926514 9.8499999046325701 36.18499946594239 9.0999999046325701 28.295000076293949 68.005001068115249 39.014999389648445 75.500000000000014 36.125000000000007 46.98500061035157 -21.80000019073486 35.245000839233406 29.365000724792484 19.164999961853031 25.005000114440922 1.5000000000000002 2.5000000000000004 38.375000000000007 -0.24999999999999994 32.366666666666674 4.5000000000000009 74.500000000000014 34.495000839233406 53.149999618530281 40.965000152587898 107.00999832153322 7.5499999523162851 31.414999961853031
decision_type=10 2 2 8 8 8 10 2 2 2 2 8 8 8 10 8 10 8 10 10 8 10 10 8 2 10 10 8 10 8 8 10 8 2 8 10 8 8 8 10 8 10 8 10 8 10 10 8 10 2 2 10 2 8 2 10 10 8 8 8 8 10
left_child=2 7 4 -4 -1 -6 -7 8 36 10 11 15 -13 17 29 16 -9 18 -10 -19 21 -21 23 24 27 32 41 -11 -27 30 -15 44 33 -26 35 -35 37 39 -38 60 -40 -25 -14 -44 -18 46 57 -48 49 -49 -47 52 56 -54 58 -56 -52 -12 -55 -51 61 -2
right_child=1 -3 3 -5 5 6 -8 9 13 22 45 12 42 14 -16 -17 31 19 -20 20 -22 -23 -24 26 25 28 -28 -29 -30 -31 -32 -33 -34 34 -36 -37 38 -39 40 -41 -42 -43 43 -45 -46 50 47 48 -50 59 51 -53 53 54 55 -57 -58 -59 -60 -61 -62 -63
leaf_value=-0.056580662843773659 -0.024653487204788969 -0.0017942536664308673 -0.041293363334563966 0.0058870017118284497 -0.31567124902297472 0.14012982810441502 0.70262685460461816 0.56539806495361689 0.088955968754554665 0.29696112346914905 0.051631645431135034 -0.024215556041184305 0.066221604745536608 1.395703377823035 1.0379916665228932 0.70393954966217276 -0.65504880352453754 0.11827648053792827 -0.54463844282700002 0.25278301112845825 -0.2462299874259366 1.2850238175715432 -0.30319839651681119 0.16490838369369604 -0.089799949599648266 0.38773766082206018 0.018036805147683285 0.010041419436797736 -0.49864049925137377 0.20329080092113233 0.3743615921262814 0.63288611282542773 -0.14785169511967014 0.097310348051809714 0.39753825988356734 -0.1309487923221975 -0.20962904379751648 -0.063149022287962417 -0.098761702041510302 -0.090486555008825909 0.26782122938012759 0.63656282267814812 0.41306365818756152 0.11833065290590637 0.14322018504602452 -0.46069018645823878 -0.42134118701066869 0.45977633149503805 0.055692709684315347 -0.2087316884072426 0.13489517425723066 -0.075887050618803506 0.079013639744526298 0.9755578437379816 0.65323786581605192 1.6599164138406011 -0.12533070438913771 -0.022540894113486518 0.15086387222295622 0.087739584888975014 0.1806665255533616 0.59453356292270143
leaf_weight=26801 104 159304 23565 56818 209 780 143 395 790 627 20184 5636 8606 60 110 290 55 387 139 53 54 118 488 621 6871 374 2980 5613 59 578 115 144 4647 2000 346 1127 1247 1704 523 490 555 215 612 1332 780 137 405 139 2098 3127 1685 1174 1441 55 303 59 803 9731 558 427 1430 413
leaf_count=26801 104 159304 23565 56818 209 780 143 395 790 627 20184 5636 8606 60 110 290 55 387 139 53 54 118 488 621 6871 374 2980 5613 59 578 115 144 4647 2000 346 1127 1247 1704 523 490 555 215 612 1332 780 137 405 139 2098 3127 1685 1174 1441 55 303 59 803 9731 558 427 1430 413
internal_value=1.60088e-11 0.00790824 -0.018568 -0.00794435 -0.0491396 0.127033 0.227277 0.0241758 0.0829223 0.0181268 0.0361905 0.0805675 0.0521337 0.229015 0.415382 0.357148 0.283953 0.124645 -0.00584449 0.322724 0.674373 0.96509 -0.0237324 -0.01838 -0.0351432 -0.0650868 0.0767869 0.0388713 0.266961 0.32443 0.724536 0.170398 -0.0746776 -0.0418045 0.0531499 0.0150436 0.0286063 0.0843727 -0.0707179 0.187523 0.0899707 0.286207 0.0929208 0.211117 0.0906396 0.0174756 0.00602746 -0.0976646 -0.075028 -0.149291 0.0839927 0.09627 0.137484 0.22664 0.444824 0.81731 0.0509075 0.0275042 0.224858 -0.173112 0.257489 0.469978
internal_weight=362634 254318 108316 80383 27933 1132 923 95014 8870 86144 60176 17850 16186 2404 863 1664 1374 1541 929 612 225 171 25968 25480 21664 15424 3816 6240 433 753 175 979 14991 10344 3473 3127 6466 4141 2325 2437 1078 836 10550 1944 835 42326 36111 6196 5791 3693 6215 6078 4904 2416 975 362 2488 29915 613 3554 1947 517
internal_count=362634 254318 108316 80383 27933 1132 923 95014 8870 86144 60176 17850 16186 2404 863 1664 1374 1541 929 612 225 171 25968 25480 21664 15424 3816 6240 433 753 175 979 14991 10344 3473 3127 6466 4141 2325 2437 1078 836 10550 1944 835 42326 36111 6196 5791 3693 6215 6078 4904 2416 975 362 2488 29915 613 3554 1947 517
is_linear=0
shrinkage=0.05


Tree=82
num_leaves=63
num_cat=0
split_feature=67 50 76 9 0 50 51 65 67 51 6 9 64 44 38 69 64 78 51 77 44 65 44 67 31 47 25 6 56 0 44 19 51 10 9 73 6 51 44 68 73 45 24 47 68 73 51 0 46 51 22 35 39 62 46 50 24 25 44 51 69 44
split_gain=20792 24384.5 19153.3 17016.1 16946.7 16447.8 23686.2 27436.1 24918.7 24805.8 29123.5 42157.7 32539.4 24284 24278.4 23654.1 22868.9 22287.5 28177.6 23427.6 27762.6 22287.1 19969.4 18652.7 18158 17013.4 16528.7 17842.1 16476.7 15868.6 18005.7 20860 19376.4 18772.7 16591.1 14975.9 14359.8 16480.8 16046.9 14331.9 14007 15391 13998.5 13796.8 13766.8 13754.8 15147.6 14998 13644.7 13641.8 26943.1 13390.9 14352.9 13246.6 13216.7 13297.6 13175.7 13170.9 13522.2 13167.5 38023.4 19443.4
threshold=44.149999618530281 2.5000000000000004 0.91597561503675362 22.265000343322757 46.149999618530281 6.5000000000000009 2.5000000000000004 0.97083332637945829 86.500000000000014 5.5000000000000009 58.20000076293946 39.295000076293952 21.980833371480312 36.82500076293946 73.009998321533217 89.500000000000014 36.276000213623057 -0.5 4.5000000000000009 0.37940952255126048 34.864999771118171 17.349999984105434 34.495000839233406 112.50000000000001 53.004999160766609 11.867362022399904 45.944999694824226 81.500000000000014 -27.499999999999996 61.500000000000007 24.115000724792484 -3.0717743635177608 4.5000000000000009 99.005001068115249 31.535000801086429 -4.385000228881835 74.500000000000014 2.5000000000000004 28.445000648498539 2.4500000476837163 -9.7649993896484357 122.02000045776369 164.0100021362305 -2.0784975290298457 22.500000000000004 -1.0200002193450926 1.5000000000000002 40.049999237060554 12.00500011444092 1.5000000000000002 0.033500000834465034 3.0499999523162846 17.295000076293949 16.916666587193809 20.005000114440922 5.5000000000000009 142.0350036621094 8.4449996948242205 34.674999237060554 1.5000000000000002 73.500000000000014 27.804999351501468
decision_type=8 2 2 8 10 2 2 8 10 2 10 8 10 8 10 8 10 2 2 2 10 10 10 8 10 10 10 10 8 8 10 8 2 10 8 10 10 2 8 8 8 8 10 8 10 8 2 10 10 2 10 8 10 8 8 2 10 8 10 2 10 10
left_child=-1 3 5 4 -2 6 8 -8 21 16 14 12 -12 -14 25 17 23 29 19 20 36 35 39 26 28 -11 27 56 -10 40 31 -31 33 43 -34 42 -19 38 -38 48 53 -42 -3 51 -20 46 -26 -48 -23 54 -51 -32 -53 -7 55 -30 57 58 -9 60 61 -5
right_child=1 2 -4 59 -6 15 7 9 24 10 11 -13 13 -15 -16 -17 -18 18 44 -21 -22 22 -24 -25 45 -27 -28 -29 49 30 32 -33 34 -35 -36 -37 37 -39 -40 -41 41 -43 -44 -45 -46 -47 47 -49 -50 50 -52 52 -54 -55 -56 -57 -58 -59 -60 -61 -62 -63
leaf_value=-0.016476495199305635 -0.021982492789334354 -0.12068107234422676 -0.026333445613371521 -0.11029586975359072 0.16511537167071724 -0.20587043246737233 -0.41544651220240714 0.16829675482528611 0.98341394580327557 0.027046138435736691 0.71301098709112742 1.3834403565724691 0.13382438080192641 -0.60370640875273995 -0.16152642661779384 -0.075420402740920656 -0.17451158086356888 0.074441983823584676 -0.084271684631013477 -0.049386722198312437 -0.12883916072578325 -0.16778509576244566 -0.33628225764559205 0.26992930935836856 -0.29335226921592744 -0.63280014892419179 -0.064059917473189468 0.36809805005739055 0.12668171313440063 0.46140317553912258 0.85380742189131298 0.077527277475151604 -0.27666151875074008 -0.34243039363453837 0.07468855653997257 0.04524966479100033 1.4522948994636538 -0.1320931455606352 0.42455370361574851 -0.067611475755332259 0.012856907777816146 0.11027610523009435 0.40912879290284981 0.34268138319102898 -0.60424814135875815 0.070568241840124557 -0.055009409020671488 0.77894800407156151 0.28465681827908001 -0.011377272397149061 0.66507867279684774 0.16042538795647232 -0.10400459300250978 0.34307560974467299 0.24994554167623689 -0.25855637255481373 0.28001836625486615 0.071773332773524254 0.74561221561798796 -0.044222603155271954 -0.49498113804739435 0.61090796301045369
leaf_weight=125309 17537 2247 25271 2556 1300 135 299 2352 65 7376 213 75 754 131 2506 7999 813 10803 9621 9366 1779 236 653 1439 588 99 1737 585 585 686 57 731 670 203 674 12893 50 92 158 10322 54995 4377 132 740 129 4169 224 71 567 253 352 1654 744 591 859 363 875 24448 106 5209 714 97
leaf_count=125309 17537 2247 25271 2556 1300 135 299 2352 65 7376 213 75 754 131 2506 7999 813 10803 9621 9366 1779 236 653 1439 588 99 1737 585 585 686 57 731 670 203 674 12893 50 92 158 10322 54995 4377 132 740 129 4169 224 71 567 253 352 1654 744 591 859 363 875 24448 106 5209 714 97
internal_value=2.09642e-11 0.00869969 0.0144915 -0.0356505 -0.00907029 0.020079 0.0374535 0.0618723 0.00651731 0.0651526 0.000852366 0.236528 0.158187 0.0246532 -0.026845 0.00726135 0.0873193 0.0139925 -0.0202747 0.0107865 0.0545361 -0.0158756 -0.067556 0.094068 0.0869702 0.018307 0.0856614 0.0948296 0.197863 0.0305414 0.106977 0.26337 0.0602444 0.123809 -0.100464 0.023981 0.0839177 0.425139 0.671607 -0.0517827 0.0227081 0.0200388 -0.0912843 0.153432 -0.0911514 0.0325992 -0.146668 0.145706 0.151685 0.176694 0.382197 0.0963875 0.0783837 0.240999 0.107889 -0.0208303 0.0890752 0.0828657 0.193193 -0.0940334 -0.171094 -0.0839269
internal_weight=362634 237325 209912 27413 18837 184641 78387 43808 34579 43509 11154 1173 1098 885 9981 106254 32355 98255 31998 22248 12882 27050 11778 31542 7529 7475 30103 28366 2477 66257 6159 1417 4742 3398 1344 15272 11103 300 208 11125 60098 59372 2379 3195 9750 5052 883 295 803 2412 605 2455 2398 726 1807 948 27781 26906 2458 8576 3367 2653
internal_count=362634 237325 209912 27413 18837 184641 78387 43808 34579 43509 11154 1173 1098 885 9981 106254 32355 98255 31998 22248 12882 27050 11778 31542 7529 7475 30103 28366 2477 66257 6159 1417 4742 3398 1344 15272 11103 300 208 11125 60098 59372 2379 3195 9750 5052 883 295 803 2412 605 2455 2398 726 1807 948 27781 26906 2458 8576 3367 2653
is_linear=0
shrinkage=0.05


Tree=83
num_leaves=63
num_cat=0
split_feature=47 67 6 35 58 51 51 79 37 53 49 6 51 6 68 70 79 62 67 78 68 12 6 79 78 30 52 43 78 38 9 9 69 31 58 67 70 64 78 40 33 67 35 59 45 23 6 6 78 30 23 39 37 70 51 9 70 68 15 42 42 79
split_gain=20189.2 16887.3 14858.5 13650.8 16317.1 13249 54436.3 34313.4 30374.4 32734 23356.5 18436.4 16644.8 20477.9 19643.1 16596.2 24819.6 19285.3 16884.9 16099.4 15522.5 24935.8 17940.2 13816.9 29413.2 66112.7 23992.8 18487.8 20177.8 23821.6 19229.6 18382.7 17325.8 19019.7 16829.9 15367.1 14769.3 20562.5 26878.7 14504.3 13796.5 13740.6 13445.1 13419.6 13299.5 12710.6 12497.7 12471.5 12441.6 12412.8 12397.5 12366.7 12146.7 13277.1 18749.4 21671.6 11878.8 12438.2 17846.3 11178.7 11060.7 10996.5
threshold=-11.397787094116209 122.50000000000001 5.0999999046325692 33.049999237060554 11.199998855590822 4.5000000000000009 3.5000000000000004 -0.9330127018922193 29.904999732971195 0.99724000692367565 10.500000000000002 63.500000000000007 5.5000000000000009 48.20000076293946 24.399999618530277 35.885000228881843 -0.9330127018922193 75.916666666666671 131.50000000000003 -0.24999999999999994 18.500000000000004 -0.5984915792942046 47.299999237060554 -0.5 -0.6830127018922193 19.545000076293949 16.951498985290531 0.21350000053644183 -0.24999999999999994 56.995000839233406 27.125000000000004 18.714999198913578 29.19999980926514 447.50000000000006 22.10000038146973 86.500000000000014 32.135000228881843 27.210000133514409 -0.24999999999999994 -1.5633060932159422 -0.089054096490144716 19.500000000000004 18.750000000000004 2.9049997329711919 48.995000839233406 21.644999504089359 27.10000038146973 41.049999237060554 -0.24999999999999994 20.285000801086429 29.675000190734867 23.214999198913578 19.054999351501468 28.134999275207523 1.0000000180025095e-35 24.355000495910648 36.93499946594239 4.7000000476837167 0.44949999451637274 16.050000190734867 3.0499999523162846 -0.5
decision_type=8 8 8 10 8 2 2 2 8 10 2 10 2 10 10 10 2 10 8 2 10 8 10 2 2 8 8 10 2 10 10 10 10 8 10 8 10 8 2 8 10 8 8 8 8 8 10 10 2 8 10 8 8 10 2 10 10 10 10 8 8 2
left_child=1 3 -2 4 -1 6 15 10 9 19 -7 -11 13 56 -14 23 18 40 -17 -8 -10 -22 -23 44 25 26 34 36 29 52 -31 -28 -27 42 -25 59 37 -26 46 51 -18 -21 60 49 -4 -36 -39 -19 -38 -13 -6 -33 -29 54 55 -54 57 58 -12 -30 -34 -42
right_child=2 -3 5 -5 50 7 8 -9 20 11 12 43 14 -15 -16 16 17 47 -20 41 21 22 -24 24 27 32 31 28 35 30 -32 39 33 -35 45 -37 48 38 -40 -41 61 -43 -44 -45 -46 -47 -48 -49 -50 -51 -52 -53 53 -55 -56 -57 -58 -59 -60 -61 -62 -63
leaf_value=0.020026100626433674 -0.041196680957187433 0.25142136108873953 -0.068490150874108702 -0.062186246195784535 0.14816314504508363 0.0056386574056275377 -0.0097556629948642691 -0.027468152342775318 -0.052072822063615277 0.13067393428281154 0.31195997511751433 0.35335710311929391 0.12584408808423966 0.72346338202221128 -0.75902917890837696 -0.10464099711143959 0.034179484468954142 0.10235521026660462 0.13846255407694338 -0.2116686690123705 0.0098141984388811429 0.29285243325575722 1.5125422305182408 0.15496301227454823 -0.0048107546972963322 -0.085639108724843982 0.12374086681032373 -0.25155944182956946 0.010784891162495248 -0.23679346273403823 -0.70452641543326733 0.74283290789355338 0.48857473803559942 0.27515254659993077 1.3289079302374054 0.11762276180204852 -0.32416561051905057 -0.2160881842583573 -0.070696994666118146 0.27376388265721258 0.25973221482340209 0.086865767084167614 -0.024874302777763337 0.14412808656820414 -0.0077379935314118263 0.38426082013964152 -0.69378797928891878 0.96811076903029503 0.089087732770395944 0.99222911789167856 0.015900320138609734 1.5337476037442686 0.27955467443066567 -0.21869120376088877 0.042771445661901247 1.5264981818988044 -0.11236087277262885 0.23266220891515055 1.492469886120628 -0.085410964724170632 0.055555250693156526 0.064898690891779395
leaf_weight=36924 25593 844 19655 4039 4885 3098 9122 75697 7002 11225 86 165 1261 267 66 4418 15931 74 852 398 283 64 57 2695 50521 3901 186 393 4306 1336 263 217 150 761 51 1386 189 288 4109 124 1313 12213 8576 233 16631 118 261 95 5011 141 2780 64 110 253 434 51 201 738 51 10113 8750 1615
leaf_count=36924 25593 844 19655 4039 4885 3098 9122 75697 7002 11225 86 165 1261 267 66 4418 15931 74 852 398 283 64 57 2695 50521 3901 186 393 4306 1336 263 217 150 761 51 1386 189 288 4109 124 1313 12213 8576 233 16631 118 261 95 5011 141 2780 64 110 253 434 51 201 738 51 10113 8750 1615
internal_value=1.48895e-11 0.0296825 -0.00468912 0.025834 0.0338071 -0.00144002 0.00530732 -0.0185106 0.0569489 0.0772087 0.099045 0.14439 0.207424 0.331519 0.0818338 -0.00747891 0.0306842 0.0572786 -0.0653385 0.0408437 -0.0346853 0.26667 0.867417 -0.0140599 -0.00483882 0.0417476 0.245169 -0.0199265 -0.063447 -0.186152 -0.313725 0.535224 0.0100003 0.0304581 0.185315 -0.0413981 -0.00648734 -0.0140787 -0.1146 0.724201 0.0525136 0.0774441 0.0198027 0.430037 -0.0406456 0.669332 -0.443191 0.589023 0.0740676 0.647739 0.100193 0.92297 -0.021778 0.0847127 0.213723 0.674549 0.234261 0.313885 0.75142 -0.0566836 0.0628533 0.152268
internal_weight=362634 49472 313162 48628 44589 287569 206104 81465 40903 33497 5768 11764 2670 1343 1327 165201 24298 19028 5270 21733 7406 404 121 140903 104617 25593 3455 79024 18645 2840 1599 591 22138 18237 2864 15805 60379 55179 4658 405 18859 12611 17476 539 36286 169 549 169 5200 306 7665 281 1241 848 595 161 1076 875 137 14419 8900 2928
internal_count=362634 49472 313162 48628 44589 287569 206104 81465 40903 33497 5768 11764 2670 1343 1327 165201 24298 19028 5270 21733 7406 404 121 140903 104617 25593 3455 79024 18645 2840 1599 591 22138 18237 2864 15805 60379 55179 4658 405 18859 12611 17476 539 36286 169 549 169 5200 306 7665 281 1241 848 595 161 1076 875 137 14419 8900 2928
is_linear=0
shrinkage=0.05


Tree=84
num_leaves=63
num_cat=0
split_feature=47 67 62 55 77 35 43 9 40 67 16 29 46 34 78 69 25 43 78 71 12 19 70 79 25 11 5 42 24 52 31 47 42 4 79 34 70 33 16 17 1 70 79 30 30 23 19 16 78 31 40 37 4 61 71 30 29 30 22 71 16 39
split_gain=18611.9 15445.2 15313.7 16607.7 14263.1 14083.5 13516.4 13847.6 11905.6 11447.5 12005.1 11034.7 11019.5 10550.4 9984.5 9851.04 9708.64 9087.3 10199.1 12163.2 10134.8 9021.53 14050.3 11495.4 8651.94 8505.67 10874.9 8453.59 8117.21 8115.3 9549.18 7989.53 7796.73 7793.47 12086.5 7837.36 7517.74 7448.62 8444.86 8000.87 9327.26 7437.29 7930.44 7376.83 7003.36 10677.9 6988.15 8808.23 6979.71 7737.26 6978.43 6965.76 11712.1 6867.42 6855.02 6837.69 6679.54 6369.89 8283.62 6321.73 6313.59 7623.35
threshold=-13.455554008483885 122.50000000000001 6.9249999920527143 1.6000000834465029 -0.5 37.049999237060554 0.22649999707937243 13.50500011444092 -5.6731388568878165 61.500000000000007 30.704999923706058 0.035499999299645431 37.004999160766609 -6.1205523014068595 -0.6830127018922193 98.500000000000014 18.005000114440922 0.74349999427795421 1.0000000180025095e-35 0.14499999972758817 -11.754893779754637 -0.65334764122962941 35.764999389648445 -0.9330127018922193 14.904999732971193 12.744999885559084 49.149999618530281 1.0000000180025095e-35 110.04499816894533 6.634700059890748 40.989999771118171 -5.411686658859252 15.84999990463257 40.049999237060554 -0.9330127018922193 3.5114457607269292 36.065000534057624 -8.3652286529540998 12.914999961853029 46.995000839233406 54.399999618530281 20.744999885559086 0.25000000000000017 28.744999885559086 13.565000057220461 15.835000038146974 -0.17138110101222989 27.015000343322757 0.93301270189221952 11.034999847412111 -11.400064945220945 29.724999427795414 44.100000381469734 -0.004000000422820448 1.2460000113351273 14.954999923706056 0.68549999594688427 15.114999771118166 0.042500000447034843 0.0025000000605359678 13.675000190734865 21.005000114440922
decision_type=8 8 10 10 2 10 10 10 10 8 8 10 10 8 2 10 8 10 2 8 8 10 10 2 8 10 10 10 10 10 8 8 8 10 2 10 10 8 8 10 10 8 2 10 8 10 8 10 2 10 8 8 10 8 8 10 8 8 10 8 10 10
left_child=1 5 24 9 6 12 7 14 13 10 16 32 17 -8 -5 29 59 18 25 -20 -21 37 -23 -24 53 26 -1 -18 -14 -11 46 -9 51 -15 35 -35 -19 38 -6 40 -39 42 55 -34 45 60 47 -31 -26 -50 -22 -10 -53 -2 -28 -33 -3 -44 -59 -4 61 -41
right_child=2 56 3 4 21 -7 8 31 11 15 -12 -13 28 33 -16 -17 27 36 19 20 50 22 23 -25 48 -27 54 -29 -30 30 -32 41 43 34 -36 -37 -38 39 -40 44 -42 -43 57 -45 -46 -47 -48 -49 49 -51 -52 52 -54 -55 -56 -57 -58 58 -60 -61 -62 -63
leaf_value=0.012727442653178487 -0.27869826211352594 0.20906946696862791 -0.11497048425327337 0.34000116222693877 -0.13082145986052698 -0.11652940584896694 0.12521671168948609 0.091618354132959462 0.062613615164182276 0.060045173852618441 -0.074316679600624602 -0.12308999354381729 0.2275337700619845 0.0057565285798681989 -0.061690860372666703 -0.075117193105332589 0.12637313268098863 0.21515499236583394 -0.1381816620334983 0.030694069815871496 0.17797313430276898 -0.0014810926004347235 -0.11941521355310586 0.13744404218435341 -0.031595530391933351 -0.048525879351452882 0.42388777948860357 0.030579779952915415 -0.16101572265554417 0.23885469534993173 0.090406034971089955 -0.34347383567633538 -0.053388130727191757 0.21703636736150772 0.082030686100175776 1.0088880875177924 -0.16648660490327344 -0.0015295609130950307 -0.031555178111077116 -0.091120462497617016 0.094795707566294268 0.019317340278563702 0.096296938431708057 0.033539649776109501 -0.017779794444217695 -0.1170856018007141 0.258961639714123 1.1683083401276517 0.42297254891964758 0.041822343315205478 0.064634444943809558 -0.044791309088239729 0.5122174202589338 -0.076903355613989088 0.091827926547644101 0.084987877580252558 0.63503135416296219 0.21038307978353099 0.70331286542045257 0.0022803480034197074 0.167430887968639 0.18150504985824228
leaf_weight=5262 459 357 1271 161 2271 1490 2168 8746 4756 12504 3718 2681 1162 26941 3951 1197 2928 1056 750 7343 2691 29861 505 3169 22706 5903 268 10791 152 50 1159 156 12792 63 821 62 147 40588 37877 1175 2679 14300 1227 3016 47048 4412 505 52 147 1413 2742 3485 97 5176 370 231 124 494 103 12035 542 328
leaf_count=5262 459 357 1271 161 2271 1490 2168 8746 4756 12504 3718 2681 1162 26941 3951 1197 2928 1056 750 7343 2691 29861 505 3169 22706 5903 268 10791 152 50 1159 156 12792 63 821 62 147 40588 37877 1175 2679 14300 1227 3016 47048 4412 505 52 147 1413 2742 3485 97 5176 370 231 124 494 103 12035 542 328
internal_value=-3.55431e-11 0.0378445 -0.00339048 -2.07909e-05 -0.00498801 0.0332365 0.0115804 0.0391266 -0.00264203 0.0275731 0.00992141 -0.026854 0.0412503 0.0189695 -0.0459631 0.0626586 0.0215106 0.0342506 0.0278734 0.0575117 0.0689997 -0.0133717 0.00987114 0.102138 -0.0375275 -0.00609152 0.0363644 0.0510246 0.182587 0.0742155 0.174548 0.0529797 -0.0161686 0.0107096 0.151767 0.609795 0.16852 -0.0190645 -0.0371702 -0.0115529 0.00443469 0.0325126 0.117855 -0.0368032 -0.0244813 -0.0733107 0.335207 0.712694 -0.0245667 0.0777384 0.120772 0.0229525 -0.0297076 -0.0933406 0.231314 -0.0877254 0.318881 0.161473 0.295428 -0.00891955 0.0211319 -0.0316253
internal_weight=362634 29817 332817 302916 256706 29336 86251 29369 56882 46210 30743 26827 27846 30055 4112 15467 27025 26532 25329 13526 12776 170455 33535 3674 29901 11803 5900 13719 1314 14270 1766 25257 24146 27887 946 125 1203 136920 40148 96772 43267 16511 2211 15808 53505 6457 607 102 24266 1560 5433 8338 3582 5635 638 387 481 1824 597 13306 2045 1503
internal_count=362634 29817 332817 302916 256706 29336 86251 29369 56882 46210 30743 26827 27846 30055 4112 15467 27025 26532 25329 13526 12776 170455 33535 3674 29901 11803 5900 13719 1314 14270 1766 25257 24146 27887 946 125 1203 136920 40148 96772 43267 16511 2211 15808 53505 6457 607 102 24266 1560 5433 8338 3582 5635 638 387 481 1824 597 13306 2045 1503
is_linear=0
shrinkage=0.05


Tree=85
num_leaves=63
num_cat=0
split_feature=76 69 38 50 51 77 9 49 70 70 37 50 66 69 23 70 70 5 48 50 44 2 49 70 69 70 65 5 50 69 42 50 69 37 51 45 29 10 68 51 70 16 23 68 28 16 68 72 51 50 50 44 51 0 39 69 9 50 50 32 44 50
split_gain=17204 14862.9 14381.2 16689.7 38818.6 34903.1 22362.3 37998.8 20352.3 19663.5 36492.3 18418.2 19722 19262.7 21199.4 20617.2 18321.1 17844.7 17662.7 17624.4 17218 17233.3 15835.4 15366.9 16356.2 16220.7 15684.5 16045.9 15294.4 23826.9 16863.4 13877.1 17035.1 16272.3 13950.5 13567.7 13297.2 12653.1 12625.3 12358.8 17226 12316.5 13308.4 12290 23818.4 12220.8 11493 11377.1 12243.6 11903.9 11216.2 20117.6 17656.8 20335 17445.9 16952.7 14211.9 28182.6 13913.3 16342.8 12733 21197.1
threshold=0.91597561503675362 11.500000000000002 56.995000839233406 6.5000000000000009 3.5000000000000004 0.37940952255126048 32.664999008178718 12.500000000000002 18.654999732971195 32.135000228881843 27.384999275207523 4.5000000000000009 1.0900000054389241 66.500000000000014 21.554999351501468 31.664999961853031 25.214999198913578 70.500000000000014 -10.892899990081785 4.5000000000000009 24.644999504089359 47.250000000000007 19.500000000000004 36.774999618530281 108.50000000000001 32.565000534057624 26.16666674613953 68.500000000000014 8.5000000000000018 39.499999046325691 3.6499999761581425 2.5000000000000004 46.249999523162849 36.204999923706062 3.5000000000000004 557.60501098632824 0.16849999874830249 22.994999885559086 5.0499999523162851 4.5000000000000009 19.304999351501468 11.585000038146974 7.0750000476837167 6.8499999046325692 6.9500000476837167 26.875000000000004 7.7500000000000009 1.1664598584175112 1.5000000000000002 6.5000000000000009 9.5000000000000018 33.335000991821296 3.5000000000000004 64.250000000000014 20.994999885559086 100.50000000000001 30.355000495910648 3.5000000000000004 5.5000000000000009 27.814999580383304 23.925000190734867 11.500000000000002
decision_type=2 8 10 2 2 2 10 2 8 10 10 2 10 8 8 10 8 10 8 2 10 10 2 8 8 10 10 10 2 10 8 2 8 10 2 8 10 10 8 2 10 8 8 10 8 10 10 8 2 2 2 10 2 10 8 8 10 2 2 8 10 2
left_child=1 -1 3 4 9 6 7 19 -7 10 16 12 18 14 -13 -15 20 43 -9 -6 38 22 -22 24 28 -26 -25 -28 46 39 45 -4 -33 50 47 37 -12 -32 -3 -30 -41 42 -20 44 -16 -31 -5 48 -35 -50 52 60 53 -34 -53 -55 -54 -58 59 -57 -52 -62
right_child=-2 2 31 23 5 8 -8 11 -10 -11 36 13 -14 15 17 -17 -18 -19 41 -21 21 -23 -24 26 25 -27 27 -29 29 30 35 32 33 34 -36 -37 -38 -39 -40 40 -42 -43 -44 -45 -46 -47 -48 -49 49 -51 51 54 56 55 -56 58 57 -59 -60 -61 61 -63
leaf_value=-0.055290103890493061 -0.029264531112781461 0.07612433297543246 -0.041583540421620019 -0.062992154078524848 -0.015863950628538719 -0.10529561257757501 -0.046819533927170226 -0.14888746536876027 0.047788583179826788 0.053556180612294446 -0.20313671658380339 0.71928752098906923 0.096301591044054696 0.93224042980038391 1.4244445199767748 0.25881050586182064 -0.035396383362113024 -0.64897177168007558 0.2387537962403791 0.15670361559549792 0.3070730105353191 -0.4519858726076782 -0.04778181672394638 0.037069499437420037 -0.38354218902740644 0.061241476843133573 0.174876688956874 0.83076438851726864 -0.0020533284235585143 0.21182618375847137 0.14336468820556839 -0.020228856868493367 0.052255291408858276 -0.24357890080746644 -0.25106144582365919 0.19888118699783805 0.10702129285110487 0.020235449358057267 -0.02983035728576261 0.055419265863682024 -0.12447806281929369 0.27996324977501963 0.85248960308396815 0.17518885799220849 0.33296405324320144 0.8486413856399686 0.0024566880356185314 0.25103211618411397 0.21144635769581008 -0.22580823339601147 0.016702960596918105 1.1549228749629381 0.032005333639401931 0.15066708616546232 0.0040981639546179586 1.1883682202676249 -0.43454750628595501 -0.029730425362731988 0.18848814397421948 0.25240580502610943 -0.12402957872670724 0.10412737696891894
leaf_weight=10213 44112 5432 22965 15305 3627 2575 1640 190 13844 13695 3160 232 3495 245 57 212 15910 58 145 2499 1327 100 412 10003 558 324 985 103 19122 364 2279 51269 20372 606 991 1254 388 24699 5828 1776 5307 1113 226 1618 406 95 11941 326 461 235 11509 69 12816 1923 63 116 467 5417 166 78 4604 1307
leaf_count=10213 44112 5432 22965 15305 3627 2575 1640 190 13844 13695 3160 232 3495 245 57 212 15910 58 145 2499 1327 100 412 10003 558 324 985 103 19122 364 2279 51269 20372 606 991 1254 388 24699 5828 1776 5307 1113 226 1618 406 95 11941 326 461 235 11509 69 12816 1923 63 116 467 5417 166 78 4604 1307
internal_value=4.63691e-12 0.00405283 0.00601862 0.0155973 0.0326312 0.0748005 0.127944 0.148238 0.0237803 0.00328991 -0.0178544 0.22002 0.163894 0.322607 0.265317 0.61984 0.000658443 0.216079 0.305013 0.0545321 0.0444505 0.186298 0.223002 0.00140144 -0.00598299 -0.220152 0.0566792 0.236969 -0.00368335 0.0115164 0.0429977 -0.00615568 0.00105741 0.018795 -0.103155 0.03811 -0.169219 0.0306369 0.0212838 -0.0229515 -0.0793704 0.363127 0.61262 0.240189 0.467336 0.343629 -0.0343081 -0.0131207 -0.0792604 0.0638101 0.0242169 -0.00927276 0.0384307 0.0681132 0.605666 0.209619 0.00247043 -0.0618599 0.524521 0.812053 -0.0139325 -0.0735811
internal_weight=362634 318522 308309 172549 78434 32182 15763 14123 16419 46252 32557 7997 5169 2828 2371 457 29009 2139 1674 6126 13099 1839 1739 94115 83024 882 11091 1088 82142 54896 28691 135760 112795 61526 2619 28232 3548 26978 11260 26205 7083 1484 371 2081 463 459 27246 1628 1302 696 58907 17552 41355 22655 132 2283 18700 5884 360 194 17420 5911
internal_count=362634 318522 308309 172549 78434 32182 15763 14123 16419 46252 32557 7997 5169 2828 2371 457 29009 2139 1674 6126 13099 1839 1739 94115 83024 882 11091 1088 82142 54896 28691 135760 112795 61526 2619 28232 3548 26978 11260 26205 7083 1484 371 2081 463 459 27246 1628 1302 696 58907 17552 41355 22655 132 2283 18700 5884 360 194 17420 5911
is_linear=0
shrinkage=0.05


Tree=86
num_leaves=63
num_cat=0
split_feature=47 35 58 62 55 77 43 23 70 37 34 67 16 46 62 49 78 36 40 62 25 68 73 70 47 51 70 19 70 72 68 5 18 70 67 22 16 6 22 68 43 39 51 45 11 4 67 70 58 4 49 15 3 22 32 54 58 1 51 64 10 73
split_gain=16289.3 13847.3 16600.8 13267.3 15074.4 12322.1 12220.3 13017.8 11728.6 13700.4 10968.8 9969.56 10869.5 9735.49 9020.15 10564.8 13535.8 8962.36 8884.04 9566.1 8875.25 8596.65 9378.16 8576.22 8486.94 8413.38 9182 8329.49 12418.2 9025.58 8509.82 8003.28 7959.68 7921.81 7896.02 8845.96 7869.47 9280.69 7637.3 7598.32 7358.19 11483.6 13060 8994.73 8714.53 7330.94 7077.94 9890.34 11605 7069.66 10231.9 6995.65 6982.06 6978.29 7514.19 6959.79 6758.6 6545.51 8880.33 9558.75 9326.71 6759.4
threshold=-13.455554008483885 34.549999237060554 11.199998855590822 6.9249999920527143 1.6000000834465029 -0.5 0.22649999707937243 16.125000000000004 22.994999885559086 14.25500011444092 -6.4905025959014884 61.500000000000007 29.73499965667725 37.004999160766609 12.708333333333334 12.500000000000002 -0.24999999999999994 0.14850000292062762 -5.6731388568878165 72.183333333333351 18.005000114440922 34.500000000000007 -8.1500000953674299 20.744999885559086 -5.411686658859252 1.0000000180025095e-35 19.714999198913578 -0.65334764122962941 35.764999389648445 0.80795574188232433 7.7500000000000009 49.149999618530281 13.244999885559084 13.885000228881838 102.50000000000001 0.56149998307228099 30.204999923706058 78.500000000000014 0.040500000119209296 12.650000095367433 0.44850000739097601 26.454999923706058 3.5000000000000004 63.995000839233406 33.004999160766609 13.050000190734865 29.649999618530277 20.064999580383304 23.250000000000004 9.1500000953674334 13.500000000000002 0.089500002562999739 34.20000076293946 0.017500000074505809 22.954999923706058 3.2758620977401738 -7.5500001907348624 50.049999237060554 4.5000000000000009 16.868333260218304 44.995000839233406 0.81999993324279796
decision_type=8 10 8 10 10 2 10 10 8 8 8 8 8 10 10 2 2 8 10 10 8 10 8 10 8 2 8 10 10 10 10 10 8 8 10 10 8 8 10 10 8 8 2 10 10 10 10 10 8 10 2 8 10 10 10 8 8 10 2 10 10 10
left_child=1 2 13 32 11 6 7 25 9 -9 38 12 20 -1 15 -11 -17 31 -19 56 -5 22 -13 -4 -10 -6 49 29 -29 -7 -31 46 53 52 35 -24 37 -37 -8 -28 -25 43 44 -42 -43 -46 -12 48 -48 50 -27 -40 -32 -2 -55 -22 -20 -35 -59 -60 61 -61
right_child=3 -3 23 4 5 27 10 8 24 14 17 21 -14 -15 -16 16 -18 18 19 -21 55 -23 34 40 -26 26 39 28 -30 30 33 -33 -34 57 -36 36 -38 -39 51 -41 41 42 -44 -45 45 -47 47 -49 -50 -51 -52 -53 -54 54 -56 -57 -58 58 59 60 -62 -63
leaf_value=0.019098801152582012 -0.065465530920263706 -0.095611523978028579 0.35478770814132038 -0.007667958235560695 -0.13951872368912244 -0.03599624058354476 -0.011835544092890213 -0.31475215483067642 0.090517289509960838 0.22659017236169526 -0.033864126498419758 0.34728430419209161 -0.064065250898197729 0.17460703946875136 0.15151092775627734 1.3883953396920805 0.38496423676777425 0.0053706248565968838 -0.094072418749603398 0.57330923108384013 0.026217739714677796 -0.47501272690296176 0.056059921196062026 0.065940104349903592 0.020451991446219855 0.06333881152417159 -0.021999651519450481 -0.00089911794147046274 0.096515912212665658 -0.022397252728911531 -0.091417033832822028 -0.29115880907618052 -0.024334974787989141 0.004405508781267011 -0.05362737818453777 0.26696063225183764 0.079248509713639781 0.91845249401465545 0.61922666990797826 -0.22269341712550983 0.22208432503991449 0.38511153166363771 0.093850686232146541 -0.094602236861113312 0.50226787281036378 1.3049096094839501 0.23551252710530407 0.07255801456573821 1.0126620153211199 0.012758250008358852 0.37946711652565845 0.12165146919537456 -0.54419211422403657 -0.28114408646517364 0.14146670603849851 0.10412676516567994 -0.025438698668573186 0.11681138448059339 0.62999986478915582 -0.095664457825965082 -0.17425735382398097 0.24794840673231269
leaf_weight=21869 3442 1889 381 13020 1162 46278 1372 134 6828 254 988 282 4288 1055 1469 54 89 26571 4457 64 9289 75 12507 3201 11776 868 3017 29861 3674 50892 753 151 25574 34453 1475 462 604 62 73 559 600 154 194 358 50 66 513 2081 53 2796 363 2185 96 763 122 4146 18374 3045 52 263 774 314
leaf_count=21869 3442 1889 381 13020 1162 46278 1372 134 6828 254 988 282 4288 1055 1469 54 89 26571 4457 64 9289 75 12507 3201 11776 868 3017 29861 3674 50892 753 151 25574 34453 1475 462 604 62 73 559 600 154 194 358 50 66 513 2081 53 2796 363 2185 96 763 122 4146 18374 3045 52 263 774 314
internal_value=-3.06434e-11 0.0354045 0.0442662 -0.00317188 -3.54091e-05 -0.00476778 0.0106321 0.0368243 0.058536 0.173591 -0.00289131 0.0262539 0.00978101 0.0262555 0.208659 0.420124 0.763882 -0.00862385 -0.0142986 -0.037126 0.0217505 0.0589963 0.0615983 0.126775 0.0461672 -0.0142136 0.00493728 -0.0125602 0.0097734 -0.0180302 -0.00885755 0.0655202 -0.0349463 0.00847736 0.0562665 0.0681546 0.202257 0.344046 0.0812049 -0.0533721 0.107984 0.202626 0.406792 0.10374 0.631647 0.958943 0.0803369 0.122963 0.308284 0.0567163 0.156559 0.137738 -0.142614 -0.0976627 -0.222886 0.0502602 -0.0388372 0.0117749 0.068856 -0.0352239 -0.0608284 0.0913276
internal_weight=362634 29817 27928 332817 302916 256706 86251 29369 20604 2000 56882 46210 30743 22924 1866 397 143 53252 49466 22895 26455 15467 15392 5004 18604 8765 7603 170455 33535 136920 90642 3786 29901 39750 15110 13635 1128 524 3630 3576 4623 1422 464 958 270 116 3635 2647 566 4027 1231 2258 849 4327 885 13435 22831 38901 4448 1403 1351 577
internal_count=362634 29817 27928 332817 302916 256706 86251 29369 20604 2000 56882 46210 30743 22924 1866 397 143 53252 49466 22895 26455 15467 15392 5004 18604 8765 7603 170455 33535 136920 90642 3786 29901 39750 15110 13635 1128 524 3630 3576 4623 1422 464 958 270 116 3635 2647 566 4027 1231 2258 849 4327 885 13435 22831 38901 4448 1403 1351 577
is_linear=0
shrinkage=0.05


Tree=87
num_leaves=63
num_cat=0
split_feature=76 10 77 4 3 30 51 78 6 30 73 79 68 15 18 67 50 63 79 69 9 75 53 55 9 58 50 79 44 68 55 67 78 5 44 21 51 73 67 30 30 73 6 48 51 65 44 72 72 48 45 28 44 78 64 5 19 50 28 72 44 77
split_gain=15164.3 17150.2 17975.1 12775.3 15123.1 15042 22377.8 40012.3 15268.7 15061.1 14347.4 14151.9 19305.4 14258.5 12668.7 19676 14867.4 12287.1 11713.1 18265.3 14063.4 10877.4 10776.7 10669.1 15990.7 14415.2 12354.5 10539.2 11986.3 14256.4 10454 10039.7 9916.64 22458.5 23303 22950.6 17542.5 14761.9 12646.7 13141.4 15366.5 20454.3 17338.5 12051 13427.5 11680.4 11600.4 11263.1 11098 10800.1 10612.3 10568.6 11331.1 10775.3 10496.7 11746.1 11495.3 10235.5 22827.9 15066.5 12821.9 14007.3
threshold=0.25881904510252091 37.975000381469734 0.60355339059327384 13.050000190734865 10.050000190734865 22.744999885559086 2.5000000000000004 -0.93301270189221908 21.10000038146973 21.525000572204593 -1.7100005149841306 -0.9330127018922193 4.7000000476837167 0.45350000262260443 17.005000114440922 120.50000000000001 7.5000000000000009 3.0605010483033328 -0.9330127018922193 67.500000000000014 30.054999351501468 1.0000000180025095e-35 0.21438998728990558 8.1000008583068865 30.765000343322757 -26.500000953674313 11.500000000000002 0.6830127018922193 28.954999923706058 25.500000000000004 7.8000004291534433 24.500000000000004 0.68301270189221941 66.500000000000014 23.445000648498539 37.350000381469734 4.5000000000000009 1.8599991798400881 114.50000000000001 13.375000000000002 16.564999580383304 2.769999742507935 48.20000076293946 4.5887033939361581 4.5000000000000009 61.016667366027839 27.404999732971195 1.2486559152603152 1.5267942547798159 -15.866067409515379 143.004997253418 69.750000000000014 28.285000801086429 -0.5 10.353333314259849 35.149999618530281 -11.769775390624998 10.500000000000002 47.149999618530281 1.3670067787170412 20.244999885559086 -0.60355339059327384
decision_type=2 10 2 10 8 10 2 2 8 8 8 2 10 8 10 8 2 8 2 10 10 2 10 10 10 8 2 2 10 10 10 10 2 10 8 8 2 10 10 10 10 10 10 10 2 10 8 10 10 8 10 10 10 2 8 8 10 2 8 8 8 2
left_child=1 2 17 5 10 6 7 8 9 -3 -5 12 13 -12 -7 -16 -17 27 19 -8 -21 30 -23 -9 25 -25 -26 28 -1 -30 -2 -10 36 34 50 47 38 43 39 -20 42 49 -41 44 46 -44 -35 -36 -37 -42 54 52 53 -38 56 -56 -34 60 59 -59 -43 -62
right_child=21 3 -4 4 -6 14 18 23 31 -11 11 -13 -14 -15 15 16 -18 -19 32 20 -22 22 -24 24 26 -27 -28 -29 29 -31 -32 -33 33 37 35 48 51 -39 -40 40 41 57 45 -45 -46 -47 -48 -49 -50 -51 -52 -53 -54 -55 55 -57 -58 58 -60 -61 61 -63
leaf_value=0.11764446742893658 0.0062165780781604889 1.2315994987768286 -0.00030611908431099654 -0.048378139956061231 0.0043367283864481051 -0.0051793856527365964 0.079046311333148614 -0.015430011354960508 -0.43986736696500045 0.21607146852184089 1.4352479488253593 0.070675633457926809 0.14543859455231076 0.46934601403542875 -0.099317386294473869 0.29686047450064396 -0.46210142540544069 0.075812438047116251 -0.033703132641196863 1.4439375224113464 0.36972994780800761 -0.052805912001073443 -0.0025551552223584489 -0.38679909998503048 0.025651013656368273 -0.10056617373418142 0.78051895238459112 -0.086606458143946533 -0.072268766967835005 0.57804159967398105 -0.029332833279688882 0.29560157318800478 -0.132832037784236 0.046366111692544579 0.087075195232614588 -0.19499386536684471 0.10301286114693847 -0.058572702935418566 -0.42238254161055783 0.1604199861317665 0.7145731416695259 -0.4205479855513356 0.4259965424637 0.047801186585090527 1.2202372950081732 1.3019194923925634 1.0208500486153822 -0.15328163796120675 -0.72291897639375313 -0.01804251183757527 0.64283197211119747 -0.14828407789107842 -0.17189144509685153 -0.043808757912380154 0.025555908939822149 0.23321147992421745 0.47989789596643329 0.26278140585248672 0.021834448347605454 1.0670575856054956 0.64456098071173451 0.025513556172229248
leaf_weight=2504 76342 85 22830 2371 79745 8508 309 10364 52 64 50 9670 629 162 11432 504 74 23334 2780 50 78 26933 17669 466 1689 7844 56 2332 1992 88 28364 431 97 74 2119 702 2041 111 139 1942 51 96 150 71 102 51 52 633 116 3695 103 1990 982 3223 2049 1020 363 96 192 148 133 292
leaf_count=2504 76342 85 22830 2371 79745 8508 309 10364 52 64 50 9670 629 162 11432 504 74 23334 2780 50 78 26933 17669 466 1689 7844 56 2332 1992 88 28364 431 97 74 2119 702 2041 111 139 1942 51 96 150 71 102 51 52 633 116 3695 103 1990 982 3223 2049 1020 363 96 192 148 133 292
internal_value=4.60594e-12 0.00855395 0.0331866 0.000394622 0.0124568 -0.0161286 -0.000563926 -0.038902 0.35292 0.7954 0.0627237 0.0877852 0.284515 0.697153 -0.0518589 -0.0849271 0.199692 0.0584638 0.0304171 0.287096 0.789342 -0.0122216 -0.0328992 -0.0510296 -0.0877231 -0.116617 0.049876 -6.88602e-05 0.0439551 -0.0447556 -0.00341347 0.216421 0.0260377 0.073881 0.0533894 -0.0373275 0.00580645 0.433834 0.0511368 0.0579745 0.0952026 0.0446362 0.206175 0.616633 0.79377 0.648246 0.448534 0.0317896 -0.269859 -0.0080683 0.142558 -0.0479394 -0.0159692 0.0131181 0.127956 0.0945714 0.350692 0.250938 0.429688 0.750621 0.101351 0.219239
internal_weight=362634 213326 53080 160246 92627 67619 47101 21051 632 149 12882 10511 841 212 20518 12010 578 30250 26050 437 128 149308 44602 20419 10055 8310 1745 6916 4584 2080 104706 483 25613 7612 7202 3570 18001 410 9765 9626 6846 4703 2143 299 228 201 126 2752 818 3746 3632 8236 6246 5264 3529 3069 460 957 436 244 521 425
internal_count=362634 213326 53080 160246 92627 67619 47101 21051 632 149 12882 10511 841 212 20518 12010 578 30250 26050 437 128 149308 44602 20419 10055 8310 1745 6916 4584 2080 104706 483 25613 7612 7202 3570 18001 410 9765 9626 6846 4703 2143 299 228 201 126 2752 818 3746 3632 8236 6246 5264 3529 3069 460 957 436 244 521 425
is_linear=0
shrinkage=0.05


Tree=88
num_leaves=63
num_cat=0
split_feature=67 50 33 51 9 70 76 68 59 37 9 50 9 67 37 30 30 67 76 33 23 59 30 51 67 0 38 42 50 51 51 30 45 65 12 70 43 70 79 50 45 76 51 67 65 25 37 70 72 67 50 70 67 31 50 30 38 52 50 45 37 36
split_gain=14934.3 18904.6 19098.9 15415.5 15381.3 15835.1 17350.6 21334.5 15230.7 20451.2 14893.3 13477.3 18902.4 15507.9 13448.8 13233.6 13154.4 22271.8 19602.1 24972.2 12959.8 12468.2 12406.9 23128.4 22183.7 21301.4 12159.2 12108.9 12094.2 13347.6 21466.4 12256.8 12063.4 11765.1 14077.7 11520.9 12118.8 11860.2 20129.5 16102.8 11424.8 11224.6 11130.3 33317.4 19258.9 14332.5 14106.2 12501.9 11638.1 10693.3 10417 10374.3 11584.8 10304.4 10116.4 10317.2 16455.7 9882.38 9827.95 10631.8 10117.6 9808.11
threshold=44.149999618530281 2.5000000000000004 0.096290964633226409 5.5000000000000009 22.265000343322757 13.885000228881838 -0.60355339059327362 22.500000000000004 0.34499931335449224 17.384999275207523 39.295000076293952 10.500000000000002 31.535000801086429 95.500000000000014 37.68499946594239 11.694999694824221 21.615000724792484 28.500000000000004 -0.60355339059327362 -0.16747522354125974 15.534999847412111 0.54500007629394542 17.714999198913578 2.5000000000000004 56.500000000000007 71.500000000000014 42.004999160766609 15.250000000000002 5.5000000000000009 3.5000000000000004 1.5000000000000002 28.835000038146976 58.004999160766609 47.783332983652762 -5.9150092601776114 30.214999198913578 0.0035000001080334191 35.164999008178718 -0.68301270189221952 5.5000000000000009 55.989999771118171 0.91597561503675362 1.5000000000000002 80.500000000000014 10.516666591167452 29.605000495910648 32.215000152587898 30.554999351501468 1.8350340127944949 82.500000000000014 1.5000000000000002 39.245000839233406 86.500000000000014 15.010000228881838 11.500000000000002 8.6050000190734881 100.02999877929689 17.39849948883057 1.5000000000000002 83.014999389648452 28.494999885559086 0.2034999951720238
decision_type=8 2 8 2 8 8 2 10 8 8 10 2 10 8 10 8 8 10 2 10 10 10 8 2 10 10 10 10 2 2 2 8 8 10 8 8 8 10 2 2 10 2 2 10 10 10 10 10 10 8 2 10 10 10 2 8 8 10 2 8 8 10
left_child=16 4 14 11 5 -2 7 8 -7 -10 15 35 13 22 41 40 18 -18 19 26 61 -22 23 25 -25 -13 27 -1 29 30 -16 -30 33 -26 -35 36 -4 -37 39 51 -5 54 43 45 -45 58 48 -46 49 -44 -51 52 -39 -23 55 56 -3 -41 59 60 -6 -20
right_child=1 2 3 10 42 6 -8 -9 9 -11 -12 12 -14 -15 28 -17 17 -19 20 -21 21 53 -24 24 32 -27 -28 -29 31 -31 -32 -33 -34 34 -36 37 -38 38 -40 57 -42 -43 46 44 47 -47 -48 -49 -50 50 -52 -53 -54 -55 -56 -57 -58 -59 -60 -61 -62 -63
leaf_value=0.22840961158974826 -0.30670154478470413 0.11418769511465843 0.033198546497176455 -0.68573060148513654 0.12087689142600103 -0.020718189445950944 -0.022795287478328097 0.82478852970431549 0.4274564463086426 0.055945727279004043 0.69878872811794279 -0.071242668135548456 0.41360651753058103 -0.23905937074215255 -0.4111952184505171 -0.021205898606402377 -0.091488997414065021 -0.01554353301549519 -0.024502924197981835 -0.031223849093241676 -0.012415129428937053 0.31006947301475885 -0.047263405978238186 0.039100292425425037 0.3571200362537712 0.69932041684145574 0.044437222960911384 0.074149688328436131 -0.1093631862873926 -0.62410019738827316 0.7014259654141608 0.31350839183559653 0.17081322792938658 1.4314156218331595 0.4679837790655566 0.020063351324543729 0.14130628118202734 0.12630116999784741 0.15057463429180817 -0.083449098371837463 -0.056891039079752098 -0.028365668422369074 -0.034558825474034834 -1.1395659805536271 -0.60778099572374011 -0.2743884371328032 -0.41578074863413356 -0.082177696655522672 -0.21370192305515109 -0.045549840325113201 0.29323409248175397 -0.025276886530368255 0.60883032324868191 0.060474074113573674 -0.053799616806651886 0.013039197120149421 1.1565390686709434 0.47433174904584946 -0.11016342220012648 -0.14870533952034337 0.62556146344868468 -0.10175822729904907
leaf_weight=2239 429 156 3974 142 443 1774 14940 99 585 1010 70 2518 270 692 139 7664 12108 47624 22870 7887 10637 454 5468 1447 398 93 8899 2946 1528 225 63 193 550 65 91 17735 7456 299 5457 2514 147 21620 3336 100 254 754 240 204 691 381 561 353 213 4637 5826 122414 50 82 1218 266 128 5008
leaf_count=2239 429 156 3974 142 443 1774 14940 99 585 1010 70 2518 270 692 139 7664 12108 47624 22870 7887 10637 454 5468 1447 398 93 8899 2946 1528 225 63 193 550 65 91 17735 7456 299 5457 2514 147 21620 3336 100 254 754 240 204 691 381 561 353 213 4637 5826 122414 50 82 1218 266 128 5008
internal_value=9.91276e-12 0.00737306 0.0124727 0.0369692 -0.0316771 -0.00640598 0.000592438 0.101346 0.080087 0.192205 -0.0273393 0.0473556 0.000150435 -0.00970941 0.00318715 -0.0337305 -0.013964 -0.0309381 0.00149719 0.040009 -0.0179071 0.0183831 0.00522099 0.0608166 0.16789 -0.0437963 0.0798992 0.140763 -0.121038 -0.359224 -0.0641896 -0.0619406 0.336693 0.501376 0.869414 0.0617243 0.103719 0.043715 0.0907504 -0.00357517 -0.365871 0.00496527 -0.0871845 -0.158034 -0.510927 -0.0879328 -0.0413887 -0.373669 -0.0233058 0.00744778 0.15621 0.183263 0.327041 0.0827322 0.0105755 0.0136342 0.367186 -0.0658304 -0.0195204 0.112383 0.234011 -0.0383811
internal_weight=362634 237325 209912 57698 27413 18837 18408 3468 3369 1595 8023 49675 11592 11322 152214 7953 125309 59732 65577 21971 43606 15728 10630 5162 2551 2611 14084 5185 2148 427 202 1721 1104 554 156 38083 11430 26653 8918 3461 289 150066 8576 3367 558 2809 5209 458 4969 4278 942 865 512 5091 128446 122620 206 2596 2055 837 571 27878
internal_count=362634 237325 209912 57698 27413 18837 18408 3468 3369 1595 8023 49675 11592 11322 152214 7953 125309 59732 65577 21971 43606 15728 10630 5162 2551 2611 14084 5185 2148 427 202 1721 1104 554 156 38083 11430 26653 8918 3461 289 150066 8576 3367 558 2809 5209 458 4969 4278 942 865 512 5091 128446 122620 206 2596 2055 837 571 27878
is_linear=0
shrinkage=0.05


Tree=89
num_leaves=63
num_cat=0
split_feature=47 69 51 51 79 37 77 77 33 49 68 73 12 70 79 78 30 0 73 70 14 37 55 43 51 77 51 70 76 45 68 78 0 55 9 16 78 50 71 31 50 79 24 59 49 78 4 7 30 9 69 77 42 23 73 45 71 49 54 30 23 58
split_gain=14001.1 13068.2 12399.9 48468.9 27866.5 26555 31449.1 23907.2 19079.4 15059.2 13614.1 21837.2 14880.2 13350.7 19560.9 28351.5 57111.9 22378.8 21257.2 18440.1 15682 16736.9 15070 17657.2 14385.9 22473.7 13675.9 14592.5 13381.6 13371.1 14575.6 12946 12930.1 13433.9 12862.8 12441.2 14590.9 12102.1 16041.3 15270.5 11953.8 18259 11875.9 16344.3 11870.3 14597.6 17836.3 17395.2 12877 12253.5 11842.7 12815.9 12180.6 11733.9 18613.6 14068.1 11426 15414.6 11374.4 11315.3 11162.9 11149.4
threshold=-11.397787094116209 133.50000000000003 4.5000000000000009 3.5000000000000004 -0.9330127018922193 29.904999732971195 0.25881904510252057 -0.70710678118654757 -7.4071960449218741 4.5000000000000009 18.500000000000004 -0.56000018119812001 -0.76914116740226735 33.524999618530281 -0.5 -0.6830127018922193 19.545000076293949 41.049999237060554 -13.959999561309813 27.654999732971195 36.850000381469734 16.154999732971195 9.7000002861022967 0.34149999916553503 1.0000000180025095e-35 -0.70710678118654757 1.0000000180025095e-35 32.135000228881843 -0.60355339059327362 300.50000000000006 13.050000190734865 0.93301270189221952 25.050000190734867 7.4999997615814218 17.765000343322757 27.865000724792484 -0.24999999999999994 6.5000000000000009 0.039999999746214605 50.995000839233406 1.5000000000000002 0.25000000000000017 32.004999160766609 4.7800002098083505 10.500000000000002 0.93301270189221952 27.050000190734867 9.7500000000000018 23.394999504089359 11.605000019073488 35.399999618530281 -0.78656609248549325 9.8350000381469744 23.695000648498539 -1.6099977493286131 67.005001068115249 2.6400000526919034 12.500000000000002 2.012014746665955 20.884999275207523 20.314999580383304 -20.99999904632568
decision_type=8 8 2 2 2 8 2 2 10 2 10 10 8 10 2 2 8 8 8 8 10 8 10 10 2 2 2 10 2 8 8 2 8 8 10 8 2 2 8 10 2 2 8 8 2 2 10 10 8 8 10 2 10 10 8 8 10 2 8 10 10 8
left_child=1 37 3 13 7 6 44 8 -4 -6 58 12 -12 14 -2 16 17 24 40 59 21 -19 23 26 34 -26 -20 35 60 -21 -31 -8 33 -15 -16 -28 -37 38 -1 56 -17 -42 -10 -44 -5 46 48 -47 53 -48 52 -52 -39 -46 55 -55 57 -40 -7 -18 -27 -24
right_child=2 -3 4 5 9 10 31 -9 42 -11 11 -13 -14 32 15 18 19 20 22 29 -22 -23 61 -25 25 28 27 -29 -30 30 -32 -33 -34 -35 -36 36 -38 50 39 -41 41 -43 43 -45 45 47 49 -49 -50 -51 51 -53 -54 54 -56 -57 -58 -59 -60 -61 -62 -63
leaf_value=-0.1543321989226088 -0.057631286832463449 0.29233626551818997 0.09955215891193453 0.069621731058747291 0.013206128921174794 0.027269458949588307 0.0025644872173080993 0.026727925095907767 0.08226705081058 -0.038375896087066097 0.2128941348852208 -0.2475094956460677 0.98019850258133379 0.023211400113801274 0.21234081625855328 -0.51738326305771876 0.07180069049054677 1.0281171005887864 -0.0412469677907236 0.024918523371264378 0.82568909242749222 0.26547319467115865 -0.2334121296405138 -0.074961431963600139 0.50195288016777684 0.51905763207403155 0.015928021018442255 0.14778119440814605 -0.077933891759425777 0.2959857629653756 -0.27166028015941157 0.15323431369869475 0.041765800745621452 -0.049590719542663891 -0.23175039588707694 -0.38615073065258282 -0.048708502135372055 0.026139807058328024 0.029434643398987655 0.010630350912888172 -0.48487358971188466 0.06159110789423955 0.80026601515471563 0.21008988398788597 0.12496479957013884 -0.32985822260995085 0.76168847150516283 0.11068727339216829 -0.0078935261173240269 0.28366478325181749 0.10799571020583879 -0.0040196537839780012 -0.11917788754731953 0.23693589566124454 0.22166334275387722 1.1425184079756341 0.046670887139773888 0.19421519966356748 -0.10196687731721499 -0.10446759964070951 0.079798114904733569 -0.053072023499511768
leaf_weight=970 24649 452 843 10006 18076 2763 15608 4499 159 65142 161 146 104 13606 269 300 1141 78 14420 13223 185 926 911 8794 485 247 39297 1972 564 827 131 1569 21802 11860 414 368 2474 2325 2155 11633 240 421 312 188 4823 333 153 685 1261 1083 3159 13322 3797 74 1704 102 7502 4157 4436 4506 349 14473
leaf_count=970 24649 452 843 10006 18076 2763 15608 4499 159 65142 161 146 104 13606 269 300 1141 78 14420 13223 185 926 911 8794 485 247 39297 1972 564 827 131 1569 21802 11860 414 368 2474 2325 2155 11633 240 421 312 188 4823 333 153 685 1261 1083 3159 13322 3797 74 1704 102 7502 4157 4436 4506 349 14473
internal_value=-2.20044e-11 0.0247184 -0.00390492 0.00237501 -0.0196677 0.0487536 0.066077 0.0843912 0.257112 -0.0271716 -0.0363862 0.243504 0.514025 -0.0092917 -0.017475 -0.00822572 0.0404961 0.226187 -0.0218197 0.00755921 0.402669 0.324722 -0.0191031 -0.00890089 0.13605 0.216139 0.00102439 0.014843 0.0966397 0.0379868 0.218364 0.0163271 0.0135027 -0.0106939 -0.0568448 0.00862183 -0.0924026 0.0222508 0.0452311 0.0528381 -0.255624 -0.136823 0.458665 0.57836 0.108332 0.146238 0.166118 -0.0334204 0.138691 0.342838 -0.00460712 0.0174509 -0.0639894 0.166267 0.272226 0.761762 0.088382 0.137957 -0.0523655 -0.0688519 0.26184 -0.0637513
internal_weight=362634 49472 313162 223943 89219 45011 37401 6001 1502 83218 7610 411 265 178932 131664 107015 23345 3517 83670 19828 1189 1004 82709 67325 2328 1645 58531 44111 1160 14181 958 17177 47268 25466 683 42139 2842 49020 26417 25447 961 661 659 500 20224 10218 9200 1018 7964 1236 22603 16481 6122 6703 1880 176 13814 6312 7199 5647 596 15384
internal_count=362634 49472 313162 223943 89219 45011 37401 6001 1502 83218 7610 411 265 178932 131664 107015 23345 3517 83670 19828 1189 1004 82709 67325 2328 1645 58531 44111 1160 14181 958 17177 47268 25466 683 42139 2842 49020 26417 25447 961 661 659 500 20224 10218 9200 1018 7964 1236 22603 16481 6122 6703 1880 176 13814 6312 7199 5647 596 15384
is_linear=0
shrinkage=0.05


Tree=90
num_leaves=63
num_cat=0
split_feature=0 40 30 51 51 79 30 79 6 53 68 65 77 73 73 78 78 68 44 68 59 49 42 70 44 68 5 78 30 43 73 16 78 44 67 67 73 73 73 31 70 59 0 78 73 6 23 3 78 2 51 6 79 24 30 6 79 51 73 51 14 78
split_gain=13115.1 11544.1 12570.1 10484 39909.3 31962.8 30554.3 25013.1 24340.6 19267.9 18334.6 17716.7 17033.9 15178.1 14254.4 19268.8 27788.6 17059.9 13730.1 13505.4 13326.9 12499 13080.2 12458.2 22354.1 17203.5 16196.8 15825 67128 34338.5 20348.6 17805.9 34844.6 18650.9 16476.9 21763.3 17549.3 14201.5 13983.4 13712.5 13371.1 12264.8 13383.6 20120.1 12090.8 12053.8 12043 11662.5 11589.1 12315.7 16155.1 13294.7 11434.2 11403 11462.9 11655.2 11342.2 18133.8 16522.3 27739.6 20350.1 18992.6
threshold=7.0499999523162851 -14.117434501647947 8.1849999427795428 4.5000000000000009 3.5000000000000004 -0.9330127018922193 23.464999198913578 -0.68301270189221952 75.500000000000014 18.229899406433109 24.399999618530277 25.283332904179897 -0.70710678118654757 2.8699994087219243 -9.1350002288818342 0.68301270189221941 -0.5 14.550000190734865 33.975000381469734 5.0499999523162851 4.6999993324279794 4.5000000000000009 10.650000095367433 33.524999618530281 35.254999160766609 7.0499999523162851 41.100000381469734 -0.6830127018922193 21.255000114440922 0.065499998629093184 -13.959999561309813 28.435000419616703 -0.5 23.095000267028812 113.50000000000001 77.500000000000014 2.2049999237060551 0.90999996662139904 8.0599999427795428 26.005000114440922 27.654999732971195 3.3099997043609624 66.500000000000014 -0.5 2.7199995517730717 38.20000076293946 7.7249999046325692 14.050000190734865 -0.24999999999999994 33.049999237060554 1.0000000180025095e-35 38.20000076293946 1.0000000180025095e-35 48.995000839233406 21.164999961853031 45.049999237060554 -0.24999999999999994 1.0000000180025095e-35 -0.9199998378753661 1.5000000000000002 16.849999427795414 0.25000000000000011
decision_type=8 8 8 2 2 2 8 2 10 10 10 10 2 10 8 2 2 10 10 8 10 2 8 10 10 8 8 2 10 8 8 8 2 10 8 10 10 10 10 8 10 10 10 2 10 8 10 8 2 10 2 10 2 10 8 8 2 2 10 2 10 2
left_child=-1 2 -2 4 23 8 7 -6 10 -8 12 44 13 -5 15 16 19 -18 -13 -7 -10 -16 53 24 27 -26 -25 28 29 -3 46 37 33 -33 35 36 -31 41 -39 -38 -30 42 48 -44 -9 -37 -29 -42 49 -32 -51 -52 -20 -23 55 -55 58 -58 59 -28 -60 -61
right_child=1 3 -4 5 6 14 9 11 20 -11 -12 18 -14 -15 21 -17 17 -19 52 -21 -22 22 -24 26 25 -27 56 30 40 34 31 32 -34 -35 -36 45 39 38 -40 -41 47 -43 43 -45 -46 -47 -48 -49 -50 50 51 -53 -54 54 -56 -57 57 -59 60 61 -62 -63
leaf_value=-0.025882385515991098 0.31401508191591176 0.049233327529701019 0.032060868494789292 0.16880500373045274 0.30095257461663494 0.84407692824521774 0.025908956044113723 0.012719154733513847 0.92849606000285123 -0.13585481764956372 -0.44154296122089837 0.12771902021445156 0.041462627394869965 0.61563855393819211 0.013502398191302832 0.31758533302104763 -0.025551772344899994 -0.49777240378500748 1.1086739344321763 0.17047961500723588 -0.031022179275751117 0.062555029932495274 -0.047251138736360436 -0.00022904636128358476 -0.61492481717271696 -0.11057379920288034 -0.11345892115903383 0.17359198095527159 -0.11287843015216754 0.18251358301776924 -0.047283344450164556 -0.072866578045907113 -0.054726552526125197 -0.63644004576238355 -0.2124601137231697 0.12520210116225131 0.86936432814016151 0.021690113421344241 -0.11808826197871553 0.34048586676498638 0.066030815158634334 -0.10572913373363604 1.0677376013975042 0.093867218092516747 0.1703494776251446 0.79922439933365941 -0.342033701087603 -0.031165476998281885 -0.0074119509133097443 0.045399681849898225 -0.20381698422121577 -0.61550451475178902 0.236341449283482 -0.015992187705398963 -0.09076251354574949 0.28442117821474111 -0.22103437924305772 0.051133690215591859 0.062691658897215605 0.039791145826552715 0.24745737644621296 0.40096340742918779
leaf_weight=43124 402 3481 23705 1357 1399 89 20967 8247 131 2018 167 7694 4688 221 15641 709 613 278 65 454 50 5635 50404 35893 259 487 2058 134 3498 2124 7648 229 11729 409 165 85 169 32948 1892 446 4241 4613 68 241 1427 302 731 11335 30416 425 660 279 89 1100 3518 457 808 2523 3444 1065 2627 553
leaf_count=43124 402 3481 23705 1357 1399 89 20967 8247 131 2018 167 7694 4688 221 15641 709 613 278 65 454 50 5635 50404 35893 259 487 2058 134 3498 2124 7648 229 11729 409 165 85 169 32948 1892 446 4241 4613 68 241 1427 302 731 11335 30416 425 660 279 89 1100 3518 457 808 2523 3444 1065 2627 553
internal_value=-1.8148e-11 0.00349332 0.0367626 0.00077831 0.00679065 -0.0139791 0.050443 0.0974993 0.0916005 0.0117067 0.0755112 0.0812551 0.0892916 0.231384 -0.0228298 0.104361 -0.00106232 -0.172889 0.137075 0.280885 0.663436 -0.026381 -0.0365884 -0.00409898 -0.0128334 -0.285677 0.0171282 -0.0111124 0.0234736 0.158708 -0.0207844 -0.018504 -0.0743008 -0.434154 0.274503 0.300207 0.250616 -0.00979028 0.0140994 0.48582 -0.0245398 -0.0285573 -0.0195985 0.308182 0.035971 0.651183 -0.262156 -0.00470108 -0.0221674 -0.0719677 -0.210374 -0.326139 0.604534 0.0135933 -0.0407711 0.0721831 0.0647658 -0.0148861 0.0919865 0.0083275 0.142642 0.163233
internal_weight=362634 319510 24107 295403 209891 85512 41906 18921 6614 22985 6433 17522 6266 1578 78898 2143 1434 891 7848 543 181 76755 61114 167985 119014 746 48971 118268 25846 6772 92422 91557 12367 638 3291 3126 2739 79190 34840 615 19074 44350 39737 309 9674 387 865 15576 39428 9012 1364 939 154 10710 5075 1557 13078 3331 9747 3676 6071 1618
internal_count=362634 319510 24107 295403 209891 85512 41906 18921 6614 22985 6433 17522 6266 1578 78898 2143 1434 891 7848 543 181 76755 61114 167985 119014 746 48971 118268 25846 6772 92422 91557 12367 638 3291 3126 2739 79190 34840 615 19074 44350 39737 309 9674 387 865 15576 39428 9012 1364 939 154 10710 5075 1557 13078 3331 9747 3676 6071 1618
is_linear=0
shrinkage=0.05


Tree=91
num_leaves=63
num_cat=0
split_feature=47 35 58 33 16 51 51 79 77 78 30 78 9 70 30 58 43 73 52 70 30 44 6 47 70 75 64 79 30 62 73 69 70 73 31 69 73 30 78 50 70 6 58 7 59 58 23 44 70 10 49 30 69 47 70 6 49 30 44 30 50 50
split_gain=12171.1 12084.4 14290.9 11241 12253.4 10979.4 25351.6 32518.5 23199.5 17045.7 54632.5 31101.1 38419 28696.7 25775.8 34733.1 22549.5 17366.2 17290.1 17164.7 17019.1 16765.3 16735.7 16340.8 16056.2 14421.4 13958.9 21237.1 32539 16134.9 14492.5 13726.7 18405.9 15614.7 15071.6 14748.5 14366.5 17896 13533.3 13943.7 13405.9 12856.7 16049.6 12787.8 12547 12541.7 14769 12538 17767.9 12477.8 12322.6 12316.6 12042 12022.5 11864.5 11770.7 11746 11463.5 25722.2 14154.7 13199.4 11907.8
threshold=-13.455554008483885 34.549999237060554 11.199998855590822 -7.7139785289764395 12.72499990463257 2.5000000000000004 4.5000000000000009 -0.9330127018922193 -0.70710678118654757 -0.6830127018922193 21.615000724792484 -0.93301270189221908 28.204999923706058 32.774999618530281 15.425000190734865 23.250000000000004 0.32950000464916235 -4.7500014305114737 18.884149551391605 27.654999732971195 18.425000190734867 36.48500061035157 70.500000000000014 -8.0523786544799787 25.435000419616703 1.0000000180025095e-35 27.210000133514409 -0.9330127018922193 25.304999351501468 30.336666552225754 -3.7599999904632564 31.149999618530277 32.024999618530281 2.2899992465972905 19.994999885559086 61.49999928474427 -3.495000839233398 28.005000114440922 0.93301270189221952 11.500000000000002 22.285000801086429 41.049999237060554 40.500000000000007 29.250000000000004 -1.789999723434448 -38.499999999999993 18.914999961853031 29.414999961853031 31.035000801086429 111.00999832153322 6.5000000000000009 16.82499980926514 90.500000000000014 -6.3385701179504386 30.144999504089359 24.050000190734867 19.500000000000004 13.744999885559084 28.365000724792484 17.964999198913578 11.500000000000002 1.5000000000000002
decision_type=8 10 8 8 8 2 2 2 2 2 8 2 8 10 10 10 10 8 8 8 10 10 10 8 8 2 8 2 8 10 8 10 10 8 10 10 10 8 2 2 10 10 8 10 8 8 10 10 10 8 2 10 10 10 10 8 2 10 10 10 2 2
left_child=1 2 -1 4 -2 9 26 8 -8 10 11 12 -5 16 15 -13 25 44 23 -12 -20 56 -10 -16 -18 -11 27 28 30 43 -7 -21 34 36 35 -33 37 -34 39 51 -31 -35 -43 -29 -15 46 -9 48 -14 -40 -47 -26 53 -42 55 -32 -19 58 61 60 -59 -45
right_child=3 -3 -4 5 -6 6 7 45 22 13 19 14 47 17 18 -17 24 21 20 31 -22 -23 -24 -25 38 -27 -28 29 -30 40 54 32 33 41 -36 -37 -38 -39 49 -41 52 42 -44 57 -46 50 -48 -49 -50 -51 -52 -53 -54 -55 -56 -57 -58 59 -60 -61 -62 -63
leaf_value=0.022171235532037717 -0.083465525381708414 -0.091788792011809728 0.11543561285166111 0.26856885845712308 -0.012746500762438343 1.305973947983162 0.36053655847073274 0.7438971775888561 0.04863415606875586 -0.0074819462719861911 -0.14291448262614642 0.25469331617424773 1.8435225345293682 0.089944842187572774 -0.26984286660854906 1.3730137712955477 -0.023762023136881628 0.085216072597109144 0.73442949048800055 -0.076358340789297541 0.085373583591851113 -0.1335259004205733 0.95397087381436274 0.056691723738259758 -0.38075979553412498 -0.065819676949808975 -0.00032710563110219048 0.00067363197126751005 0.041737344562568862 -0.012129256273555454 0.18532539439275042 0.45281333651229849 -0.0081108257708037302 0.07604580335843017 0.075380064750337927 -0.19274531531835271 -0.047852983905632952 0.5425260395672219 -0.1306427850685038 0.13020557940652175 0.20788702427158939 0.70682057587608227 -0.19445137878629701 0.19598025774583222 -0.28768650552217107 0.019200856860923533 0.093790099312093492 0.39675436517596246 0.71407856468970965 0.22578249550577772 -0.032008005309777661 -0.17513337992783382 -0.17874870217293015 0.081571861195343306 0.2154532414970417 0.87019739958346998 -0.018075684783499923 0.083793231816955124 -0.52791986659644763 0.050062652911619633 0.28437342029177398 -0.038969118675044961
leaf_weight=22924 6624 1889 5004 653 81355 51 869 107 2783 36362 2168 935 75 324 460 75 3489 11828 169 4055 251 1191 52 2293 911 14949 21805 20980 977 2170 91 511 391 1102 3922 107 8787 237 649 310 3541 188 67 700 685 15409 476 50 65 395 49442 3630 307 4025 315 202 3587 1927 235 9726 1428 2349
leaf_count=22924 6624 1889 5004 653 81355 51 869 107 2783 36362 2168 935 75 324 460 75 3489 11828 169 4055 251 1191 52 2293 911 14949 21805 20980 977 2170 91 511 391 1102 3922 107 8787 237 649 310 3541 188 67 700 685 15409 476 50 65 395 49442 3630 307 4025 315 202 3587 1927 235 9726 1428 2349
internal_value=-9.84271e-12 0.0306035 0.0388819 -0.00274176 -0.018071 0.00276658 0.0119316 -0.00960646 0.13452 -0.00946562 0.0251471 0.173581 0.450644 -0.0212055 0.117745 0.337737 -0.0375113 0.0349785 0.0477194 -0.00949559 0.346541 0.047216 0.06524 0.00213091 -0.108776 -0.0244781 0.0329555 0.047759 0.224874 0.0416443 0.496384 0.00543972 0.0271019 -0.00848685 0.111543 0.341042 -0.0313411 0.199693 -0.159092 -0.194237 0.0979048 0.150078 0.470016 0.0265145 -0.166425 -0.017765 0.213106 1.07641 1.31914 0.00421161 -0.0198405 -0.216385 0.128233 0.140689 0.428474 0.65749 0.0611806 0.0596426 -0.0238774 0.0806104 0.169167 0.0149714
internal_weight=362634 29817 27928 332817 87979 244838 139967 69138 3704 104871 26561 5026 843 78310 4183 1010 60695 17615 3173 21535 420 16606 2835 2753 9384 51311 70829 49024 1636 47388 659 19367 15312 10772 4540 618 9415 628 5895 4851 10043 1357 255 37345 1009 65434 583 190 140 1044 64851 4541 7873 7566 608 293 15415 16365 3284 13081 3355 3049
internal_count=362634 29817 27928 332817 87979 244838 139967 69138 3704 104871 26561 5026 843 78310 4183 1010 60695 17615 3173 21535 420 16606 2835 2753 9384 51311 70829 49024 1636 47388 659 19367 15312 10772 4540 618 9415 628 5895 4851 10043 1357 255 37345 1009 65434 583 190 140 1044 64851 4541 7873 7566 608 293 15415 16365 3284 13081 3355 3049
is_linear=0
shrinkage=0.05


Tree=92
num_leaves=63
num_cat=0
split_feature=67 50 33 6 9 5 62 51 51 30 78 51 9 67 76 33 30 46 47 9 45 43 78 67 59 36 62 6 44 39 43 71 68 51 52 68 42 44 30 30 7 14 67 64 55 78 78 51 55 68 44 50 51 7 15 10 9 76 23 50 41 51
split_gain=12188.4 15116.3 16594.1 13734.4 13314.8 17066.5 13487.6 16551.6 12553.1 11406.4 39227.4 20996.4 32905.6 19141.8 14251.8 20894.7 13212.1 12847.3 17239.2 10791.2 10623.3 10426.6 10255.9 10459.2 10110.6 9582.29 9148.99 8933.23 8852.76 8809.2 8760.34 8753.92 8733.65 11621.1 9603.21 9421.39 8707.99 9733.99 15386.1 12898 12617.2 12100.5 9679.91 10244.9 9431.99 11317.4 21636.7 15415.9 14592.4 15035.9 12131 18994.2 11613.7 14236.1 9113.44 9246.14 9008.81 8550.24 8519.52 9551.09 9380.89 8478.95
threshold=44.149999618530281 2.5000000000000004 1.3007786273956301 50.049999237060554 22.265000343322757 45.049999237060554 25.858333428700767 1.0000000180025095e-35 5.5000000000000009 21.615000724792484 -0.93301270189221908 2.5000000000000004 25.375000000000004 28.500000000000004 -0.60355339059327362 -0.16747522354125974 16.695000648498539 20.005000114440922 -5.6009516716003409 7.1250000000000009 126.03499984741212 0.56949999928474437 1.0000000180025095e-35 100.50000000000001 -0.32999897003173823 0.40649999678134924 29.883333365122478 81.500000000000014 30.664999961853031 17.904999732971195 0.043500000610947616 1.0000000180025095e-35 5.9500000476837167 1.5000000000000002 9.1134505271911639 34.500000000000007 35.549999237060554 24.82499980926514 11.454999923706056 17.474999427795414 9.2350001335144061 40.049999237060554 84.500000000000014 22.065000057220463 1.1000000834465029 -0.24999999999999994 -0.6830127018922193 4.5000000000000009 14.800000667572023 19.899999618530277 28.285000801086429 11.500000000000002 4.5000000000000009 4.9500000476837167 0.40350000560283666 46.004999160766609 20.445000648498539 0.91597561503675362 16.545000076293949 10.500000000000002 -8.8871598243713361 1.0000000180025095e-35
decision_type=8 2 8 10 8 10 8 2 2 8 2 2 8 10 2 10 10 8 8 10 8 10 2 10 10 10 10 8 10 10 8 8 8 2 10 10 8 8 8 8 8 10 8 8 8 2 2 2 8 10 8 2 2 8 8 8 10 2 8 2 8 2
left_child=9 4 57 8 5 -2 -7 -8 22 10 11 12 -1 -11 15 17 -13 -12 20 -16 28 29 23 -4 -10 26 -21 -9 30 -6 -19 -15 -24 34 -34 -35 37 38 -5 41 -41 61 43 -38 -39 46 52 50 54 -50 51 -47 53 -46 55 -49 -48 -3 59 -32 -60 -40
right_child=1 2 3 36 21 6 7 27 24 13 14 16 -14 31 19 -17 -18 18 -20 25 -22 -23 32 -25 -26 -27 -28 -29 -30 -31 58 -33 33 35 -36 -37 42 44 39 40 -42 -43 -44 -45 45 47 56 48 49 -51 -52 -53 -54 -55 -56 -57 -58 -59 60 -61 -62 -63
leaf_value=0.19365691479952862 -0.019894931566597517 0.0080849388788695412 0.022076547116423539 -0.37100078409448978 -0.0080761296072800332 -0.012322396917161362 0.8105787075147397 0.14616257677141933 0.0094350708917890682 -0.084556256571393998 0.020947909287186189 0.82595386028289797 1.0491557781969136 -0.090286247247382434 -0.088904590640697556 -0.034896682015016049 -0.045878824819417963 0.16630056293005635 0.04835630932951708 0.0031923755180034413 -0.08468222232657846 -0.32657777298214463 0.11549206187777877 -0.14682858588862777 -0.1282661520598801 -0.094346063711281722 -0.11166657457706615 0.79432450598269178 -0.012693938971761876 -0.11289242448696253 0.3425184830600097 -0.0081136543704767167 -0.014844969167861911 0.091609305785503969 -0.32695184869636945 -0.52399924212978 -0.24935937975580347 0.57833591723442079 0.99995101637073935 -0.41277334610626681 0.27976736858388773 1.2580099382996561 -0.19216137593256036 0.14930015449491749 0.94741589504114376 0.11789747661032098 0.37138331455213058 0.37191082280874255 0.70992289041020695 -0.19330513278643291 0.020504411845368203 0.82632366424902937 -0.075400202347464598 0.14100788688410459 0.32302297399141772 -0.46964416260573461 -0.30485077995287224 -0.02548267923175428 1.0891620982823702 -0.12918428314262873 0.42534553757738958 0.33440279120686933
leaf_weight=255 17104 139509 20247 84 3531 764 123 789 3397 12108 7143 50 201 3498 4921 7794 332 998 3828 33287 274 408 5949 960 2194 3111 1829 57 299 4637 405 44126 2625 4610 272 63 198 100 56 84 303 50 497 866 57 355 54 50 314 54 1575 129 700 1374 247 94 560 21956 58 146 646 329
leaf_count=255 17104 139509 20247 84 3531 764 123 789 3397 12108 7143 50 201 3498 4921 7794 332 998 3828 33287 274 408 5949 960 2194 3111 1829 57 299 4637 405 44126 2625 4610 272 63 198 100 56 84 303 50 497 866 57 355 54 50 314 54 1575 129 700 1374 247 94 560 21956 58 146 646 329
internal_value=-4.86087e-12 0.00666082 0.011221 0.0368856 -0.0282581 -0.00474583 0.14477 0.268627 0.0249308 -0.012615 0.00178222 0.341681 0.570752 -0.0284211 -0.00261753 0.0305464 0.0682354 0.0675156 0.117505 -0.0192126 0.211172 -0.0799024 0.0361256 0.0144305 -0.0446011 -0.010241 -0.00279 0.189833 0.242937 -0.0675807 0.276863 -0.0141493 0.0701583 0.0345321 -0.0441488 0.0833099 0.0961699 0.121395 0.273564 0.339432 0.129448 0.526244 -0.00998298 0.0751135 0.0970503 0.0883988 0.0161405 0.158785 0.3514 0.577384 0.0877823 0.306714 0.091491 0.173129 0.13871 -0.177438 -0.245377 0.00352042 0.364784 0.21753 0.480035 0.43121
internal_weight=362634 237325 209912 48447 27413 18837 1733 969 40317 125309 65577 838 456 59732 64739 21591 382 13797 6654 43148 2826 8576 34726 21207 5591 38227 35116 846 2552 8168 2253 47624 13519 7570 2897 4673 8130 6569 906 822 387 435 1561 1064 5663 5563 2745 2818 759 368 2059 484 2131 1431 391 144 614 161465 1255 551 704 385
internal_count=362634 237325 209912 48447 27413 18837 1733 969 40317 125309 65577 838 456 59732 64739 21591 382 13797 6654 43148 2826 8576 34726 21207 5591 38227 35116 846 2552 8168 2253 47624 13519 7570 2897 4673 8130 6569 906 822 387 435 1561 1064 5663 5563 2745 2818 759 368 2059 484 2131 1431 391 144 614 161465 1255 551 704 385
is_linear=0
shrinkage=0.05


Tree=93
num_leaves=63
num_cat=0
split_feature=77 42 50 30 40 68 50 10 28 67 28 30 6 73 9 25 23 70 67 70 50 44 32 38 40 50 30 28 5 38 73 51 51 58 15 51 66 73 51 70 67 78 70 27 44 50 51 38 4 68 46 51 65 50 51 70 70 30 40 30 69 4
split_gain=11901.9 14833.2 14016.1 16845.4 17097.7 15907.5 14215.5 14881.5 12927.8 12521.9 12156.2 11588.6 15029.3 11561.3 11255.3 11005.2 10654 12284.9 11327.9 12921.1 12539 15303.4 11717.2 10488.1 10214.5 10067.1 16282 10040.8 11866 9943.63 9893.11 10593.9 10251.4 9925.09 9667.81 11021.2 18171.8 12807.9 9495.26 9082.51 9037.19 9765.7 15753.9 18465.6 10061.5 12308 24562.1 21400.4 16198.6 14445.8 15370.6 13954 13334.1 16550 20206 27450.7 17127.5 16202 12532.1 12226.8 14033.9 11418.9
threshold=-0.70710678118654757 25.050000190734867 5.5000000000000009 28.005000114440922 -11.887760639190672 8.5000000000000018 8.5000000000000018 90.009998321533217 21.150000572204593 44.500000000000007 62.350000381469734 7.6649999618530282 27.10000038146973 7.5949993133544931 17.515000343322757 22.375000000000004 32.93499946594239 38.375000000000007 104.50000000000001 37.114999771118171 6.5000000000000009 32.495000839233406 26.005000114440922 158.01499938964847 -12.411421775817869 6.5000000000000009 24.015000343322757 21.550000190734867 74.500000000000014 31.994999885559086 0.95999932289123546 4.5000000000000009 1.5000000000000002 -9.0000004768371564 1.0000000180025095e-35 2.5000000000000004 1.132999995723367 -13.959999561309813 1.5000000000000002 20.244999885559086 30.300000190734867 0.68301270189221941 32.565000534057624 -7.2825374603271475 36.82500076293946 6.5000000000000009 3.5000000000000004 42.995000839233406 19.10000038146973 6.0499999523162851 37.004999160766609 5.5000000000000009 23.999999761581424 10.500000000000002 4.5000000000000009 31.545000076293949 28.675000190734867 19.214999198913578 -18.613872528076168 21.704999923706058 51.049999594688423 39.100000381469734
decision_type=2 8 2 10 10 10 2 10 10 10 8 8 10 10 8 10 10 10 10 8 2 8 8 8 10 2 8 10 10 8 8 2 2 8 10 2 10 8 2 8 8 2 10 8 10 2 2 10 10 8 10 2 8 2 2 10 10 10 8 10 8 10
left_child=1 16 3 4 11 6 15 9 -7 -8 14 12 -2 -9 -11 25 17 18 40 20 21 24 -23 39 -20 26 -4 28 -19 -5 31 32 -31 -32 -6 36 37 -36 -10 -16 -1 44 43 -43 45 46 49 51 -49 58 61 -48 -47 54 55 56 59 -56 -42 60 -54 -51
right_child=2 -3 5 29 34 8 7 13 38 10 -12 -13 -14 -15 23 -17 -18 27 19 -21 -22 22 -24 -25 -26 -27 -28 -29 -30 30 33 -33 -34 -35 35 -37 -38 -39 -40 -41 41 42 -44 -45 -46 52 47 48 -50 50 -52 -53 53 -55 57 -57 -58 -59 -60 -61 -62 -63
leaf_value=-0.031857316120063747 0.074028413213789473 -0.0092705918459048079 0.1677077843497197 0.13544752298250884 -0.039172868511358878 -0.0083063218065476639 -0.028503894614487685 -0.056491854692676896 -0.019657568515275704 -0.045655316793734461 -0.045318462323267354 0.026961155082781674 0.48558368343741648 -0.36029771400684774 0.56589056451509634 -0.099657475166503723 0.25401812200129298 -0.061780108740079859 0.70895396360644591 -0.21197103866402595 0.038061708860207821 1.4514587013326863 0.43623260915279388 0.2072731857762832 0.16183130697948225 -0.052669678530344988 -0.019429061064857908 0.19105318080117875 -0.36383370768288081 -0.045661150388892374 0.22838299098443199 -0.07262007922635115 0.077577668244959375 0.054428897483197174 -0.37230541448634452 0.02459008334124441 -0.085371673512489116 0.03075148946136207 0.06842540848852062 0.038633659795495684 0.90800411970007655 0.29798222139188374 -0.1197582804360397 0.0085140435595179378 -0.15950343829703162 0.0016077832441509941 0.48661031749553124 0.010653827194538383 0.23738467410356556 -0.088925511052853137 0.27504681562212496 0.14390118596836543 0.43538940627795308 -0.019618216214958645 -0.43639218603581692 0.068578336903064335 0.43957382068633599 0.021756021850719575 0.11543009466865471 -0.069902524248595083 0.068135293463485389 0.22486361848306846
leaf_weight=5138 750 36457 1380 2748 25387 38436 23677 10270 4144 3736 5858 22487 315 323 82 8501 534 1683 108 175 412 54 60 990 406 23700 7369 296 403 2597 902 3359 4818 9018 202 21127 7762 8124 11692 20752 51 589 2279 8525 558 13397 813 1647 1510 3085 382 468 547 3126 238 3676 1032 1020 2261 382 496 320
leaf_count=5138 750 36457 1380 2748 25387 38436 23677 10270 4144 3736 5858 22487 315 323 82 8501 534 1683 108 175 412 54 60 990 406 23700 7369 296 403 2597 902 3359 4818 9018 202 21127 7762 8124 11692 20752 51 589 2279 8525 558 13397 813 1647 1510 3085 382 468 547 3126 238 3676 1032 1020 2261 382 496 320
internal_value=2.06807e-11 0.0155216 -0.0052863 0.00850451 -0.00172072 -0.0146792 -0.0258946 -0.0114808 0.00735752 -0.00104549 0.0196475 0.0345939 0.195756 -0.0657555 0.0345368 -0.0490158 0.0317572 0.0296046 0.0346196 0.185522 0.252408 0.393031 0.917129 0.0482647 0.276791 -0.0357486 0.0100885 -0.0814648 -0.120135 0.0460843 0.0342175 0.00104477 0.034415 0.0702461 -0.0153829 0.000845873 -0.0303354 0.0209728 0.0453757 0.0407089 0.0310623 0.0380292 -0.00217988 0.0272212 0.0511145 0.0545258 0.0995485 0.18904 0.1191 0.0344294 -0.0256961 0.361405 0.0346879 0.0768268 0.117618 0.15506 0.284449 -0.0649207 0.132913 0.172106 0.260741 -0.0594358
internal_weight=362634 92128 270506 109596 86154 160910 106638 65688 54272 55095 31418 23552 1065 10593 25560 40950 55671 55137 52755 1215 1040 628 114 21824 514 32449 8749 2382 2086 23442 20694 10774 7415 9920 62602 37215 16088 8326 15836 20834 51540 46402 11393 9114 35009 34451 10537 4438 3157 6099 3787 1281 23914 10517 7391 6133 2457 1258 2312 1425 1043 3405
internal_count=362634 92128 270506 109596 86154 160910 106638 65688 54272 55095 31418 23552 1065 10593 25560 40950 55671 55137 52755 1215 1040 628 114 21824 514 32449 8749 2382 2086 23442 20694 10774 7415 9920 62602 37215 16088 8326 15836 20834 51540 46402 11393 9114 35009 34451 10537 4438 3157 6099 3787 1281 23914 10517 7391 6133 2457 1258 2312 1425 1043 3405
is_linear=0
shrinkage=0.05


Tree=94
num_leaves=63
num_cat=0
split_feature=6 51 51 68 65 43 73 78 78 70 6 64 9 68 38 73 58 51 63 37 78 68 52 73 73 70 69 73 70 76 49 78 54 46 6 50 73 21 50 44 42 9 5 50 44 50 4 9 5 58 50 73 73 50 70 50 31 37 69 37 44 37
split_gain=10881.1 9988.01 29004.1 25558 19784.9 19153.6 17232.3 28663.3 22359.1 17029.4 15588 22538.9 21272.1 15582.9 15354.9 23914.7 24707.8 15338 22204.4 18441.9 14614 46307.9 21718.6 19894.7 17562.6 16074 29075.5 19399.8 16653.7 20389.5 25553 25059.5 19481.1 17054 16034.2 24154.1 18247.2 19757.9 16901.3 15553.1 15399.9 15287.1 14289.5 19682.7 13844.6 13734.9 13506.8 13136.1 12833.6 12801.2 18043.4 12531.1 12319.6 19872.2 12073.5 12206.1 12072 12037.8 14467 11809.8 12669.7 11765.1
threshold=5.0999999046325692 2.5000000000000004 4.5000000000000009 18.500000000000004 20.826666196187343 0.0015000000712461772 -9.7649993896484357 0.68301270189221941 -0.5 16.744999885559086 75.500000000000014 35.034999529520682 20.445000648498539 20.649999618530277 74.009998321533217 -4.0500006675720206 -8.9500002861022931 3.5000000000000004 23.939507096011862 13.694999694824221 -0.93301270189221908 5.0499999523162851 0.27179999649524694 1.9200003147125246 -1.2499995231628416 32.135000228881843 47.100000381469734 -12.469998359680174 23.644999504089359 -0.37940952255126059 17.500000000000004 -0.6830127018922193 4.3551971912384042 14.125000000000002 26.050000190734867 11.500000000000002 -1.2899980545043943 18.750000000000004 5.5000000000000009 18.724999427795414 14.735000133514406 11.355000019073488 72.500000000000014 10.500000000000002 27.175000190734867 11.500000000000002 4.0499999523162851 16.185000419616703 110.50000000000001 -13.849999904632567 2.5000000000000004 10.860000133514406 -2.7299985885620113 6.5000000000000009 38.674999237060554 2.5000000000000004 105.00999832153322 37.225000381469734 88.500000000000014 19.814999580383304 14.585000038146974 18.015000343322757
decision_type=8 2 2 8 10 10 8 2 2 8 10 8 8 10 10 8 8 2 10 10 2 8 10 8 10 10 8 8 10 2 2 2 10 8 8 2 10 10 2 8 8 8 10 2 8 2 10 8 10 8 2 10 8 2 8 2 10 10 10 10 10 8
left_child=-1 20 3 4 44 -5 7 8 -4 -7 57 12 -12 -10 15 16 -11 42 19 -19 21 22 -2 -24 -23 28 27 -27 29 30 31 39 40 41 38 36 37 -36 -28 -22 61 -30 -6 48 -3 -29 -35 -46 -44 50 -42 -51 53 -39 55 -14 -9 -8 -59 60 -21 -33
right_child=1 2 6 5 17 9 10 56 13 14 11 -13 54 -15 -16 -17 -18 18 -20 59 25 24 23 -25 -26 26 34 45 33 -31 -32 32 -34 46 35 -37 -38 52 -40 -41 49 -43 43 -45 47 -47 -48 -49 -50 51 -52 -53 -54 -55 -56 -57 -58 58 -60 -61 -62 -63
leaf_value=-0.031221147629795144 0.069619599448835889 0.023696627858449462 0.26434791444751776 0.012142289230575263 0.011273263390686452 -0.18435650114008212 -0.013613583840908806 0.48051761957965483 -0.061730209893660792 1.1640904013735225 0.7309981384413029 1.006336821012304 -0.56626818046729632 -0.63101939718995315 0.080254982920156592 0.24688325200070446 0.32621322886517207 -0.02805524437158511 -0.15364842425256528 0.031753783199089967 1.2047075238946368 0.098365406133634134 0.21088817855240458 0.6067215682451319 -0.083764511408193118 -0.57118883135611431 0.087086150932564818 -0.032179390761220457 0.28004721832694485 -0.026432000200654622 -0.008611359020721748 0.42780542638481783 -0.25681304361112989 -0.10979668692794567 0.066149710030038986 0.66079187257162175 0.10076159170211958 -0.44953085258703063 -0.039568524400013079 0.38308357035669999 0.29124861020933496 -0.087152832931181701 0.26576096435341662 -0.57394049309767214 -0.2662477963831979 0.77377061784829737 -0.011592217753099493 -0.023125613876240375 1.0560628619633223 0.1448193572783015 -0.42470956820303185 -0.44744747905961929 -0.035721617716362314 0.2501275565895823 -0.49498472648362324 0.11452887419411276 -0.11577956799530623 -0.12587821630099527 -0.76429729744641473 0.086019735686477472 0.22924250707890118 0.12824494486299759
leaf_weight=25913 2745 29882 475 1826 20049 244 91026 595 622 159 123 71 69 149 900 1583 197 2767 970 1072 73 1777 1787 386 5188 167 3851 20410 288 18965 6009 688 327 3921 2365 175 11928 559 8335 273 132 17896 520 65 572 53 32710 19368 57 2250 264 93 829 124 96 1437 99 856 99 12229 3350 626
leaf_count=25913 2745 29882 475 1826 20049 244 91026 595 622 159 123 71 69 149 900 1583 197 2767 970 1072 73 1777 1787 386 5188 167 3851 20410 288 18965 6009 688 327 3921 2365 175 11928 559 8335 273 132 17896 520 65 572 53 32710 19368 57 2250 264 93 829 124 96 1437 99 856 99 12229 3350 626
internal_value=-2.43268e-11 0.00240268 0.00990048 0.0293484 0.0233472 0.140474 -0.00956637 0.137935 -0.00549986 0.216483 -0.0126178 0.133268 0.0973332 -0.171748 0.250933 0.330155 0.700434 0.0490366 0.0798151 0.0914774 -0.00748774 0.0456436 0.163106 0.281202 -0.0372972 -0.0122237 0.0106256 -0.0344721 -0.0254161 0.0047368 0.0598012 0.146786 0.114426 -0.0417537 0.0436571 0.0766009 0.0701324 -0.0241014 0.000456681 0.556432 0.144378 -0.0813371 0.0187088 0.250911 0.00216595 -0.0300919 -0.0221041 -0.0300998 0.343832 0.076872 -0.186057 0.121311 -0.165268 -0.322506 0.048681 0.083337 0.395455 -0.0154663 -0.19206 0.111341 0.181366 0.285092
internal_weight=362634 336721 191527 95810 90901 4909 95717 1940 1246 3083 93777 1796 1725 771 2839 1939 356 41079 20388 19418 145194 11883 4918 2173 6965 133311 48796 20630 84515 29700 10735 4726 4380 54815 28166 15980 15805 3877 12186 346 4053 18184 20691 642 49822 20463 36631 19940 577 2739 396 2343 1512 683 1602 1506 694 91981 955 16651 4422 1314
internal_count=362634 336721 191527 95810 90901 4909 95717 1940 1246 3083 93777 1796 1725 771 2839 1939 356 41079 20388 19418 145194 11883 4918 2173 6965 133311 48796 20630 84515 29700 10735 4726 4380 54815 28166 15980 15805 3877 12186 346 4053 18184 20691 642 49822 20463 36631 19940 577 2739 396 2343 1512 683 1602 1506 694 91981 955 16651 4422 1314
is_linear=0
shrinkage=0.05


Tree=95
num_leaves=63
num_cat=0
split_feature=0 55 72 73 70 51 51 30 50 51 44 45 37 73 31 30 51 50 44 7 51 44 51 30 67 72 30 15 50 0 30 45 65 58 37 30 6 77 68 45 78 15 6 69 50 44 6 73 50 2 51 51 51 0 39 37 63 30 65 37 5 73
split_gain=10357.4 11070.1 9366.89 9373.95 11277.6 11073 12445 20446.4 17777 32757.1 26348.1 23488 18852 16780.6 19058.2 15728.4 19613.2 14551.8 13480.5 12894 15433.3 13636.7 15780.3 16804.9 12499.7 12027 11870.9 11701.6 10864.5 22233.7 10726.3 10607.9 10355.7 9986.85 19575.3 12350.5 9513.94 9427.07 9419.91 9295.42 12147.4 12462.8 11764.2 9240.42 12873.7 9668.87 10497.1 10180.6 18174.9 13173.4 9218.99 9205.48 9038.74 8819.78 8696.65 16116.2 16024.1 10712.2 12545.2 10123.8 12525 9507.21
threshold=6.0499999523162851 1.4000000357627871 3.4058823585510258 1.4799997210502627 36.625000000000007 5.5000000000000009 1.5000000000000002 22.435000419616703 4.5000000000000009 4.5000000000000009 19.925000190734867 72.005001068115249 25.454999923706058 2.5800004005432133 39.965000152587898 10.324999809265138 3.5000000000000004 5.5000000000000009 24.054999351501468 8.0500001907348651 2.5000000000000004 24.32499980926514 2.5000000000000004 18.314999580383304 101.50000000000001 1.2612040638923647 8.6050000190734881 0.64350000023841869 11.500000000000002 35.100000381469734 13.194999694824221 53.010000228881843 18.833333373069767 23.250000000000004 21.675000190734867 18.314999580383304 53.500000000000007 0.25881904510252057 15.500000000000002 64.005001068115249 0.93301270189221952 0.34350000321865087 56.399999618530281 50.299999237060554 3.5000000000000004 33.335000991821296 37.049999237060554 2.4999992847442631 5.5000000000000009 60.299999237060554 3.5000000000000004 3.5000000000000004 3.5000000000000004 52.500000000000007 29.005000114440922 32.73500061035157 17.235622027262817 9.3249998092651385 34.283333301544197 17.384999275207523 33.049999237060554 5.1199991703033456
decision_type=8 8 10 10 8 2 2 8 2 2 8 10 10 10 10 10 2 2 8 10 2 10 2 10 8 10 8 10 2 10 10 8 10 10 10 10 8 2 10 10 2 10 10 8 2 8 10 10 2 8 2 2 2 10 8 10 8 8 8 10 8 10
left_child=-1 -2 3 -3 5 6 54 8 9 15 12 13 24 18 33 16 -8 -9 30 21 -21 -17 -23 -24 27 -11 -7 -10 38 -30 -12 -22 -27 35 -35 -15 -32 -18 39 -28 42 -42 -41 44 -6 46 -45 -47 -49 -50 -36 -16 -20 -25 57 -56 -57 58 -5 60 -60 -59
right_child=1 2 -4 4 43 26 7 17 10 25 11 -13 -14 14 51 19 37 -19 52 20 31 22 23 53 -26 32 28 -29 29 -31 36 -33 -34 34 50 -37 -38 -39 -40 40 41 -43 -44 45 -46 47 -48 48 49 -51 -52 -53 -54 -55 55 56 -58 61 59 -61 -62 -63
leaf_value=-0.026027281172675172 0.048112437628949623 -0.0029900989217029913 -0.050599276033871099 -0.036971720474944701 0.41767628957765013 0.14552462405537173 0.087713879058559208 0.044600682572375636 0.054672103449803992 -0.042089781426303881 -0.23351769388081078 0.020624620749980251 -0.57054006917476652 0.078827732634779657 0.10793326942516067 0.0012750080054823453 0.69003210102217905 -0.042041669346084359 -0.12775695411124288 -0.033725667114459394 0.045507086819442433 0.11142550301002829 -0.12013112209281143 -0.61896998801401681 -0.42346091954147119 -0.031929683917744249 -0.016685097744272532 0.80823558058159861 -0.053130174572445121 -0.74218101024010474 0.30506069400420321 0.21350651466830578 -0.35926368165967915 1.3763996757652568 -0.073147385115070004 0.52513860244738564 0.94905355402734137 0.12681439114125945 0.11630854775813598 -0.1248448989999475 -0.16951703121567258 -0.76862098509310817 0.20709500731838659 0.13549514447739583 -0.054995362752438007 0.095533302817198296 -0.064493836833607973 0.10179994270120832 0.30334835785082903 0.98288849794506283 0.72669959519759264 0.37213023099295028 0.16833244833145292 -1.4608323386737281 0.027409899313251326 0.059265575210253399 1.2408078598434276 -0.020957890413092532 0.19118904373208123 -0.28676920833461211 0.73585036702500961 -0.11941615274220688
leaf_weight=34579 12916 223779 8594 616 158 852 635 9043 5539 1792 83 1533 125 209 837 971 281 10442 532 1970 1694 114 98 70 136 359 6099 52 381 169 552 2110 739 87 56 600 64 101 915 2298 234 138 302 2294 1632 536 919 264 130 158 101 544 500 56 6731 60 55 12192 314 66 159 3069
leaf_count=34579 12916 223779 8594 616 158 852 635 9043 5539 1792 83 1533 125 209 837 971 281 10442 532 1970 1694 114 98 70 136 359 6099 52 381 169 552 2110 739 87 56 600 64 101 915 2298 234 138 302 2294 1632 536 919 264 130 158 101 544 500 56 6731 60 55 12192 314 66 159 3069
internal_value=5.98802e-12 0.00274343 0.000883982 0.00232732 0.0167043 0.0115023 0.019438 0.0356795 0.0681058 0.0225845 0.11142 0.187952 0.0369017 0.24954 0.334176 0.0741465 0.258019 -0.0018309 0.130532 0.0477455 0.0798663 -0.0939395 -0.36747 -0.611194 0.05016 -0.121932 -0.033993 0.0616807 -0.0485098 -0.264857 0.300073 0.138693 -0.252239 0.494402 0.774784 0.409837 0.371969 0.541119 -0.036594 -0.0520174 -0.124525 -0.391765 -0.0862888 0.0821883 -0.0132735 0.121918 0.0782932 0.250747 0.401462 0.676152 0.441404 0.212005 0.0156972 -0.993131 -0.00990363 0.0374374 0.624351 -0.0296464 0.117171 0.293334 0.374278 -0.0407579
internal_weight=362634 328055 315139 306545 82766 76675 65287 42025 22540 10990 11550 5698 5852 4165 2434 8100 1017 19485 1731 7083 5774 1309 338 224 5727 2890 11388 5591 10536 550 699 3804 1098 1053 244 809 616 382 9986 9071 2972 372 2600 6091 1790 4301 3213 1088 552 288 157 1381 1032 126 23262 6846 115 16416 1155 539 473 15261
internal_count=362634 328055 315139 306545 82766 76675 65287 42025 22540 10990 11550 5698 5852 4165 2434 8100 1017 19485 1731 7083 5774 1309 338 224 5727 2890 11388 5591 10536 550 699 3804 1098 1053 244 809 616 382 9986 9071 2972 372 2600 6091 1790 4301 3213 1088 552 288 157 1381 1032 126 23262 6846 115 16416 1155 539 473 15261
is_linear=0
shrinkage=0.05


Tree=96
num_leaves=63
num_cat=0
split_feature=47 67 55 35 9 30 50 59 37 30 9 6 68 64 30 70 62 37 67 76 16 68 18 50 70 28 76 11 6 48 69 35 73 27 40 76 48 45 73 76 63 6 17 50 42 70 78 78 1 47 45 61 50 70 50 59 50 30 37 26 33 40
split_gain=10209.8 10841.5 10083.5 9882.16 8731.74 14234.3 20126.6 9967.57 11550.5 13065.9 11474.9 11394.2 9996.85 8382.25 13761.2 14249.2 16614.7 19602 11971.9 9881.92 10694.7 14349 14408.6 15928.4 11744 11690.6 10614.6 13540.7 11247.5 10698.5 10003.5 9760.85 9714.24 12853.2 9352.69 9336.98 10437.6 8824.45 17567.2 13891.6 9544.07 9332.87 9152.5 8865.05 13767.2 8787.89 8671.53 9292.42 8663.29 16114 10659.3 12570.7 9368.73 8612.03 8535.67 9795.27 8704.65 10153.3 13855.3 9763.14 9164.73 8291.38
threshold=-13.455554008483885 122.50000000000001 1.6000000834465029 37.049999237060554 7.1250000000000009 8.6050000190734881 10.500000000000002 -0.98999929428100575 17.384999275207523 4.1250000000000009 15.72499990463257 37.049999237060554 3.0499999523162846 16.211666504542034 11.454999923706056 19.515000343322757 16.508333285649623 15.414999961853029 21.500000000000004 0.91597561503675362 28.845000267028812 13.550000190734865 16.695000648498539 11.500000000000002 32.48500061035157 7.1499998569488534 -0.60355339059327362 32.725000381469734 51.100000381469734 -15.866067409515379 27.099999904632572 18.150000572204593 -1.0000000180025095e-35 -7.4564149379730216 5.4207181930542001 -0.37940952255126059 -7.9873869419097892 91.005001068115249 -10.450000286102293 -0.60355339059327362 1.1401754250939835 71.500000000000014 60.014999389648445 2.5000000000000004 14.340000152587892 32.245000839233406 0.93301270189221952 -0.93301270189221908 65.500000000000014 -7.8935935497283927 57.004999160766609 0.0010000001057051124 5.5000000000000009 21.095000267028812 2.5000000000000004 2.9600019454956059 11.500000000000002 18.314999580383304 25.454999923706058 -1.8631477952003477 8.9879522323608416 -5.8019075393676749
decision_type=8 8 8 10 8 8 2 10 10 10 10 10 8 8 8 8 8 10 8 2 10 8 10 2 10 8 2 10 8 8 8 10 8 8 8 2 8 10 8 2 10 10 10 2 10 10 2 2 8 10 8 8 2 8 2 8 2 8 10 8 10 8
left_child=1 3 -2 -1 -4 6 7 -6 9 11 -10 -9 -11 37 31 16 17 -16 53 20 26 22 23 -22 -25 -23 27 28 -20 -30 -31 -15 33 -32 -35 36 -24 39 -39 40 -7 42 -40 -42 -45 -36 47 -29 -27 -50 51 -51 -52 -17 55 -28 59 58 -58 -56 -61 -34
right_child=2 -3 4 -5 5 13 -8 8 10 12 -12 -13 -14 14 15 18 -18 -19 19 -21 21 25 35 24 -26 48 54 46 29 30 32 -33 61 34 45 -37 -38 38 41 -41 43 -43 -44 44 -46 -47 -48 -49 49 50 52 -53 -54 -55 56 -57 57 -59 -60 60 -62 -63
leaf_value=0.030881742134509272 0.03387299260468029 0.26348637687013315 -0.066890238356843379 -0.10128490756994782 -0.0024050961768824256 -0.13866378838219298 -0.078280928067664707 -0.17590062686749086 0.30783685372881281 0.41096575508542532 -0.18283411100810115 0.61631411741364683 0.18855408437003973 0.0047842317738605068 -0.013525250499357148 0.10024765370613986 0.0033526953484840361 0.35640446725299091 0.03293923183064143 -0.026597591585123006 -0.0021349028066761436 -0.068107641761355267 0.070318443774643066 0.055348006618332196 0.66796899351303463 0.044954081566237203 -0.011670874811343544 0.51167235148534407 0.59340996612028218 0.28641293854653899 0.25568977089015937 -0.16276004526479032 0.26103211227224193 -0.081703143756473362 0.055973035491977456 0.0014194780236934284 -0.077218426312161276 -0.25748891122845757 -0.097012874303000166 -0.025940099958259813 0.19184269336369777 0.43901291760531341 0.0075459469773643349 0.2032330698135946 -0.049647947682797025 0.61870244729977397 0.11532671591243773 -0.086960099638744751 0.0010343522187006675 0.38293729554861788 -0.38447422052130986 1.0877268962654068 0.29710507787471546 -0.094406660322098115 -0.00077950638816242778 -0.12290018284017919 0.004491155500418678 -0.072607851560998929 0.40750442995151109 0.027566688354841586 0.21481886838242997 0.064108930440433004
leaf_weight=27846 18012 481 5526 1490 1093 488 1611 316 171 734 393 53 1621 1419 562 639 1971 987 23331 30575 25113 2015 1282 159 154 7108 8231 66 113 648 457 2244 1008 1856 292 6507 18466 1082 4586 28629 1487 99 3850 816 1581 91 702 3644 590 289 68 81 195 5130 61541 2606 1303 6081 255 41088 664 1138
leaf_count=27846 18012 481 5526 1490 1093 488 1611 316 171 734 393 53 1621 1419 562 639 1971 987 23331 30575 25113 2015 1282 159 154 7108 8231 66 113 648 457 2244 1008 1856 292 6507 18466 1082 4586 28629 1487 99 3850 816 1581 91 702 3644 590 289 68 81 195 5130 61541 2606 1303 6081 255 41088 664 1138
internal_value=-3.124e-11 0.0280295 -0.00251116 0.0241689 -0.00459293 -0.00347984 0.0728341 0.128403 0.171886 0.214528 -0.0340669 -0.0621137 0.257875 -0.00498756 -0.00162651 -0.000254996 0.0996529 0.222189 -0.00164235 1.58816e-05 0.00376323 -0.0137844 -0.0245444 0.00228324 0.356765 0.0399645 0.0107801 0.0357745 0.0482162 0.11183 0.101918 -0.0978555 0.0772267 0.0140413 -0.0352814 -0.0505249 -0.0676406 -0.0255451 -0.0676916 -0.013263 0.06975 -0.0436306 -0.0492946 0.0959359 0.0364392 0.189676 -0.0458189 -0.0763106 0.0661037 0.189024 0.364243 0.537229 0.120879 -0.0728459 0.00393552 -0.0384185 0.0080731 -0.0434301 0.0704529 0.011882 0.0305446 0.156606
internal_weight=362634 29817 332817 29336 314805 309279 5992 4381 3288 2724 564 369 2355 303287 260669 257006 3520 1549 253486 247717 217142 62027 51681 25426 313 10346 155115 33346 28934 5603 5490 3663 4842 2696 2239 26255 19748 42618 9617 33001 4372 8535 8436 3884 2397 383 4412 3710 8331 1223 633 370 263 5769 121769 10837 110932 7639 1558 103293 41752 2146
internal_count=362634 29817 332817 29336 314805 309279 5992 4381 3288 2724 564 369 2355 303287 260669 257006 3520 1549 253486 247717 217142 62027 51681 25426 313 10346 155115 33346 28934 5603 5490 3663 4842 2696 2239 26255 19748 42618 9617 33001 4372 8535 8436 3884 2397 383 4412 3710 8331 1223 633 370 263 5769 121769 10837 110932 7639 1558 103293 41752 2146
is_linear=0
shrinkage=0.05


Tree=97
num_leaves=63
num_cat=0
split_feature=67 70 33 42 68 50 14 42 30 73 38 52 70 11 67 44 30 42 50 6 44 51 51 16 31 13 30 64 68 78 6 70 44 51 78 50 69 73 51 6 48 62 67 68 51 50 48 78 6 52 65 46 7 3 16 28 50 30 6 50 64 29
split_gain=9780.29 14493.9 10675.2 11216.5 10785.2 25025.1 16046.7 14816.3 12751.7 12005.4 11298.1 10744.7 10576.3 17873.4 16371.9 15023.5 23159.8 13278.2 12587.9 10463.9 9538.33 9473.52 9662.45 12855.1 10361.8 9183.21 8793.91 11507.8 9114.34 8716.49 14364.6 8592.22 13155 10266.4 10168.6 16215.5 13544.6 9659.49 8517.66 10457.2 8450.08 8156.39 8136.99 8255.24 8021.85 10331.8 9291.64 9139.45 8834 12572.8 8514.09 7964.32 7934.48 7864.17 8360.72 8854.76 7811.47 10973.2 7778.42 7747.98 16634 8560.2
threshold=44.149999618530281 13.885000228881838 1.3007786273956301 20.250000000000004 17.500000000000004 9.5000000000000018 46.149999618530281 37.250000000000007 10.324999809265138 -2.5400006771087642 74.009998321533217 5.5107498168945321 21.244999885559086 13.894999980926515 25.500000000000004 13.47499990463257 14.954999923706056 10.539999961853029 11.500000000000002 50.049999237060554 22.884999275207523 1.5000000000000002 4.5000000000000009 16.865000724792484 59.004999160766609 7.5081732273101816 9.6649999618530291 6.5041666825612392 3.8500000238418584 -0.24999999999999994 13.050000190734865 32.135000228881843 25.345000267028812 2.5000000000000004 -0.5 10.500000000000002 77.500000000000014 -0.9199998378753661 4.5000000000000009 37.049999237060554 6.4149084091186532 64.708333333333357 116.50000000000001 13.550000190734865 2.5000000000000004 5.5000000000000009 5.9045629501342782 -0.6830127018922193 81.500000000000014 12.446650028228762 7.0000000198682164 10.734999656677248 32.549999237060554 28.050000190734867 16.98499965667725 29.050000190734867 8.5000000000000018 16.695000648498539 43.299999237060554 10.500000000000002 22.145833174387619 1.0000000180025095e-35
decision_type=8 8 8 8 8 2 10 8 8 8 10 10 8 10 10 10 10 10 2 10 8 2 2 8 8 10 8 8 10 2 10 10 10 2 2 2 8 8 2 8 8 10 8 10 2 2 8 2 10 8 8 10 10 8 10 8 2 10 10 2 8 8
left_child=12 -2 4 19 25 6 7 8 9 -6 11 -10 13 38 59 26 18 -16 51 -4 -8 -18 23 52 56 -3 27 -15 -29 30 -24 32 33 -5 35 36 -34 -37 53 -40 -36 -13 43 -33 47 46 -46 50 -47 -50 -21 -17 -23 54 -1 -56 -25 -58 -42 -14 -61 -62
right_child=1 2 3 31 5 -7 20 -9 10 -11 -12 41 14 15 17 16 21 -19 -20 44 -22 22 29 24 -26 -27 -28 28 -30 -31 -32 42 34 -35 40 37 -38 -39 39 -41 58 -43 -44 -45 45 48 -48 -49 49 -51 -52 -53 -54 -55 55 -57 57 -59 -60 60 61 -63
leaf_value=-0.00053122780750892052 -0.26003494089042839 0.00060866507186248882 0.03346969795581782 -0.03437825981503146 0.91047639160343774 -0.17055217221076233 0.8255447415703977 -0.053887236397187468 0.080252678367364147 0.0042102307081222532 -0.033172381029696177 0.22289896711768523 -0.093912377358267851 -0.078567777524101809 0.017883912530311571 -0.029301876705788099 0.031447526637638341 -0.027369514142095014 -0.087003856561098283 0.80994825240443746 0.13672417311116736 -0.013649064594110151 0.19351913947558982 0.25091384106692466 0.16571540099282106 -0.04017964353028225 -0.044565242878257742 0.28007511531206042 0.051591146769247913 0.23048530182986726 -0.29791090518972557 0.033692651343344988 -0.0098319332002803021 0.039914044587424681 0.044956540104890877 -0.18904617705730478 -0.37740111492711348 -0.66449610770936929 -0.044883041873392281 -0.23105372245165096 -0.014489425852652957 0.8609764943707664 -0.17240833283153059 0.15834172116592526 0.39474146009645833 0.04420595648833691 0.1252426937984181 -0.023196790205224971 0.15116008415577875 1.0903733505010604 0.14154961655978937 0.10265742765443467 0.30303556443278479 -0.074876998675640752 0.20197448882018848 -0.025963206429767207 0.9513150782056965 0.41445960028769657 -0.27476204769873575 -0.062291696754365189 0.69137814253304919 0.15878057966730866
leaf_weight=9080 511 148710 20498 8092 89 1260 108 2479 7248 62 1936 910 9704 938 23956 1584 837 50130 1761 51 94 334 351 131 208 15211 5421 692 1182 896 258 7062 1084 10933 1699 198 326 232 5893 865 647 53 404 1636 710 1464 582 1622 124 50 724 4111 485 2799 1141 680 202 180 516 1150 113 227
leaf_count=9080 511 148710 20498 8092 89 1260 108 2479 7248 62 1936 910 9704 938 23956 1584 837 50130 1761 51 94 334 351 131 208 15211 5421 692 1182 896 258 7062 1084 10933 1699 198 326 232 5893 865 647 53 404 1636 710 1464 582 1622 124 50 724 4111 485 2799 1141 680 202 180 516 1150 113 227
internal_value=1.16425e-12 0.00596666 0.00654064 0.0250423 0.000449504 0.0421899 0.0628429 0.0558524 0.0822697 0.538367 0.0754824 0.101101 -0.0113004 0.00990187 -0.0212523 0.0440614 0.0813916 -0.0127366 0.0298279 0.0496946 0.505004 0.180428 0.221379 0.309429 0.463394 -0.00317627 -0.00734751 0.0644012 0.135962 0.131282 -0.0146729 0.0056495 -0.0101936 0.00831492 -0.085082 -0.176785 -0.094816 -0.445568 -0.0227766 -0.0687122 -0.0261253 0.258016 0.0469492 0.0571378 0.112127 0.167624 0.273342 0.0442904 0.0842369 0.421049 0.185535 0.0659544 0.173887 -0.000117252 0.0190785 0.116858 0.58409 0.698347 -0.129967 -0.0776123 0.028546 0.335791
internal_weight=362634 237325 236814 58654 178160 14239 12979 12777 10298 151 10147 8211 125309 40029 85280 19571 11338 74086 7456 25825 202 3882 3045 1540 721 163921 8233 2812 1874 1505 609 32829 23727 19025 4702 1840 1410 430 20458 6758 2862 963 9102 8698 5327 2930 1292 2397 1638 174 775 5695 819 13700 10901 1821 513 382 1163 11194 1490 340
internal_count=362634 237325 236814 58654 178160 14239 12979 12777 10298 151 10147 8211 125309 40029 85280 19571 11338 74086 7456 25825 202 3882 3045 1540 721 163921 8233 2812 1874 1505 609 32829 23727 19025 4702 1840 1410 430 20458 6758 2862 963 9102 8698 5327 2930 1292 2397 1638 174 775 5695 819 13700 10901 1821 513 382 1163 11194 1490 340
is_linear=0
shrinkage=0.05


Tree=98
num_leaves=63
num_cat=0
split_feature=77 79 51 70 67 58 70 73 58 51 70 51 70 79 67 68 37 38 79 44 51 23 70 70 70 67 38 67 46 35 18 59 73 68 79 70 73 37 62 40 55 46 68 79 6 11 61 5 23 68 44 44 44 65 65 68 67 70 67 51 73 79
split_gain=9447.97 13140 26443.8 25265 23695.8 20375 16076 14816.7 21731.7 12640.4 15532.1 14260.7 28196.4 17524.6 19002.6 17240.9 19940.3 14105 28375.6 13949.6 13339.2 13091.1 13056.3 12061.5 20937.7 20655.2 22411.7 17196.6 11928.3 12199.3 11400.6 11374.6 11324.2 11161.1 15033.5 20164.8 18459.4 24073.7 15818.2 11151.5 11115 11035.9 12481.4 10768.4 17851.7 15860.2 15082.4 13160 15082.1 16278.4 13436.2 13083.8 12971.3 11266.7 9861.49 13823.4 11747.7 13421.8 9518.69 13595.4 14064.2 15709.2
threshold=-0.70710678118654757 -0.9330127018922193 2.5000000000000004 29.214999198913578 69.500000000000014 33.050001144409187 39.98500061035157 -2.5400006771087642 -22.949999809265133 4.5000000000000009 35.954999923706062 3.5000000000000004 30.894999504089359 0.6830127018922193 86.500000000000014 8.1999998092651385 30.105000495910648 67.005001068115249 0.93301270189221952 34.315000534057624 1.0000000180025095e-35 11.784999847412111 25.804999351501468 36.18499946594239 31.964999198913578 44.500000000000007 69.014999389648452 73.500000000000014 23.994999885559086 12.949999809265138 27.994999885559086 4.9549999237060556 -1.0950002670288084 7.7500000000000009 -0.5 36.32500076293946 5.7099995613098153 20.355000495910648 56.183333333333344 -5.6731388568878165 9.9000000953674334 31.994999885559086 18.500000000000004 -0.5 75.500000000000014 41.68499946594239 0.094000007957220091 73.500000000000014 21.464999198913578 15.500000000000002 26.244999885559086 21.494999885559086 20.244999885559086 39.555000368754072 10.950000147024793 13.050000190734865 95.500000000000014 36.694999694824226 57.049999237060554 2.5000000000000004 -6.7200000286102286 0.25000000000000017
decision_type=2 2 2 10 8 8 10 10 8 2 10 2 8 2 10 8 8 10 2 10 2 10 10 8 10 10 8 10 10 8 10 10 10 10 2 10 10 8 10 10 10 8 10 2 10 10 8 10 10 8 10 10 8 10 8 8 10 10 10 2 8 2
left_child=1 2 5 4 -4 23 9 8 -5 10 11 13 19 14 15 -3 -17 21 -19 -13 -16 -15 -20 24 -1 -26 28 -25 -27 -30 -7 -9 -29 34 36 39 -2 38 -38 -36 -41 -14 -43 52 46 -46 47 48 49 51 -49 -45 -11 -53 -12 56 -56 -58 59 60 61 -35
right_child=33 6 3 7 -6 30 -8 31 -10 43 54 12 41 17 20 16 -18 18 22 -21 -22 -23 -24 27 25 26 -28 32 29 -31 -32 -33 -34 58 35 -37 37 -39 -40 40 -42 42 -44 44 45 -47 -48 50 -50 -51 -52 53 -54 -55 55 -57 57 -59 -60 -61 -62 -63
leaf_value=-0.20331273825377877 -0.041828786898040371 0.037558148511856237 0.29424815915505043 1.3191838039640795 1.2708613529320687 0.13007757839423123 -0.26817329438442428 0.1433726197268364 0.26553877155536065 0.52361930228318232 -0.056239218972681616 0.11411382894405564 -0.10136784060097404 -0.10325884528999137 -0.082257704184515279 -0.00015814222351019202 -0.16202012551650735 -0.19572291945080861 -0.053469146098421939 0.60646006745748782 0.20244535069730626 0.04636058605731351 0.19546319219621333 -0.39624969265941118 -0.15898447333077462 0.31632202637437773 -0.18355755435441473 -0.29848201602697372 1.3267925549687734 0.37616172394550901 0.83432768681998726 -0.069213866627821932 0.13653045371022496 -0.3060039971796451 0.012706663272083666 0.10820197397559513 0.3230944990830602 0.094990453057951341 1.5628739344477653 -0.011212875192435662 -0.066112242947474711 0.046913732845151435 0.77804154926730751 -0.022241827855577968 0.30468192251321691 -0.59307730992635088 -0.11553645361189768 0.68420056049372002 -0.1263429762974263 -0.16483665085519991 0.080914608450957409 0.17851222386979113 0.023062093248710225 -0.059078672272224401 0.10419232847406264 0.2767633287743318 0.27658746358351549 -0.35096321020500426 0.026348522180108871 0.015336999029345441 -0.020457340149258679 -0.026311172349582818
leaf_weight=692 43777 17654 187 57 93 141 523 2749 346 132 959 6749 2635 2118 508 6640 2667 3525 1631 147 2164 4720 778 540 386 483 194 230 67 68 97 816 428 945 42516 3895 53 576 50 59447 10912 998 62 3632 553 54 5900 126 2830 1142 345 2105 6632 654 4454 1098 119 300 41875 38696 26693 1071
leaf_count=692 43777 17654 187 57 93 141 523 2749 346 132 959 6749 2635 2118 508 6640 2667 3525 1631 147 2164 4720 778 540 386 483 194 230 67 68 97 816 428 945 42516 3895 53 576 50 59447 10912 998 62 3632 553 54 5900 126 2830 1142 345 2105 6632 654 4454 1098 119 300 41875 38696 26693 1071
internal_value=2.75812e-13 0.0138292 0.0769216 0.15959 0.618623 -0.0286629 0.00817766 0.127198 0.414565 0.00989764 0.0221968 0.0129918 0.0648908 2.9649e-05 0.0211318 0.0085269 -0.0465411 -0.0489306 -0.105336 0.124609 0.148318 1.75098e-05 0.0269249 -0.0630193 0.0156545 0.142136 0.28528 -0.187137 0.432456 0.847956 0.417104 0.0947133 -0.0155256 -0.00470991 -0.0130715 -0.00365081 -0.0378162 0.220887 0.924929 -0.00751054 -0.0197272 -0.0465618 0.0896778 -0.0206786 -0.0415503 0.224815 -0.0512123 -0.0161825 -0.0279307 0.00904089 0.242303 0.0401109 0.0328305 0.122193 0.0925902 0.116494 0.0803812 -0.172733 0.00762632 -0.00400475 -0.0300749 -0.157417
internal_weight=362634 92128 7574 4248 280 3326 84554 3968 403 84031 59926 52996 10591 42405 29633 26961 9307 12772 5934 6896 2672 6838 2409 3088 1890 1198 812 1198 618 135 238 3565 658 270506 161226 116770 44456 679 103 112875 70359 3695 1060 24105 17341 607 16734 10834 10363 7533 471 6391 6764 2759 6930 5971 4873 419 109280 67405 28709 2016
internal_count=362634 92128 7574 4248 280 3326 84554 3968 403 84031 59926 52996 10591 42405 29633 26961 9307 12772 5934 6896 2672 6838 2409 3088 1890 1198 812 1198 618 135 238 3565 658 270506 161226 116770 44456 679 103 112875 70359 3695 1060 24105 17341 607 16734 10834 10363 7533 471 6391 6764 2759 6930 5971 4873 419 109280 67405 28709 2016
is_linear=0
shrinkage=0.05


Tree=99
num_leaves=63
num_cat=0
split_feature=47 67 43 35 33 16 37 50 51 51 50 9 4 54 68 4 79 51 77 67 0 33 30 6 30 51 51 70 5 43 67 62 37 44 67 50 50 70 77 77 67 19 37 38 42 70 58 23 37 78 44 9 22 13 78 17 5 70 78 37 79 79
split_gain=8881.8 9959.18 8992.74 8525.6 8477.47 9786.26 10041.9 10872.4 14457.8 11534.2 10586.4 15936.6 10305.4 10024.3 9705.63 10318 13442.9 18737 19401.9 12578.8 11135.7 10183.8 10127 9950.93 10161.2 8997.34 25822.7 17031.1 19492.8 17267.1 16080.9 14851.7 14728.9 17400.1 13460.1 22369.3 15381.5 17169.9 13428 13175.9 12214 16362.1 12087.8 12522.4 11824.9 11523.8 11033.2 13617.6 11012.3 10521.2 10330.9 9944.36 9818.03 10327.6 9389.05 12421.7 11488.2 18827.5 9157.84 9147.53 9283.61 9097.11
threshold=-13.455554008483885 104.50000000000001 0.83449998497962963 32.149999618530281 -7.7139785289764395 12.72499990463257 32.604999542236335 6.5000000000000009 1.5000000000000002 3.5000000000000004 5.5000000000000009 23.525000572204593 19.10000038146973 3.5160541534423833 34.500000000000007 50.049999237060554 -0.9330127018922193 3.5000000000000004 -0.78656609248549325 136.50000000000003 116.50000000000001 4.7262959480285653 22.275000572204593 61.500000000000007 30.535000801086429 4.5000000000000009 3.5000000000000004 35.954999923706062 46.149999618530281 0.32950000464916235 24.500000000000004 75.916666666666671 30.105000495910648 33.795000076293952 86.500000000000014 10.500000000000002 8.5000000000000018 19.105000495910648 0.60355339059327384 -0.70710678118654757 97.500000000000014 7.922570228576661 35.944999694824226 47.995000839233406 14.250000000000002 20.064999580383304 -38.499999999999993 18.795000076293949 26.355000495910648 0.68301270189221941 24.82499980926514 28.125000000000004 0.0075000002980232247 -3.3599094152450557 0.93301270189221952 111.00999832153322 51.100000381469734 33.704999923706062 -0.24999999999999994 13.125000000000002 0.6830127018922193 -0.24999999999999994
decision_type=8 8 8 10 8 8 10 2 2 2 2 8 10 10 10 10 2 2 2 8 10 10 8 10 10 2 2 10 8 10 10 10 10 10 10 2 2 8 2 2 10 10 8 10 10 10 8 10 8 2 10 10 8 8 2 8 8 10 2 10 2 2
left_child=1 3 -3 -1 5 -2 -7 8 -8 -10 11 -11 -12 -9 15 16 17 19 22 23 25 -17 -19 -6 -25 26 27 29 -29 39 59 42 33 38 36 -36 37 -31 44 52 41 -34 -30 -44 -32 58 47 -27 -38 -49 -51 -35 -18 -54 56 -56 -39 -58 -46 -28 -61 -48
right_child=4 2 -4 -5 14 6 7 13 9 10 12 -13 -14 -15 -16 21 20 18 -20 -21 -22 -23 -24 24 -26 46 30 28 31 34 32 -33 40 51 35 -37 48 54 -40 -41 -42 -43 43 -45 45 -47 61 49 -50 50 -52 -53 53 -55 55 -57 57 -59 -60 60 -62 -63
leaf_value=0.027991736534596048 -0.074095794343802618 0.12513290668531327 0.63548528124247827 -0.07337784636778126 0.0038552171201867887 -0.0065286144046941127 -0.37874203418232816 0.074212612938437991 0.10251398244040828 0.44118753413735984 -0.22779703013316435 -0.49554580898861816 0.31861374521698194 -0.11304293611118575 -0.24426874566505005 0.032094343093883426 -0.0027673304584723227 0.74496546880186854 0.073385904763533405 0.23760456825531595 -0.50129728323913048 0.21390043981833223 0.25808428542699996 -0.25588099827046085 0.29672344965370079 0.74307762987931103 -0.1918733682623226 0.012910938281767174 0.24260130065298982 0.12505996601454336 0.030585300050867834 0.67790159839628783 -0.023788726790853712 0.73612257211584775 0.14359786918749098 -0.351546591917347 -0.064909359886162685 -0.11128330088146128 0.0090261883551632695 -0.011622532351474219 -0.33514938295214769 0.44682186390731699 0.19411223298737618 -0.092113353091595074 0.016690658890423392 0.099530501581152064 0.0090009954449243919 -0.039783363534485576 0.063753574767380777 1.0490877509415151 0.079580510444328442 0.13092218315931128 -0.015491499261121222 0.11455108943776243 -0.1087293263773286 0.14658618377907892 -0.33483505767544558 0.018408430841937662 0.29776150968357995 -0.10012639057778641 0.14265538023242644 -0.033437147157542743
leaf_weight=26271 6624 1201 93 2252 6334 76619 595 1418 515 52 211 358 146 1441 398 15697 7005 120 3942 522 112 810 971 669 95 96 1006 8939 1390 764 5233 132 4292 153 1601 266 3781 6232 6879 76651 296 193 706 833 366 9197 17932 364 2969 50 61 122 2100 5593 1529 692 1536 500 1392 955 670 42692
leaf_count=26271 6624 1201 93 2252 6334 76619 595 1418 515 52 211 358 146 1441 398 15697 7005 120 3942 522 112 810 971 669 95 96 1006 8939 1390 764 5233 132 4292 153 1601 266 3781 6232 6879 76651 296 193 706 833 366 9197 17932 364 2969 50 61 122 2100 5593 1529 692 1536 500 1392 955 670 42692
internal_value=2.09443e-11 0.0261431 0.161812 0.0199882 -0.00234215 -0.0156544 -0.010896 -0.0815518 -0.17505 -0.0805121 -0.203404 -0.376741 -0.00433492 -0.0201684 0.0024414 0.00284309 7.86276e-05 0.0501648 0.125031 0.0007156 -0.00286517 0.0410156 0.311637 -0.0167057 -0.187167 -0.00260573 0.00384003 -0.00638962 0.0502019 -0.0124956 0.0448261 0.159102 0.0558848 0.0722611 -0.0547374 0.0730524 -0.0679899 -0.103784 0.0675475 -0.00330723 -0.0240679 -0.00353726 0.135722 0.0391896 0.0924158 0.121951 -0.0188239 0.199935 -0.00831673 0.0901635 0.516295 0.467634 0.0400576 0.0790527 -0.120453 -0.0291803 -0.144971 -0.248086 0.239245 -0.0733813 -2.55989e-05 -0.0208844
internal_weight=362634 29817 1294 28523 332817 87979 81355 4736 1877 1282 767 410 357 2859 244838 244440 227933 12653 5033 7620 215280 16507 1091 7098 764 215168 153973 123219 12000 111219 30754 3061 28123 23342 19870 1867 18003 11253 23067 91349 4781 4485 2929 1539 16188 10955 61195 571 6750 475 111 275 14698 7693 10489 2221 8268 2036 1758 2631 1625 60624
internal_count=362634 29817 1294 28523 332817 87979 81355 4736 1877 1282 767 410 357 2859 244838 244440 227933 12653 5033 7620 215280 16507 1091 7098 764 215168 153973 123219 12000 111219 30754 3061 28123 23342 19870 1867 18003 11253 23067 91349 4781 4485 2929 1539 16188 10955 61195 571 6750 475 111 275 14698 7693 10489 2221 8268 2036 1758 2631 1625 60624
is_linear=0
shrinkage=0.05


Tree=100
num_leaves=63
num_cat=0
split_feature=76 38 50 70 67 47 50 74 44 44 66 31 44 31 8 37 73 31 11 30 8 79 52 35 37 79 67 33 30 70 38 15 65 74 50 44 6 64 13 67 72 59 67 73 64 67 30 7 30 47 50 72 55 76 71 43 73 74 54 73 73 6
split_gain=8391.29 9635.08 15570.1 14519.2 16097.7 12552.5 9879.29 16141 15406.4 17369.8 19536.6 15801.3 12265.7 13775.7 13270.4 12167.3 12146.1 12899.1 10552.9 10494.5 9810.75 9553 9230.73 9131.05 9012.65 10822.9 14514.3 11964.2 12373.7 14921.4 12407.5 11002.3 12121.6 10470.6 12088.4 9814.83 14724.3 10463.8 9721.31 9893.41 9574.07 9267.32 9231.62 8946.22 8719.88 9694.58 8827.22 8711.36 8980.23 10370.3 9660.51 11250.1 9048.3 8554.4 20820.9 14956.7 11186.2 10899.3 15978.8 11476.6 9801.65 9616.55
threshold=0.91597561503675362 41.995000839233406 6.5000000000000009 36.125000000000007 114.50000000000001 -3.0561915636062618 8.5000000000000018 1.0000000180025095e-35 20.244999885559086 30.564999580383304 0.66799999808426958 21.994999885559086 34.495000839233406 32.004999160766609 0.027500000782310966 27.304999351501468 6.854999542236329 48.995000839233406 19.994999885559086 6.2750000953674325 0.4825000017881394 0.6830127018922193 1.6590499281883242 10.150000095367433 37.225000381469734 0.25000000000000017 33.600000381469734 2.6072514057159428 8.6050000190734881 22.115000724792484 111.00999832153322 0.65950000286102306 40.033332904179893 1.0000000180025095e-35 5.5000000000000009 29.414999961853031 61.500000000000007 12.8224999109904 5.9922249317169198 112.50000000000001 1.5724789500236513 1.480000972747803 41.100000381469734 2.5800004005432133 28.655500253041591 76.500000000000014 16.954999923706058 27.150000572204593 22.664999961853031 11.867362022399904 5.5000000000000009 2.6715686321258549 4.7000000476837167 -0.37940952255126059 2.0500000289175664 0.012500000186264517 -13.959999561309813 1.0000000180025095e-35 2.3538899421691899 -2.0199975967407222 -2.0799996852874751 47.299999237060554
decision_type=2 10 2 8 8 10 2 2 8 10 8 10 10 8 8 8 10 10 10 8 8 2 8 10 10 2 8 10 8 8 10 10 10 2 2 10 10 10 10 8 10 10 10 10 10 10 10 8 8 10 2 8 8 2 10 8 8 2 10 8 8 10
left_child=1 2 5 4 6 53 -4 8 16 10 -10 18 13 14 -9 -11 19 -18 -12 -8 -7 -2 -17 -20 25 26 -3 28 30 35 -28 -27 -33 40 -35 36 42 -37 47 -40 -26 -41 -30 -5 45 -13 -47 48 50 -50 52 -52 -31 54 55 -1 -57 59 -59 -56 -58 -61
right_child=21 24 3 43 -6 20 7 12 9 15 11 44 -14 -15 -16 22 17 -19 23 -21 -22 -23 -24 -25 33 31 27 -29 29 38 -32 32 -34 34 -36 37 -38 -39 39 41 -42 -43 -44 -45 -46 46 -48 -49 49 -51 51 -53 -54 -55 57 56 60 58 -60 61 -62 -63
leaf_value=0.068552886898689089 -0.032914087642557072 -0.048798367405982694 -0.041059752757299721 0.0502316630754783 -0.29730330749771977 0.012309153132039076 -0.40975257858361414 -0.038847607588228486 0.025660342993075798 -0.38375437659749267 0.22925597066428358 0.11785298250767991 0.4505961628738514 -0.011462542550655827 -0.23717572194939113 0.13882685298465178 -0.58879422378571078 0.018045805172520395 1.0005141182038724 -0.0062523045697132282 -0.11873900677197831 0.022957864212986442 -0.10598688246872501 0.36872081140172669 -0.04826883487226951 -0.016975975050192937 0.1798322833901228 0.071837606389381928 0.05219715574901336 -0.1056729855612582 1.0746616354286671 0.34563317763644996 -0.085426811993349602 -0.44388398636319232 -0.076887436232190923 -0.97568812345872158 0.59528223568430316 -0.23014695090648618 -0.029883360064933407 0.064313258658382735 0.50719423914793882 0.57048704151474827 -0.17461734554193384 0.33683705978716416 -0.006564505979965234 0.97220026633718559 0.28394155961470496 0.043831457525439384 -0.0005246727563220124 -0.32216387338426322 0.19243744260880047 -0.50055690964714428 0.047062587649926553 0.03119293458506156 0.20403015965388455 -0.42651549885838719 0.45813047808888196 -0.016991129924435491 0.22772108678389491 0.022455461164435808 0.21658722345505363 -0.12208862245736268
leaf_weight=1940 34262 10330 16353 7897 488 13728 164 1701 8614 284 960 3239 121 6150 1673 552 192 161 89 9252 1594 9850 1273 160 2560 87000 172 8061 650 1098 50 432 262 379 550 61 78 206 16507 314 80 127 1448 282 1331 57 255 23234 45303 252 1467 61 8297 18697 684 59 540 1137 1614 4909 1890 1503
leaf_count=1940 34262 10330 16353 7897 488 13728 164 1701 8614 284 960 3239 121 6150 1673 552 192 161 89 9252 1594 9850 1273 160 2560 87000 172 8061 650 1098 50 432 262 379 550 61 78 206 16507 314 80 127 1448 282 1331 57 255 23234 45303 252 1467 61 8297 18697 684 59 540 1137 1614 4909 1890 1503
internal_value=3.2452e-11 0.00283047 0.0148417 -0.00189727 -0.0114544 0.0360701 -0.00880142 0.00575971 0.0258628 0.0548768 0.0741227 0.142659 -0.0496472 -0.0560027 -0.137189 -0.0793149 -0.024075 -0.31202 0.304489 -0.0132801 -0.00132423 -0.0204381 -0.0319391 0.594543 -0.00346559 -0.00209689 0.00780909 0.0132545 0.00849997 0.0076647 0.38137 -0.0153942 0.182899 -0.0822395 -0.226609 -0.114373 -0.0792673 -0.400477 0.0107491 -0.0236393 -0.0314366 0.210082 -0.104346 0.0601134 0.102583 0.143494 0.409681 0.0180606 0.00745895 -0.00230391 0.0481755 0.164772 0.0292123 0.0534467 0.082592 0.172628 0.253747 0.0420955 0.12658 0.00934206 0.270264 -0.0114263
internal_weight=362634 318522 109543 61248 53069 48295 52581 36228 26583 16814 14705 6091 9645 9524 3374 2109 9769 353 1209 9416 15322 44112 1825 249 208979 205410 117716 107386 99325 99103 222 87694 694 3569 929 2443 2176 267 96660 16948 2640 441 2098 8179 4882 3551 312 79712 56478 45555 10923 1528 9395 32973 14276 4429 2489 9847 2751 7096 2430 6412
internal_count=362634 318522 109543 61248 53069 48295 52581 36228 26583 16814 14705 6091 9645 9524 3374 2109 9769 353 1209 9416 15322 44112 1825 249 208979 205410 117716 107386 99325 99103 222 87694 694 3569 929 2443 2176 267 96660 16948 2640 441 2098 8179 4882 3551 312 79712 56478 45555 10923 1528 9395 32973 14276 4429 2489 9847 2751 7096 2430 6412
is_linear=0
shrinkage=0.05


Tree=101
num_leaves=63
num_cat=0
split_feature=62 55 47 46 73 50 54 67 0 40 0 44 70 30 30 50 40 37 70 67 44 50 32 17 48 1 13 44 50 44 16 54 40 32 5 9 55 38 77 79 65 64 76 30 62 44 7 68 70 6 40 63 4 5 74 12 33 16 69 70 44 38
split_gain=8433.51 8806.15 9410.19 12298.2 10725.2 10755 12169.3 10510 9390.88 10818.1 10019.4 10800.7 9155.19 12108.6 10093.3 9603.97 9551.13 8936.57 8248.95 16326.8 17034.2 12142.6 9843.65 8052.18 7937.67 8678.38 7825.13 8468.85 8342.09 8801.58 10335.6 8712.62 7800.69 7640.81 7478.57 7464.91 7437.24 8062.47 7392.05 13457.8 10302.2 8354.99 14931.2 14449.1 9751.29 9355.08 7325.94 11754.2 9117.11 14549.2 8610.52 7743.05 7312.31 7229.08 7157.97 7384.63 7143.78 9033.26 7368.89 8108.73 8661.2 8052.2
threshold=5.5500000000000007 1.6000000834465029 -10.300903797149656 40.004999160766609 2.7199995517730717 9.5000000000000018 7.4298820495605478 36.100000381469734 28.10000038146973 4.4608812332153329 71.500000000000014 23.994999885559086 25.07499980926514 16.564999580383304 22.035000801086429 2.5000000000000004 -10.185385704040526 23.425000190734867 37.645000457763679 104.50000000000001 33.335000991821296 5.5000000000000009 24.445000648498539 41.995000839233406 6.2058622837066659 93.500000000000014 -7.1016817092895499 25.414999961853031 4.5000000000000009 25.414999961853031 24.404999732971195 7.0334324836730966 -5.9363362789154044 15.00500011444092 70.500000000000014 26.615000724792484 10.00000047683716 47.995000839233406 -0.78656609248549325 -0.5 44.716666221618659 15.775000174840292 -0.70710678118654735 12.404999732971193 47.708333333333336 19.064999580383304 41.149999618530281 24.399999618530277 32.135000228881843 61.500000000000007 -8.5993456840515119 6.7724933862396526 14.050000190734865 48.250000000000007 1.0000000180025095e-35 -12.835461139678953 -7.7139785289764395 12.72499990463257 10.500000000000002 35.694999694824226 27.48499965667725 109.04499816894533
decision_type=8 8 8 10 8 2 10 8 8 8 10 10 10 10 10 2 8 10 8 8 10 2 8 10 10 8 8 10 2 8 8 10 8 8 10 10 8 10 2 2 10 10 2 8 10 10 10 8 8 10 10 8 8 8 2 10 8 8 10 10 10 10
left_child=-1 -2 3 4 5 18 8 -6 -7 10 33 -12 36 15 26 16 -14 -17 19 38 24 22 -22 -5 25 -21 27 -15 31 30 -30 -28 -32 -10 -20 -18 37 -9 39 40 -3 42 44 -43 45 -40 56 48 49 51 -49 -48 -23 -52 55 -36 57 -4 59 60 -58 -60
right_child=1 2 46 23 7 6 -8 12 9 -11 11 -13 13 14 -16 17 35 -19 34 20 21 52 -24 -25 -26 -27 28 -29 29 -31 32 -33 -34 -35 54 -37 -38 -39 41 -41 -42 43 -44 -45 -46 -47 47 50 -50 -51 53 -53 -54 -55 -56 -57 58 -59 61 -61 -62 -63
leaf_value=-0.036220359462069876 0.036577614135576857 0.095439801419668222 -0.09195948769126816 0.28763006079430314 -0.057390768370470503 -0.0058125970169379156 0.50003394329099249 0.19695085700725268 -0.28991653449408944 0.32398192225876504 0.74424036579173913 -0.048229550327573506 -0.057642380338748571 0.064748498994901968 0.036200726374066079 -0.088805169734431616 -0.21300602440276872 0.26933327704289201 -0.036265940132671461 0.12346898765155567 1.363594103042896 -0.19317687702606676 0.43562106490135194 0.076083697067956299 0.49460240591656079 -0.35226379744077135 0.083005724168879469 0.71320275685866363 -0.1613724324990202 0.12603705482406499 0.44718060928710446 -0.55113437096016449 1.0934771028057229 -0.10423500959152268 -0.4215554716541095 -0.83271402271048545 0.26024267358432768 -0.10957919916571686 0.49711800533765499 -0.037694246408295495 0.54691599848966754 -0.3063977457999783 -0.040015670575696952 -0.00038726926884670156 0.94480876374244704 0.10578526776229197 0.027822299365612368 -0.019548244462882888 0.063705351680376207 -0.3228167319637642 0.063292750042109255 -0.023179113417730785 0.60570822452790429 0.70545542728569777 -0.66373486103997992 0.066571343416174836 -0.039523231535627069 -0.016652686356536009 0.0032951206470216926 0.23854118507115507 -0.20144073184706179 -0.039869243491609585
leaf_weight=15389 17113 4509 4258 592 1726 2384 93 496 1130 118 57 175 216 83 4311 665 92 236 3198 511 65 54 51 1873 110 118 1089 128 54 469 199 57 61 1087 141 103 1088 378 218 2403 130 391 782 28740 50 510 16739 122 7292 342 63 13399 61 144 88 172 5401 61465 146778 229 975 11663
leaf_count=15389 17113 4509 4258 592 1726 2384 93 496 1130 118 57 175 216 83 4311 665 92 236 3198 511 65 54 51 1873 110 118 1089 128 54 469 199 57 61 1087 141 103 1088 378 218 2403 130 391 782 28740 50 510 16739 122 7292 342 63 13399 61 144 88 172 5401 61465 146778 229 975 11663
internal_value=-1.31756e-11 0.00160519 -0.000207667 0.0174772 0.0128902 0.00238811 -0.0666241 0.0563127 -0.0772682 -0.14363 -0.166161 0.146472 0.0764929 0.0521039 0.0802654 -0.0863641 -0.286659 0.00500246 0.010617 0.01735 0.219896 0.594662 0.955606 0.126889 0.102749 0.0342218 0.169033 0.458124 0.137412 0.263203 0.468079 0.0514647 0.598812 -0.198876 -0.0617883 -0.540339 0.172992 0.0643784 0.0121431 0.0583439 0.108092 0.00154243 0.114276 -0.00449458 0.269361 0.22297 -0.00423715 0.0160748 0.0134829 0.00146776 0.313642 0.00514767 0.23058 0.510015 -0.265331 -0.15332 -0.00759074 -0.0215316 -0.00203936 -0.0537841 -0.0642832 0.000117749
internal_weight=362634 347245 330132 61262 58797 47346 5044 11451 4951 2567 2449 232 9725 7763 6451 1312 411 901 42302 38703 970 231 116 2465 739 629 2140 211 1929 783 314 1146 260 2217 3599 195 1962 874 37733 7042 4639 30691 1560 29131 778 728 268870 38101 37772 30480 329 30138 115 207 401 313 230769 65723 165046 6605 6376 158441
internal_count=362634 347245 330132 61262 58797 47346 5044 11451 4951 2567 2449 232 9725 7763 6451 1312 411 901 42302 38703 970 231 116 2465 739 629 2140 211 1929 783 314 1146 260 2217 3599 195 1962 874 37733 7042 4639 30691 1560 29131 778 728 268870 38101 37772 30480 329 30138 115 207 401 313 230769 65723 165046 6605 6376 158441
is_linear=0
shrinkage=0.05


Tree=102
num_leaves=63
num_cat=0
split_feature=77 43 78 30 40 68 11 79 67 5 65 42 40 79 70 65 4 68 70 28 29 59 73 11 38 78 30 69 38 30 6 6 68 5 23 70 51 70 51 11 54 67 29 24 0 30 47 16 51 70 68 4 0 38 73 79 9 33 73 76 66 47
split_gain=8075.64 16383.4 11114.5 14410.8 13580 11934.6 12873.7 15606.4 12196.4 11343.7 11001.3 10889.4 11295.4 11015.8 23187.5 20314.8 13122.1 16196.3 12822.6 10880.5 10388.3 11897.2 11584.5 10344.7 10855.8 10087.6 15433.1 10006.3 9961.27 9449.04 11980.9 9435.19 13082.3 9415.3 9077.92 12665.3 8966.57 8901.08 8696.84 12231.6 9862.09 8483.78 9056.1 8335.59 8296.64 8271.84 8092.54 8152.16 8006.49 9843.71 7931.75 7916.26 7899.6 7727.53 11183.7 11402.8 11901.3 9316.75 8311.03 8122.53 24086.2 11306.1
threshold=-0.70710678118654757 0.22649999707937243 0.25000000000000011 28.005000114440922 -11.887760639190672 8.5000000000000018 34.004999160766609 -0.24999999999999994 115.50000000000001 72.500000000000014 20.826666196187343 25.050000190734867 -14.912179470062254 -0.9330127018922193 37.114999771118171 47.000000476837165 39.100000381469734 9.0999999046325701 36.694999694824226 13.34999990463257 0.035499999299645431 0.19999933242797854 -0.71000051498413075 29.875000000000004 31.994999885559086 1.0000000180025095e-35 23.954999923706058 113.50000000000001 67.005001068115249 7.6649999618530282 27.10000038146973 54.45000076293946 4.7000000476837167 64.250000000000014 16.685000419616703 23.894999504089359 1.5000000000000002 37.014999389648445 3.5000000000000004 39.594999313354499 0.22583956271409991 110.50000000000001 0.34049999713897711 66.014999389648452 4.0499999523162851 24.494999885559086 10.143094539642336 24.204999923706058 1.0000000180025095e-35 19.714999198913578 33.500000000000007 75.500000000000014 1.5000000000000002 89.005001068115249 4.3000006675720224 0.6830127018922193 27.045000076293949 4.1722214221954355 -13.959999561309813 -0.60355339059327362 1.1499999731895516 -4.3991658687591544
decision_type=2 10 2 10 10 10 10 2 8 10 10 8 8 2 10 8 10 8 10 8 8 10 10 8 8 2 10 10 8 8 10 8 10 8 10 8 2 8 2 8 10 8 10 8 10 8 8 8 2 10 10 10 10 8 8 2 10 8 8 2 8 10
left_child=1 34 5 4 29 6 7 9 37 25 51 12 -3 14 15 16 17 28 -19 36 21 33 27 24 -5 -2 -27 -23 31 30 -4 32 45 -15 48 38 -16 -9 39 -36 -41 53 -43 -33 -13 -14 52 -48 -1 -50 -46 -7 -24 57 -55 -56 -57 58 -6 60 61 -60
right_child=2 11 3 23 41 10 -8 8 -10 -11 -12 44 13 20 19 -17 -18 18 -20 -21 -22 22 46 -25 -26 26 -28 -29 -30 -31 -32 43 -34 -35 35 -37 -38 -39 -40 40 -42 42 -44 -45 50 -47 47 -49 49 -51 -52 -53 -54 54 55 56 -58 -59 59 -61 -62 -63
leaf_value=-0.099757531745590364 -0.054287722178625923 0.10732810617547606 0.067675236239346376 0.12427544511257581 -0.20258166036936967 -0.0031914520753009174 -0.075101060191406943 0.00053232764932207449 -0.16252206092507676 -0.36513069126921804 0.045419347979064523 -0.1530249271735733 1.2459101786552851 0.077901898329292646 -0.50258345657433179 0.91610386352552942 0.56697051223502104 -0.065711386317633708 0.69663289040327081 0.087619233252885564 -0.081617322100235312 -0.04287386007681776 0.50167334585377343 0.089107942773339874 0.0023061711134348562 0.13068842841471148 -0.025558219967228891 -0.72558317409345408 0.019257549472396898 0.023940534533810225 0.43512934794971009 0.27145782472004021 0.27624844644332258 0.36956500574723999 0.18655614014365163 0.053526034536060633 -0.1018247943165594 0.14608072465316421 0.058288294920485345 1.0070204062522283 0.36346093295344517 0.065819876912324118 0.47933964158177 -0.36487304667631787 -0.01798214631196508 0.52479547504946344 0.043830435753082181 -0.19179969067328484 0.075008381030543192 -0.030773113929001117 -0.49086813770988019 -0.14879036799957174 0.029403582197025841 -0.03260535648131644 -0.061491725616992565 -0.25111218046941847 -0.89153852853242577 0.054864693705992187 0.16794500575445953 -0.028828679608767883 -0.026170021504997233 0.018982820026304692
leaf_weight=1443 28370 3100 750 2112 584 39779 10464 54698 1131 268 13537 1226 59 1590 230 86 166 1126 58 368 3588 8813 89 7937 13393 1931 8705 54 428 22487 315 126 615 335 852 14212 355 1071 732 88 184 845 157 87 24209 122 649 845 4869 4011 89 956 17324 9190 972 629 82 5302 2976 28527 11111 2227
leaf_count=1443 28370 3100 750 2112 584 39779 10464 54698 1131 268 13537 1226 59 1590 230 86 166 1126 58 368 3588 8813 89 7937 13393 1931 8705 54 428 22487 315 126 615 335 852 14212 355 1071 732 88 184 845 157 87 24209 122 649 845 4869 4011 89 956 17324 9190 972 629 82 5302 2976 28527 11111 2227
internal_value=-3.85886e-11 0.0127855 -0.00435443 0.00792618 -0.00153131 -0.0127188 -0.0224331 -0.0167027 3.08834e-05 -0.0409462 0.00636876 -0.00057432 0.0156385 0.0079798 0.0883288 0.159222 0.135866 0.108562 -0.0283668 -0.125392 -0.0012555 0.00845319 0.000121804 0.0426843 0.0189201 -0.0387189 0.00280886 -0.0470316 0.221384 0.0308328 0.176359 0.307122 0.386214 0.128659 0.0460632 0.0695681 -0.259388 0.00332747 0.192407 0.279751 0.571671 -0.0137073 0.130613 0.011548 -0.0261176 0.759855 0.0222358 -0.089441 0.00947735 0.027228 -0.0197143 -0.00660848 0.0318174 -0.0160548 -0.054306 -0.172802 -0.324973 -0.00785591 -0.0151767 -0.0127359 0.0154042 0.104186
internal_weight=362634 92128 270506 109596 86154 160910 106638 96174 56900 39274 54272 65737 40213 37113 3826 2873 2787 2621 1184 953 33287 29699 27774 23442 15505 39006 10636 8867 1437 23552 1065 1009 796 1925 26391 16068 585 55769 1856 1124 272 62602 1002 213 25524 181 18907 1494 10323 8880 24298 40735 17413 61600 10873 1683 711 50727 45425 44841 16314 5203
internal_count=362634 92128 270506 109596 86154 160910 106638 96174 56900 39274 54272 65737 40213 37113 3826 2873 2787 2621 1184 953 33287 29699 27774 23442 15505 39006 10636 8867 1437 23552 1065 1009 796 1925 26391 16068 585 55769 1856 1124 272 62602 1002 213 25524 181 18907 1494 10323 8880 24298 40735 17413 61600 10873 1683 711 50727 45425 44841 16314 5203
is_linear=0
shrinkage=0.05


Tree=103
num_leaves=63
num_cat=0
split_feature=44 55 47 50 31 51 9 49 67 44 67 39 38 18 44 73 73 73 73 66 70 68 32 73 22 30 52 35 30 42 11 44 70 39 67 6 51 44 70 5 44 64 32 24 67 34 73 9 44 44 50 46 7 31 70 70 54 50 66 68 54 5
split_gain=7827.64 7770.62 9410.32 10713.4 22358.8 20938.9 22096.9 21790.9 17348.1 15709 12963.6 12650.8 12523.9 11769.9 11287.2 14451.8 10943.1 10806.5 9778.35 10903.9 15622.5 11340.8 10877.2 9630.95 12035.7 9448.8 9392.52 10615 12507.4 9618.76 9695.92 13784.4 9352.47 9317.04 11994.8 9219.55 8905.73 11564.6 13534 11262.3 10176.3 10225.9 9569.38 10020.5 9810.53 9009.33 8978.99 8900.27 9368.73 8688.13 8606.98 8475.22 8450.11 8191.95 8140.02 8065.08 8063.71 8032.37 8027.19 8016.88 8005.46 7957.97
threshold=4.1349999904632577 1.6000000834465029 -5.0874016284942618 6.5000000000000009 41.995000839233406 3.5000000000000004 31.654999732971195 12.500000000000002 104.50000000000001 34.674999237060554 121.50000000000001 20.994999885559086 87.020000457763686 25.48499965667725 20.244999885559086 4.0100011825561532 -9.1350002288818342 -0.58000135421752919 -13.959999561309813 1.8110000137239697 32.135000228881843 6.0499999523162851 20.005000114440922 -1.169999837875366 0.32350000739097601 21.954999923706058 17.898050308227543 13.444999694824221 16.015000343322757 3.0499999523162846 12.614999771118166 32.764999389648445 22.445000648498539 52.004999160766609 12.500000000000002 64.500000000000014 2.5000000000000004 35.704999923706062 38.164999008178718 70.500000000000014 21.845000267028812 22.298333644866947 46.98500061035157 112.00500106811525 76.500000000000014 -2.0742250680923457 1.7899994850158694 30.255000114440922 30.154999732971195 34.315000534057624 7.5000000000000009 27.535000801086429 10.550000190734865 13.019999980926515 25.214999198913578 29.795000076293949 4.6944999694824228 4.5000000000000009 3.2880000621080403 34.500000000000007 1.5254237055778506 37.049999237060554
decision_type=8 10 8 2 8 2 10 2 10 10 8 8 8 8 8 10 8 8 8 10 10 8 8 10 10 8 10 10 8 8 10 10 8 8 10 10 2 8 8 10 10 10 10 8 10 10 10 10 8 8 2 10 8 10 10 10 10 2 10 10 10 10
left_child=-1 33 3 4 5 8 7 32 18 53 12 -10 -6 -12 23 16 -16 -15 -3 -20 55 22 35 24 -5 52 29 -28 54 -18 31 -31 -7 34 -2 -22 42 38 39 -38 -41 -42 44 -44 49 -43 -39 59 -49 -14 -33 -11 -17 -9 -29 -21 -32 -51 -30 -36 -54 -25
right_child=1 2 -4 14 10 6 -8 9 11 51 13 -13 36 17 15 25 26 -19 19 20 21 -23 -24 61 -26 -27 27 28 58 30 56 50 -34 -35 47 -37 37 46 -40 40 41 45 43 -45 -46 -47 -48 48 -50 57 -52 -53 60 -55 -56 -57 -58 -59 -60 -61 -62 -63
leaf_value=-0.098029550877319266 -0.10323531859882924 -0.38397727792541825 -0.010788138189827101 -0.12408599398357414 0.010771858452578054 -0.11420473383073355 -0.059459304464114009 0.39686214602890252 0.012927825911706235 0.24989439875685743 -0.044985465394530078 0.68928089019024019 -0.10596533529461405 -0.011682482990507897 0.14977786161790813 -0.1135163985485776 0.17108503401057676 0.33028175572116392 0.051273531467149303 -0.059834047637419487 0.29083164147035756 -0.013035878041458915 -0.15363242886349804 -0.055374430394999466 -0.56459999669106364 0.0012051132771762024 0.40945616201555579 0.21722667193548248 0.047364623561063801 -0.0089592344601600888 -0.022876598485072334 -0.013475596157638409 0.091330893022533069 0.058010131605272491 0.021695836959238823 0.98653046870773498 -0.033313574222607938 0.14104159765810306 -0.33963194038540484 0.79640273172121789 0.62743694033047348 0.34375621193010392 -0.10643939013105064 -0.63884791084621328 0.033962372891366298 -0.17491225175366834 0.78157219503294018 0.037145916308718184 -0.13623257262801583 -0.96449914796679637 0.12509221854821068 1.0439955282158084 0.12246897855530614 0.17227107073423217 1.0062751005332058 -0.24169446798495647 -0.10200539650243723 -0.27429522672522461 -0.39450743004679678 -0.37938998087644582 0.38301993469318973 0.1176259099598974
leaf_weight=2025 2323 155 162591 1495 36148 794 1511 441 119 56 586 165 2387 325 1129 178 716 799 7852 1759 355 1306 122 5560 173 937 241 88 1566 20955 27704 1629 1827 11448 37656 55 5581 280 334 65 83 131 189 166 1210 232 68 1309 1925 51 3591 84 575 5118 52 933 3643 243 110 125 605 755
leaf_count=2025 2323 155 162591 1495 36148 794 1511 441 119 56 586 165 2387 325 1129 178 716 799 7852 1759 355 1306 122 5560 173 937 241 88 1566 20955 27704 1629 1827 11448 37656 55 5581 280 334 65 83 131 189 166 1210 232 68 1309 1925 51 3591 84 575 5118 52 933 3643 243 110 125 605 755
internal_value=-3.96781e-11 0.000550485 -0.00255607 0.00678863 0.0204796 0.0615429 0.116441 0.148386 0.0194478 0.203262 0.00144929 0.405879 -0.00345358 0.136688 -0.00686954 0.000152218 -0.00445055 0.231404 0.010694 0.0156346 -0.0461397 0.0662331 0.260829 -0.062916 -0.169775 0.123342 -0.00733842 0.0976657 0.0562882 -0.0110472 -0.0133143 0.00915047 0.0290664 0.0178917 0.00729418 0.384157 -0.0501161 -0.0145299 -0.029733 -0.0127425 0.211929 0.126748 -0.10689 -0.355397 -0.0842169 0.0122656 0.266203 0.0135543 -0.0660556 -0.137554 0.0818495 0.726355 0.207615 0.190088 0.510302 -0.122864 -0.0320726 -0.394024 0.0183635 0.0203688 0.256057 -0.0346911
internal_weight=362634 360609 305823 143232 71530 22652 9831 8320 12821 5699 48878 284 47168 1710 71702 63719 61424 1124 12537 12382 4530 1838 532 7983 1668 2295 60295 2057 1816 58238 57522 26175 2621 54786 43338 410 11020 6774 6426 6092 511 446 4246 355 3891 363 348 41015 3234 2681 5220 140 1358 5559 140 2692 31347 294 1676 37781 1180 6315
internal_count=362634 360609 305823 143232 71530 22652 9831 8320 12821 5699 48878 284 47168 1710 71702 63719 61424 1124 12537 12382 4530 1838 532 7983 1668 2295 60295 2057 1816 58238 57522 26175 2621 54786 43338 410 11020 6774 6426 6092 511 446 4246 355 3891 363 348 41015 3234 2681 5220 140 1358 5559 140 2692 31347 294 1676 37781 1180 6315
is_linear=0
shrinkage=0.05


Tree=104
num_leaves=63
num_cat=0
split_feature=72 69 68 46 70 47 33 46 79 67 22 70 30 42 51 40 16 30 79 45 68 28 50 65 24 68 29 77 43 50 70 40 70 62 51 37 44 4 70 61 69 69 78 52 62 79 30 11 30 67 51 73 5 68 37 70 9 37 67 73 65 45
split_gain=7703.21 7558.15 14962.6 14890.6 19013.7 18953.6 10759.4 10394.2 10224.5 15219.5 11438.6 10133.5 14910.4 13652.7 11185.3 9723.89 9654.01 9359.81 16361.3 9518.86 9088.82 11810.3 9651.03 9752.61 9065.09 9489.31 8951.99 8948.11 13665.7 12059.9 20389.9 13924.2 17396.6 17118.8 18066.9 14565.4 15002.1 11630.9 10689 11173.7 10467.4 10119.1 8888.39 8843.58 11029.1 8835.44 11319.2 11905.7 9553.78 13308.9 12020.5 12105 9688.7 9334.7 9021.71 8743.26 8611.13 8494.34 8397.77 8714.16 8385.48 8377.97
threshold=3.4058823585510258 31.149999618530277 34.500000000000007 20.525000572204593 30.894999504089359 -5.9282677173614493 1.9698211550712588 29.005000114440922 0.25000000000000017 96.500000000000014 0.64650002121925365 20.064999580383304 15.574999809265138 2.0499999523162846 2.5000000000000004 0.7529875934123994 26.314999580383304 19.214999198913578 -0.68301270189221952 104.06000137329103 17.500000000000004 5.3500001430511483 9.5000000000000018 45.466666698455818 114.01499938964845 3.2500000000000004 0.22150000184774402 -0.70710678118654757 0.22649999707937243 5.5000000000000009 38.164999008178718 -11.775014400482176 34.914999008178718 30.508333206176761 1.5000000000000002 28.914999961853031 36.194999694824226 43.250000000000007 19.105000495910648 -0.025999999605119225 74.500000000000014 84.500000000000014 -0.93301270189221908 4.9275000095367441 70.708333333333357 -0.5 27.375000000000004 32.354999542236335 23.675000190734867 80.500000000000014 1.0000000180025095e-35 -0.13500022888183591 34.049999237060554 7.0499999523162851 37.68499946594239 36.625000000000007 14.944999694824221 32.215000152587898 46.750000000000007 -4.385000228881835 2.9666666289170585 43.995000839233406
decision_type=10 8 10 10 10 8 8 10 2 8 10 10 10 10 2 10 10 8 2 10 8 10 2 10 8 8 10 2 10 2 10 10 10 10 2 8 8 10 8 10 10 10 2 10 10 2 8 10 8 10 2 8 10 8 10 8 8 8 10 10 8 10
left_child=1 3 6 -1 5 7 20 -5 15 10 61 12 26 16 -14 24 -13 18 -17 -20 27 -22 23 43 25 -8 -7 28 -3 30 31 32 58 -34 -35 36 -33 -31 39 -29 55 -32 -39 -23 -45 48 -47 -48 49 52 -51 -52 -40 54 -50 -37 -15 -54 59 -30 -11 -10
right_child=-2 2 -4 4 -6 11 8 -9 9 60 -12 13 14 56 -16 17 -18 -19 19 -21 21 22 -24 -25 -26 -27 -28 38 29 37 41 35 33 34 -36 40 -38 42 45 -41 -42 -43 -44 44 -46 46 47 -49 53 50 51 -53 57 -55 -56 -57 -58 -59 -60 -61 -62 -63
leaf_value=-0.024371637245320692 -0.046306529364765169 0.061632025168970032 -0.33980316914314518 0.050205081984319333 -0.046153037294021308 0.033974868415000199 0.08809058578910374 0.17981042299561037 0.053014886527079169 -0.63770943388931067 0.27354749903829684 0.10758337744380274 -0.024608396949984727 -0.13877749509435813 0.24616704127665612 1.0476233553804764 0.81661759549379342 0.10066147246944075 -0.072059683941715344 0.74238617103546867 -0.056465107917623304 0.057505664738871559 -0.10615897557867141 0.48500491243937321 0.1027210432330858 0.0053942423462806175 -0.20463489350150615 0.10172510559729103 -0.21646247779007083 0.018341609738281545 -0.1553982426678496 -0.020634148324390408 -0.0018780783112124196 1.4726877297953529 0.39321705143140484 -0.24981180564564551 0.76681150632803563 -0.04900032593868673 0.072572603386917151 -0.12384035186353858 0.017036979474243215 -0.60494306416959942 0.49652900250429027 0.17330960785927205 0.92385451594988499 -0.0078581592759627908 0.01770950501527116 0.11180667728516498 -0.044065530870389572 -0.19817213249912899 0.58585414858534934 0.16296308166440887 -0.14131233921732486 -0.0049085259378020074 -0.28626991406178631 0.036437558395758511 -0.015976364385356181 0.072280067272698797 -0.010736638913408815 0.38437949010975475 -0.10334244880403297 -0.0086859284627859822
leaf_weight=65653 8764 12482 313 3083 8778 5234 4341 3105 7928 76 419 1205 516 1778 1462 73 50 3360 127 50 2157 5712 667 155 4146 17269 425 653 77 22710 294 7172 127 59 113 1742 61 112 2487 3448 707 218 224 1216 51 53056 20117 4036 27125 154 236 598 1448 24164 390 315 7243 686 1852 279 2159 17977
leaf_count=65653 8764 12482 313 3083 8778 5234 4341 3105 7928 76 419 1205 516 1778 1462 73 50 3360 127 50 2157 5712 667 155 4146 17269 425 653 77 22710 294 7172 127 59 113 1742 61 112 2487 3448 707 218 224 1216 51 53056 20117 4036 27125 154 236 598 1448 24164 390 315 7243 686 1852 279 2159 17977
internal_value=-1.19387e-11 0.00114683 0.00568611 -0.0106164 0.0168503 0.0397972 0.00611014 0.115238 0.0250547 0.00375326 0.0143888 0.0137363 0.0573593 -0.0186838 0.17553 0.0457707 0.135832 0.122622 0.417777 0.15801 0.000542604 0.0470884 0.0757212 0.0927263 0.0349991 0.0220062 0.0160549 -0.00193414 0.0165399 0.000932271 -0.0375425 -0.0248791 0.0804841 0.438407 0.763501 -0.0513016 -0.0139932 0.0226622 -0.00840466 -0.0879237 -0.148932 -0.346806 0.314686 0.084014 0.203521 -0.00598002 0.00505888 0.0334333 -0.0208575 0.0411209 0.207687 0.28263 0.00550788 -0.0275844 -0.0474986 -0.205977 -0.0401799 -0.0726505 0.0320154 0.254422 -0.121513 0.0101971
internal_weight=362634 353870 255338 98532 32879 24101 255025 6188 57925 28559 26324 17913 7637 10276 1978 29366 1255 3610 250 177 197100 9958 7801 7134 25756 21610 5659 187142 48544 36062 13016 12504 2507 299 172 9997 7233 23046 138598 4101 2764 512 336 6979 1267 134497 77209 24153 57288 5609 988 834 4621 51679 27515 2057 9021 2134 2208 356 2235 25905
internal_count=362634 353870 255338 98532 32879 24101 255025 6188 57925 28559 26324 17913 7637 10276 1978 29366 1255 3610 250 177 197100 9958 7801 7134 25756 21610 5659 187142 48544 36062 13016 12504 2507 299 172 9997 7233 23046 138598 4101 2764 512 336 6979 1267 134497 77209 24153 57288 5609 988 834 4621 51679 27515 2057 9021 2134 2208 356 2235 25905
is_linear=0
shrinkage=0.05


Tree=105
num_leaves=63
num_cat=0
split_feature=68 78 63 69 42 78 52 5 77 43 71 50 12 69 69 70 31 47 51 66 76 59 40 79 51 59 30 70 70 69 32 68 33 63 6 70 25 44 78 70 45 58 32 23 30 70 52 23 70 58 21 10 23 30 54 70 11 71 69 69 46 70
split_gain=7230 16762.2 9907.31 7966.31 7652.58 9161.03 8102.98 7313.87 7272.14 12639.7 10546.8 11424.4 16419 16440.5 13309.4 11857.8 11249.5 10796.4 11534.3 10520.8 10278.8 9810.07 9438.2 9855.02 15729.3 15794.1 11742.8 10721.2 10962.9 22123.4 10173.9 33937.8 9648.93 16356.9 16192.7 9365.79 9323.38 11250.5 13471.7 11477.4 9012.16 8800.66 9163.57 8714.53 16132 8692.47 8538.88 8442.75 11631.4 8337.62 8236.47 8220.45 8113.65 8076.74 7998.74 7789.75 7783.04 9127.27 7643.9 7567.39 8770.27 11972.1
threshold=1.4499999880790713 0.93301270189221952 12.592325705232726 106.50000000000001 43.049999237060554 -0.93301270189221908 3.6187998056411748 65.500000000000014 -0.70710678118654757 0.23550000041723254 0.024000000732485208 5.5000000000000009 -0.9374336004257201 107.50000000000001 89.500000000000014 32.024999618530281 40.989999771118171 -2.4969480037689205 3.5000000000000004 1.941999994684011 -0.60355339059327362 -1.3100008964538572 -14.912179470062254 -0.9330127018922193 3.5000000000000004 4.6999993324279794 21.525000572204593 39.98500061035157 35.954999923706062 92.500000000000014 7.6349999904632577 5.9500000476837167 -8.9707117080688459 17.523317798483962 53.500000000000007 36.545000076293952 25.925000190734867 28.445000648498539 -0.5 29.355000495910648 82.009998321533217 33.050001144409187 18.954999923706058 11.784999847412111 4.1250000000000009 19.304999351501468 9.5966000556945819 16.545000076293949 23.275000572204593 16.050000190734867 25.150000572204593 88.034999847412124 23.48499965667725 26.82499980926514 7.0334324836730966 33.094999313354499 26.704999923706058 3.0679999533458617 20.500000000000004 46.249999523162849 36.004999160766609 36.93499946594239
decision_type=8 2 10 10 10 2 10 8 2 10 10 2 8 8 8 10 8 10 2 10 2 10 8 2 2 10 8 10 8 10 10 10 10 8 10 8 10 10 2 10 8 8 10 10 10 8 10 10 8 8 10 10 10 10 10 10 10 8 10 10 8 8
left_child=1 3 -3 4 6 -6 -1 -8 9 47 -10 12 13 16 36 -14 17 18 19 -12 43 -17 49 24 41 26 -26 28 -25 46 31 -28 -32 34 -34 -31 40 38 -38 -39 -13 54 -43 44 -20 -22 -30 -2 -49 -11 -15 -40 -27 -37 59 -21 -51 -58 -50 -24 61 -61
right_child=8 2 -4 -5 5 -7 7 -9 10 22 11 14 15 50 -16 21 -18 -19 20 55 45 -23 23 27 25 52 30 -29 29 35 32 -33 33 -35 -36 53 37 39 51 -41 -42 42 -44 -45 -46 -47 -48 48 58 56 -52 -53 -54 -55 -56 -57 57 -59 -60 60 -62 -63
leaf_value=-0.096877670641399835 0.0062789199301490689 0.19670801566297869 -0.093669947367594694 0.21939926500134363 0.66954132312873638 -0.0096762356967237603 -0.18393029824583323 -0.51835515261904153 -0.025564873847246102 0.049738988623033366 0.063446892377463301 -0.0037301124151743192 0.027631305675140133 0.1257730040066205 -0.070124928020161237 0.14875930623263731 -0.01671518884100303 -0.037448804138514286 -0.17767815130203965 -0.12664707156432398 -0.13690042715038983 0.026821466741958372 -0.10879077895402595 -0.017407612641206913 0.80612532273791304 0.29227955585417265 1.2945778889158233 -0.25232851584400845 0.026700644035133822 0.17772191102246204 -0.0045818631667426842 0.18160030309195274 0.27509364539757375 -0.11852320575781461 1.0097741557955742 -0.10121483095274626 0.032625110384990982 -0.4202950832020883 -0.013027124981846279 -0.078387235252596305 0.039190447004568599 0.065594355492006748 0.83500261900946493 0.13828891479771252 0.54598440131700754 0.10832789054159125 0.13800170236607717 0.19299209538325104 -0.075865494544972545 0.098555976475069251 0.48208163292744222 -0.11182648119401582 -0.15351758129169282 -0.59628098295447796 -0.48858895902672128 0.14724147255667636 0.7868550382492443 0.097377845658920714 0.060624164284587959 0.10739615813639691 0.24992439202307548 -0.22444003307345728
leaf_weight=3334 10184 927 430 197 53 784 645 219 44023 3358 3555 85066 24976 964 8156 4254 44454 3758 100 1597 589 2694 1262 46219 87 130 88 453 4863 83 601 309 300 177 100 131 8332 257 4757 5462 14284 109 60 2670 335 935 2669 1584 1108 267 195 3777 475 222 93 310 120 80 13824 733 424 432
leaf_count=3334 10184 927 430 197 53 784 645 219 44023 3358 3555 85066 24976 964 8156 4254 44454 3758 100 1597 589 2694 1262 46219 87 130 88 453 4863 83 601 309 300 177 100 131 8332 257 4757 5462 14284 109 60 2670 335 935 2669 1584 1108 267 195 3777 475 222 93 310 120 80 13824 733 424 432
internal_value=-2.47506e-11 -0.0518976 0.104694 -0.0925122 -0.104716 0.0333328 -0.13224 -0.268698 0.000960422 0.0131967 -0.00321258 0.00123039 0.0147793 -0.000749634 -0.00828744 0.0437038 -0.00445647 0.0348929 0.0618337 0.0126223 0.119901 0.101479 0.00111583 -0.00373727 0.0608304 0.161014 0.24064 -0.0100948 -0.00806971 0.0460955 0.209404 0.428306 0.135631 0.281676 0.458764 -0.300189 -0.00415125 -0.0331491 -0.0125997 -0.0937519 0.00244077 -0.0121271 0.338757 0.172099 0.379625 0.0135513 0.0661407 0.0420844 0.0641626 0.0772682 0.185721 -0.056754 -0.0577265 -0.41256 -0.0322695 -0.082124 0.275219 0.511064 0.0504962 -0.0173843 0.0552116 -0.0156538
internal_weight=362634 6589 1357 5232 5035 837 4198 864 356045 90545 265500 221477 91386 59462 130091 31924 58303 13849 10091 5462 4629 6948 63845 60020 5380 2267 1662 54640 54187 7968 1575 397 1178 577 400 436 121935 22585 16866 5719 99350 3113 169 3105 435 1524 7532 26700 16516 3825 1159 8534 605 353 2944 1907 467 200 14932 2851 1589 1165
internal_count=362634 6589 1357 5232 5035 837 4198 864 356045 90545 265500 221477 91386 59462 130091 31924 58303 13849 10091 5462 4629 6948 63845 60020 5380 2267 1662 54640 54187 7968 1575 397 1178 577 400 436 121935 22585 16866 5719 99350 3113 169 3105 435 1524 7532 26700 16516 3825 1159 8534 605 353 2944 1907 467 200 14932 2851 1589 1165
is_linear=0
shrinkage=0.05


Tree=106
num_leaves=63
num_cat=0
split_feature=72 73 21 13 76 10 44 68 64 77 59 61 30 50 50 44 37 6 3 4 27 22 37 34 69 78 67 50 72 42 77 73 77 64 77 44 47 68 42 42 45 79 30 67 59 21 5 66 27 64 38 30 64 37 37 31 21 55 79 52 30 30
split_gain=6904.5 7366.03 7783.07 7076.65 8403.13 13427.7 14310.5 13993.7 11725.6 12208.6 10402.5 12188.3 10560.7 10287.1 10579.5 31344.1 23150.8 9997.85 9615.28 14953.3 9667.59 9198.97 8909.33 9169.07 8664.15 9674.69 8269.94 8118.23 8723.76 8223.93 8060.87 8151.64 8043.4 7996.42 8318.67 10404.4 10803.2 11622.6 8803.93 8452.7 7957.96 9073.79 11254.9 13920.3 10227.5 12213.3 11331.7 9548.63 9741.86 9328.41 9302.41 12327.4 10184 9497.84 9068.22 8755.7 8191.32 8222.75 8033.2 13681.2 10251.9 10692.6
threshold=3.4058823585510258 -4.9500005245208731 55.649999618530281 8.5903234481811541 1.0000000180025095e-35 37.975000381469734 32.764999389648445 25.500000000000004 27.558333237965908 0.60355339059327384 5.2500004768371591 -0.065999995917081819 18.654999732971195 11.500000000000002 10.500000000000002 22.164999961853031 25.064999580383304 23.050000190734867 23.050000190734867 12.050000190734865 -5.2286279201507559 0.20250000059604648 30.204999923706058 -12.885238647460936 17.500000000000004 -0.24999999999999994 154.50000000000003 6.5000000000000009 1.5724789500236513 27.550000190734867 0.25881904510252057 -3.8999986648559566 -0.78656609248549325 27.628333568573002 0.60355339059327384 30.154999732971195 -2.7420040369033809 16.800000190734867 10.84999990463257 15.250000000000002 25.005000114440922 0.6830127018922193 12.815000057220461 102.50000000000001 0.68000078201293956 68.149997711181655 80.500000000000014 0.93300000997260224 -11.535326480865477 20.32333326339722 64.99499893188478 14.954999923706056 12.188333431879682 18.375000000000004 16.015000343322757 61.004999160766609 25.94999980926514 9.8000006675720233 -0.5 9.2774000167846697 21.704999923706058 18.085000038146976
decision_type=10 8 10 10 2 10 8 10 8 2 8 8 8 2 2 10 10 10 10 10 8 8 10 10 10 2 8 2 10 8 2 8 2 10 2 10 8 10 10 8 8 2 10 8 10 10 10 8 10 10 10 8 10 10 10 8 8 10 2 8 10 10
left_child=3 -2 -3 4 5 6 24 -8 9 10 11 12 -7 14 18 16 -16 -17 19 -10 32 30 27 -24 25 -1 -5 -14 -29 -30 31 -6 -20 34 35 36 -26 -38 -37 -39 -13 42 47 44 45 46 -44 48 -42 -45 51 54 -53 55 -43 -54 -51 -58 59 -46 61 -60
right_child=1 2 -4 26 21 8 7 -9 13 -11 -12 40 22 -15 15 17 -18 -19 20 -21 -22 -23 23 -25 33 -27 -28 28 29 -31 -32 -33 -34 -35 -36 38 37 39 -40 -41 41 50 43 49 58 -47 -48 -49 -50 56 -52 52 53 -55 -56 -57 57 -59 60 -61 -62 -63
leaf_value=-0.10489307204834404 -0.15675451905999874 -0.011417848088675582 -0.21244672007203047 -0.028742736758961551 -0.061552053722244759 -0.031196680242131104 0.090655939919508405 0.5339481934416489 -0.10723353766027915 -0.016557359462554513 -0.027639375558472623 0.17513571660705651 0.21653206277075771 0.14240530950999578 -0.024450986595797877 -0.16220589592758763 1.0745485681199261 -0.62757277074871831 0.56547314579059416 -0.0051917666328526726 -0.013150873969702824 -0.054180806270214633 0.33433771522085032 -0.1229098016072902 0.14614982806966048 0.030729132410340948 0.34501452090456186 -0.017309744754394514 0.55730531577398812 -0.12129367391268414 0.011454318501242351 -0.007090822430722077 0.048040814714117135 0.00028019737319146459 0.012030002529701912 0.099154964902487708 0.064208238873642243 0.12613296265774798 -0.13957507320153875 -0.40857276672099929 -0.062627816445125398 0.084827101214390355 0.10032984704341377 0.98537334060552073 0.00061172137457805767 0.73826380831649507 0.67834699330322279 0.10665933626873769 0.4111131852046877 0.011744831009031814 -0.024588319039126658 -0.4657927765296056 0.57239986049929259 0.1268323762638319 -0.080045759781268225 0.0019199361083328083 0.1664739716884702 0.86848693559935064 -0.029148414964438651 0.21161675279902603 -0.074468080353876781 0.1160699750118822
leaf_weight=2592 1240 7007 517 22064 7449 8845 6555 183 6327 19671 6698 1361 1178 1023 211 190 62 294 76 8300 30818 8948 127 802 5622 2669 149 1138 138 66 65303 88524 6382 10830 6736 687 2759 107 882 239 132 1664 2326 51 1664 83 88 1464 610 167 6139 65 243 1965 1672 93 86 81 2479 1427 2772 2594
leaf_count=2592 1240 7007 517 22064 7449 8845 6555 183 6327 19671 6698 1361 1178 1023 211 190 62 294 76 8300 30818 8948 127 802 5622 2669 149 1138 138 66 65303 88524 6382 10830 6736 687 2759 107 882 239 132 1664 2326 51 1664 83 88 1464 610 167 6139 65 243 1965 1672 93 86 81 2479 1427 2772 2594
internal_value=1.64344e-11 -0.0438402 -0.0252312 0.00108575 0.00291563 0.0110882 0.0362718 0.102695 0.00283104 0.0166393 0.0301822 0.03951 -0.00225869 -0.0146313 -0.017682 -0.203253 0.225139 -0.444887 -0.0149754 -0.0493306 -0.00149456 -0.00483491 0.0719531 -0.0604013 0.0227597 -0.0360895 -0.0262357 0.120746 0.0366649 0.337759 -0.00209707 -0.0113179 0.0541301 0.0338718 0.0552314 0.0834952 0.104807 0.029951 -0.0350451 -0.243216 0.0570801 0.051314 0.0758409 0.0590978 0.0506018 0.141905 0.121401 0.180717 0.326836 0.355532 0.0181225 0.0641067 0.151404 0.168838 0.00219298 0.414499 0.259358 0.506971 0.0297546 0.0980249 0.00285546 0.0451068
internal_weight=362634 8764 7524 353870 331657 161433 39861 6738 121572 67889 48218 41520 12294 53683 52660 757 273 484 51903 14627 37276 170224 3449 929 33123 5261 22213 2520 1342 204 161276 95973 6458 27862 17032 10296 8727 3105 1569 346 29226 27865 16024 13818 13433 2497 2414 2206 742 385 11841 5702 2366 2301 3336 336 334 167 10936 3091 7845 5073
internal_count=362634 8764 7524 353870 331657 161433 39861 6738 121572 67889 48218 41520 12294 53683 52660 757 273 484 51903 14627 37276 170224 3449 929 33123 5261 22213 2520 1342 204 161276 95973 6458 27862 17032 10296 8727 3105 1569 346 29226 27865 16024 13818 13433 2497 2414 2206 742 385 11841 5702 2366 2301 3336 336 334 167 10936 3091 7845 5073
is_linear=0
shrinkage=0.05


Tree=107
num_leaves=63
num_cat=0
split_feature=9 70 52 50 30 50 44 30 5 40 7 62 55 48 50 51 79 51 53 7 73 50 73 78 78 62 77 9 58 5 73 5 58 73 5 44 5 0 79 50 65 50 9 50 30 73 2 9 70 40 44 50 50 50 58 50 24 50 79 16 37 67
split_gain=6853.57 15137.3 9698.3 17014.5 8227.85 16698.5 12141.8 8031.48 8022.67 7911.77 7639.39 7219.33 7372.61 6666.03 7095.35 6338.37 24440.8 22904.2 24408.6 20011.2 15371.6 29868.2 14690.5 25429 17952.3 13121 12748.3 12193.1 12178.7 17685.4 11921.5 14862.8 14145.4 11909.1 23046.4 16293.4 14539 13774.4 13777.2 25231.6 16231.1 13477.4 17251.9 16053.9 24184.2 16107.6 15289.9 14931 17145.4 14053.7 13148 14946.3 40209.5 13130.6 11577.2 11197.6 10868.8 10777.8 10363.6 10038.5 9951.42 9641.93
threshold=7.1250000000000009 9.9549999237060565 3.3727000951766972 2.5000000000000004 7.6649999618530282 10.500000000000002 6.3250000476837167 4.1250000000000009 34.049999237060554 -9.9768595695495588 41.549999237060554 5.5500000000000007 1.6000000834465029 -6.0737969875335684 1.5000000000000002 4.5000000000000009 -0.9330127018922193 3.5000000000000004 21.036580085754398 16.94999980926514 -13.959999561309813 6.5000000000000009 -9.7649993896484357 0.68301270189221941 -0.5 50.45000000000001 0.60355339059327384 39.295000076293952 11.199998855590822 51.100000381469734 -3.1599993705749507 49.149999618530281 -13.849999904632567 -0.10000014305114745 66.500000000000014 27.105000495910648 95.500000000000014 53.049999237060554 -0.68301270189221952 9.5000000000000018 19.116666833559673 4.5000000000000009 31.304999351501468 6.5000000000000009 19.105000495910648 1.8599991798400881 47.250000000000007 23.73499965667725 32.635000228881843 -8.3546671867370588 27.804999351501468 11.500000000000002 10.500000000000002 11.500000000000002 -4.0499997138977042 9.5000000000000018 42.004999160766609 6.5000000000000009 -0.24999999999999994 34.135000228881843 28.82499980926514 125.50000000000001
decision_type=8 8 8 2 8 2 8 10 10 8 10 8 8 8 2 2 2 2 10 10 8 2 8 2 2 10 2 10 10 10 8 10 8 8 10 10 10 10 2 2 10 2 10 2 8 10 10 10 8 10 8 2 2 2 10 2 10 2 2 8 10 8
left_child=8 2 3 -2 5 6 -3 -7 13 10 -8 -6 -13 14 -1 17 27 20 19 57 21 -14 23 24 -18 -22 -21 28 30 -30 31 -17 -32 37 41 36 -36 -24 56 40 -40 42 49 44 46 -46 -43 -45 50 60 51 52 -49 -41 -42 -52 -39 -19 -20 -60 -35 -51
right_child=1 4 -4 -5 11 7 9 -9 -10 -11 -12 12 15 -15 -16 16 22 18 58 26 25 -23 33 -25 -26 -27 -28 -29 29 -31 32 -33 -34 34 35 -37 -38 38 39 53 54 43 -44 47 45 -47 -48 48 -50 61 55 -53 -54 -55 -56 -57 -58 -59 59 -61 -62 -63
leaf_value=-0.36291914415899024 0.44618838309866338 -0.14853708983494385 -0.0054223531306209702 -0.022719409920768263 -0.035310597432313982 0.16624413425291795 0.25233546323546008 -0.1870927596678531 0.17263039621367213 0.12129477451442464 0.72789504744112499 0.033512121213194683 -0.3551546811052555 -0.039991046313390149 -0.092618499377852312 0.17827804116080659 0.22667393532942592 0.043073806311701109 -0.19493957761267516 0.10210349985561118 -0.0070873770290410185 0.20229931081601876 -0.037084881650234922 0.36349357908393531 -0.16644577655436782 0.040743859044583837 0.015840685637060772 0.63372245576853559 0.12579006115986344 0.67588881846013915 -0.23046958796333161 1.154885739424065 0.052239495243752682 0.018428325225146449 0.34107977609804285 0.075429451034814826 1.2050871899085385 0.14865965570012729 -0.078195582165993482 -0.46622655795864443 -0.11547504282316728 0.3345850324594325 -0.25073325690698339 0.040083168210736889 -0.0061727883510465679 0.18843332963940138 1.2853373400626644 -0.098264316724528969 0.00099863189145289852 -0.078020577867790264 -0.1219657118520497 -0.28329166795433491 0.3370386382323185 0.12709759248339611 0.52261480367276814 -0.37732777586030047 -0.46718947619612827 -0.026270307362930647 -0.029581487454528977 0.64526237455861912 0.46996513247489935 0.39929636460598389
leaf_weight=348 526 327 497 306 14289 207 543 721 373 1756 100 16555 797 4666 803 165 467 11809 1552 15254 167623 344 31204 677 768 15679 5955 96 695 185 478 51 5951 5122 373 844 56 84 802 493 101 133 1004 9738 2785 1720 62 2791 10146 9443 1150 614 655 115 240 685 487 10663 259 70 125 107
leaf_count=348 526 327 497 306 14289 207 543 721 373 1756 100 16555 797 4666 803 165 467 11809 1552 15254 167623 344 31204 677 768 15679 5955 96 695 185 478 51 5951 5122 373 844 56 84 802 493 101 133 1004 9738 2785 1720 62 2791 10146 9443 1150 614 655 115 240 685 487 10663 259 70 125 107
internal_value=-2.22145e-11 0.000905824 0.169336 0.27373 0.000275481 0.0749174 0.137282 -0.108277 -0.0521608 0.176241 0.326295 -0.000500541 0.000974673 -0.066575 -0.174343 -0.000705392 -0.011906 0.00370716 0.0354532 0.0430475 -0.00413489 -0.187088 -0.0197751 0.117213 -0.0177924 -0.00299606 0.0778829 0.0737867 0.0666434 0.241436 0.0434955 0.408866 0.0312199 -0.0230055 -0.00691552 0.202962 0.453864 -0.0458275 -0.163314 -0.0937646 0.0446647 -0.0126885 -0.0501629 0.00673908 0.0917244 0.0681274 0.636876 -0.00875537 -0.0384037 -0.0365539 -0.10622 -0.0560188 -0.0155239 -0.354002 0.33362 -0.217292 -0.376592 0.0101699 -0.140903 0.114002 0.0291853 -0.0726726
internal_weight=362634 356444 1329 832 355115 3654 2726 928 6190 2399 643 351461 337172 5817 1151 320617 90612 230005 45562 43681 184443 1141 82991 1912 1235 183302 21209 7621 7525 880 6645 216 6429 81079 47553 1273 429 33526 2322 1751 1143 46280 15801 30479 4700 4505 195 25779 16041 14797 5895 4060 3446 608 341 1835 571 22472 1881 329 5247 9550
internal_count=362634 356444 1329 832 355115 3654 2726 928 6190 2399 643 351461 337172 5817 1151 320617 90612 230005 45562 43681 184443 1141 82991 1912 1235 183302 21209 7621 7525 880 6645 216 6429 81079 47553 1273 429 33526 2322 1751 1143 46280 15801 30479 4700 4505 195 25779 16041 14797 5895 4060 3446 608 341 1835 571 22472 1881 329 5247 9550
is_linear=0
shrinkage=0.05


Tree=108
num_leaves=63
num_cat=0
split_feature=44 40 50 5 66 62 28 55 22 9 55 44 9 46 42 69 71 70 69 55 37 9 55 30 30 67 42 46 37 0 3 37 5 5 64 28 39 71 43 72 51 14 68 79 52 70 0 50 64 71 78 23 44 69 42 67 51 79 30 2 49 6
split_gain=6586.9 6322.42 11104 10880.9 9656.35 8636.04 8496.75 8337.86 8081.86 7650.09 7796.96 8420.6 8096.02 12499.5 7606.28 13896.6 7672.61 7767.16 13075.3 11580.5 10101.5 8161.5 15650.6 8045.8 7545.05 12448.5 7606.87 7647.75 8348.99 15417.2 12694 8247.13 11322.5 8012.06 7585.29 8321.55 7959.81 8546.38 7509.09 7416.41 8373.24 13219.3 14870.7 10168.9 9682.63 8589.95 8283.43 7786.65 8956.35 7247.04 8021.01 7450.35 7168.55 7087.45 7044.55 6835.53 6799.3 17447.4 23266.5 13374 12529.2 13207.9
threshold=4.1349999904632577 -11.400064945220945 5.5000000000000009 58.250000000000007 4.0859999805688867 3.5500000000000003 47.750000000000007 1.6000000834465029 0.16950000077486041 22.585000038146976 21.300000190734867 30.154999732971195 39.295000076293952 24.244999885559086 2.0499999523162846 87.500000000000014 6.7059999350458392 38.164999008178718 102.50000000000001 9.2000002861022967 33.164999008178718 34.905000686645515 18.900000572204593 23.675000190734867 7.6649999618530282 32.500000000000007 79.149997711181655 39.004999160766609 30.404999732971195 62.049999237060554 30.050000190734867 33.954999923706062 71.500000000000014 83.500000000000014 16.741666316986088 9.5500001907348651 11.00500011444092 0.0025000000605359678 0.56949999928474437 0.80795574188232433 1.0000000180025095e-35 40.049999237060554 22.500000000000004 1.0000000180025095e-35 1.5742499828338625 33.704999923706062 72.500000000000014 11.500000000000002 24.631666660308841 1.028000013669953 -0.93301270189221908 12.894999980926515 22.644999504089359 28.200000762939457 10.949999809265138 46.20000076293946 4.5000000000000009 -0.5 18.884999275207523 46.100000381469734 6.5000000000000009 78.500000000000014
decision_type=8 10 2 10 10 8 10 10 10 10 8 10 10 8 8 8 10 10 10 10 10 10 10 8 8 10 10 10 10 8 10 10 10 8 10 8 10 8 10 10 2 10 8 2 8 10 10 2 8 8 2 10 8 10 8 8 2 2 8 10 2 10
left_child=-1 2 14 9 6 -3 -5 8 -7 49 12 -12 -11 -14 15 53 17 18 21 -19 -20 24 38 -21 25 -16 27 28 34 30 -30 32 -29 -31 36 -36 -26 -38 -23 40 43 46 -43 -9 -45 -46 47 54 -49 -4 55 -52 -44 -2 -42 -51 -41 58 59 -58 -59 -62
right_child=1 5 3 4 -6 7 -8 39 -10 10 11 -13 13 -15 16 -17 -18 19 20 23 -22 22 -24 -25 26 -27 -28 31 29 33 -32 -33 -34 -35 35 -37 37 -39 -40 56 41 42 52 44 45 -47 -48 48 -50 50 51 -53 -54 -55 -56 -57 57 60 -60 -61 61 -63
leaf_value=-0.089925356552976385 0.17111156595304186 -0.075949391378366565 -0.01002027607204908 0.078357639763414325 -0.2247515624160823 0.012862447725073646 0.4429491633893699 -0.0046672206007914241 0.090017865734054861 -0.0091142026205505641 -0.030837018676143736 -0.13574911547895493 -0.064266362949593425 0.90117520771680337 -0.00045369814945139071 -0.69105973079964356 -0.13051361445465037 0.17926785079231533 0.17692340434344972 0.15337258514798718 0.70660801151985531 0.062124503505594265 0.82437646340992721 -0.40429149031337364 0.049413832735027342 0.31538478074687865 -0.10810604438093048 0.13023200412467215 -0.22127771754955475 0.11777789452584869 0.0090398611537038463 0.56014397278862094 -0.35976540533900264 0.70253463476451472 0.12545982104817996 0.038333276902429207 0.1089650897303345 -0.092153155088503566 0.69103032373465023 0.008616922542221293 0.0023553881242104977 0.02350674086052109 0.74210511947346625 -0.045908713900858961 -0.13437895042563922 -0.47147778981171629 0.33030879720599354 0.02109694625181166 0.27789601754753834 0.0029142762570842813 -0.063764940435917558 0.090549961966694903 0.079515098697139019 -0.13198410324895612 -0.038799622183846971 0.41428964034958371 0.29731851641579971 0.018183605079110987 0.022261237558643419 1.3025050660308739 -0.058679912044310882 0.26132775470215702
leaf_weight=2025 272 4021 5793 3707 253 20311 167 6936 4075 25276 6847 2654 73 62 629 91 672 193 476 81 111 544 90 321 3276 619 955 2074 1196 466 1197 103 125 67 3321 15681 638 3070 52 108302 14358 17768 107 5477 2932 202 167 3501 376 153 1040 3155 66 663 37700 297 91 8016 16225 52 23139 327
leaf_count=2025 272 4021 5793 3707 253 20311 167 6936 4075 25276 6847 2654 73 62 629 91 672 193 476 81 111 544 90 321 3276 619 955 2074 1196 466 1197 103 125 67 3321 15681 638 3070 52 108302 14358 17768 107 5477 2932 202 167 3501 376 153 1040 3155 66 663 37700 297 91 8016 16225 52 23139 327
internal_value=1.72331e-11 0.000504976 0.012294 -0.00319773 0.0745292 -0.00321301 0.0940744 -0.00213029 0.0257554 -0.0102711 -0.0215 -0.0601431 -0.00705164 0.379122 0.0330194 -0.101218 0.0368497 0.0400371 0.0431094 -0.139085 0.277085 0.0390821 0.209801 -0.291926 0.0355775 0.1562 0.030898 0.0351508 0.0281673 -0.0519047 -0.106071 0.122861 0.102379 0.191284 0.0371833 0.0535605 -0.00737554 -0.0575487 0.116995 -0.0048975 -0.0163651 -0.00936071 0.0279985 -0.0497235 -0.0860155 -0.156106 -0.0213079 -0.0223577 0.0460019 0.0272861 0.0738126 0.0522931 0.489325 -0.0438108 -0.0274488 0.274422 0.00168185 -0.0140147 0.0278577 0.662841 -0.0357849 -0.0542206
internal_weight=362634 360609 86460 49477 4127 274149 3874 270128 24386 45350 34912 9501 25411 135 36983 1026 35957 35285 34690 595 587 34103 686 402 33417 1248 32169 31214 28912 2926 2393 2302 2199 533 25986 19002 6984 3708 596 245742 89590 74043 17941 15547 8611 3134 56102 55935 3877 10438 4645 4195 173 935 52058 450 156152 47850 16368 143 31482 23466
internal_count=362634 360609 86460 49477 4127 274149 3874 270128 24386 45350 34912 9501 25411 135 36983 1026 35957 35285 34690 595 587 34103 686 402 33417 1248 32169 31214 28912 2926 2393 2302 2199 533 25986 19002 6984 3708 596 245742 89590 74043 17941 15547 8611 3134 56102 55935 3877 10438 4645 4195 173 935 52058 450 156152 47850 16368 143 31482 23466
is_linear=0
shrinkage=0.05


Tree=109
num_leaves=63
num_cat=0
split_feature=72 51 51 37 77 44 0 78 19 37 73 73 78 68 50 30 78 70 70 44 68 78 30 11 16 73 67 72 67 50 50 51 63 50 37 44 30 73 31 77 76 52 40 38 56 35 16 73 51 76 0 50 17 44 50 30 70 73 50 30 23 52
split_gain=6261.64 6678.88 25347.7 23101.1 22849.7 16234.6 14440 28768.3 16316.9 16077.9 13443.9 12560.7 22707.9 17817.1 12065.4 13312.2 11590.2 11566.2 11497.2 18183.1 15403 14740.5 42253.2 17946.2 16643.3 15001.5 15341.4 13893.1 13349 12687.7 19585.2 40258.4 29253.3 25494.2 25137 22717.2 17263.4 16768.1 17108.3 15015.1 13806.7 12897.2 12592.7 12284.1 11189.8 11097.4 11084.6 12842.4 20016.8 17148 13491.6 13300.1 20055.8 12865.2 11001.7 16420.2 16279 13158.4 10905.6 10889 10720.8 10555.2
threshold=3.4058823585510258 4.5000000000000009 3.5000000000000004 29.185000419616703 0.25881904510252057 34.315000534057624 55.149999618530281 -0.93301270189221908 8.9187922477722186 35.944999694824226 3.0399994850158696 -9.7649993896484357 0.68301270189221941 19.250000000000004 5.5000000000000009 25.57499980926514 -0.6830127018922193 31.835000038146976 33.524999618530281 35.254999160766609 7.0499999523162851 -0.93301270189221908 21.615000724792484 23.994999885559086 24.654999732971195 -1.5599985122680662 46.750000000000007 1.1117353439331057 34.500000000000007 2.5000000000000004 5.5000000000000009 1.0000000180025095e-35 20.404656294553508 4.5000000000000009 33.954999923706062 24.82499980926514 19.32499980926514 -5.5899996757507315 51.989999771118171 -0.9159756150367534 -0.37940952255126059 26.461600303649906 -8.0394124984741193 77.005001068115249 6.0499992370605478 19.349999427795414 28.435000419616703 1.4200003147125246 1.0000000180025095e-35 -0.60355339059327362 68.500000000000014 5.5000000000000009 102.00999832153322 31.525000572204593 4.5000000000000009 21.615000724792484 31.775000572204593 4.8500008583068857 3.5000000000000004 23.884999275207523 24.894999504089359 14.749949455261232
decision_type=10 2 2 8 2 10 10 2 10 10 10 8 2 8 2 10 2 8 10 10 8 2 8 10 10 8 10 10 8 2 2 2 10 2 8 8 8 10 8 2 2 8 8 10 8 8 8 10 2 2 10 2 10 10 2 10 8 10 2 8 10 10
left_child=1 2 18 4 5 -4 8 9 -5 17 14 12 13 -3 15 -9 -16 -8 19 21 -21 22 23 -1 -25 26 -24 -27 -20 -30 31 35 40 -34 -35 -31 -32 -37 41 -38 -33 -39 -29 -36 -40 -28 47 50 53 -50 -23 -52 60 -49 56 -56 57 -51 -10 61 -53 -48
right_child=-2 11 3 6 -6 -7 7 10 58 -11 -12 -13 -14 -15 16 -17 -18 -19 28 20 -22 46 25 24 -26 27 45 42 29 30 36 32 33 34 43 37 39 38 44 -41 -42 -43 -44 -45 -46 -47 59 48 49 54 51 52 -54 -55 55 -57 -58 -59 -60 -61 -62 -63
leaf_value=0.24428231279271811 -0.041749422297471778 0.070836395223272369 0.086956216533656594 -0.0084707544237212599 0.014426962238007393 0.51588844546521995 0.78329283254407356 -0.053070543112198998 0.93189526434455594 0.85425981932048567 -0.58132684661350298 -0.012364181575105035 0.34944845643890393 -0.4410500386413187 -0.069302080699655155 0.82311368751525882 -0.40517910065282375 -0.030566910922400072 -0.078454854595656751 -0.54894429042894577 -0.094424335504874057 -0.0211555490926317 -0.040725769279458868 0.08476181849837304 1.0915051584748123 -0.065596476131395243 0.43068026189109815 0.31240989846907774 -0.12973017030750456 0.09148143180485474 0.5122788504593293 0.19151844289880282 0.1541278457459416 0.35247301318489271 0.81886903847208115 -0.57752906069419796 0.086475664405070402 -0.019290668591282732 -0.16373952240050005 -0.0041474471945487272 0.057973633968929177 0.57232508034046203 0.021921937672889469 1.6807148773329599 -0.56778695366888254 0.050002035337682764 -0.069295938026611256 -0.036034759573743608 0.10866080874774019 0.061532227735390181 -0.00028741108029183135 0.15448505291167428 -0.37107765768050105 -0.6297794672943976 0.044352498348829539 -0.080858392148323244 0.24049738903698376 -0.079874230022035739 0.19406572823539714 -0.0057122123359285718 0.90605608669056259 -0.27933257188964283
leaf_weight=1019 8764 1133 20490 9434 17886 223 50 326 70 79 244 98830 678 200 438 50 621 344 3505 274 583 74722 566 60 130 4841 542 482 1341 1338 170 3096 411 207 101 229 5237 519 912 35929 5163 112 1651 70 211 296 10053 10954 6643 7898 332 68 57 92 5101 5380 1034 2078 176 8398 157 636
leaf_count=1019 8764 1133 20490 9434 17886 223 50 326 70 79 244 98830 678 200 438 50 621 344 3505 274 583 74722 566 60 130 4841 542 482 1341 1338 170 3096 411 207 101 229 5237 519 912 35929 5163 112 1651 70 211 296 10053 10954 6643 7898 332 68 57 92 5101 5380 1034 2078 176 8398 157 636
internal_value=2.39738e-11 0.00103397 0.00537041 0.0370897 0.0558257 0.0915742 -0.0240321 -0.141182 0.00201189 0.203248 -0.238213 -0.00984697 0.113861 -0.00596577 -0.179872 0.0634433 -0.266261 0.0727148 -0.00252519 -0.010119 -0.239743 -0.00874473 0.0511428 0.327465 0.773586 0.0112677 0.160384 -0.0187522 0.0161572 0.0221815 0.0259747 0.0811728 0.135823 0.426697 0.723063 -0.0677196 0.00945778 -0.175138 -0.122603 0.00738132 0.108035 0.0857188 0.0875643 1.17167 -0.239656 0.296216 -0.0130421 -0.00716237 0.0160559 0.0384494 -0.0192375 0.214184 0.466682 -0.0409799 0.0167466 -0.0199195 0.051651 0.0320773 0.404017 -0.0483187 0.678915 -0.0817932
internal_weight=362634 353870 253029 50431 38599 20713 11832 2152 9680 473 1679 100841 2011 1333 1435 376 1059 394 202598 144047 857 143190 9587 1209 190 8378 1404 6974 58551 55046 53705 12369 9048 789 378 3321 41336 1983 1754 41166 8259 631 2133 171 1123 838 133603 114516 39180 28134 75336 614 282 11046 21491 10481 11010 9976 246 19087 225 10689
internal_count=362634 353870 253029 50431 38599 20713 11832 2152 9680 473 1679 100841 2011 1333 1435 376 1059 394 202598 144047 857 143190 9587 1209 190 8378 1404 6974 58551 55046 53705 12369 9048 789 378 3321 41336 1983 1754 41166 8259 631 2133 171 1123 838 133603 114516 39180 28134 75336 614 282 11046 21491 10481 11010 9976 246 19087 225 10689
is_linear=0
shrinkage=0.05


Tree=110
num_leaves=63
num_cat=0
split_feature=76 79 59 38 50 8 53 68 73 73 49 38 74 68 37 5 63 79 30 45 32 37 0 30 73 44 20 67 5 21 50 49 4 9 62 30 19 40 14 33 44 78 64 30 33 44 41 37 5 30 44 9 37 50 73 9 50 19 59 31 78 65
split_gain=6126.86 9449.83 8224.05 8101.55 10498.9 11845.3 15230.9 13941 10994.8 13177.3 11621.3 12920.3 9435.41 10843.6 9431.5 9306.8 12499.8 12577.2 18374.6 15473.9 10208.9 9486.76 9126.76 10843.3 12240.4 19607.9 17401.9 9094.32 9008.92 9177.35 9630.23 8783.27 9294.18 8648.97 11923.3 8506.66 9071.6 8413.6 8275.52 7999.16 10960.7 7980.27 10923.9 9840.3 10770.9 7861.43 11264.2 8696.38 7789.75 11368.9 7684.08 10531.3 9107.83 9662.05 11070.1 14901.2 15905.7 10956.3 9443.94 11477.7 9380.25 9315.01
threshold=0.91597561503675362 0.6830127018922193 -0.59499979019165028 49.995000839233406 6.5000000000000009 0.49750000238418585 0.012905000243335964 5.9500000476837167 -13.959999561309813 -0.63000059127807606 12.500000000000002 30.005000114440922 1.0000000180025095e-35 19.250000000000004 36.204999923706062 65.500000000000014 3.502380143083641 0.6830127018922193 16.82499980926514 76.005001068115249 21.365000724792484 30.505000114440922 59.149999618530281 17.474999427795414 2.6799988746643071 25.695000648498539 -5.2947964668273917 70.500000000000014 45.049999237060554 7.9500000476837167 5.5000000000000009 20.500000000000004 25.050000190734867 33.514999389648445 62.916666666666679 27.515000343322757 -4.3501389026641837 -4.8415744304656974 26.650000572204593 -9.0608954429626447 32.23500061035157 -0.5 35.579166730244957 27.134999275207523 -5.0552463531494132 31.195000648498539 -7.8237969875335684 33.014999389648445 62.049999237060554 29.82499980926514 15.394999980926515 21.595000267028812 18.375000000000004 11.500000000000002 -12.469998359680174 18.494999885559086 10.500000000000002 -2.0317432880401607 -0.11000037193298338 23.005000114440922 -0.6830127018922193 68.016667207082136
decision_type=2 2 8 10 2 10 10 10 8 8 2 8 2 10 10 10 10 2 8 8 8 10 10 8 10 8 10 8 10 10 2 2 10 10 10 10 10 10 8 10 10 2 8 10 8 10 8 8 10 8 8 10 8 2 8 8 2 10 10 8 2 8
left_child=3 2 -2 4 5 6 27 -7 -8 10 -10 31 39 -14 15 35 -17 -18 19 -19 -20 -22 50 24 25 26 -24 -1 -11 30 -30 32 -12 34 -13 -5 -37 -28 -15 -9 -41 42 43 45 -45 46 -25 -47 -16 -50 51 -6 61 54 60 -56 57 -57 -58 -60 -54 -52
right_child=1 -3 -4 14 22 7 8 12 9 28 11 33 13 38 48 16 17 18 20 -21 21 -23 23 41 -26 -27 37 -29 29 -31 -32 -33 -34 -35 -36 36 -38 -39 -40 40 -42 -43 -44 44 -46 47 -48 -49 49 -51 52 -53 53 -55 55 56 58 -59 59 -61 -62 -63
leaf_value=-0.012303277814554141 -0.016506549138589219 0.025696946445238233 -0.07476910621024084 -0.012339430766876628 -0.065177178913972386 0.066258745458412815 -0.30501696293670422 -0.019773907628741556 0.045410727244272503 0.047582460258693851 0.26477877530811661 0.11602201670593121 0.10599180436441996 -0.095495242042775777 -0.032088851467796428 0.274063845448764 0.055529743905094547 0.42511507738784798 -0.4565396059954796 -0.23527106172405185 -0.20470601712344072 0.37492582336458014 -0.053151481090083955 0.51480588983921771 -0.079484567772712775 -0.1480815289486753 1.087012248493731 0.059845374049760085 -0.086641076029769559 0.020329391459996501 -0.46698679156568024 0.044220072813150442 0.59584245971479532 -0.15557517966400858 0.64936397299170501 -0.0079135792025857889 0.042046773502631446 0.33807530030608179 -0.75808770007616477 -0.24453198452385336 0.01443970236888103 -0.1308190893498859 0.46567597210094958 -0.034712598472833638 0.5694266731484553 -0.22143481751312466 0.051380004824967324 0.044939298435054023 -0.22806527272553231 0.15293007256013569 0.076007547450087184 0.22749804592607226 0.39081637961993793 -0.11590664286357476 -0.14673113998996831 -0.018127767234145175 0.030412840100522032 0.036333260113677254 0.46517932509936488 0.12602310011860121 -0.28991471340910335 -0.079618441216391375
leaf_weight=19786 26402 9850 7860 119168 7235 2227 211 1116 4228 21981 747 3527 992 187 3512 564 7368 231 348 144 394 86 63 147 161 101 150 5605 656 1500 223 282 296 282 108 19608 16932 50 63 1729 535 573 167 126 178 548 1214 695 1255 232 6353 321 297 1934 1776 43553 2187 11720 306 1350 61 1133
leaf_count=19786 26402 9850 7860 119168 7235 2227 211 1116 4228 21981 747 3527 992 187 3512 564 7368 231 348 144 394 86 63 147 161 101 150 5605 656 1500 223 282 296 282 108 19608 16932 50 63 1729 535 573 167 126 178 548 1214 695 1255 232 6353 321 297 1934 1776 43553 2187 11720 306 1350 61 1133
internal_value=-1.93839e-11 -0.0174641 -0.0298725 0.0024186 0.0109414 0.0257557 0.0329312 -0.0365095 0.0547917 0.0570359 0.107085 0.156829 -0.0860259 0.0318251 -0.00504225 -0.00299041 0.0460593 0.0310558 -0.118839 0.171527 -0.250346 -0.100855 -0.000975147 0.0710723 0.283531 0.444096 0.67151 0.00362336 0.0375792 -0.0548468 -0.183134 0.291796 0.358734 0.111174 0.131868 -0.00586803 0.0152372 0.899778 -0.262469 -0.129331 -0.183335 0.0404964 0.0724196 0.0498358 0.319027 0.0184095 0.101434 -0.0724968 -0.0727022 -0.168623 -0.00481855 -0.0527435 0.000305562 -0.00587291 -0.00239854 -0.00402842 0.000258747 -0.00657994 0.098618 0.188693 0.274826 0.0524537
internal_weight=362634 44112 34262 318522 148680 66281 59432 6849 34041 33830 9470 5242 4622 1242 169842 164843 9135 8571 1203 375 828 480 82399 4173 525 364 263 25391 24360 2379 879 1325 1043 3917 3635 155708 36540 200 250 3380 2264 3648 3075 2908 304 2604 1361 1243 4999 1487 78226 7556 70670 63184 61250 60892 59116 55273 3843 1656 358 7486
internal_count=362634 44112 34262 318522 148680 66281 59432 6849 34041 33830 9470 5242 4622 1242 169842 164843 9135 8571 1203 375 828 480 82399 4173 525 364 263 25391 24360 2379 879 1325 1043 3917 3635 155708 36540 200 250 3380 2264 3648 3075 2908 304 2604 1361 1243 4999 1487 78226 7556 70670 63184 61250 60892 59116 55273 3843 1656 358 7486
is_linear=0
shrinkage=0.05


Tree=111
num_leaves=63
num_cat=0
split_feature=68 78 63 67 42 78 52 6 77 49 73 15 2 12 72 5 10 78 70 67 77 70 7 0 78 25 79 62 72 16 79 72 6 44 9 70 28 35 73 14 79 62 44 55 30 73 70 9 73 6 42 79 58 6 78 65 17 73 76 48 35 58
split_gain=6101.8 14492.6 8802.98 6997.41 6851.5 8083.42 7474 6679.63 6151.96 9350.4 8817.54 8814.04 13615.5 8402.44 11324.6 8111.69 7634.8 7558.85 13560.5 8136.18 7465.32 7487.44 7389.35 7299.38 7213.58 7193.4 7174.03 12297 7051.22 6941.12 9951.94 23032.6 13885 11789.9 10170 9597.7 8221.8 7843.99 7614.75 6863.91 6852.43 6728.6 6626.14 12157.5 8880.66 13550.2 11284.5 15288.7 15003.1 8698.75 8569.13 13434.4 14152.6 16220 8179.72 7611.51 7182.29 7165 6686.72 6352.38 6318.07 6296.88
threshold=1.4499999880790713 0.93301270189221952 12.592325705232726 107.50000000000001 43.049999237060554 -0.93301270189221908 3.6187998056411748 55.149999618530281 -0.70710678118654757 12.500000000000002 -3.3800005912780757 0.25650000572204595 27.10000038146973 -0.65366855263710011 0.76689496636390697 31.050000190734867 208.44499969482425 0.25000000000000011 22.835000038146976 40.649999618530281 0.1294095225512602 32.364999771118171 52.649999618530281 5.0999999046325692 -0.93301270189221908 29.005000114440922 -0.5 16.17500003178915 0.48591269552707678 30.015000343322757 -0.5 1.4299719929695132 83.500000000000014 34.495000839233406 26.335000038146976 31.035000801086429 29.650000572204593 6.7500000000000009 6.854999542236329 16.44999980926514 -0.9330127018922193 41.366666666666674 19.925000190734867 9.9000000953674334 16.695000648498539 1.0700025558471682 21.775000572204593 18.835000038146976 5.2599995136260995 42.049999237060554 16.44999980926514 0.93301270189221952 2.0499992370605473 23.050000190734867 -0.6830127018922193 27.600000143051151 77.005001068115249 -10.450000286102293 -0.60355339059327362 -9.945394039154051 7.5499999523162851 22.10000038146973
decision_type=8 2 10 10 10 2 10 8 2 2 8 10 8 8 8 8 10 2 10 8 2 10 8 10 2 8 2 8 8 8 2 10 10 8 10 10 10 8 8 8 2 10 8 10 8 8 10 10 10 10 8 2 10 8 2 8 10 10 2 8 8 10
left_child=1 3 -3 4 6 -6 -1 -8 9 10 15 12 -11 14 -10 -2 24 -15 -19 22 -21 -22 -20 25 -17 -13 -12 -28 -14 30 31 33 -32 34 35 -25 60 -33 39 -39 -35 -34 43 59 45 50 47 -47 49 -48 57 61 -53 -54 -49 58 -55 -44 -45 -16 -36 -52
right_child=8 2 -4 -5 5 -7 7 -9 13 11 26 23 28 17 42 16 -18 18 19 20 21 -23 -24 29 -26 -27 27 -29 -30 -31 32 37 41 40 36 -37 -38 38 -40 -41 -42 -43 44 55 -46 46 48 54 -50 -51 51 52 53 56 -56 -57 -58 -59 -60 -61 -62 -63
leaf_value=-0.088960849881861745 -0.010206708604098563 0.18466245475202045 -0.089053825472459894 0.20688676813170895 0.63136382289933712 -0.0066562570009525692 -0.16875283972443245 -0.4807620463071991 -0.030751084732551795 0.023048585241154884 0.031546524642957589 0.04739105099869087 0.44710752981759261 -0.0029760318893098589 -0.14749679019040843 0.32331017044029742 0.33069659144218483 -0.017291668046514705 -0.056638396718533747 0.027939501289132918 0.062384617418647342 0.1529732230809171 0.086597607997231402 0.55436579687473109 -0.17261542943185607 0.48119529042302106 0.011373492993171509 -0.063758536529631468 0.11747790034966697 -0.02063026594763661 0.00072942722017193824 -0.17561748567367755 0.18536485227165833 0.14497483094533287 -0.11770788617850168 -0.12113481442340546 -0.28487770940870222 0.10456115975138847 0.99952450067389254 0.47956708569041234 -0.32161999395129026 0.67211884897808705 0.51123644076852182 0.015500998108195139 -0.00017316852255579629 0.14179730903560811 0.051867223276494269 1.0253384392498666 -0.15470272776829996 0.27306597428085472 -0.068947003156648548 -0.076237906199473321 -0.027857790206421595 0.44957638742781958 0.41667189892501605 -0.14368853722746336 1.0928002986212573 0.071141534753316124 -0.08611611619954429 0.0036019830750454438 0.093101691959505031 -0.40358164145586062
leaf_weight=3334 2883 927 430 197 53 784 628 236 45498 8046 14832 229 168 50854 720 76 84 12024 3106 9909 8331 3141 1268 195 2084 164 17311 7946 4730 10968 15466 62 407 105 401 72 172 178 51 388 314 86 99 2858 92373 787 1164 71 579 719 2804 284 122 103 248 2557 75 1405 3734 20519 3127 148
leaf_count=3334 2883 927 430 197 53 784 628 236 45498 8046 14832 229 168 50854 720 76 84 12024 3106 9909 8331 3141 1268 195 2084 164 17311 7946 4730 10968 15466 62 407 105 401 72 172 178 51 388 314 86 99 2858 92373 787 1164 71 579 719 2804 284 122 103 248 2557 75 1405 3734 20519 3127 148
internal_value=-1.66287e-11 -0.0476768 0.0979285 -0.0854418 -0.0968795 0.0337441 -0.122923 -0.253978 0.000882312 0.0121368 -0.00395097 0.0281844 0.0630588 -0.00295586 -0.00925258 -0.0656927 -0.136979 0.00960925 0.0265502 0.0470182 0.0597291 0.0871875 -0.015115 0.0142454 -0.155166 0.228419 0.0039452 -0.0122635 0.128784 0.0116144 0.0284361 0.0894993 0.00905615 0.0475473 0.0741893 0.372208 0.0526836 0.360488 0.414359 0.361632 -0.204693 0.270275 -0.00180685 -0.0222771 0.00435322 0.0529261 0.127484 0.260152 0.0678859 0.136329 0.000143841 -0.0423759 0.17674 0.416226 0.552143 -0.0704631 0.720598 0.100111 -0.0420594 -0.00152025 0.0691406 -0.0857241
internal_weight=362634 6589 1357 5232 5035 837 4198 864 356045 90545 45216 45329 12944 265500 176867 5127 2244 88633 37779 25755 21381 11472 4374 32385 2160 393 40089 25257 4898 31992 21024 5065 15959 4386 3967 267 3700 679 617 566 419 493 131369 30388 100981 8608 3568 1106 2462 1883 5040 3536 584 300 319 9149 178 1504 6592 21239 3528 2952
internal_count=362634 6589 1357 5232 5035 837 4198 864 356045 90545 45216 45329 12944 265500 176867 5127 2244 88633 37779 25755 21381 11472 4374 32385 2160 393 40089 25257 4898 31992 21024 5065 15959 4386 3967 267 3700 679 617 566 419 493 131369 30388 100981 8608 3568 1106 2462 1883 5040 3536 584 300 319 9149 178 1504 6592 21239 3528 2952
is_linear=0
shrinkage=0.05


Tree=112
num_leaves=63
num_cat=0
split_feature=68 68 63 67 78 78 74 30 68 6 48 66 73 30 37 5 16 38 20 70 25 16 59 73 65 53 31 74 55 59 70 6 65 70 50 5 9 38 70 37 5 76 71 38 70 50 73 28 50 9 11 11 10 50 40 69 73 22 16 70 6 73
split_gain=6118.21 10866.7 15208.2 10787.7 10190 11590.7 26614.8 22576.6 21623.4 24002.3 20582.8 17141 15517.3 12773.5 13699.4 21847 12562.5 12433.1 12356.5 11209.6 10697.2 10330.6 10314.6 10183.4 21882.6 10882.5 12361.9 10282.2 10044 10218.2 9924.45 9867.99 9694.87 13261.5 11520.2 10951 9511.07 12005.6 9266.85 9257.36 13097.9 9004.03 9513.84 10607.1 9737.29 22877.3 10662.4 9229.54 10538 8715.6 9411.84 8662.02 8652.88 10310.3 8606.23 8525 8222.56 8063.95 8041.91 8095.63 8016.28 11874.6
threshold=7.7500000000000009 5.9500000476837167 1.4719601443883681 56.500000000000007 0.93301270189221952 -0.93301270189221908 1.0000000180025095e-35 21.615000724792484 2.9500000476837163 73.500000000000014 0.42244875431060797 1.0900000054389241 -1.37000036239624 9.3249998092651385 17.384999275207523 32.049999237060554 6.3250000476837167 34.965000152587898 2.3237787485122685 32.774999618530281 23.005000114440922 35.045000076293952 -0.35999774932861323 6.854999542236329 44.716666221618659 0.021925001405179504 35.004999160766609 1.0000000180025095e-35 5.9000003337860116 -2.9099993705749507 31.964999198913578 35.100000381469734 30.333333412806194 26.384999275207523 2.5000000000000004 58.250000000000007 15.434999942779543 56.004999160766609 35.815000534057624 35.944999694824226 53.350000381469734 0.25881904510252091 2.993000029586256 46.98500061035157 26.384999275207523 9.5000000000000018 -0.4899988174438476 8.2500000000000018 6.5000000000000009 28.375000000000004 8.9949998855590838 7.4949998855590829 67.005001068115249 3.5000000000000004 -14.912179470062254 62.500000000000007 -0.71000051498413075 0.41050000488758093 8.7249999046325701 16.425000190734867 75.500000000000014 -10.450000286102293
decision_type=8 10 10 10 2 2 2 8 10 10 10 10 10 8 10 10 8 8 8 10 10 10 10 10 8 8 10 2 10 8 8 10 10 8 2 10 8 8 10 10 10 2 10 10 8 2 10 8 2 10 10 10 8 2 8 10 10 8 8 8 10 8
left_child=1 2 -1 60 5 6 7 18 10 12 11 -9 51 14 15 16 -7 -14 20 -8 55 28 -18 25 27 -15 41 -25 -6 -30 -11 -29 34 35 -5 -34 -16 -38 -35 54 -41 42 43 44 -27 47 -47 48 -46 -3 -51 -10 -17 -54 -28 -4 -39 -26 59 -36 -2 -62
right_child=3 49 4 32 21 13 19 8 9 30 -12 -13 17 23 36 52 22 -19 -20 -21 -22 -23 -24 24 57 26 39 31 29 -31 -32 -33 33 38 58 -37 37 56 -40 40 -42 -43 -44 -45 45 46 -48 -49 -50 50 -52 -53 53 -55 -56 -57 -58 -59 -60 -61 61 -63
leaf_value=-0.041545951932723681 -0.0047696648487623875 -0.012286514771533691 0.45271554396920638 -0.13076965123317788 0.084287664905750168 -0.13231059201222301 -0.19113406251987566 -0.17627607493646325 0.057039878349579569 1.3314295270279342 0.11256015860273885 -0.77898711786593922 -0.054686593197997846 -0.022416250694364898 0.29990201196423522 0.18835219871134176 -0.013539819183853273 0.10244886318724872 0.075315320764081678 0.025991896237246695 0.85153963689260415 0.39201914765741508 0.18113970321676495 -0.070467264277545433 -0.17220196125903417 0.09498021701412987 0.095643271636140503 0.038741990284159269 0.1240551453051949 -0.028907156193017397 0.39965567050071865 0.44029702437228635 0.1510682891178439 0.0074190197588294704 0.78627882915384628 0.57895395281536088 0.056904151737019563 -0.7417060424884161 0.14077740963673649 -0.0049445844219230557 -0.31791577609137595 -0.0064093376437103309 0.010172348509754583 0.0535328749748262 0.85834671228405934 0.77992052019346425 0.32178339038088216 0.042934342697049592 0.15617736330131693 0.016596806992096379 -0.076927298918534517 0.33067000333603525 0.70239832022622339 0.11634151285935967 -0.0028208088912681155 -0.11292019799896857 -0.2259821845901509 -0.45180498334850461 0.018337402168514139 0.07474249505351499 -0.28562597260928491 0.20811591629837559
leaf_weight=17967 89759 44592 355 1309 7052 696 1360 434 434 51 434 162 1936 42782 111 373 1121 3599 308 1056 138 214 1731 1053 1143 1378 2348 435 1347 5763 65 236 1810 5359 68 163 257 114 1721 850 551 4129 2931 2879 83 254 254 699 150 3471 11957 867 257 106 40457 82 240 333 49756 97 142 855
leaf_count=17967 89759 44592 355 1309 7052 696 1360 434 434 51 434 162 1936 42782 111 373 1121 3599 308 1056 138 214 1731 1053 1143 1378 2348 435 1347 5763 65 236 1810 5359 68 163 257 114 1721 850 551 4129 2931 2879 83 254 254 699 150 3471 11957 867 257 106 40457 82 240 333 49756 97 142 855
internal_value=1.78432e-11 -0.00548706 0.00164313 0.00768699 0.00745101 0.00265629 0.0508809 0.0909738 0.0644348 0.0961115 -0.149368 -0.3401 0.0840091 -0.00238324 0.075612 0.109568 0.0581416 0.0474869 0.330877 -0.0962313 0.467769 0.0472175 0.104619 -0.00617598 -0.0939741 -0.00335926 0.0109535 0.0270074 0.0420073 7.17777e-05 0.809315 0.179974 0.0240827 0.0717817 0.0156536 0.186418 -0.125868 -0.203217 0.0398357 -0.00155919 -0.128033 0.0543128 0.0833718 0.121032 0.189991 0.280912 0.550852 0.133777 0.406306 -0.0234937 -0.0558862 0.23939 0.357478 0.531263 0.00258028 0.346578 -0.392063 -0.235283 0.0194931 0.367982 -0.00320354 0.137794
internal_weight=362634 211595 151575 151039 133608 119232 11281 8865 7982 6952 1030 596 6836 107951 5006 4284 3548 5535 883 2416 575 14376 2852 102945 3200 99745 56963 1724 14162 7110 116 671 60283 9053 51230 1973 722 611 7080 44206 1401 12757 8628 5697 2818 1440 508 932 233 60020 15428 1301 736 363 42805 437 354 1476 49921 165 90756 997
internal_count=362634 211595 151575 151039 133608 119232 11281 8865 7982 6952 1030 596 6836 107951 5006 4284 3548 5535 883 2416 575 14376 2852 102945 3200 99745 56963 1724 14162 7110 116 671 60283 9053 51230 1973 722 611 7080 44206 1401 12757 8628 5697 2818 1440 508 932 233 60020 15428 1301 736 363 42805 437 354 1476 49921 165 90756 997
is_linear=0
shrinkage=0.05


Tree=113
num_leaves=63
num_cat=0
split_feature=68 44 59 13 17 67 62 44 37 44 65 76 17 62 78 59 25 30 30 40 30 19 30 14 6 0 69 41 4 17 58 47 46 23 11 67 52 16 79 6 76 68 11 65 41 23 68 64 55 17 24 6 36 38 76 79 11 32 6 45 32 49
split_gain=6080.62 11531.5 7034.71 6123.23 8820.87 8812.21 7217.32 11087.9 9763.92 6204.32 6557.81 9312.05 11164.7 8152.71 10422.3 7771.66 7426.59 6148.36 6629.35 6011.23 7981.87 6207.57 7789.93 12266.8 7468.51 10134.5 10020 7904.24 8609.58 7449.34 10723.7 7699.44 9167.75 7411.18 6771.94 6353.62 7053.35 6262.6 10315.5 14636.7 8471.42 7775.2 9369.33 7898.56 7228.55 6807.45 10251.4 6941.95 9170.45 8497.95 6539.86 6254.59 7021.21 6176.02 6139.3 6101.19 10229.9 6119.2 6940.23 6091.55 6766.62 6980.26
threshold=34.500000000000007 29.954999923706058 -0.67000004649162281 7.5081732273101816 41.004999160766609 13.500000000000002 8.8750000000000018 29.134999275207523 23.704999923706058 12.515000343322756 20.826666196187343 -0.60355339059327362 75.009998321533217 4.1833333333333345 -0.93301270189221908 0.30000209808349615 49.004999160766609 11.454999923706056 18.425000190734867 -14.117434501647947 8.1849999427795428 -3.89654529094696 27.515000343322757 21.44999980926514 74.500000000000014 19.10000038146973 93.500000000000014 0.67962515354156505 19.10000038146973 97.005001068115249 16.050000190734867 -5.2099382877349845 30.005000114440922 25.554999351501468 32.995000839233406 32.500000000000007 1.095599949359894 30.015000343322757 0.93301270189221952 40.149999618530281 -0.60355339059327362 12.650000095367433 16.275000572204593 18.54999991257986 -1.3988625407218931 22.224999427795414 3.0499999523162846 15.332916657129926 7.2000000476837167 112.02000045776369 95.014999389648452 62.500000000000007 0.41050000488758093 112.00500106811525 -0.78656609248549303 0.25000000000000017 14.994999885559084 18.454999923706058 58.20000076293946 38.905000686645515 10.994999885559084 18.500000000000004
decision_type=10 8 10 10 8 10 10 10 8 8 8 2 8 10 2 10 8 10 10 8 8 8 10 10 10 8 8 8 10 10 10 10 10 8 10 10 10 10 2 10 2 10 10 8 8 8 10 10 8 8 8 8 10 8 2 2 10 10 10 8 10 2
left_child=3 2 -2 6 -5 -6 7 9 -9 -1 -11 12 13 17 -15 -14 -17 -12 -19 20 54 29 24 -24 37 -26 27 28 -27 31 34 32 -21 -25 -31 36 -34 40 41 -40 45 42 50 -43 -42 46 47 48 -23 -49 -39 -32 -53 -52 -8 -47 57 58 -57 60 -48 -62
right_child=1 -3 -4 4 5 -7 19 8 -10 10 11 -13 15 14 -16 16 -18 18 -20 21 -22 22 23 33 25 26 -28 -29 -30 30 51 -33 35 -35 -36 -37 -38 38 39 -41 44 43 -44 -45 -46 55 59 49 -50 -51 53 52 -54 -55 -56 56 -58 -59 -60 -61 61 -63
leaf_value=-0.047290626559849544 -0.17723699301757195 0.093038732727426438 -0.64852711945176134 0.020729992747442368 0.28701064487838229 -0.040743086670050568 0.42363251791690043 -0.42124003370081181 -0.085432199379427282 -0.046742927501003784 -0.52233706628413579 0.0027036232270309982 0.18321801227669998 0.78910102321317899 0.056357889251865162 0.32505279111010688 1.0339610332982583 0.284024009140248 -0.23761981844557503 0.0025020432234455279 0.027157658193666251 0.61356404922268493 0.0096843571485803991 0.036660468055938158 -0.5383417480072733 0.083503941151670827 -0.21562472077314446 0.047978975291641815 0.41655093499584428 0.013147765225743589 -0.1134283076975869 -0.017458377697388561 0.040377766598919881 0.11296481398844344 -0.084352943051996254 0.04503815983526855 0.3435541910583837 -0.048045267604312158 -0.18938436979055406 0.73074107152574208 -0.023909910732746051 -0.032593716130288219 -0.12587167507225558 0.17792973806464613 0.0092392341777052574 0.050463930464974049 0.046419517307360353 0.06103897935401921 0.11838108115098489 0.40288308809650436 0.1921811432954742 -0.60692564553102935 -0.12542084291817682 -0.1091628159338886 -0.0045181091258624439 0.077301940996767793 -0.075921012686171893 -0.065410204987475809 0.50941092484459582 0.017129725467192904 0.36346097359933149 0.041165154150298824
leaf_weight=8895 216 258 125 9081 207 22145 226 238 2392 6251 95 26414 586 54 479 105 57 94 173 58959 20124 188 26777 7555 59 331 188 692 469 5112 1647 44854 373 5498 2733 7219 395 3035 75 102 26140 1199 3576 709 44343 4633 1198 1025 186 221 615 148 155 235 133 1794 3918 798 98 6321 442 271
leaf_count=8895 216 258 125 9081 207 22145 226 238 2392 6251 95 26414 586 54 479 105 57 94 173 58959 20124 188 26777 7555 59 331 188 692 469 5112 1647 44854 373 5498 2733 7219 395 3035 75 102 26140 1199 3576 709 44343 4633 1198 1025 186 221 615 148 155 235 133 1794 3918 798 98 6321 442 271
internal_value=4.34498e-11 -0.159174 -0.349997 0.000263359 -0.0208251 -0.0377078 0.00226841 -0.0161462 -0.115821 -0.0100785 -0.000430499 0.00988775 0.125385 0.00622893 0.130595 0.267957 0.574483 -0.176884 -0.0539699 0.0052322 0.0313265 0.00320981 0.0102836 0.0290577 0.00301389 0.105753 0.128373 0.171718 0.278753 -0.00509126 -0.0469022 -0.00142813 0.00931218 0.0688003 -0.020819 0.0595837 0.196308 0.00124708 -0.0372923 0.340857 0.00526448 -0.0444363 -0.0674704 0.0456354 -0.00305477 0.0330636 0.0634048 0.178377 0.367297 0.121671 -0.0137141 -0.151837 -0.360611 0.108868 0.265014 0.00647144 -0.0243726 0.050708 0.0996839 0.040779 0.119004 0.240961
internal_weight=362634 599 341 362035 31433 22352 330602 45833 2630 43203 34308 28057 1643 895 533 748 162 362 267 284769 20483 264286 142691 39830 102861 1739 1680 1492 800 121595 9795 111800 66946 13053 7845 7987 768 101122 9546 177 91576 9369 7461 1908 70483 21093 9852 1620 374 1246 3885 1950 303 850 359 11241 6608 2690 1892 8232 1911 713
internal_count=362634 599 341 362035 31433 22352 330602 45833 2630 43203 34308 28057 1643 895 533 748 162 362 267 284769 20483 264286 142691 39830 102861 1739 1680 1492 800 121595 9795 111800 66946 13053 7845 7987 768 101122 9546 177 91576 9369 7461 1908 70483 21093 9852 1620 374 1246 3885 1950 303 850 359 11241 6608 2690 1892 8232 1911 713
is_linear=0
shrinkage=0.05


Tree=114
num_leaves=63
num_cat=0
split_feature=46 51 73 42 73 65 50 50 54 67 18 42 69 73 59 30 6 25 52 55 50 46 58 58 50 30 67 18 20 31 16 31 59 24 73 49 51 70 29 50 70 67 58 66 53 70 5 18 0 64 46 51 73 35 73 71 4 50 3 35 30 0
split_gain=5887.02 12531.4 8778.43 6446.46 15362.7 10623.4 11503.6 11267.4 10080.7 10103.2 10032.2 8819.01 16105.3 8741.93 11611.7 8689.06 8614.75 11121.6 8455.68 8351.95 9818.03 17243.3 11380.5 10876.7 8043.22 8396.15 7916.88 7906.05 8870.98 7638.32 8770.92 7640.07 7693.62 7638.27 7492.9 7621.87 7287.29 14650.2 11455.3 11163.1 9473.91 11746.8 9364.05 9066.06 7801.07 7347.36 7286.6 7141.13 8431.96 7136.61 7046.31 6959.26 6890.83 6888.71 6843.64 6833.71 6748.98 6580.96 7000.69 6545.72 6508.36 10459.9
threshold=8.7349996566772479 1.5000000000000002 8.620000362396242 17.849999427795414 -9.1350002288818342 20.483333349227909 6.5000000000000009 11.500000000000002 17.325203895568851 86.500000000000014 28.585000038146976 2.0499999523162846 57.000000357627876 -2.7299985885620113 1.5399992465972903 17.085000038146976 44.049999237060554 28.554999351501468 15.777850627899172 5.1999995708465585 1.5000000000000002 43.82500076293946 28.399999618530277 -6.049999237060546 5.5000000000000009 19.32499980926514 150.50000000000003 34.004999160766609 0.47083231806755071 12.00500011444092 16.724999427795414 55.010000228881843 5.1499986648559579 106.01499938964845 -16.37499904632568 14.500000000000002 3.5000000000000004 32.245000839233406 0.026500000618398193 4.5000000000000009 32.774999618530281 46.750000000000007 29.04999923706055 2.5979999452829365 0.99724000692367565 29.045000076293949 52.500000000000007 21.005000114440922 46.149999618530281 13.010833342870077 42.82500076293946 2.5000000000000004 0.77000141143798839 9.9499998092651385 -16.37499904632568 4.6499999645166108 16.10000038146973 2.5000000000000004 30.050000190734867 25.750000000000004 19.545000076293949 52.500000000000007
decision_type=8 2 10 8 8 8 2 2 10 8 10 10 8 8 10 10 8 8 10 10 2 10 8 10 2 8 8 10 10 8 8 10 10 10 8 2 2 10 10 2 10 10 10 10 10 10 10 10 10 8 10 2 8 8 10 10 10 2 10 10 8 8
left_child=1 2 -1 4 15 6 11 13 9 47 -10 12 27 14 -7 49 -14 -18 59 -5 21 22 34 -23 -16 -26 29 -6 -29 -13 57 33 -33 36 -21 -36 40 38 44 -39 43 51 45 -32 -38 -40 -46 55 -49 -2 -17 -42 54 -43 -22 -8 -41 58 -31 -15 61 -54
right_child=3 -3 -4 19 5 7 8 -9 10 -11 -12 26 16 18 24 50 17 -19 -20 20 52 23 -24 -25 25 -27 -28 28 -30 30 31 32 -34 -35 35 -37 37 39 42 56 41 53 -44 -45 46 -47 -48 48 -50 -51 -52 -53 60 -55 -56 -57 -58 -59 -60 -61 -62 -63
leaf_value=-0.04925433455074732 0.11467700707684417 0.0004452087028223988 -0.38106673100137956 0.008682271991375029 -0.058627756882256347 0.026329068543833552 -0.011611402928336817 -0.068655178703050254 0.034532792676313255 -0.10469969609558333 0.59267025797634865 0.17643077854538214 -0.20278053456155415 0.050422435727797768 -0.29856257021289179 0.033943285336256394 -0.16980149933407385 -1.083377810774578 0.12693386888435429 -0.32108862543008071 0.18471948244324052 -0.40759939936342077 -0.21035530114116227 -0.11608402517714884 -0.47734345694060454 0.10385340890147209 0.28959128074144036 0.11222590379050522 0.84328003919124606 0.092125946442213127 0.0037716292705050006 0.0059473116210999417 -0.17931941461738116 0.2432826022934565 -0.057623823513000431 0.050414577119405883 0.07588625720606676 -0.20041527616675606 -0.051192790268545563 -0.066420980333666099 -0.11401253569829223 0.20706983179338692 0.5764885571706726 -0.14456747462923702 0.30828218007816249 0.11841053542900544 0.052233806711895828 -0.030008086878247506 -0.15582464580269381 0.3965916079096084 0.38707434022138199 0.10723108037818817 0.015512200893921538 0.056960792780423965 -0.021076373595368816 0.055823080611225886 0.083275890070885691 -0.11041698958557984 -0.13607155009805308 -0.011456243252750228 -0.0072588765802702529 0.13070200471278509
leaf_weight=15078 446 35804 202 77628 993 2053 31213 2608 204 3250 133 767 440 22355 594 1594 62 72 3003 191 407 518 814 837 77 322 274 244 50 1105 6389 17417 579 470 3251 3279 849 587 1230 1107 1059 1443 83 1228 1463 1328 343 6816 1655 452 155 535 10814 1625 54345 4271 2354 2234 483 5284 23758 2410
leaf_count=15078 446 35804 202 77628 993 2053 31213 2608 204 3250 133 767 440 22355 594 1594 62 72 3003 191 407 518 814 837 77 322 274 244 50 1105 6389 17417 579 470 3251 3279 849 587 1230 1107 1059 1443 83 1228 1463 1328 343 6816 1655 452 155 535 10814 1625 54345 4271 2354 2234 483 5284 23758 2410
internal_value=-2.13535e-11 -0.0157328 -0.0536409 0.00257966 0.0108968 0.00848068 -0.000362165 0.0314685 -0.0176862 -0.0196315 0.254807 0.0172316 -0.0894275 0.0392197 -0.0415651 0.13015 -0.309677 -0.660678 0.0472502 -0.00363993 -0.0131461 -0.0633163 -0.0337867 -0.227527 -0.181934 -0.00830739 0.0216473 0.00880323 0.236555 0.020004 0.0172717 0.0241715 -1.3426e-05 0.0438715 -0.012402 -0.00337299 0.0395371 0.0728115 0.127547 0.00120051 0.0142162 0.0703544 0.053817 -0.0201434 0.200889 0.0368577 0.259653 -0.0133416 -0.0545892 0.256576 0.0652385 -0.0397557 -0.00828406 0.127563 -0.0195466 -0.00349471 0.0353954 -0.0551007 0.0227183 0.0385925 0.00839015 0.0365049
internal_weight=362634 51084 15280 311550 133298 130651 94355 36296 47542 47205 337 46813 1861 33688 3046 2647 574 134 30642 178252 100624 8890 7535 1355 993 399 44952 1287 294 44678 43911 40089 17996 22093 6721 6530 21623 9344 5296 4048 12279 4662 2641 7617 2655 2558 1806 43955 8471 898 1749 1594 91734 3068 54752 35484 3461 3822 1588 27639 36982 13224
internal_count=362634 51084 15280 311550 133298 130651 94355 36296 47542 47205 337 46813 1861 33688 3046 2647 574 134 30642 178252 100624 8890 7535 1355 993 399 44952 1287 294 44678 43911 40089 17996 22093 6721 6530 21623 9344 5296 4048 12279 4662 2641 7617 2655 2558 1806 43955 8471 898 1749 1594 91734 3068 54752 35484 3461 3822 1588 27639 36982 13224
is_linear=0
shrinkage=0.05


Tree=115
num_leaves=63
num_cat=0
split_feature=68 44 37 28 68 67 51 6 44 16 64 44 79 51 70 62 79 6 78 37 68 63 38 66 70 79 70 70 31 51 32 67 63 5 40 50 78 51 69 30 70 69 37 66 6 44 17 70 30 6 38 51 70 78 72 65 62 11 44 70 78 70
split_gain=5501.47 10455.6 6805.56 5814.88 5785.41 10489.5 14886.8 15077.4 11219.8 11667.8 11006.7 24394.3 10500 12084.5 10203.1 12538.9 10173.2 11722.4 10397.8 13525.2 9917.37 13277 9142.69 8386.85 11584 18894.5 44471.6 15250.4 16393.1 18307.9 19394.8 13023.8 10322.3 10283.7 12357.1 10059.1 8639.31 44563.2 24817.6 22711.6 17293 19100.3 17726.2 15759.5 14847.2 13487.5 10747.3 9782.9 9721.4 9305.21 10775 10132.8 9013.02 8444.24 8192.26 7950.66 9058.14 10785 8851 8397.11 11549.1 11430
threshold=34.500000000000007 29.505000114440922 19.605000495910648 7.5499999523162851 7.7500000000000009 57.049999237060554 2.5000000000000004 67.500000000000014 33.48500061035157 31.375000000000004 15.923333406448366 27.564999580383304 0.25000000000000017 5.5000000000000009 19.105000495910648 15.841666618982954 -0.9330127018922193 26.050000190734867 0.93301270189221952 31.724999427795414 5.9500000476837167 1.4719601443883681 121.01499938964845 0.023000000102911148 37.944999694824226 -0.9330127018922193 36.18499946594239 28.974999427795414 36.995000839233406 3.5000000000000004 8.0050001144409197 67.549999237060561 14.665719655389038 107.50000000000001 -9.9768595695495588 4.5000000000000009 -0.93301270189221908 2.5000000000000004 43.049999713897712 21.615000724792484 27.654999732971195 69.500000000000014 23.564999580383304 1.0440000006346966 80.500000000000014 33.795000076293952 29.994999885559086 35.385000228881843 18.195000648498539 33.100000381469734 49.004999160766609 1.0000000180025095e-35 36.475000381469734 0.93301270189221952 0.76961538195610057 27.850000460942592 53.708333333333336 49.004999160766609 37.215000152587898 26.384999275207523 -0.24999999999999994 31.835000038146976
decision_type=10 8 10 8 8 10 2 8 10 10 8 8 2 2 8 8 2 10 2 10 10 10 10 10 10 2 8 10 8 2 8 10 10 10 8 2 2 2 10 8 8 10 10 10 10 8 10 10 8 8 8 2 10 2 10 8 10 10 10 8 2 10
left_child=4 2 -2 -3 20 6 16 10 -9 -10 11 -8 13 -13 15 -12 17 -6 -18 -20 21 -1 23 53 25 26 27 31 29 -29 -31 -25 -28 36 -35 -26 37 39 43 -27 42 45 -41 48 -40 49 -38 -47 -39 -42 51 54 -48 -23 -51 56 58 -58 -7 60 -57 -61
right_child=1 3 -4 -5 5 55 7 8 9 -11 14 12 -14 -15 -16 -17 18 -19 19 -21 -22 22 -24 24 35 33 32 28 -30 30 -32 -33 -34 34 -36 -37 46 38 44 40 41 -43 -44 -45 -46 47 52 -49 -50 50 -52 -53 -54 -55 -56 59 57 -59 -60 61 -62 -63
leaf_value=-0.038621198083324607 0.11147521049229069 0.54495942915479345 -0.45256561508577953 -0.035951407942833476 -0.031954193154453962 0.0079901583225107757 -0.014255772218634858 0.08558460032036147 0.59128268129241313 -0.045695370818887443 0.44433646309284536 -0.53986736570305671 -0.09919983377957789 0.16901082728590286 0.015170348547771212 0.074242717050023846 -0.0084206346326898499 -0.21256096320245141 -0.078613692357388465 -0.60755106109008195 -0.022281146448305381 -0.014313895980284175 -0.040676248506091993 0.35120953547824274 0.11659411992364706 0.53781060061258523 -0.085052752643407184 0.16740372049605651 0.11171202345990845 1.2719353036004275 0.41405204669079032 1.1160064569581301 -0.48671860108584292 1.0798408257365226 0.067742700541489995 -0.14183395880775398 0.073025178207882929 0.61946921414136891 0.023225312539433787 0.095172552521237075 0.27444242747539194 -0.098303937316139012 -0.90542705019315095 -0.41340752546431619 0.8329818900803041 0.90697484910488135 0.0016651751508728393 0.31159979705910457 -0.11128769488711299 0.58741180831902262 0.30111572426488054 -0.54189792680875237 0.099988287265171338 0.060514302687950064 -0.1741960748115724 0.28112341493593984 0.076390704745109214 -0.27084419392654069 -0.14942866711100508 -0.017887730901506065 0.046941460485008267 0.083309687008401009
leaf_weight=17967 67 54 265 213 2247 35459 9940 3224 228 105 294 426 416 70 37626 1033 32346 1497 3647 125 60020 38977 9294 183 472 451 492 393 1989 96 210 80 237 50 76 1862 6519 50 2358 108 1265 470 75 611 58 125 59375 154 507 52 193 116 2426 4174 110 932 7000 231 916 4796 1210 6672
leaf_count=17967 67 54 265 213 2247 35459 9940 3224 228 105 294 426 416 70 37626 1033 32346 1497 3647 125 60020 38977 9294 183 472 451 492 393 1989 96 210 80 237 50 76 1862 6519 50 2358 108 1265 470 75 611 58 125 59375 154 507 52 193 116 2426 4174 110 932 7000 231 916 4796 1210 6672
internal_value=-1.11419e-11 -0.151404 -0.338738 0.0815362 0.000250503 0.00774656 -0.00259678 0.0146723 0.114124 0.390434 0.00756962 -0.036963 -0.284452 -0.439824 0.0199761 0.156238 -0.0257144 -0.104168 -0.0175819 -0.0961421 -0.00507905 0.00173256 0.00715915 0.0107354 0.0202049 0.0234552 0.134075 0.220465 0.184911 0.393199 0.683192 0.583847 -0.215635 0.0180383 0.469369 -0.0895726 0.0172803 0.0714494 -0.0488178 0.209647 0.154174 0.188718 -0.314909 -0.238049 0.0426648 0.255666 0.0119656 0.578345 -0.0456901 0.203807 0.0140956 -0.185167 0.00552485 -0.00707576 0.0702707 0.0245993 0.0141865 0.065298 0.00402602 0.0579617 0.148836 0.0409882
internal_weight=362634 599 332 267 362035 150440 93224 53362 3557 333 49805 10852 912 496 38953 1327 39862 3744 36118 3772 211595 151575 133608 124314 81163 78829 3680 2951 2688 699 306 263 729 75149 126 2334 75023 6703 3584 3119 2668 2485 183 1168 2416 2015 68320 279 557 1736 471 278 61801 43151 162 57216 43606 7231 36375 13610 2142 11468
internal_count=362634 599 332 267 362035 150440 93224 53362 3557 333 49805 10852 912 496 38953 1327 39862 3744 36118 3772 211595 151575 133608 124314 81163 78829 3680 2951 2688 699 306 263 729 75149 126 2334 75023 6703 3584 3119 2668 2485 183 1168 2416 2015 68320 279 557 1736 471 278 61801 43151 162 57216 43606 7231 36375 13610 2142 11468
is_linear=0
shrinkage=0.05


Tree=116
num_leaves=63
num_cat=0
split_feature=49 49 64 25 50 79 30 38 20 46 31 72 38 9 37 51 73 23 50 7 51 37 49 73 30 78 50 35 46 9 50 9 63 58 38 73 69 51 78 69 70 30 45 30 64 9 72 50 73 42 45 58 50 73 71 26 31 51 19 54 69 73
split_gain=5423.53 8473.68 19650.8 15746.5 15221.9 12606.6 18972.8 25900.8 15236.6 13698.9 17187.7 13241 13113.5 12039.6 11981.3 14287.8 12344.9 14655 21555.5 18843.9 15065.5 17743.4 14681.7 13198.6 12256.8 17261.4 11210.4 11103.5 11051.6 10898.2 10962.5 17802.1 10889.5 15561.9 12307.7 11933.3 16584.4 10321.9 15219.3 12619.8 13368.5 11706.1 11225 12125.8 11971.9 10762.4 10306.6 11195.4 10242.9 10240.6 10222.2 10166 10051 20318.2 10002.3 9906.06 9853.48 9592.61 9431.03 9596.27 9416.46 9342.02
threshold=20.500000000000004 12.500000000000002 27.343333403269451 14.994999885559084 11.500000000000002 0.6830127018922193 13.744999885559084 42.995000839233406 -5.2024438381195059 20.005000114440922 24.994999885559086 2.077524065971375 148.10500335693362 21.045000076293949 16.435000419616703 2.5000000000000004 8.0599999427795428 7.0750000476837167 10.500000000000002 10.949999809265138 4.5000000000000009 8.7249999046325701 18.500000000000004 1.2500004768371584 9.3249998092651385 -0.24999999999999994 10.500000000000002 57.049999237060554 15.934999942779543 25.375000000000004 11.500000000000002 20.445000648498539 7.3598007219396111 -17.89999961853027 105.02500152587892 -11.280000209808348 68.500000000000014 1.0000000180025095e-35 -0.93301270189221908 104.50000000000001 31.835000038146976 13.375000000000002 76.005001068115249 21.345000267028812 20.914999802907314 18.494999885559086 1.8624070286750796 4.5000000000000009 -4.0500006675720206 22.650000572204593 112.00500106811525 7.0499992370605478 11.500000000000002 0.93999910354614269 3.8515000008046631 -0.087262157350778566 23.994999885559086 4.5000000000000009 1.0034303665161135 2.7160493135452275 33.049999237060554 -8.1500000953674299
decision_type=2 2 10 8 2 2 8 8 8 8 10 8 10 10 10 2 10 8 2 10 2 8 2 8 10 2 2 10 8 8 2 10 10 8 10 8 10 2 2 10 8 10 10 10 10 8 10 2 10 8 10 10 2 8 8 8 10 2 8 8 8 8
left_child=1 -1 5 4 26 9 14 8 -8 12 13 48 46 54 16 52 17 23 19 51 21 -21 -23 -7 -18 -26 60 -15 29 30 -17 -32 35 -34 -35 36 50 38 -12 -39 -41 -40 -43 45 -45 -44 61 -48 -10 55 -9 -19 -16 -54 -11 -49 -20 -14 59 -50 -4 -3
right_child=-2 2 3 -5 -6 6 7 32 11 10 37 -13 57 27 15 28 24 18 56 20 -22 22 -24 -25 25 -27 -28 -29 -30 -31 31 -33 33 34 -36 -37 -38 39 41 40 -42 42 43 44 -46 -47 47 49 58 -51 -52 -53 53 -55 -56 -57 -58 -59 -60 -61 -62 -63
leaf_value=-0.0041764828900029615 -0.016107700042826436 0.12996840197166284 -0.03810384150079589 -0.025676485938321354 0.44188271894323661 -0.40673460910597181 -0.085667234785650748 -0.119890003379064 0.0057239053326185192 0.30958089820396689 0.44138438051328965 -0.13797419295160537 0.11348448470837219 0.077202226733320237 -0.25124659981773367 -0.057207264344987366 0.10275384644905945 0.057937780842991941 -0.15105730512667165 -0.21951136759447831 0.028357406477092645 0.60453178294102861 0.1847916170791723 0.069592880575051572 0.12925999799973509 -0.45277038930008917 -0.32584895618937232 0.76655047647655017 0.051540647006701613 0.32881091387353395 -0.077489250052779443 -0.69229843740591712 -0.25898527379710962 0.031830098729992866 -0.14600590778511316 0.090294033108353822 0.58386691269097912 0.065958876728695159 0.19125964297521181 1.1667731577495359 0.17373157848623841 -0.021219646301464876 0.17867296815946188 -0.74918557989831069 0.086598696396338631 -0.55400237632880045 0.016225164534175784 0.62633358278842044 0.33161515300506905 -0.0097026499577106962 -0.64370039949426427 -0.49959784240044397 -0.23038951134160063 0.18132318511752799 -0.10438197799998057 0.02911015492613598 0.041200146286969469 0.66210927641174455 0.12676474500913174 0.68874054492261771 0.056704857184078694 -0.0042362483246505605
leaf_weight=194250 45676 1401 3453 40407 226 335 429 342 289 1558 149 209 201 2211 1652 748 297 277 939 108 411 597 320 257 178 448 220 60 2109 117 252 221 668 4758 1223 4850 66 13397 328 53 94 952 58 51 268 369 615 274 1013 155 128 116 737 505 161 93 2296 132 432 231 10843 17421
leaf_count=194250 45676 1401 3453 40407 226 335 429 342 289 1558 149 209 201 2211 1652 748 297 277 939 108 411 597 320 257 178 448 220 60 2109 117 252 221 668 4758 1223 4850 66 13397 328 53 94 952 58 51 268 369 615 274 1013 155 128 116 737 505 161 93 2296 132 432 231 10843 17421
internal_value=7.31147e-12 0.00232124 0.0126073 -0.00953876 0.0346939 0.0306853 0.0046634 0.0436398 0.186652 0.0486127 0.0783025 0.240389 0.0197759 0.17098 -0.0394958 -0.0885404 0.00777457 0.0354427 0.062961 0.200154 0.284113 0.386665 0.458058 -0.199951 -0.161771 -0.287273 0.0283543 0.0954149 -0.0197697 -0.132171 -0.176344 -0.364747 0.0127084 -0.0300977 -0.00453396 0.0655524 -0.158322 0.054778 -0.046329 0.0710145 0.531767 -0.0821973 -0.135021 -0.280246 -0.047022 -0.454482 0.0145841 0.160772 0.280632 0.33107 -0.262545 -0.106627 -0.170452 -0.0629862 0.27081 0.474994 -0.014605 0.330957 0.328036 0.39793 0.0338051 0.00575316
internal_weight=362634 316958 122708 55149 14742 67559 27558 14638 2603 40001 19709 2174 20292 3990 12920 6341 6579 5656 5064 1829 1436 1025 917 592 923 626 14516 2271 3447 1338 1221 473 12035 6649 5981 5386 536 15719 2175 13544 147 2026 1698 746 319 427 19959 1137 1965 522 470 393 2894 1242 1719 367 3235 333 1676 1244 14296 18822
internal_count=362634 316958 122708 55149 14742 67559 27558 14638 2603 40001 19709 2174 20292 3990 12920 6341 6579 5656 5064 1829 1436 1025 917 592 923 626 14516 2271 3447 1338 1221 473 12035 6649 5981 5386 536 15719 2175 13544 147 2026 1698 746 319 427 19959 1137 1965 522 470 393 2894 1242 1719 367 3235 333 1676 1244 14296 18822
is_linear=0
shrinkage=0.05


end of trees

feature_importances:
month=402
month_cos=390
TOUT_max_24h=385
dayofweek=339
TOUT_vs_yesterday=288
O3_lag_48=287
TOUT_lag_48=267
TOUT_lag_12=262
O3_max_24h=246
hour=240
O3_lag_1=235
month_sin=229
O3_lag_24=203
hour_sin=191
hour_cos=187
TOUT_lag_24=175
TOUT_lag_1=150
O3_min_24h=128
O3_range_24h=113
PM10_lag_24=101
O3_mean_6h=95
TOUT_diff_3h=87
TOUT_mean_6h=83
O3_diff_24h=80
O3_lag_12=79
SR_lag_48=77
PM10_lag_12=75
NOX_lag_48=74
PM10_lag_48=74
TOUT_lag_2=72
U_Wind_lag_48=68
TOUT_lag_4=65
O3_vs_yesterday=64
U_Wind_lag_24=56
PM2.5_lag_48=56
NOX_mean_6h=55
SR_sum_12h=54
O3_std_6h=53
SR_lag_2=52
SR_lag_12=52
NOX_lag_24=51
NOX_lag_12=50
SR_lag_4=49
PM2.5_lag_1=47
PM2.5_lag_12=45
U_Wind_lag_12=42
wind_speed=41
is_weekend=41
PM2.5_lag_4=39
PM10_lag_1=38
SR_lag_24=37
SR_sum_6h=37
O3_lag_2=36
NOX_x_SR=36
O3_NOX_ratio=33
SR_lag_1=31
PM10_lag_2=30
PM2.5_lag_2=29
TOUT_x_SR=29
PM10_lag_4=26
PM2.5_lag_24=24
O3_lag_3=23
V_Wind_lag_48=23
O3_lag_6=21
NOX_lag_1=21
U_Wind_lag_1=19
V_Wind_lag_1=19
U_Wind_lag_2=19
is_rush_hour=19
V_Wind_lag_4=17
V_Wind_lag_24=14
NOX_lag_2=13
SR_diff_1h=13
O3_diff_1h=12
U_Wind_lag_4=11
V_Wind_lag_12=11
NOX_lag_4=10
V_Wind_lag_2=9

parameters:
[boosting: gbdt]
[objective: regression]
[metric: rmse]
[tree_learner: serial]
[device_type: cpu]
[data_sample_strategy: bagging]
[data: ]
[valid: ]
[num_iterations: 2000]
[learning_rate: 0.05]
[num_leaves: 63]
[num_threads: 0]
[seed: 42]
[deterministic: 0]
[force_col_wise: 0]
[force_row_wise: 0]
[histogram_pool_size: -1]
[max_depth: -1]
[min_data_in_leaf: 50]
[min_sum_hessian_in_leaf: 0.001]
[bagging_fraction: 0.8]
[pos_bagging_fraction: 1]
[neg_bagging_fraction: 1]
[bagging_freq: 0]
[bagging_seed: 400]
[bagging_by_query: 0]
[feature_fraction: 0.8]
[feature_fraction_bynode: 1]
[feature_fraction_seed: 30056]
[extra_trees: 0]
[extra_seed: 12879]
[early_stopping_round: 0]
[early_stopping_min_delta: 0]
[first_metric_only: 0]
[max_delta_step: 0]
[lambda_l1: 0]
[lambda_l2: 0]
[linear_lambda: 0]
[min_gain_to_split: 0]
[drop_rate: 0.1]
[max_drop: 50]
[skip_drop: 0.5]
[xgboost_dart_mode: 0]
[uniform_drop: 0]
[drop_seed: 17869]
[top_rate: 0.2]
[other_rate: 0.1]
[min_data_per_group: 100]
[max_cat_threshold: 32]
[cat_l2: 10]
[cat_smooth: 10]
[max_cat_to_onehot: 4]
[top_k: 20]
[monotone_constraints: ]
[monotone_constraints_method: basic]
[monotone_penalty: 0]
[feature_contri: ]
[forcedsplits_filename: ]
[refit_decay_rate: 0.9]
[cegb_tradeoff: 1]
[cegb_penalty_split: 0]
[cegb_penalty_feature_lazy: ]
[cegb_penalty_feature_coupled: ]
[path_smooth: 0]
[interaction_constraints: ]
[verbosity: -1]
[saved_feature_importance_type: 0]
[use_quantized_grad: 0]
[num_grad_quant_bins: 4]
[quant_train_renew_leaf: 0]
[stochastic_rounding: 1]
[linear_tree: 0]
[max_bin: 255]
[max_bin_by_feature: ]
[min_data_in_bin: 3]
[bin_construct_sample_cnt: 200000]
[data_random_seed: 175]
[is_enable_sparse: 1]
[enable_bundle: 1]
[use_missing: 1]
[zero_as_missing: 0]
[feature_pre_filter: 1]
[pre_partition: 0]
[two_round: 0]
[header: 0]
[label_column: ]
[weight_column: ]
[group_column: ]
[ignore_column: ]
[categorical_feature: ]
[forcedbins_filename: ]
[precise_float_parser: 0]
[parser_config_file: ]
[objective_seed: 16083]
[num_class: 1]
[is_unbalance: 0]
[scale_pos_weight: 1]
[sigmoid: 1]
[boost_from_average: 1]
[reg_sqrt: 0]
[alpha: 0.9]
[fair_c: 1]
[poisson_max_delta_step: 0.7]
[tweedie_variance_power: 1.5]
[lambdarank_truncation_level: 30]
[lambdarank_norm: 1]
[label_gain: ]
[lambdarank_position_bias_regularization: 0]
[eval_at: ]
[multi_error_top_k: 1]
[auc_mu_weights: ]
[num_machines: 1]
[local_listen_port: 12400]
[time_out: 120]
[machine_list_filename: ]
[machines: ]
[gpu_platform_id: -1]
[gpu_device_id: -1]
[gpu_device_id_list: ]
[gpu_use_dp: 0]
[num_gpu: 1]

end of parameters

pandas_categorical:[]
